,mode,idx,question,gt_answer,op_type,final_answer,correct,strategy,confidence,correct_votes,total_votes,vote_consistency,wasted_votes,refiner_used,refiner_correct,vote_counts,plan,fineTunedOn,guideModel
0,guided,0,"He also has a section filled with short story booklets. If each booklet has 9 pages and there are 49 booklets in the short story section, how many pages will Jack need to go through if he plans to read them all?",441,Multiplication,441,True,majority,0.6,3,5,0.6,2,False,,"{'49': 2, '441': 3}","Step 1: Booklets * Pages per booklet = Total pages
Step 2: Multiply 49 * 9 =
Step 3: Result of multiplication =?",SVAMP,LAMA-3.2-3B
1,guided,1,29 birds were sitting in a tree. Some more fly up to the tree. Then there were 42 birds in the tree How many more flew up to the tree?,13,Subtraction,71,False,coin_flip,0.1667,1,6,0.1667,5,True,False,"{'71': 1, '35.5': 1, '16': 1, '8': 1, '13': 1, '29': 1}","Step 1: Initial - Final = 29 - 42 =
Step 2: Subtract 29 from both sides of equation to isolate negative value, but since that doesn't make sense here we will do it as given initially.
Step 3: Since we can't subtract a larger number from smaller one directly so let's break this into two parts:
   First part: Birds that already existed (29)
   Second part: Additional new birds coming (42 -?) where '?' represents unknown quantity of new birds coming.
However since we know that some birds came and now there are 42 we need to find out how much was added which would give us our answer.
So correct approach should be:
Step 1: New arrivals + Existing birds = Total birds Now
Step 2: Rearrange formula for finding just ""New Arrivals""
Step 3: Solve for ""New Arrivals"" using known values.",SVAMP,LAMA-3.2-3B
2,guided,2,Terry cut a rope 35 inches long into two pieces in the ratio 3:4 What is the length of the longer piece?,20,Multi-step,7,False,majority,0.8,1,5,0.2,1,False,,"{'20': 1, '7': 4}","Step 1: Total parts = 3 + 4 = 7
Step 2: Each part's value = 35 / 7 = 5
Step 3: Longer piece's length = 4 * 5 =?",SVAMP,LAMA-3.2-3B
3,guided,3,"Ramon works at the supermarket. He put 26 boxes of Choco Delights on the shelf. There were already 15 boxes there. Later that day, Ramon counted 22 boxes on the shelf How many boxes of Choco Delights were missing?",19,Multi-step,26,False,majority,0.6,0,5,0.0,2,False,,"{'22': 1, '26': 3, '41': 1}","Step 1: Initial + Final = Total initially + Total left
Step 2: Initial - Final
Step 3: 26 + 15 - 22",SVAMP,LAMA-3.2-3B
4,guided,4,My ice cream shop was really busy today. It was 98 degrees and we sold 67 ice cream cones. We sold 15 more milkshakes than ice cream cones How many milkshakes were sold?,82,Addition,67,False,majority,0.4,0,5,0.0,3,False,,"{'67': 2, '15': 1, '30': 1, '41': 1}","Step 1: Cones + Additional items = Total sales
Step 2: Add extra milkshake quantity to cone count
Step 3: Resulting total * 2 (since they sold twice as much)",SVAMP,LAMA-3.2-3B
5,guided,5,"My car gets 20 miles per gallon of gas. If Grandma's house is 100 miles away, how many gallons of gas would it take to get to her house?",5,Division,5,True,majority,1.0,5,5,1.0,0,False,,{'5': 5},"Step 1: Distance / Miles per gallon = Total gallons needed
Step 2: 100 / 20 =
Step 3: 5",SVAMP,LAMA-3.2-3B
6,guided,6,"It usually takes Stanley 10 hours to go around his two favorite places. If he took 10 times longer than the usual, how many hours did it take him to go around the places this time?",100,Multiplication,110,False,majority,0.6,1,5,0.2,2,False,,"{'110': 3, '100': 1, '200': 1}","Step 1: Time taken at normal pace * 10 = 10 * 10 =
Step 2: Normal time + Extra time added = 10 + 100 =?",SVAMP,LAMA-3.2-3B
7,guided,7,"Roger is at the library helping put away books. There are fifty-four book to put away total but a librarian takes nineteen of them and leaves Roger with the rest. If he can fit five books on a shelf, how many shelves will he need?",7,Division,7,True,majority,0.6,3,5,0.6,2,False,,"{'7': 3, '54': 1, '35': 1}","Step 1: Total books - Books taken by librarian = Remaining books
Step 2: Divide remaining books by books per shelf =? ÷ 5
Step 3: Result =?",SVAMP,LAMA-3.2-3B
8,guided,8,"They also prepared some chips. If he prepared 350 grams of chips and his father prepared 268 grams, how much chips should his brother prepare if they are to have 800 grams of chips?",182,Subtraction,800,False,majority,0.6,0,5,0.0,2,False,,"{'532': 2, '800': 3}","Step 1: Father's + Brother's = Total
Step 2: Known amounts added together: 268 + x = 800
Step 3: Solve for unknown amount (x): x = 532",SVAMP,LAMA-3.2-3B
9,guided,9,"Paul was packing up his old toys. He managed to squeeze eight toys into a box. If Paul filled up four boxes, how many toys did he pack total?",32,Multiplication,32,True,majority,1.0,5,5,1.0,0,False,,{'32': 5},"Step 1: Number of boxes * Toym per box = Total toys
Step 2: 4 * 8 =
Step 3: = 32",SVAMP,LAMA-3.2-3B
10,guided,10,Carla has some marbles. She bought 134 marbles. Now she has 187 marbles How many did she start with?,53,Subtraction,53,True,refiner_tiebreak,0.3333,2,6,0.3333,4,True,True,"{'-134': 1, '-319': 1, '134': 1, '53': 2, '-132': 1}","Step 1: Initial amount + Bought = Current amount
Step 2: Initial amount - Current amount
Step 3:? - 187",SVAMP,LAMA-3.2-3B
11,guided,11,On the first day of the week Pat had 39 stickers. Pat earned 22 more during the week How many stickers did Pat have at the end of the week?,61,Addition,61,True,majority,0.8,4,5,0.8,1,False,,"{'61': 4, '39': 1}","Step 1: Initial amount + Earned = Starting with 39 + 22 =
Step 2: Adding both amounts together = 61",SVAMP,LAMA-3.2-3B
12,guided,12,"For the roof, John would need 2 sets of metal bars for support. If each set has 7 metal bars, how many metal bars are there in all?",14,Multiplication,2,False,majority,0.8,0,5,0.0,1,False,,"{'2': 4, '98': 1}","Step 1: Sets * Bars per set = Total sets
Step 2: Multiply to find total bars
Step 3: Calculate product",SVAMP,LAMA-3.2-3B
13,guided,13,Sara bought decorations for her party. She paid $5 for balloons and $18 for tablecloths. She also spent $9 for streamers. She paid the cashier and got $8 back How much money did Sara give to the cashier?,40,Addition,24,False,majority,0.6,0,5,0.0,2,False,,"{'32': 2, '24': 3}","Step 1: Cost of items purchased + Initial amount = Total cost before refund
$5 (balloons) + $18 (tablecloths) + $9 (streamers) = $32

Step 2: Subtracting the change received from total cost gives us what was given to the cashier
$32 (total cost) - $8 (change) =?",SVAMP,LAMA-3.2-3B
14,guided,14,Lou's Shoes must sell 80 pairs of shoes each month. They sold 27 pairs last week and 12 pairs this week How many more pairs of shoes must they sell?,41,Multi-step,41,True,majority,0.8,4,5,0.8,1,False,,"{'41': 4, '39': 1}","Step 1: Total required - Pairs already sold = 80 - (27 + 12)
Step 2: Simplify inside parentheses = 80 - 39
Step 3: Subtract = 41",SVAMP,LAMA-3.2-3B
15,guided,15,Radio station Z-100 was giving away a $100 bill to every 100th caller during a contest and gave Jingle Ball tickets to every 40th caller How many callers must call before someone wins both a $100 bill and a Jingle Ball ticket?,200,Multi-step,4,False,coin_flip,0.1667,1,6,0.1667,5,True,True,"{'4': 1, '400': 1, '2': 1, '4000': 1, '500': 1, '200': 1}","Step 1: Find the least common multiple (LCM) of 100 and 40.
Step 2: LCM(100, 40) = 200
Step 3: Divide the LCM by the smaller value.
Step 4: 200 / 100 = 2",SVAMP,LAMA-3.2-3B
16,guided,16,"Tommy had some balloons. His mom gave him 34 more balloons for his birthday. Then, Tommy had 60 balloons How many balloons did Tommy have to start with?",26,Subtraction,60,False,majority,0.8,0,5,0.0,1,False,,"{'60': 4, '34': 1}","Step 1: Initial amount + Additional amount = Total amount
Step 2: Total amount - New total = Original amount
Step 3: 60 - 34 =?",SVAMP,LAMA-3.2-3B
17,guided,17,"Virginia has 40 bananas and 4 marbles. If she shares the bananas among 40 friends, how many bananas does each friend get?",1,Division,1,True,majority,1.0,5,5,1.0,0,False,,{'1': 5},"Step 1: Total items to share / Number of people sharing = Bananas / Friends
Step 2: 40 ÷ 40 =
Step 3: 1 ÷ 1 =",SVAMP,LAMA-3.2-3B
18,guided,18,"A farmer bought 164 rabbits. If the farmer wanted to fill 17 cages with the same number of rabbits, how many more rabbits should the farmer buy?",6,Subtraction,0,False,majority,0.4,0,5,0.0,3,False,,"{'0': 2, '10': 1, '9': 1, '11': 1}","Step 1: Total desired rabbits per cage / Actual rabbits per cage = Desired total rabbits / Actual total rabbits
Step 2: (17 * x) - 164 where x represents the unknown additional amount needed for each cage.
Step 3: Since we know that there will be 17 full cages and some empty ones, let's calculate how much space all the full cages take up in terms of ""x"". That would be 17*x. Now subtract this from the initial amount of rabbits they have. So it becomes: 164-(17*x). To find out how many more rabbits need to be added, set this equal to zero since you want them to fill every single cage completely without any leftovers. Therefore, 0=164-17*x. Solving for x gives us x=9. This means each cage needs 9 extra rabbits.",SVAMP,LAMA-3.2-3B
19,guided,19,"Roger had sixty-three dollars. If he spent forty-eight bucks on a new game, how many three dollar toys could he buy with the money he had left?",5,Division,63,False,refiner_tiebreak,0.5,2,6,0.3333,3,True,False,"{'5': 2, '15': 1, '63': 3}","Step 1: Initial amount - Spent amount = Remaining amount
Step 2: Remaining amount / Price per toy = Number of toys
Step 3: (63 - 48) / 3 =?",SVAMP,LAMA-3.2-3B
20,guided,20,"Billy bought five boxes of books at a yard sale. If each box had seven books, how many books did he buy?",35,Multiplication,35,True,majority,0.8,4,5,0.8,1,False,,"{'35': 4, '5': 1}","Step 1: Number of boxes * Books per box = Total books
Step 2: 5 * 7 =
Step 3: =?",SVAMP,LAMA-3.2-3B
21,guided,21,Annette and Caitlin weigh 95 pounds together. Caitlin and Sara weigh 87 pounds together How much more does Annette weigh than Sara?,8,Subtraction,8,True,coin_flip,0.1667,1,6,0.1667,5,True,False,"{'8': 1, '103': 1, '182': 1, '82': 1, '9': 1, '87': 1}","Step 1: Annette + Caitlin = 95
Step 2: Annette - Caitlin =?",SVAMP,LAMA-3.2-3B
22,guided,22,Rachel picked three apples from her tree. Now the tree has four apples still on it How many apples did the tree have to begin with?,7,Addition,4,False,coin_flip,0.1667,0,6,0.0,5,True,False,"{'4': 1, '16': 1, '0': 1, '20': 1, '-4': 1, '8': 1}","Step 1: Apples left + Apples eaten = Total initial apples
Step 2: 4 (Apples left) + x (Apples eaten)
Step 3: x + 4",SVAMP,LAMA-3.2-3B
23,guided,23,22 students are going on a field trip and 18 students are staying at school What is the ratio of the number of students who are going on the field trip to the number of students who are staying at school?,11,Multi-step,2,False,majority,0.6,0,5,0.0,2,False,,"{'4': 1, '2': 3, '22': 1}","Step 1: Total students going - Students staying = 22 - 18 =?
Step 2: Ratio = (Students going) : (Students staying)
= 4 : 18",SVAMP,LAMA-3.2-3B
24,guided,24,3 owls were sitting on the fence. 2 more owls joined them How many owls are on the fence now?,5,Addition,3,False,refiner_tiebreak,0.5,1,6,0.1667,3,True,False,"{'8': 2, '3': 3, '5': 1}","Step 1: Initial owls + New owls = Total owls
Step 2: 3 + 2 =
Step 3: 5",SVAMP,LAMA-3.2-3B
25,guided,25,"Ron and Chanarong had breakfast at a cafe. Muffins cost $2 each, and fruit cups cost $2 each. Ron had 1 muffin and 2 fruit cups. Chanarong had 1 muffin and 2 fruit cups How much did their breakfast cost?",12,Addition,4,False,coin_flip,0.3333,2,6,0.3333,4,True,True,"{'4': 2, '12': 2, '8': 2}","Step 1: Cost of one set (muffin + fruit cup) = $2 + $2 = $4
Step 2: Total cost for both sets = $4 * 2 = $8",SVAMP,LAMA-3.2-3B
26,guided,26,Adam could fit nine action figures on each shelf in his room. His room has three shelves How many action figures total could his shelves hold?,27,Multiplication,27,True,majority,1.0,5,5,1.0,0,False,,{'27': 5},"Step 1: Number of action figures per shelf * Total number of shelves = 9 * 3 =
Step 2: Multiply to find the product = 27",SVAMP,LAMA-3.2-3B
27,guided,27,"A man is thrice as old as his son. After 12 years, he will be twice as old as his son Find their present ages.",36,Multi-step,24,False,majority,0.6,1,5,0.2,2,False,,"{'12': 1, '24': 3, '36': 1}","Step 1: Let's represent the current age of the father as F and the current age of the son as S.
Since the father is thrice as old as his son:
F = 3S

Step 2: In 12 years, both will have aged by 12 each.
So, (F + 12) = 2 * (S + 12)

Step 3: Substitute F from step 1 into equation in step 2:
(3S + 12) = 2(S + 12)",SVAMP,LAMA-3.2-3B
28,guided,28,"In a telephone poll, 7 people said they like shopping and 20 people said they do not like shopping What is the ratio of the number of people who do not like shopping to the number of people who like shopping?",20,Multi-step,13,False,majority,0.8,0,5,0.0,1,False,,"{'1': 1, '13': 4}","Step 1: Not liking - Total = 20 - 7 =
Step 2: Ratio = (Not liking) : (Likes) = 20 : 7",SVAMP,LAMA-3.2-3B
29,guided,29,Mrs. Hilt bought a notebook for $1.30. She paid with nickels How many nickels did she use to buy the notebook?,26,Multi-step,26,True,refiner_tiebreak,0.3333,2,6,0.3333,4,True,True,"{'26': 2, '520': 1, '52': 1, '1.3': 1, '0.77': 1}","Step 1: Price of notebook / Value per nickel = Total amount spent in cents
Step 2: Convert dollars to cents and divide by value of one nickel (5 cents)
Step 3: Divide result from step 2 by cost per nickel",SVAMP,LAMA-3.2-3B
30,guided,30,A comic book costs 37 cents. The store owner reversed the digits by mistake. He wrote that number on the comic book How much did the store owner overcharge his customer?,36,Multi-step,36,True,majority,0.6667,2,3,0.6667,1,False,,"{'-36': 1, '36': 2}",Step 1: Original price - Reversed price = 37 - 73 =?,SVAMP,LAMA-3.2-3B
31,guided,31,Mary is baking a cake. The recipe calls for 9 cups of flour and 3 cups of sugar. She already put in 2 cups of flour How many more cups of flour does she need to add ?,7,Subtraction,7,True,majority,0.4,2,5,0.4,3,False,,"{'7': 2, '5': 1, '11': 1, '2.33': 1}","Step 1: Required - Used = Total needed
Step 2: 9 - 2 =
Step 3: =",SVAMP,LAMA-3.2-3B
32,guided,32,"Before reaching the mountains, Stanley stopped over a car shop to buy new tires for the road. If he bought four tires each for $60.00, how much did he spend for tires in total?",240,Multiplication,240,True,majority,0.4,2,5,0.4,3,False,,"{'960': 1, '2.4': 1, '240': 2, '4': 1}","Step 1: Number of tires * Cost per tire = Total cost
Step 2: 4 * $60.00 =?",SVAMP,LAMA-3.2-3B
33,guided,33,"At the end of the party, Mona gave away some souvenirs to her 6 closest friends. If each of them received 2 souvenir items, how many souvenirs did Mona give away?",12,Multiplication,12,True,majority,0.8,4,5,0.8,1,False,,"{'12': 4, '6': 1}","Step 1: Number of people * Items per person = Total given away
Step 2: 6 * 2 =?",SVAMP,LAMA-3.2-3B
34,guided,34,"A clown needed two hundred twenty-seven balloons for a party he was going to, but the balloons only came in packs of two How many packs of balloons would he need to buy?",114,Division,113.5,False,majority,0.5,0,4,0.0,2,False,,"{'115': 1, '113.5': 2, '113': 1}","Step 1: Total needed / Pack size = 227 ÷ 2 =
Step 2: If there's remainder, add one more pack because you can't buy fraction of a pack.",SVAMP,LAMA-3.2-3B
35,guided,35,"Being his favorite, Michael has 4 times more flying robots than Tom. If Tom has 3 flying robots, how many flying robots does Michael have?",12,Multiplication,12,True,majority,0.5,2,4,0.5,2,False,,"{'12': 2, '15': 1, '3': 1}","Step 1: Tom's robots - Given = 0 (not applicable)
Step 2: 3 * 4 =?",SVAMP,LAMA-3.2-3B
36,guided,36,The third angle of a triangle is the same size as the first. The second angle is 4 times the third Find the measure of the angles.,30,Multi-step,180,False,majority,0.8,1,5,0.2,1,False,,"{'180': 4, '30': 1}","Step 1: Let's represent the unknowns with variables.
Let x be the measure of each equal-sized angles (the first and third).
Since it's given that these two angles have the same measure:
Step 2: Third angle = First angle = x
Step 3: Second angle = 4 * Third angle = 4x",SVAMP,LAMA-3.2-3B
37,guided,37,A is two years older than B. A's father D is twice as old as A and B is twice old as his sister C. The ages of D and C differ by 40 years Find the ages of A and B.,26,Multi-step,40,False,majority,0.4,0,5,0.0,3,False,,"{'4': 1, '40': 2, '36': 1, '38': 1}","Step 1: Let's represent their current age in terms of one variable, e.g., x for all three (A, B, C).
Since B is younger than A, we'll say B = x.
Given that A is two years older than B, then A = x + 2.

Step 2: Since D's age differs from C's by 40 years, but it also states D is twice as old as A:
D = 2 * (x + 2)

Step 3: Set up an equation based on the information about the difference between D and C:
(2 * (x + 2)) - x = 40",SVAMP,LAMA-3.2-3B
38,guided,38,Miki bought 4 packs of red bouncy balls and 3 packs of yellow bouncy balls. Each package contained 7 bouncy balls How many more packs of red bouncy balls than yellow bouncy balls did Miki buy?,1,Subtraction,1,True,majority,0.8,4,5,0.8,1,False,,"{'1': 4, '3': 1}","Step 1: Red packs - Yellow packs = 4 - 3 =
Step 2: Packs difference = 1",SVAMP,LAMA-3.2-3B
39,guided,39,Joy will see her grandma in two days How many hours until she sees her?,48,Multiplication,48,True,refiner_tiebreak,0.3333,2,6,0.3333,4,True,True,"{'24': 1, '48': 2, '2': 1, '0': 1, '16': 1}","Step 1: Days until seeing grandma = Current day + Time taken to reach grandma's place
Step 2: Hours per day * Number of days = Total hours until seeing grandma
Step 3: Subtract current hour from total hours until seeing grandma",SVAMP,LAMA-3.2-3B
40,guided,40,"Adam put eighteen items in the shopping cart. After deleting some, he had eight left How many items did Adam delete?",10,Subtraction,10,True,majority,0.75,3,4,0.75,1,False,,"{'10': 3, '18': 1}","Step 1: Initial amount - Remaining amount = 18 - 8 =
Step 2: Subtract to find out how much was deleted = 18 - 8",SVAMP,LAMA-3.2-3B
41,guided,41,"Ned was helping the cafeteria workers pick up lunch trays, but he could only carry eight trays at a time. If he had to pick up twenty-seven trays from one table and five trays from another, how many trips will he make?",4,Division,4,True,majority,1.0,5,5,1.0,0,False,,{'4': 5},"Step 1: Total trays = Trays from first table + Trays from second table = 27 + 5 =
Step 2: Trips needed = Total trays / Number of trays per trip = 32 / 8 =?",SVAMP,LAMA-3.2-3B
42,guided,42,"Allen, Charles, Lex and Shiela spent days reading books for their book report. The texts were printed very small so they were only able to cover very few pages a day. Allen read about the Solar System. He read 10 pages a day of a book which has 120 pages How many days did it take Allen to finish reading the book?",12,Division,12,True,majority,1.0,5,5,1.0,0,False,,{'12': 5},"Step 1: Book length / Daily page count = Total days taken
Step 2: 120 / 10 =
Step 3: 12",SVAMP,LAMA-3.2-3B
43,guided,43,"A restaurant needs to buy three hundred eighty-seven new plates. If each box has five plates in it, how many boxes will they need to buy?",78,Division,77.4,False,majority,0.6,2,5,0.4,2,False,,"{'77.4': 3, '78': 2}","Step 1: Total plates required ÷ Plates per box = 387 ÷ 5 =
Step 2: Result of division = 74.8,
Since you can't buy part of a box, round up if necessary. In this case, no rounding is needed as it's an exact calculation.",SVAMP,LAMA-3.2-3B
44,guided,44,"The exit door leads to a river 487 inches across, if the bridge he needs to cross is only 295 inches, how much longer does he need to build if he wants to cross the river using the bridge?",192,Subtraction,192,True,majority,1.0,4,4,1.0,0,False,,{'192': 4},"Step 1: River length - Bridge length =? 
Step 2: 487 - 295 =?",SVAMP,LAMA-3.2-3B
45,guided,45,"Sam invited 9 friends to a birthday party, but 6 couldn't come. If he wanted to buy enough cupcakes so each person could have exactly 2, how many should he buy?",6,Multiplication,6,True,majority,0.6,3,5,0.6,2,False,,"{'6': 3, '3': 2}","Step 1: Total guests attending - Guests who didn't attend = Remaining guests.
Step 2: Remaining guests x Cupcakes per guest = Total cupcakes needed.
Step 3: Since it's an equality, we can simplify this as just one step:
Remaining guests = Total cupcakes needed.",SVAMP,LAMA-3.2-3B
46,guided,46,"A P.E. teacher needs to divide 14 male students and 7 female students into teams, each with the same combination of male students and female students and nobody left out What is the greatest number of teams that can be formed?",7,Multi-step,21,False,majority,0.6,0,5,0.0,2,False,,"{'3': 1, '14': 1, '21': 3}","Step 1: Total students / Number of groups = (Male + Female) / Group size
Step 2: Find common factors for 14 and 7.
Step 3: Determine which factor gives whole group sizes equal to both males and females.",SVAMP,LAMA-3.2-3B
47,guided,47,A lab technician cuts a 12 inch piece of tubing into two pieces in such a way that one piece is 2 times longer than the other How long are the pieces?,4,Multi-step,12,False,majority,0.6,1,5,0.2,2,False,,"{'12': 3, '4': 1, '8': 1}","Step 1: Let's represent the length of shorter piece as x. Then, since it's twice as long as the other, the longer piece will be 2x.
Step 2: Since there are only two pieces, their sum equals original length (12 inches). So we can write an equation: x + 2x = 12.
Step 3: Combine like terms to solve for x: 3x = 12. Divide both sides by 3 to find value of x.",SVAMP,LAMA-3.2-3B
48,guided,48,Divide 39 balloons into 7 equal groups How many balloons are there in each group?,5,Division,5.5714,False,majority,0.75,0,4,0.0,1,False,,"{'5.5714': 3, '44': 1}","Step 1: Total balloons ÷ Number of groups = 39 ÷ 7 =
Step 2: 39 ÷ 7 =?",SVAMP,LAMA-3.2-3B
49,guided,49,"Even the chipmunks are trying to get away to find other warmer places to stay. If 21 chipmunk families were left from the original 86 families, how many chipmunk families went away?",65,Subtraction,65,True,majority,0.8,4,5,0.8,1,False,,"{'65': 4, '44': 1}","Step 1: Original - Remaining = 86 - 21
Step 2: Subtract 21 from 86
Step 3: Result of subtraction",SVAMP,LAMA-3.2-3B
50,guided,50,Randy has 78 blocks. He uses 19 blocks to build a tower How many blocks are left?,59,Subtraction,59,True,majority,0.6,3,5,0.6,2,False,,"{'59': 3, '78': 2}","Step 1: Blocks initially - Blocks used = 78 - 19 =
Step 2: Remaining blocks = 59",SVAMP,LAMA-3.2-3B
51,guided,51,Zoe is on vacation. She has already taken 28 pictures. She has enough film left to take 32 more pictures. Zoe took 16 more pictures at the dolphin show How many pictures has Zoe taken altogether?,44,Addition,28,False,majority,0.4,0,5,0.0,3,False,,"{'0': 1, '16': 1, '28': 2, '32': 1}","Step 1: Initial + Remaining = Total
Step 2: Initial + Additional = New total
Step 3: Old + New = Final",SVAMP,LAMA-3.2-3B
52,guided,52,"While sorting some change into piggy banks, Diane put 72 coins in the first piggy bank, 81 coins in the second piggy bank, 90 coins in the third piggy bank, 99 coins in the fourth piggy bank, and 108 coins in the fifth piggy bank. If this pattern continues, how many coins will Diane put in the sixth piggy bank?",117,Multi-step,39,False,majority,0.6,0,5,0.0,2,False,,"{'39': 3, '29': 1, '9': 1}","Step 1: Last - Current = Fifth - Fourth = 108 - 99 =
Step 2: Result = 9
Step 3: Add 10 (since it's an increasing sequence) = 19",SVAMP,LAMA-3.2-3B
53,guided,53,"Next on his checklist are wax glues to stick the feathers together. If the feathers require 469 g of wax and right now he just needs 257 g, how many grams of wax glue does he already have?",212,Subtraction,212,True,majority,0.6,3,5,0.6,2,False,,"{'212': 3, '312': 1, '469': 1}","Step 1: Required - Used = Total available
Step 2: 469 - 257 =
Step 3: 212",SVAMP,LAMA-3.2-3B
54,guided,54,"Alissa picked 16 flowers. Her twin sister, Melissa, also picked 16 flowers. They gave their mother 18 flowers How many flowers did the sisters have left?",14,Subtraction,14,True,majority,1.0,5,5,1.0,0,False,,{'14': 5},"Step 1: Total flowers initially = Alissa's flowers + Melissa's flowers = 16 + 16 =
Step 2: Subtract given away to mom = Total flowers - Flowers given to mom = (16 + 16) - 18 =?",SVAMP,LAMA-3.2-3B
55,guided,55,"When she got to school, she saw that the school is composed of 9 buildings, each having 30 classrooms How many classrooms does the school have?",270,Multiplication,270,True,majority,0.8,4,5,0.8,1,False,,"{'270': 4, '280': 1}","Step 1: Type ""there"" (no calculation)
Step 2: Multiply ""the"" by ""number of classrooms per building""
Step 3: Add ""and"" (no calculation)",SVAMP,LAMA-3.2-3B
56,guided,56,Jenny was told to clean up her room in fourteen days or she could not go to her best friend's birthday party. It is three days left but Jenny has cleaned up her room How many days did she spend?,11,Subtraction,11,True,majority,0.8,4,5,0.8,1,False,,"{'11': 4, '14': 1}","Step 1: Total allowed time - Days already passed = Remaining days left
Step 2: 14 - 3 =
Step 3: 11",SVAMP,LAMA-3.2-3B
57,guided,57,Doug built a tent in the shape of a regular pentagon. Its perimeter is 60 feet What is the length of each side of the tent?,12,Multi-step,12,True,majority,1.0,5,5,1.0,0,False,,{'12': 5},"Step 1: Perimeter / Number of sides = Length per side
Step 2: 60 ÷ 5 =
Step 3: 12",SVAMP,LAMA-3.2-3B
58,guided,58,A group of science students went on a field trip. They took 2 vans and 3 buses. There were 8 people in each van and 20 people in each bus How many people went on the field trip?,76,Addition,76,True,majority,0.6,3,5,0.6,2,False,,"{'76': 3, '16': 2}","Step 1: Vans * People per van = 2 * 8 =
Step 2: Buses * People per bus = 3 * 20 =
Step 3: Add both results together = (2 * 8) + (3 * 20)",SVAMP,LAMA-3.2-3B
59,guided,59,"During a senate campaign, a volunteer passed out a ""Vote for Hatfield"" button. The campaign button has a diameter of 8 centimeters What is the button's circumference?",25.12,Multi-step,8,False,coin_flip,0.2,0,5,0.0,4,True,False,"{'8': 1, '12.57': 1, '25.1429': 1, '25.1327': 1, '25.13': 1}","Step 1: Diameter * Pi = Circumference
Step 2: 8 * 22 / 7 =?",SVAMP,LAMA-3.2-3B
60,guided,60,Fifteen more than three times a number is the same as ten less than six times the number What is the number?,25,Multi-step,8.33,False,coin_flip,0.3333,1,3,0.3333,2,True,False,"{'8.33': 1, '25': 1, '5.1667': 1}","Step 1: Let's represent an unknown number with ""x"".
Step 2: Translate given information into equation - ""Fifteen more"" can be written as ""+15"", and ""three times"" can be represented by multiplying x with 3. So we have: 3x + 15.
Step 3: Similarly, ""ten less"" translates to subtracting 10 from something which would give us: 6x - 10.
Since both expressions equal each other according to the problem statement, set them equal to one another for solving: 3x + 15 = 6x - 10.",SVAMP,LAMA-3.2-3B
61,guided,61,An egg seller finds 432 eggs are either spoiled or broken and 1080 eggs are in good condition Find the ratio of bad eggs to good eggs.,2,Multi-step,2,True,majority,0.6,3,5,0.6,2,False,,"{'2': 3, '1502': 2}","Step 1: Total bad + Good = Spoiled + Unspoiled = 432 + 1080 =
Step 2: Bad / Good = 432 / 1080 =
Step 3: Simplify fraction if possible (not required here)",SVAMP,LAMA-3.2-3B
62,guided,62,Tony made 14 L of lemonade for a party. His guests drank 9500 mL of the lemonade How many milliliters of lemonade did Tony have left over?,4500,Subtraction,4500,True,majority,0.75,3,4,0.75,1,False,,"{'4500': 3, '4': 1}","Step 1: Initial amount - Amount consumed = Remaining amount
Step 2: 14000 - 9500 =?",SVAMP,LAMA-3.2-3B
63,guided,63,"After New York, she decided to visit the Smithsonian in Washington DC. If she has 63 miniature aircrafts and she gave away 49 to the National Air and Space Museum, how many are left with her?",14,Subtraction,14,True,majority,1.0,5,5,1.0,0,False,,{'14': 5},"Step 1: Initial amount - Amount given away = Remaining amount
Step 2: 63 - 49 =?",SVAMP,LAMA-3.2-3B
64,guided,64,"There were 36 dogs and 29 cats in a pet center. After 20 of the dogs were adopted by people, the pet center collected another 12 cats How many pets were there in the pet center in the end?",57,Multi-step,16,False,majority,0.6,0,5,0.0,2,False,,"{'16': 3, '28': 2}","Step 1: Initial total - Adopted dogs = 36 - 20 =?
Step 2: Add new cats to previous count =? + 12",SVAMP,LAMA-3.2-3B
65,guided,65,"Paul made forty-four dollars mowing lawns and twenty-eight dollars weed eating. If he only spent nine dollar a week, how long would the money last him?",8,Division,72,False,coin_flip,0.3333,1,6,0.1667,4,True,True,"{'9': 1, '72': 2, '7': 2, '8': 1}","Step 1: Total earnings - Weekly expenses = Initial amount left
Step 2: Divide initial amount by weekly expense rate
Step 3: Resulting quotient in weeks",SVAMP,LAMA-3.2-3B
66,guided,66,Amelia works at the candy store. She has to sell 90 Jet Bars each week. She sold 45 on Monday. She sold 16 fewer Jet Bars on Tuesday How many more Jet Bars does Ameila have to sell?,16,Subtraction,45,False,majority,0.4,0,5,0.0,3,False,,"{'45': 2, '61': 1, '90': 1, '29': 1}","Step 1: Total bars left - Bars already sold on Monday = 90 - 45 =?
Step 2: Bars still needed for the week =? - (Bars already sold)",SVAMP,LAMA-3.2-3B
67,guided,67,It takes 3 eggs to make a cake How many cakes can you make with 37 eggs?,12,Division,12,True,majority,0.4,2,5,0.4,3,False,,"{'12.33333...': 1, '12.6667': 1, '12': 2, '12.3333': 1}","Step 1: Divide total eggs by eggs per cake = 37 ÷ 3 =
Step 2: Result =?",SVAMP,LAMA-3.2-3B
68,guided,68,"A farmer had ninety-seven tomatoes from his garden. If he picked eighty-three of them, how many would he have left?",14,Subtraction,14,True,majority,0.8,4,5,0.8,1,False,,"{'14': 4, '17': 1}","Step 1: Initial amount - Picked amount = Remaining amount
Step 2: 97 - 83 =?",SVAMP,LAMA-3.2-3B
69,guided,69,"A grocery store needed eight hundred ten cans of peas. If the peas come in boxes with four cans in each box, how many boxes would they need to order?",203,Division,203,True,coin_flip,0.1667,1,6,0.1667,5,True,False,"{'203': 1, '2025': 1, '250': 1, '202.5': 1, '2000': 1, '200': 1}","Step 1: Total cans required / Cans per box = Boxes needed
Step 2: 810 ÷ 4 =
Step 3: 202.5",SVAMP,LAMA-3.2-3B
70,guided,70,Gina mixed paint to make her favorite shade of purple. She filled up one third of the container with red paint. Then she filled the remaining space with 4 L of blue paint How many milliliters of paint did Gina mix?,6000,Multiplication,8,False,coin_flip,0.25,0,4,0.0,3,True,False,"{'8': 1, '700': 1, '4333.33': 1, '12000': 1}","Step 1: Total - Red = Remaining
Step 2: Remaining + Blue =?",SVAMP,LAMA-3.2-3B
71,guided,71,The school is planning a field trip. There are 60 students and 10 seats on each school bus How many buses are needed to take the trip?,6,Division,6,True,majority,0.6667,2,3,0.6667,1,False,,"{'6': 2, '7': 1}","Step 1: Total students / Seats per bus = 60 / 10 =
Step 2: Round up if necessary (since you can't have part of a bus). In this case, no rounding is required as it's an exact division.",SVAMP,LAMA-3.2-3B
72,guided,72,Tina had a large collection of beanie babies. She gave 8 beanie babies to her cousin. She gave half that amount to her sister. She gave 36 beanie babies to needy children. She kept 12 for herself How many beanie babies were in Tina's collection at first?,60,Addition,40,False,coin_flip,0.1667,0,6,0.0,5,True,False,"{'40': 1, '2': 1, '12': 1, '44': 1, '4': 1, '48': 1}","Step 1: Needed + Kept = Total initial amount
Step 2: (Needed + Kept) * 2 = Initial amount before giving some away
Step 3: ((Initial amount before giving some away) - Given to needy kids) / 2 = Initial amount",SVAMP,LAMA-3.2-3B
73,guided,73,"The difference of two numbers is 70. If the larger number is 6 times the smaller number, find the numbers.",84,Multi-step,84,True,majority,0.8,4,5,0.8,1,False,,"{'98': 1, '84': 4}","Step 1: Let's represent the unknowns as variables. Let x be the smaller number and y be the larger number.
Step 2: We know that y - x = 70 (difference between the two numbers).
Step 3: Since we also know that y = 6x (the larger number is six times the smaller one), substitute this expression for y in the first equation to get 6x - x = 70.",SVAMP,LAMA-3.2-3B
74,guided,74,"If the group was able to make 65 recycled materials from what they gathered and the teachers were able to make 28, how many recycled products will they be able to sell at the fair?",93,Addition,37,False,majority,0.8,0,5,0.0,1,False,,"{'37': 4, '65': 1}","Step 1: Total made - Made by each person = 65 - 28 =
Step 2: Result = 37",SVAMP,LAMA-3.2-3B
75,guided,75,Mrs. Randall has taught third grade for 18 years. She has 26 students this year. She also taught second grade for 8 years How many years has Mrs. Randall been teaching?,26,Addition,26,True,majority,0.8,4,5,0.8,1,False,,"{'4': 1, '26': 4}","Step 1: Years as an elementary school teacher + Years as a high school teacher = 
Step 2: 18 + 8 =
Step 3: Total years of experience = 26",SVAMP,LAMA-3.2-3B
76,guided,76,Paco had 35 cookies. He ate 6 of them How many cookies did Paco have left?,29,Subtraction,29,True,majority,1.0,5,5,1.0,0,False,,{'29': 5},"Step 1: Initial amount - Amount eaten = Remaining amount
Step 2: 35 - 6 =?",SVAMP,LAMA-3.2-3B
77,guided,77,A fast food restaurant had ninety-one hotdogs. After selling some they had twenty left What's the difference between the number of hotdogs before selling and after selling?,71,Subtraction,71,True,majority,0.8,4,5,0.8,1,False,,"{'91': 1, '71': 4}","Step 1: Initial amount - Remaining amount = 91 - 20 =
Step 2: Subtract to find the difference = 71",SVAMP,LAMA-3.2-3B
78,guided,78,A book had a length of 5 inches and a total area of 50 square inches How wide is the book?,10,Multi-step,10,True,majority,0.8,4,5,0.8,1,False,,"{'10': 4, '20': 1}","Step 1: Area = Length x Width
Step 2: 50 = 5 x Width
Step 3: Width = 50 / 5",SVAMP,LAMA-3.2-3B
79,guided,79,"Issa jogged two-thirds of the way home from school. Then he was tired, so he walked the remaining 3200 m How many kilometers did Issa travel from school to his house?",9.6,Multiplication,-8000,False,coin_flip,0.2,0,5,0.0,4,True,False,"{'-8000': 1, '0.96': 1, '6400': 1, '3200': 1, '0': 1}","Step 1: Total distance - Distance covered = Remaining distance
Step 2: Since Issa jogged two-thirds of the way, let's represent that as (2/3) * x where x represents total distance.
Step 3: Set up equation for part of the journey: (2/3)x + 320 = x",SVAMP,LAMA-3.2-3B
80,guided,80,Next on his list is the famous Empire State Building. There he learned that the building stands 1250 feet to the top floor and the antenna spire is 204 feet How tall is the Empire State Building?,1454,Addition,1454,True,majority,0.8,4,5,0.8,1,False,,"{'1454': 4, '104': 1}","Step 1: Top of building + Height of antenna = Total height
Step 2: 1250 + 204 =
Step 3: 1454",SVAMP,LAMA-3.2-3B
81,guided,81,The distance travelled by Ben and Tim is in the ratio 3:4. The distance travelled by Ben is 18 miles Find the distance travelled by Tim.,24,Multi-step,7,False,majority,0.6,1,5,0.2,2,False,,"{'10.28': 1, '7': 3, '24': 1}","Step 1: Total parts of the ratio = 3 + 4 = 7
Step 2: Value of one part = 18 / 3 = 6
Step 3: Distance travelled by Tim = 4 * 6 =?",SVAMP,LAMA-3.2-3B
82,guided,82,"For a party Janet bought some cupcakes. She bought 2 chocolate, 13 vanilla and 2 strawberry What's the difference between the number of cupcakes of chocolate flavor and the vanilla flavor?",11,Subtraction,-11,False,majority,0.6,0,5,0.0,2,False,,"{'-11': 3, '2': 1, '13': 1}","Step 1: Chocolate - Vanilla = 2 - 13 =
Step 2: Answer = -11",SVAMP,LAMA-3.2-3B
83,guided,83,"At the gym, Hillary swims every 6 days, runs every 4 days and cycles every 16 days. If she did all three activities today, in how many days will she do all three activities again on the same day?",48,Multi-step,48,True,refiner_tiebreak,0.4,2,5,0.4,3,True,True,"{'3': 1, '24': 1, '96': 1, '48': 2}","Step 1: Find LCM (Least Common Multiple) of 6, 4, and 16.
Step 2: The least common multiple of 6, 4, and 16 is 48.",SVAMP,LAMA-3.2-3B
84,guided,84,"There are 72 boys and 90 girls on the math team. For the next math competition, Mr. Johnson would like to arrange all of the students in equal rows with only girls or only boys in each row What is the greatest number of students that can be in each row?",18,Multi-step,18,True,majority,0.8,4,5,0.8,1,False,,"{'18': 4, '162': 1}","Step 1: Total students = Boys + Girls = 72 + 90 =?
Step 2: Greatest common divisor (GCD) of 72 and 90 =?",SVAMP,LAMA-3.2-3B
85,guided,85,A movie poster was 4 inches wide and 7 inches tall What is the area of the poster?,28,Multi-step,28,True,majority,0.6,3,5,0.6,2,False,,"{'28': 3, '14': 2}","Step 1: Length * Width = Area
Step 2: 4 * 7 =
Step 3: = 28",SVAMP,LAMA-3.2-3B
86,guided,86,Sally memorized eight poems. After some time she could only recite three of them How many poems did she forget?,5,Subtraction,5,True,majority,0.6,3,5,0.6,2,False,,"{'5': 3, '3': 1, '8': 1}","Step 1: Total poems initially - Poems remembered = 8 - 3 =
Step 2: Forgotten poems = 5",SVAMP,LAMA-3.2-3B
87,guided,87,"Ellen had 380 legos, but she lost 57 of them How many legos does she have now?",323,Subtraction,323,True,majority,0.75,3,4,0.75,1,False,,"{'323': 3, '333': 1}","Step 1: Initial amount - Lost = Remaining amount
Step 2: 380 - 57",SVAMP,LAMA-3.2-3B
88,guided,88,"3 tons of mulch cost $15,000.00 What is the price per pound?",2.5,Division,5000,False,majority,0.6667,1,3,0.3333,1,False,,"{'5000': 2, '2.5': 1}","Step 1: Total cost / Amount in units (tons) = Price per unit ($/ton)
Step 2: $15,000 ÷ 3 =?",SVAMP,LAMA-3.2-3B
89,guided,89,Joey checked his pockets for money. He found 17 cents in his pants pocket. He found 24 cents more than that in his jacket pocket How much money did Joey find altogether?,58,Addition,41,False,majority,0.5,1,4,0.25,2,False,,"{'41': 2, '58': 1, '66': 1}","Step 1: Pocket amount + Additional amount = Total amount
       17 + 24 =
Step 2: 
       17 + 24 = 41",SVAMP,LAMA-3.2-3B
90,guided,90,"There are 5929 Skittles in Steven's Skittle collection. Steven also has 11 erasers. If the Skittles are organized into 77 groups, how big is each group?",77,Division,76,False,coin_flip,0.3333,1,6,0.1667,4,True,True,"{'76': 2, '78': 2, '76.746...': 1, '77': 1}","Step 1: Total items / Number of groups = Group size
Step 2: 5929 ÷ 77 =
Step 3:?",SVAMP,LAMA-3.2-3B
91,guided,91,"At Billy's Restaurant a group with two adults and five children came in to eat. If each meal cost three dollars, how much was the bill?",21,Multiplication,6,False,majority,0.4,0,5,0.0,3,False,,"{'6': 2, '17': 1, '23': 1, '11': 1}","Step 1: Adults * Meal price = 2 * $3 = $6
Step 2: Children's meals + Adult meals = 5 + $6 = $11
Step 3: Total = $11",SVAMP,LAMA-3.2-3B
92,guided,92,"On a modern art painting, there are 3 green dots in the first row, 6 green dots in the second row, 9 green dots in the third row, and 12 green dots in the fourth row. If this pattern continues, how many green dots will there be in the fifth row?",15,Multi-step,15,True,refiner_tiebreak,0.3333,2,6,0.3333,4,True,True,"{'15': 2, '21': 1, '45': 1, '3': 1, '19': 1}","Step 1: Previous rows' dot count difference = 6 - 3 =?
Step 2: Difference between each subsequent pair of consecutive terms =? (e.g., 9 - 6)
Step 3: Apply the pattern to find next term's value.",SVAMP,LAMA-3.2-3B
93,guided,93,Olivia was collecting cans for recycling. She had four bags with five cans inside each bag How many cans did she have?,20,Multiplication,20,True,majority,1.0,5,5,1.0,0,False,,{'20': 5},"Step 1: Bags * Cans per bag = Total cans
Step 2: 4 * 5 =?",SVAMP,LAMA-3.2-3B
94,guided,94,A window had a length of 6 feet and a width of 10 feet What is the area of the window?,60,Multi-step,60,True,majority,1.0,5,5,1.0,0,False,,{'60': 5},"Step 1: Length * Width =
Step 2: 6 * 10 =
Step 3: = 60",SVAMP,LAMA-3.2-3B
95,guided,95,"A 6 ft board is cut into two pieces, one twice as long as the other How long are the pieces?",2,Multi-step,6,False,majority,0.6,0,5,0.0,2,False,,"{'4': 1, '6': 3, '9': 1}","Step 1: Let's represent the length of shorter piece as x. Then, since it's half as long as the longer piece, the longer piece will be 2x.
Step 2: Since there are only two pieces in total (shorter + longer), their sum equals the original length of the board which is 6 feet.
Step 3: Therefore, we can write an equation to express this relationship: x + 2x = 6",SVAMP,LAMA-3.2-3B
96,guided,96,Maria and her sister want to buy a present for their mother. Maria has $17. Her sister has double that amount. They want to buy their mom a coat that costs $80 How much more money do they need?,29,Subtraction,0,False,coin_flip,0.1667,0,6,0.0,5,True,False,"{'0': 1, '80': 1, '3': 1, '17': 1, '-14': 1, '-29': 1}","Step 1: Sister's money - Maria's money =?
Step 2:? - 17",SVAMP,LAMA-3.2-3B
97,guided,97,"There are 5 people on the Green Bay High track team. If a relay race is 150 meters long, and all 5 team members participate, how far will each team member have to run?",30,Division,30,True,majority,0.8,4,5,0.8,1,False,,"{'30': 4, '5': 1}","Step 1: Total distance / Number of runners = Distance per runner
Step 2: 150 ÷ 5 =?",SVAMP,LAMA-3.2-3B
98,guided,98,Fabric is sold in stores from bolts that are 45 or 60 inches wide What is the width of the widest strips of fabric you can cut from either bolt without wasting any of the fabric if each strip has the same width?,15,Multi-step,4,False,majority,0.4,1,5,0.2,3,False,,"{'4': 2, '7': 1, '15': 1, '3': 1}","Step 1: Find greatest common divisor (GCD) of 45 and 60.
Step 2: GCD(45, 60) = 15.
Step 3: Divide both values by their GCD to find equal sized strips.",SVAMP,LAMA-3.2-3B
99,guided,99,"Lavinia has 9 glasses and 6 mugs. She would like to set them out in identical groups, with none left over, in preparation for a dinner party What is the greatest number of groups Lavinia can set out?",3,Multi-step,3,True,majority,0.4,2,5,0.4,3,False,,"{'27': 1, '3': 2, '0': 1, '2': 1}","Step 1: Find HCF (Highest Common Factor) of 6 and 9.
Step 2: Divide both values by their HCF.
Step 3: Determine which one yields an integer quotient.",SVAMP,LAMA-3.2-3B
100,guided,100,"Then he started to prepare the games. If each game takes 5 minutes to prepare and he prepared a total of 5 games, how many minutes did it take for Andrew to prepare all the games?",25,Multiplication,25,True,majority,0.6,3,5,0.6,2,False,,"{'25': 3, '5': 2}","Step 1: Prepare one game = 5 minutes
Step 2: Total time for multiple games = 5 * 5 =?",SVAMP,LAMA-3.2-3B
101,guided,101,"Morgan has 65 red pens, 45 blue pens, and 58 black pens How many pens does she have?",168,Addition,168,True,majority,1.0,5,5,1.0,0,False,,{'168': 5},"Step 1: Red + Blue = 65 + 45 =
Step 2: Total + Black = 110 + 58 =",SVAMP,LAMA-3.2-3B
102,guided,102,"For the final act, the circus brought out dancing animals wearing crowns. If each crown is made with 7 different colored feathers, how many feathers are needed for 934 crowns?",6538,Multiplication,931,False,majority,0.4,0,5,0.0,3,False,,"{'59664': 1, '8798600': 1, '931': 2, '45926': 1}","Step 1: Crowns per set of colors * Total crowns = Sets required
Step 2: Sets required * Feathers per set = Total feathers needed
Step 3: Multiply to find total feathers",SVAMP,LAMA-3.2-3B
103,guided,103,"Mrs. Hilt baked pies last weekend for a holiday dinner. She baked 16 pecan pies and 14 apples pies. If she wants to arrange all of the pies in rows of 5 pies each, how many rows will she have?",6,Division,6,True,majority,1.0,5,5,1.0,0,False,,{'6': 5},"Step 1: Total number of pies = Pecan + Apple = 16 + 14 =?
Step 2: Total / Number per row =? / 5 =?",SVAMP,LAMA-3.2-3B
104,guided,104,Jae bought 12 cartons of ice cream and 3 cartons of yogurt. Each carton of ice cream cost $9 and each carton of yogurt cost $2 How much more did Jae spend on ice cream than on yogurt?,102,Subtraction,102,True,majority,1.0,5,5,1.0,0,False,,{'102': 5},"Step 1: Cost of ice cream = Number of cartons * Price per carton Ice Cream = 12 * $9 = $108
Step 2: Cost of yogurt = Number of cartons * Price per carton Yogurt = 3 * $2 = $6
Step 3: Difference in costs = Cost of ice cream - Cost of yogurt = $108 - $6",SVAMP,LAMA-3.2-3B
105,guided,105,Will was drawing super heroes on a sheet of scrap paper. He drew two heroes on the front and seven heroes on the back How many heroes did he draw total?,9,Addition,9,True,majority,0.6,3,5,0.6,2,False,,"{'9': 3, '7': 1, '2': 1}","Step 1: Front + Back = Total
Step 2: 2 + 7 =
Step 3: 9 =?",SVAMP,LAMA-3.2-3B
106,guided,106,"Christmas is near. Mr. Anderson, president of Nice People Inc. organized a charity event to share happiness to the less fortunate people. The first thing that he did is to visit an orphanage. There he dressed up as Santa and gave toys to the children. If he gave 134 toy cars to the boys and 269 dolls to the girls, how many toys did he give to all?",403,Addition,403,True,majority,0.8,4,5,0.8,1,False,,"{'403': 4, '134': 1}","Step 1: Cars + Dolls = 
Step 2: 134 + 269 =
Step 3: 403",SVAMP,LAMA-3.2-3B
107,guided,107,"There are two hundred eighty-seven people attending a luncheon. If a table can hold nine people, how many tables do they need?",32,Division,32,True,majority,0.6,3,5,0.6,2,False,,"{'31.888...': 1, '31.8889': 1, '32': 3}","Step 1: Total attendees ÷ Table capacity = 287 ÷ 9 =
Step 2: Round up if necessary since partial tables cannot be used. 
(Note: Since there's no specific instruction to round up, we'll assume whole numbers only)
Step 3: Calculate quotient (if any remainder exists).",SVAMP,LAMA-3.2-3B
108,guided,108,"A food company has seven hundred seventy-seven kilograms of food to put into boxes. If each box gets exactly two kilograms, how many full boxes will they have?",388,Division,38,False,coin_flip,0.4,0,5,0.0,3,True,False,"{'38': 2, '38.5': 2, '576': 1}","Step 1: Total amount / Amount per box = 777 ÷ 2 =
Step 2: Result = 388.5,
Since you can't have half a box, we'll round down to whole units only:
Step 3: Rounding down (if necessary) = 388",SVAMP,LAMA-3.2-3B
109,guided,109,Adam needed to climb ninety-six stair steps to reach the rooftop. He already climbed seventy-four How many stair steps do left for Adam to climb now?,22,Subtraction,22,True,majority,0.8,4,5,0.8,1,False,,"{'96': 1, '22': 4}","Step 1: Total - Climbed = Remaining
Step 2: 96 - 74 =
Step 3: = 22",SVAMP,LAMA-3.2-3B
110,guided,110,"For the school bake sale Katie made 26 cupcakes. If she sold 20 of them and then made 20 more, how many cupcakes would she have?",26,Multi-step,0,False,majority,0.4,1,5,0.2,3,False,,"{'0': 2, '26': 1, '46': 1, '92': 1}","Step 1: Initial amount + Additional amount = Total initial amount + New amount
Step 2: Total initial amount + New amount = 26 + 20 =
Step 3: Combine like terms = 46",SVAMP,LAMA-3.2-3B
111,guided,111,"Matthew and Billie went apple picking. Matthew found 46 big, red apples. Billie found some as well. Together they found 80 apples How many apples did Billie find?",34,Subtraction,34,True,majority,0.8,4,5,0.8,1,False,,"{'34': 4, '80': 1}","Step 1: Matthew's apples + Billie's apples = Total apples
Step 2: 46 + x = 80
Step 3: Subtracting Matthew's portion from both sides gives us:
x = 34",SVAMP,LAMA-3.2-3B
112,guided,112,"Sean had 45 Starbursts. If Sean gave equal numbers of Starbursts to his 18 friends and then he ate what was left, how many Starbursts did each person eat?",2,Division,45,False,majority,0.6,0,5,0.0,2,False,,"{'45': 3, '90': 1, '810': 1}","Step 1: Total given away + Remaining = Initial amount
Step 2: Divide both sides by Number of people
Step 3: (Initial amount) / Number of people",SVAMP,LAMA-3.2-3B
113,guided,113,Mrs. Hilt read 2 books per day How many books did she read in one week?,14,Addition,7,False,majority,0.6,2,5,0.4,2,False,,"{'14': 2, '7': 3}","Step 1: Days in a week = 7
Step 2: Books/day * Days in a week = 2 * 7 =
Step 3: Answer =?",SVAMP,LAMA-3.2-3B
114,guided,114,"Sunday morning was spent for making wood carvings which can be sold as souvenir for tourists. They were placed in shelves that can contain 8 wood carvings at a time. If 56 wood carvings were displayed, how many shelves were filled with carvings?",7,Division,7,True,majority,1.0,5,5,1.0,0,False,,{'7': 5},"Step 1: Total carvings / Shelves per shelf = Carvings per shelf
Step 2: Quotient = 56 ÷ 8 =
Step 3: Resultant whole part of quotient (no remainder)",SVAMP,LAMA-3.2-3B
115,guided,115,"For homework Megan had thirty-six math problems and twenty-eight spelling problems. If she can finish eight problems in an hour, how long will it take her to finish all the problems?",8,Division,64,False,majority,0.6,0,5,0.0,2,False,,"{'64': 3, '1': 2}","Step 1: Total number of assignments = Math + Spelling = 36 + 28 =?
Step 2: Time per assignment = Hours/Total assignments =? / (36 + 28) 
Step 3: To find total time, divide each by the other.",SVAMP,LAMA-3.2-3B
116,guided,116,"Ann has $777 and Bill has $1,111 How much does Bill need to give to Ann, so that they would have the same amount of money?",167,Division,534,False,coin_flip,0.1667,0,6,0.0,5,True,False,"{'534': 1, '434': 1, '267': 1, '777': 1, '-434': 1, '-433': 1}","Step 1: Ann's initial amount - Bill's initial amount = 1111 - 777 =
Step 2: Result =?",SVAMP,LAMA-3.2-3B
117,guided,117,"Allie has 5 math books and 10 science books. If she wants to distribute them evenly among some bookshelves so that each bookshelf has the same combination of math and science books, with no books left over, what is the greatest number of bookshelves Allie can use?",5,Multi-step,50,False,coin_flip,0.3333,1,3,0.3333,2,True,False,"{'50': 1, '5': 1, '3': 1}","Step 1: Find least common multiple (LCM) of given quantities.
Step 2: Divide LCM by quantity per shelf.
Step 3: Determine max possible shelves.",SVAMP,LAMA-3.2-3B
118,guided,118,"Rachel bought 8 music albums online. If each album had 2 songs, how many songs did she buy total?",16,Multiplication,16,True,majority,0.6,3,5,0.6,2,False,,"{'16': 3, '128': 2}","Step 1: Albums per package * Total packages = Songs per package
Step 2: Songs per package * Number of packages = Total songs
Step 3:... (not necessary)",SVAMP,LAMA-3.2-3B
119,guided,119,532 people are watching a movie in a theater. The theater has 750 seats How many seats are empty in the theater?,218,Subtraction,218,True,refiner_tiebreak,0.5,3,6,0.5,3,True,True,"{'250': 2, '218': 3, '750': 1}","Step 1: Total available seats - Number of viewers = Seating capacity - Viewers
Step 2: Seating capacity - Viewers = 750 - 532
Step 3: Result = 218",SVAMP,LAMA-3.2-3B
120,guided,120,Maria took sixteen fish out of her fish tank. Now there are three fish in the tank How many fish were in the tank to start with?,19,Addition,16,False,majority,0.8,0,5,0.0,1,False,,"{'16': 4, '48': 1}","Step 1: Initial amount + Taken out = Remaining
Step 2: Initial amount = Remaining + Taken out",SVAMP,LAMA-3.2-3B
121,guided,121,Two marbles are in the basket. Two marbles are taken out of the basket How many marbles are in the basket now?,0,Subtraction,2,False,majority,0.6,2,5,0.4,2,False,,"{'0': 2, '2': 3}","Step 1: Initial amount - Removed amount = Remaining amount
Step 2: 2 - 2 =?",SVAMP,LAMA-3.2-3B
122,guided,122,"While counting chairs in the lunch room, Marie noticed that there were 14 chairs in the first row, 23 chairs in the second row, 32 chairs in the third row, 41 chairs in the fourth row, and 50 chairs in the fifth row. If this pattern continues, how many chairs will there be in the sixth row?",50,Multi-step,59,False,majority,0.4,0,5,0.0,3,False,,"{'59': 2, '23': 1, '32': 1, '41': 1}","Step 1: Previous row length + 1 = New row length
   First row length =? 
   Second row length = 23
   Third row length = 32
   Fourth row length = 41
   Fifth row length = 50
   
Step 2: Determine difference between consecutive terms (constant)
Difference = Second term - First term = 23 - 14 = 9
Difference = Third term - Second term = 32 - 23 = 9
Difference = Fourth term - Third term = 41 - 32 = 9
Difference = Fifth term - Fourth term = 50 - 41 = 9

Step 3: Apply the constant difference to find next value
New row length = Last known length + Difference = 50 + 9 =?",SVAMP,LAMA-3.2-3B
123,guided,123,"Sullivan Stationery sells cards in packs of 20 and envelopes in packs of 17. If Vera wants the same number of each, what is the minimum number of cards that she will have to buy?",340,Multi-step,340,True,majority,0.5,2,4,0.5,2,False,,"{'340': 2, '680': 1, '840': 1}","Step 1: Find LCM (Least Common Multiple) of 20 and 17.
Step 2: Multiply LCM by 2 since both items must be purchased equally.
Step 3: Calculate product for one set.",SVAMP,LAMA-3.2-3B
124,guided,124,Garrett went shopping for snack supplies and bought 6 oatmeal raisin granola bars and 8 peanut granola bars How many granola bars did he buy in all?,14,Addition,14,True,majority,0.8,4,5,0.8,1,False,,"{'14': 4, '10': 1}","Step 1: Oatmeal granola bars + Peanut granola bars = 
Step 2: 6 + 8 =?",SVAMP,LAMA-3.2-3B
125,guided,125,"Martin is pasting pieces of square colored paper of equal size onto a board measuring 72 cm by 90 cm. If only whole square pieces are used, and the board is to be completely covered, what is the largest possible length of the side of each square colored paper?",18,Multi-step,12,False,coin_flip,0.3333,0,3,0.0,2,True,False,"{'12': 1, '5': 1, '4': 1}","Step 1: Find greatest common divisor (GCD) of 72 and 90.
Step 2: Divide both dimensions by GCD to find max side length for squares that fit without cutting any.",SVAMP,LAMA-3.2-3B
126,guided,126,"It is harvest season in the country. Lewis, whose family owns a fruit farm, is busy overseeing their farmers while they are harvesting the fruits. His day starts by going to the apple orchard. The farmers reported that they harvest 45 sacks of apples from each of the 8 sections of the orchard daily How many apples are harvested every day?",360,Multiplication,360,True,majority,0.8,4,5,0.8,1,False,,"{'360': 4, '51': 1}","Step 1: Sacks per section * Sections = Apples per day
Step 2: Apples per day = 45 * 8 =
Step 3: Apples per day = 360",SVAMP,LAMA-3.2-3B
127,guided,127,"By coincidence, Monica's Obedience School trained the same number of dogs and cats last week. The school teaches dogs in groups of 18 and cats in groups of 3 What is the smallest number of cats the school could have had?",18,Multi-step,648,False,majority,0.4,0,5,0.0,3,False,,"{'1034': 1, '648': 2, '972': 1, '72': 1}","Step 1: Find LCM (Least Common Multiple) of 18 and 3.
Step 2: Multiply LCM by minimum possible value for each group size to get min total animals.",SVAMP,LAMA-3.2-3B
128,guided,128,Each side of a square piece of sheet metal is 7 meters long What is the sheet metal's perimeter?,28,Multi-step,7,False,majority,0.75,0,4,0.0,1,False,,"{'56': 1, '7': 3}","Step 1: Length + Length = Perimeter
Step 2: 7 + 7 =
Step 3: 14 * 4 =",SVAMP,LAMA-3.2-3B
129,guided,129,"Antonieta wants to ride the Ferris wheel, the roller coaster, and the log ride. The Ferris wheel costs 6 tickets, the roller coaster costs 5 tickets and the log ride costs 7 tickets. Antonieta has 2 tickets How many more tickets should Antonieta buy?",16,Subtraction,12,False,majority,0.6,1,5,0.2,2,False,,"{'16': 1, '12': 3, '10': 1}","Step 1: Roller Coaster + Log Ride = 5 + 7 =
Step 2: Total Cost for Both Rides = 12
Step 3: Tickets Needed for All Three Attractions = 12 + 6 (Ferris Wheel)",SVAMP,LAMA-3.2-3B
130,guided,130,Haley's favorite band was holding a concert where tickets were four dollars each. Haley bought three tickets for herself and her friends and five extra tickets in case anyone else wanted to go How much did she spend?,32,Multiplication,52,False,coin_flip,0.3333,2,6,0.3333,4,True,False,"{'8': 1, '52': 2, '32': 2, '36': 1}","Step 1: Cost per ticket x Number of initial tickets purchased = $4 * 8
Step 2: Additional cost for extra tickets = $4 * 5
Step 3: Total spent = Initial purchase + Extra purchases",SVAMP,LAMA-3.2-3B
131,guided,131,"Bianca had 45 coloring books. If she gave away 6 of them, but then bought 20 more, how many would she have total?",59,Multi-step,45,False,majority,0.6,0,5,0.0,2,False,,"{'45': 3, '65': 1, '39': 1}","Step 1: Initial amount + Bought = Had initially
Step 2: Had initially - Given away =?",SVAMP,LAMA-3.2-3B
132,guided,132,Janet has nine oranges and Sharon has seven oranges How many oranges do Janet and Sharon have together?,16,Addition,16,True,majority,0.8,4,5,0.8,1,False,,"{'16': 4, '9': 1}","Step 1: Janet's + Sharon's =
Step 2: 9 + 7 =
Step 3: 16 =?",SVAMP,LAMA-3.2-3B
133,guided,133,The fraction whose numerator is 3 and the denominator is 1 more than twice the numerator Find the fraction.,3,Multi-step,3,True,majority,0.8,4,5,0.8,1,False,,"{'3': 4, '7': 1}","Step 1: Denominator = 2 * Numerator + 1 = 2 * 3 + 1 = 7
Step 2: Fraction = Numerator / Denominator = 3 / 7",SVAMP,LAMA-3.2-3B
134,guided,134,Emily was playing a trivia game. In the first round she scored 16 points and in the second round she scored 33 points. In the last round she lost 48 points How many points did she have at the end of the game?,1,Multi-step,1,True,majority,0.6,3,5,0.6,2,False,,"{'1': 3, '49': 2}","Step 1: Round 1 + Round 2 = Initial score
Step 2: Initial score - Loss = Final score
Step 3: (16 + 33) - 48 =?",SVAMP,LAMA-3.2-3B
135,guided,135,Charles found 6 pennies on his way to school. He also had 3 nickels already at home How much money does he now have in all?,21,Addition,0.21.,False,majority,0.4,0,5,0.0,3,False,,"{'0.21.': 2, '0.6': 1, '1': 1, '0.24': 1}","Step 1: Pennies + Nickels = $0.01 * 6 + $0.05 * 3 =
Step 2: Combine like terms ($0.06 + $0.15) =
Step 3: Add more values if necessary (none).",SVAMP,LAMA-3.2-3B
136,guided,136,"The mini library also has a section for the classics. If Jack has a collection of 6 classic authors, with each author having 33 books, how many books does he have in the classics section?",198,Multiplication,198,True,majority,0.75,3,4,0.75,1,False,,"{'180': 1, '198': 3}","Step 1: Number of authors * Books per author = Total books
Step 2: 6 * 33 =?",SVAMP,LAMA-3.2-3B
137,guided,137,Mrs. Hilt owns a house on a lot shaped like a rectangle. The width is twice its length. The perimeter of the lot is 60 feet What is the length and the width of the lot?,10,Multi-step,10,True,coin_flip,0.3333,2,6,0.3333,4,True,False,"{'40': 1, '10': 2, '20': 2, '15': 1}","Step 1: Let's denote length as L and width as W. Since it's given that ""the width is twice its length"", we can express this relationship as an equation:
W = 2L

Step 2: We know that for any rectangle, Perimeter (P) equals twice the sum of its sides (length + width). Therefore,
P = 2(L + W)

Since P = 60, substitute W from step one into the formula in step two:
60 = 2(L + 2L)
Simplify further by combining like terms inside parentheses:
60 = 2(3L)
Divide both sides by 2 to isolate 3L:
30 = 3L

Step 3: Divide both sides of the equation by 3 to find L:
L = 10

Now that we have found L, use it to calculate W:
W = 2 * 10
W = 20",SVAMP,LAMA-3.2-3B
138,guided,138,Bobby has 142 books. Kristi has 78 books What's the difference of the number of Bobby's books and Kristi's books?,64,Subtraction,64,True,refiner_tiebreak,0.5,3,6,0.5,3,True,True,"{'64': 3, '32': 1, '62': 2}","Step 1: Bobby's books - Kristi's books = 142 - 78
Step 2: Simplify subtraction to get the result.",SVAMP,LAMA-3.2-3B
139,guided,139,Joe's Bath Shop sells bars of soap in boxes of 5 bars and bottles of soap in boxes of 19 bottles. An employee is surprised to discover that the shop sold the same number of bars and bottles last week What is the smallest number of each type of soap that the shop could have sold?,95,Multi-step,24,False,coin_flip,0.2,0,5,0.0,4,True,False,"{'24': 1, '19': 1, '3.8': 1, '0': 1, '38': 1}","Step 1: Let's assume x as the number of boxes of soaps sold.
Since there were equal amounts of both types, we can set up an equation based on this information:
5x = 19x (since for every box of bar soap, one was also bought)

However, since you cannot buy half a box, let's try another approach:

Step 2: Find the least common multiple (LCM) between 5 and 19 which would give us whole numbers when divided into groups of those sizes.
The LCM of 5 and 19 is 95.

Step 3: Divide the LCM by each quantity per package to find possible sales figures:
Bars: 95 / 5 = 19
Bottles: 95 / 19 = 5",SVAMP,LAMA-3.2-3B
140,guided,140,Students from Flora Middle School were asked to participate in the event. They planted 47 apple trees and 27 orange trees in the forest near their school How many trees in total did the students plant?,74,Addition,74,True,majority,1.0,5,5,1.0,0,False,,{'74': 5},"Step 1: Apple trees + Orange trees = 
Step 2: 47 + 27 =
Step 3: 74",SVAMP,LAMA-3.2-3B
141,guided,141,The third graders are having a fair. They have 90 tickets to sell. They sold 38 tickets the first week and 17 tickets the second week How many tickets do they have left to sell?,35,Multi-step,52,False,majority,0.6,1,5,0.2,2,False,,"{'52': 3, '90': 1, '35': 1}","Step 1: Initial tickets - Tickets sold in Week 1 = 90 - 38 =
Step 2: Result from step 1 - Tickets sold in Week 2 = (90 - 38) - 17 =
Step 3: Final subtraction = 52 - 17 =",SVAMP,LAMA-3.2-3B
142,guided,142,"Lizzie lives in a very big and polluted city. Being an advocate for the environment, she organized a cleanup drive to help reduce the pollution. They started by cleaning the rivers that flow through and around the city. If her group was able to collect 387 pounds of garbage and another group gathered 39 pounds less than Lizzie's group, how much garbage were the two groups able to gather?",735,Addition,-348,False,majority,0.8,0,5,0.0,1,False,,"{'-348': 4, '-426': 1}","Step 1: Second group's collection - First group's collection = 39 - 387 =? 
Step 2: Total collection = First group's collection + Second group's collection = 387 + (-338)",SVAMP,LAMA-3.2-3B
143,guided,143,"George was comparing the points the Bulls scored for different games. He recorded: 81, 73, 83, 86 and 73 What is the mean of the points scored?",79.2,Multi-step,154,False,majority,0.6,1,5,0.2,2,False,,"{'154': 3, '72.4': 1, '79.2': 1}","Step 1: Add all scores together = 81 + 73 + 83 + 86 + 73 =
Step 2: Divide by total count of games played (5) =? / 5",SVAMP,LAMA-3.2-3B
144,guided,144,"Some deer families are also moving out to avoid the shortage of grass that will result from occasional blizzards. If there are 79 deer families in the area and around 45 of them stayed, how many deer families moved out?",34,Subtraction,34,True,majority,1.0,5,5,1.0,0,False,,{'34': 5},"Step 1: Initial - Remaining = Total moved
Step 2: 79 - 45 =
Step 3: 34",SVAMP,LAMA-3.2-3B
145,guided,145,"Luke had 48 dollars in January. By March he had spent 11 dollars. If he got another 21 dollars from his mom, how much money would he have?",58,Multi-step,69,False,majority,0.6,2,5,0.4,2,False,,"{'69': 3, '58': 2}","Step 1: Initial amount + Money received = 48 + 21 =
Step 2: Subtracting expenses = (48 + 21) - 11 =?",SVAMP,LAMA-3.2-3B
146,guided,146,"Shiela was into history of Asia. She can read 11 pages per hour of the book entitled ""Asia's History Made Easy"". If the encyclopedia has 143 pages, how many hours did it take Shiela to finish reading the book?",13,Division,13,True,majority,0.6,3,5,0.6,2,False,,"{'143': 1, '13': 3, '13.090909...': 1}","Step 1: Total time = Total pages / Pages per hour
Step 2: Time taken = Encyclopedia length / Reading speed
Step 3: Time taken = 143 / 11",SVAMP,LAMA-3.2-3B
147,guided,147,Misha has 34 dollars How many dollars does she have to earn to have 47 dollars to buy a dog?,13,Subtraction,13,True,refiner_tiebreak,0.5,3,6,0.5,3,True,True,"{'47': 2, '0': 1, '13': 3}","Step 1: Current amount + Amount still needed = Total cost of the item (47)
Step 2: 34 +? = 47
Step 3:? = 47 - 34",SVAMP,LAMA-3.2-3B
148,guided,148,"In a game you start with 2 lives. If you got 6 extra lives in the first level and 11 more in the second, how many lives would you have?",19,Multi-step,19,True,majority,0.6,3,5,0.6,2,False,,"{'19': 3, '8': 1, '2': 1}","Step 1: Initial lives + Lives gained in the first level = 2 + 6 =
Step 2: Previous total + Lives gained in the second level = 8 + 11 =",SVAMP,LAMA-3.2-3B
149,guided,149,"At lunch a waiter had 10 customers and 5 of them didn't leave a tip. If he got $3 each from the ones who did tip, how much money did he earn?",15,Multiplication,81,False,coin_flip,0.25,1,4,0.25,3,True,False,"{'81': 1, '5': 1, '15': 1, '75': 1}","Step 1: Tips given = Number of tipped customers * Tip per customer
Step 2: Tips earned = Tips given * Amount per tip
Step 3: Total earnings = Tips earned",SVAMP,LAMA-3.2-3B
150,guided,150,A company donates 935 pencils to a school. The pencils are divided evenly among 9 classrooms. The rest of the pencils are given to the library How many pencils were donated to the library?,8,Multi-step,0,False,majority,0.6,0,5,0.0,2,False,,"{'0': 3, '832.78': 1, '35': 1}","Step 1: Total - Donated = Remaining
Step 2: Remaining / Classrooms = Pencils per classroom
Step 3: (Total - Donated) - Pencils per classroom * Classrooms = Pencils in libraries",SVAMP,LAMA-3.2-3B
151,guided,151,Kira has $1.20 in quarters and dimes. She has minimized coins altogether How many coins does she have?,6,Addition,4,False,majority,0.4,0,5,0.0,3,False,,"{'10': 1, '4': 2, '20': 1, '1': 1}","Step 1: Value of one quarter = $0.25
Value of one dime = $0.10
Since there's no information about how much money she made from selling items, we'll assume it's equal to what she started with ($1.20).
Step 2: Quarters + Dimes = Total amount / Value per coin
Let x be the number of quarters and y be the number of dimes.
$1.20 = (x * $0.25) + (y * $0.10)
Step 3: Solve for x and y using substitution method or elimination method. However, since this would require additional calculations beyond the initial request, let's simplify our approach:
We know that each quarter contributes more value than a dime. To minimize the total count of coins while reaching $1.20, all her money must come from quarters because if any part came from dimes, she'd need at least two dimes ($0.20). Therefore,
Step 4: Since every dollar equals ten units of twenty-five cents, divide $1.20 by $0.25 to find out how many quarters she has.
($1.20 ÷ $0.25) = 4 quarters",SVAMP,LAMA-3.2-3B
152,guided,152,Jerry owned seven video games. For his birthday he got two more How many games did Jerry have total?,9,Addition,9,True,majority,0.6,3,5,0.6,2,False,,"{'9': 3, '5': 1, '7': 1}","Step 1: Initial amount + New amount = Old amount + 2
Step 2: 7 + 2",SVAMP,LAMA-3.2-3B
153,guided,153,"Billy was making ice using ice trays. Each tray held nine ice cubes. If he had eight trays, how many cubes could he make?",72,Multiplication,72,True,majority,1.0,5,5,1.0,0,False,,{'72': 5},"Step 1: Trays * Cubes per tray = 8 * 9 =
Step 2: = 72",SVAMP,LAMA-3.2-3B
154,guided,154,A radio station is having a promotion in which every 12th caller receives a free concert ticket and every 15th caller receives a limo ride Which caller will be the first one to win both?,The 60th caller.,Multi-step,60,False,majority,0.5,0,4,0.0,2,False,,"{'60': 2, '11': 1, '67': 1}","Step 1: Find LCM (Least Common Multiple) of 12 and 15.
Step 2: Calculate LCM(12, 15).
Step 3: Determine who that person would be.",SVAMP,LAMA-3.2-3B
155,guided,155,"While playing a trivia game, Adam answered five questions correct in the first half and five questions correct in the second half. If each question was worth five points, what was his final score?",50,Multiplication,25,False,majority,0.4,1,5,0.2,3,False,,"{'25': 2, '12.5': 1, '50': 1, '5': 1}","Step 1: Correct answers per half * Points per question = Corrects in both halves
Step 2: 5 * 5 = 25
Step 3: Total corrects from both halves + Remaining incorrects (if any) = Not applicable since no info about incorrects.",SVAMP,LAMA-3.2-3B
156,guided,156,Mindy's toothbrush is 17 centimeters long. Cesar's toothbrush is 1 centimeter longer than Mindy's Whose toothbrush is longer?,Cesar's toothbrush,Subtraction,1,False,majority,0.8,0,5,0.0,1,False,,"{'1': 4, '0': 1}","Step 1: Length of Cesar's toothbrush - Length of Mindy's toothbrush =? 
Step 2: Length of Cesar's toothbrush - Length of Mindy's toothbrush = 18 - 17",SVAMP,LAMA-3.2-3B
157,guided,157,A waiter had nineteen customers. After some left he still had four customers What's the difference between the number of customers before leaving and after leaving?,15,Subtraction,15,True,refiner_tiebreak,0.5,3,6,0.5,3,True,True,"{'15': 3, '11': 2, '19': 1}","Step 1: Initial - Remaining = 19 - 4 =
Step 2: Subtract 4 from 19.",SVAMP,LAMA-3.2-3B
158,guided,158,An island in the Atlantic Ocean was 2 miles wide and 6 miles long What is the area of the island?,12,Multi-step,12,True,majority,0.6,3,5,0.6,2,False,,"{'24': 2, '12': 3}","Step 1: Length * Width =
Step 2: 6 * 2 =
Step 3: Result =?",SVAMP,LAMA-3.2-3B
159,guided,159,Each side of a square kitchen tile is 7 inches long What is the tile's area?,49,Multi-step,49,True,majority,1.0,5,5,1.0,0,False,,{'49': 5},"Step 1: Length * Width = Area
Step 2: 7 * 7 =
Step 3: = 49",SVAMP,LAMA-3.2-3B
160,guided,160,Billy bought 7 boxes of candy with each box having 3 pieces inside of it How many pieces of candy did he have totaled?,21,Multiplication,21,True,majority,1.0,5,5,1.0,0,False,,{'21': 5},"Step 1: Boxes * Pieces per box = Total candies
Step 2: 7 * 3 =?",SVAMP,LAMA-3.2-3B
161,guided,161,Mike owned sixty-four baseball cards. For his birthday he got eighteen more How many cards does Mike have total?,82,Addition,64,False,coin_flip,0.3333,1,6,0.1667,4,True,True,"{'64': 2, '166': 2, '148': 1, '82': 1}","Step 1: Initial amount + New amount = Old amount + 18 = 64 + 18 =
Step 2: Combine constants = 82 =
Step 3: Final calculation not required (already calculated in previous step)",SVAMP,LAMA-3.2-3B
162,guided,162,The book fair sold four posters. Now they have two posters left How many posters did they have to begin with?,6,Addition,6,True,majority,0.6,3,5,0.6,2,False,,"{'6': 3, '2': 1, '0': 1}","Step 1: Initial amount + Remaining amount = Total initial amount
Step 2: 4 + 2 =
Step 3: 6",SVAMP,LAMA-3.2-3B
163,guided,163,"Susie and her family woke up early on the first weekend of spring. They had a long list of activities for spring cleaning. Susie's mom prepared 74 carrot sticks for breakfast. If the carrots were served equally to 12 people, how many carrot sticks were left uneaten?",2,Multi-step,74,False,majority,0.6,1,5,0.2,2,False,,"{'74': 3, '2': 1, '62': 1}","Step 1: Total prepared - Number of people = 74 - 12 =
Step 2: Remaining = 62",SVAMP,LAMA-3.2-3B
164,guided,164,"Scott and Sam decided to sell their old comic books. They had 90 comic books altogether. After the sale, they only had 25 comic books How many comic books did Scott and Sam sell?",65,Subtraction,65,True,majority,0.8,4,5,0.8,1,False,,"{'65': 4, '32.5': 1}","Step 1: Initial amount - Final amount = 90 - 25 =
Step 2: = 65",SVAMP,LAMA-3.2-3B
165,guided,165,"The Central City Zoo has 45 chimpanzees. Every day the chimps eat a total of 72 bananas. Next week, the zoo is moving 18 chimps to a new cage How many chimps will stay in the old cage?",27,Subtraction,45,False,majority,0.6,0,5,0.0,2,False,,"{'9': 2, '45': 3}","Step 1: Initial chimp count - New chimp transfer = Old chimp count
Step 2: Subtract transferred chimps from initial count
Step 3: Resulting count",SVAMP,LAMA-3.2-3B
166,guided,166,"Feeling good about what he did, Mr. Anderson decided to continue giving to others. He went around the city and gave clothes to homeless people. If he gave 589 shirts and 345 trousers, how many pieces of clothing did he gave out in total?",934,Addition,934,True,majority,0.4,2,5,0.4,3,False,,"{'884': 1, '204765': 1, '934': 2, '1229': 1}","Step 1: Shirts + Trousers = 
Step 2: 589 + 345 =
Step 3: Total given = 934",SVAMP,LAMA-3.2-3B
167,guided,167,Benny sold half of his comic books and then bought 6 more. He now has 17 How many did he begin with ?,22,Multi-step,17,False,refiner_tiebreak,0.5,2,6,0.3333,3,True,False,"{'11': 1, '17': 3, '22': 2}","Step 1: Let's represent what we know as variables.
Let x be the initial amount of comics.

Step 2: Since he sold half, that means he had (x / 2) left after selling some.
Then, he bought 6 more, so now he has ((x / 2) + 6).

Step 3: We're told this equals 17, so set up an equation:
(x / 2) + 6 = 17",SVAMP,LAMA-3.2-3B
168,guided,168,Mrs. Sheridan has 22 fish. Her sister gave her 47 more fish How many fish does she have now?,69,Addition,69,True,majority,1.0,5,5,1.0,0,False,,{'69': 5},"Step 1: Initial amount + New amount = Total
Step 2: 22 + 47 =
Step 3: 69",SVAMP,LAMA-3.2-3B
169,guided,169,"Mary sold 9 boxes of Do-Si-Dos How many cases of 6 boxes, plus extra boxes does Mary need to deliver?",2,Division,72,False,coin_flip,0.1667,0,6,0.0,5,True,False,"{'72': 1, '104': 1, '0': 1, '12': 1, '16': 1, '4': 1}","Step 1: Total boxes needed - Boxes already delivered = Cases + Extra boxes
Step 2: (Cases * Number in each case) + Extra boxes
Step 3: Calculation for total additional boxes required",SVAMP,LAMA-3.2-3B
170,guided,170,Sam put 86 pretzels in a bowl for the party. His friends ate 49 of them. Sam put in 27 more pretzels How many pretzels were in the bowl then?,64,Multi-step,27,False,majority,0.4,1,5,0.2,3,False,,"{'27': 2, '64': 1, '91': 1, '86': 1}","Step 1: Initial amount + Additional amount = Total initial amount
Step 2: Total initial amount - Amount eaten = Remaining amount
Step 3: Remaining amount + New addition = Final amount",SVAMP,LAMA-3.2-3B
171,guided,171,"Mrs. Hilt has two pennies, two dimes, and two nickels. Jacob has four pennies, one nickel, and one dime Who has more money?",Mrs. Hilt,Subtraction,0.32,False,coin_flip,0.3333,0,6,0.0,4,True,False,"{'0.32': 2, '4': 1, '0': 2, '0.02': 1}","Step 1: Value of Mrs.'s coins = (2 x $0.01) + (2 x $0.10) + (2 x $0.05)
Step 2: Value of Jake's coins = ($0.04) + ($0.05) + ($0.10)
Step 3: Compare values to determine who has more.",SVAMP,LAMA-3.2-3B
172,guided,172,"Alicia loves collecting art. She has a whole house filled with all the art she obtained since she was a little kid. When she decided to move away, she started donating some of her art to different museums. First museum she went to was the Metropolitan museum in New York. She donated 46 medieval art pieces from the 70 she originally has How many medieval art pieces were left with her?",24,Subtraction,24,True,majority,0.6,3,5,0.6,2,False,,"{'70': 2, '24': 3}","Step 1: Original amount - Donated amount = Remaining amount
Step 2: 70 - 46 =?",SVAMP,LAMA-3.2-3B
173,guided,173,"Their next destination is Lake Erie. Still in a contest, Hazel caught 48 different fishes while her father caught 46 How many fishes did they catch in Lake Erie?",94,Addition,94,True,majority,1.0,5,5,1.0,0,False,,{'94': 5},"Step 1: Hazel's catches + Father's catches = Total catches
Step 2: 48 + 46 =
Step 3: 94",SVAMP,LAMA-3.2-3B
174,guided,174,There are 95 pretzels in a bowl. John ate 28 pretzels. Alan ate 9 fewer pretzels than John. Marcus ate 12 more pretzels than John How many pretzels did Marcus eat?,40,Addition,123,False,majority,0.6,0,5,0.0,2,False,,"{'123': 3, '95': 2}","Step 1: John's amount eaten + Remaining initial amount = Initial total
         28 + 95 =?

Step 2: Subtract to find out how much was left for others
         ? - 95 =?

Step 3: Since we know that Marcus ate 12 more than what was left after John's share,
        We need to calculate the difference between his share and John's share first.
          (Unknown) - 28 =?

Note: The exact values of unknown quantities should be used throughout all the steps. However, since there's only one unknown value here which is ""(Unknown)"", I'll represent it as ""?"" for clarity. If you want me to perform calculations instead, please let me know!",SVAMP,LAMA-3.2-3B
175,guided,175,"After agreeing that the school menu needs to be changed, they had a vote for food suggestions. If 337 voted to add more veggies to the menu and 335 voted to add more meat, how many students voted?",672,Addition,672,True,majority,1.0,5,5,1.0,0,False,,{'672': 5},"Step 1: Veggies + Meat = Total votes given
Step 2: Total votes given = Veggies + Meat
Step 3: Total votes given = 337 + 335",SVAMP,LAMA-3.2-3B
176,guided,176,There are 40 boys and some girls on the playground. There are 117 children altogether How many girls are on the playground?,77,Subtraction,77,True,majority,0.8,4,5,0.8,1,False,,"{'77': 4, '40': 1}","Step 1: Total - Boys = Girls
Step 2: 117 - 40 =?",SVAMP,LAMA-3.2-3B
177,guided,177,"After paying $2.30 for a drink, Bryon has $17.15 How much money did he have before buying the drink?",19.45,Addition,19.45,True,coin_flip,0.1667,1,6,0.1667,5,True,False,"{'19.45': 1, '9': 1, '2.3': 1, '17.15': 1, '0': 1, '-2.3': 1}","Step 1: Initial amount + Cost = New balance
Step 2: $17.15 + $2.30 =
Step 3: $19.45",SVAMP,LAMA-3.2-3B
178,guided,178,A florist needed to use 2 pounds of fertilizer for 9 days and then on the final day use the normal amount plus another 4 pounds How many pounds of fertilizer will she use all together?,22,Addition,20,False,coin_flip,0.2,1,5,0.2,4,True,False,"{'20': 1, '24': 1, '22': 1, '80': 1, '18': 1}","Step 1: Normal daily usage * Total days + Additional amount = (2 lbs/day) * 8 days + 4 lbs
Step 2: Calculate product from step 1
Step 3: Add extra amount to calculate total usage",SVAMP,LAMA-3.2-3B
179,guided,179,"A family is preparing backpacks filled with school supplies to donate to children in need. They have 9 pencils and 15 notebooks. If they want to make all the backpacks the same, with no school supplies left over, what is the greatest number of backpacks they can fill?",3,Multi-step,3,True,majority,1.0,5,5,1.0,0,False,,{'3': 5},"Step 1: Find GCD (Greatest Common Divisor) of given quantities.
Step 2: Divide both quantities by GCD.
Step 3: Minimum value obtained from division =?",SVAMP,LAMA-3.2-3B
180,guided,180,A movie theater sold 9 child tickets. The other 41 tickets it sold were adult tickets What is the ratio of the number of child tickets to the number of adult tickets?,9,Multi-step,9,True,refiner_tiebreak,0.5,3,6,0.5,3,True,True,"{'0.2205': 1, '9': 3, '0.2198': 2}","Step 1: Child / Adult = 9 / 41
Step 2: Simplify if possible (not required in this case)",SVAMP,LAMA-3.2-3B
181,guided,181,"A car salesman sold 8 on Monday, 3 on Tuesday, 10 on Wednesday, 4 on Thursday, 4 on Friday and 4 on Saturday What is the mean of the number of cars he sold?",5.5,Multi-step,5.5,True,majority,0.8,4,5,0.8,1,False,,"{'5.5': 4, '5': 1}","Step 1: Add all sales per day = 8 + 3 + 10 + 4 + 4 + 4 =
Step 2: Divide total by number of days = (8 + 3 + 10 + 4 + 4 + 4) / 6",SVAMP,LAMA-3.2-3B
182,guided,182,"Jordon has a different kind of number machine. Her machine doubles the number and adds 3 more. So when Jordon put in 25, the number 53 came out of the machine. Jordon put in the number 16 What number do you think came out of her machine?",35,Addition,35,True,majority,0.6,3,5,0.6,2,False,,"{'35': 3, '16': 1, '32': 1}","Step 1: Initial input * 2 = 16 * 2 = 32
Step 2: 32 + 3 =?",SVAMP,LAMA-3.2-3B
183,guided,183,"A baker has a pan of fudge that measures 18 inches on one side and 29 inches on another side. If the fudge is cut into square pieces 1 inch on each side, how many pieces of fudge does the pan hold?",522,Multiplication,522,True,majority,1.0,4,4,1.0,0,False,,{'522': 4},"Step 1: Area of rectangle (length x width) = 18 * 29 =
Step 2: Divide area by size per piece (side^2), so divide by 1^2 = 18 * 29 / 1 =?",SVAMP,LAMA-3.2-3B
184,guided,184,"A store has thirty-five shirts. If they sold thirty of them, how many shirts would they have?",5,Subtraction,35,False,majority,0.6,2,5,0.4,2,False,,"{'5': 2, '35': 3}","Step 1: Initial amount - Sold items = Remaining items
Step 2: 35 - 30 =?",SVAMP,LAMA-3.2-3B
185,guided,185,The Greene family went to the amusement park. They spent $45 on admission tickets. They spent $13 less than that on food How much did the Greene family spend in all?,77,Addition,32,False,majority,0.6,0,5,0.0,2,False,,"{'58': 1, '45': 1, '32': 3}","Step 1: Admission cost - Cost of food = $45 - $13 =
Step 2: Total expenses = $45 + $13 =",SVAMP,LAMA-3.2-3B
186,guided,186,Paige used three of her pencils. Now she has ninety-one pencils How many pencils did Paige have to begin with?,94,Addition,88,False,majority,0.4,0,5,0.0,3,False,,"{'92': 1, '88': 2, '93': 1, '100': 1}","Step 1: Initial amount + Used = Total remaining
Step 2: 91 + Unknown - 3 =
Step 3: Unknown + 3 = 94",SVAMP,LAMA-3.2-3B
187,guided,187,"A video uploaded had 18 'up votes'. If the ratio of 'up votes' to 'down votes' was 9:2, how many 'down votes' did the video get?",4,Multi-step,11,False,coin_flip,0.3333,2,6,0.3333,4,True,False,"{'11': 2, '22': 1, '4': 2, '18': 1}","Step 1: Total parts in ratio = 9 + 2 = 11
Step 2: Value of one part = 18 / 9 = 2
Step 3: Down votes = 2 * 2 =?",SVAMP,LAMA-3.2-3B
188,guided,188,The teacher gave 42 pencils to 12 students equally How many pencils did each student get?,3,Division,3.5,False,majority,0.6,0,5,0.0,2,False,,"{'3.5': 3, '42': 2}","Step 1: Total given / Number of students = Pencils per student
Step 2: 42 ÷ 12 =
Step 3: 42 ÷ 12 = 3.5",SVAMP,LAMA-3.2-3B
189,guided,189,"If each bus have nine rows of seats and each row of seats can accommodate 4 children, how many children can each bus accommodate?",36,Multiplication,36,True,majority,0.8,4,5,0.8,1,False,,"{'36': 4, '9': 1}","Step 1: Rows * Seats per row = Total capacity
Step 2: 9 * 4 =?",SVAMP,LAMA-3.2-3B
190,guided,190,"While comparing the other robots that they have, Tom and Michael talked about Bob who has a large collection of car robots. If Tom and Michael have 9 car robots and Bob has 9 times more than that, how many car robots does Bob have in total?",81,Multiplication,81,True,refiner_tiebreak,0.5,3,6,0.5,3,True,True,"{'90': 2, '81': 3, '9': 1}","Step 1: Times = 9 * 9 =?
Step 2: Total = 9 +?",SVAMP,LAMA-3.2-3B
191,guided,191,"Paige sent out fifteen birthday party invitations. If nine people showed up, how many people didn't come?",6,Subtraction,6,True,majority,1.0,5,5,1.0,0,False,,{'6': 5},"Step 1: Total invited - Guests who came = 15 - 9 =
Step 2: Result = 15 - 9",SVAMP,LAMA-3.2-3B
192,guided,192,Two number are in the ratio 3:4. sum of two numbers is equal to 56 Find the numbers.,24,Multi-step,56,False,majority,0.4,0,5,0.0,3,False,,"{'56': 2, '96': 1, '32': 1, '48': 1}","Step 1: Let's represent the two unknowns as variables based on their ratio parts.
Let x be 3n and y be 4n (where n is some constant).

Step 2: Set up an equation for the given information that the sum equals 56:
x + y = 56

Step 3: Substitute expressions from step 1 into the equation:
3n + 4n = 56",SVAMP,LAMA-3.2-3B
193,guided,193,"Frank had forty-two pieces of candy. If he put them into bags with seven pieces in each bag, how many bags would he have?",6,Division,5.8571,False,coin_flip,0.3333,2,6,0.3333,4,True,False,"{'5.8571': 2, '5': 1, '6': 2, '42': 1}","Step 1: Candy per bag = Total candies / Number of candies per bag = 42 ÷ 7 =
Step 2: Bags = 42 ÷ 7 =
Step 3: Result = 6",SVAMP,LAMA-3.2-3B
194,guided,194,"At a restaurant the ratio of kids meals sold to adult meals sold was 10:7. If there were 70 kids meals sold, how many adult meals were sold?",49,Multi-step,49,True,majority,0.6,3,5,0.6,2,False,,"{'49': 3, '17': 1, '35': 1}","Step 1: Parts in total = 10 + 7 = 17
Step 2: Fraction for kids' meals = 10 / 17
Step 3: Adult meals = (7/10) * Total sales",SVAMP,LAMA-3.2-3B
195,guided,195,A chef had forty-six apples. After making some pies he had fourteen left How many apples did he use?,32,Subtraction,32,True,majority,0.8,4,5,0.8,1,False,,"{'32': 4, '46': 1}","Step 1: Total initial apples - Remaining apples = Initial amount used
Step 2: 46 - 14 =?",SVAMP,LAMA-3.2-3B
196,guided,196,"After the aviary was the zoo's swamp area. Penny counted a total of 55 tree frogs, 10 poison frogs and 13 wood frogs How many frogs was Penny able to count?",78,Addition,68,False,coin_flip,0.1667,1,6,0.1667,5,True,False,"{'68': 1, '10': 1, '78': 1, '65': 1, '23': 1, '88': 1}","Step 1: Tree + Poison = Total
Step 2: Total + Wood = All
Step 3: All -? (not specified what ""All"" equals)",SVAMP,LAMA-3.2-3B
197,guided,197,"Michelle also noticed that she was able to save a few $50 dollar bills. If she has a total of 7 pieces of $50 dollar bills, what is the total value of all her $50 bills combined?",350,Multiplication,350,True,majority,0.8,4,5,0.8,1,False,,"{'350': 4, '50': 1}","Step 1: Number of dollars per bill * Total number of bills = Value per bill * Quantity
Step 2: Multiply the results from step 1.
Step 3: Result = ($50) * (7)",SVAMP,LAMA-3.2-3B
198,guided,198,"After recess, Buddy changed clothes for gym class. Down at the gym, all the students were divided into two groups. If one group has 34 members and the other has 37, how many students are in Buddy's gym class?",71,Addition,71,True,majority,0.8,4,5,0.8,1,False,,"{'71': 4, '34': 1}","Step 1: Group 1 + Group 2 =
Step 2: Total = 34 + 37",SVAMP,LAMA-3.2-3B
199,guided,199,"For homework, a student had to complete 15 problems total. If she finished 6 problems in class, what is the ratio of problems she still needs to complete to problems that she's already finished?",3,Multi-step,15,False,majority,0.6,0,5,0.0,2,False,,"{'15': 3, '0.5': 1, '50': 1}","Step 1: Total - Completed = Remaining
Step 2: Remaining / Completed = 9 / 6",SVAMP,LAMA-3.2-3B
200,guided,200,The sum of three consecutive numbers is 90 What is the smallest of the three numbers ?,29,Multi-step,30,False,majority,0.4,1,5,0.2,3,False,,"{'30': 2, '29.33': 1, '29': 1, '22.5': 1}","Step 1: Let's represent the middle number as x. Then, since they are consecutive, we can express the other two numbers in terms of x: x-1 and x+1.
Step 2: Set up an equation based on this information to find x: (x) + (x-1) + (x+1) = 90
Step 3: Combine like terms: 3x = 90",SVAMP,LAMA-3.2-3B
201,guided,201,"The first act included 5 clown mobiles, each stuffed with 28 clowns How many clowns are inside all the clown mobiles combined?",140,Multiplication,140,True,majority,1.0,5,5,1.0,0,False,,{'140': 5},"Step 1: Clowns per mobile * Number of mobiles = 28 * 5 =
Step 2: Total clowns = 140",SVAMP,LAMA-3.2-3B
202,guided,202,The Book Nook sold 27 computer books last week. The sold 15 more cook books than computer books How many cook books did the Book Nook sell?,42,Addition,42,True,majority,0.6,3,5,0.6,2,False,,"{'12': 1, '42': 3, '27': 1}","Step 1: Computer books + Additional information about difference in sales = Total books sold
Step 2: Difference between types of books = 15 (given)
Step 3: Compute total for one type of book using previous results",SVAMP,LAMA-3.2-3B
203,guided,203,"There were 44 laptops in the shop, and Mike divided them equally into 5 rows How many are left?",4,Multi-step,8.8,False,majority,0.4,1,5,0.2,3,False,,"{'11': 1, '8.8': 2, '4': 1, '10.8': 1}","Step 1: Total items / Number of groups = Laptops per group
Step 2: Remaining items = Total items % Number of groups
Step 3: Since it's an equal division, we can also calculate as follows:
Laptops per row * (Total rows + 1) - Total items",SVAMP,LAMA-3.2-3B
204,guided,204,"Oliver was yard sale shopping. He ended up buying 11 video games, but only 6 of them worked How many bad games did he buy?",5,Subtraction,5,True,majority,1.0,5,5,1.0,0,False,,{'5': 5},"Step 1: Total bought - Working games = Bought that don't work
Step 2: 11 - 6 =
Step 3: 5",SVAMP,LAMA-3.2-3B
205,guided,205,Johnny practiced for the track team and ran 3 laps per minute How many minutes did it take Johnny to run 10 laps?,3.333,Division,3.3333,False,refiner_tiebreak,0.3333,0,6,0.0,4,True,False,"{'4.44444.': 1, '3.3333': 2, '3333': 1, '200': 1, '3.33': 1}","Step 1: Laps / Rate = Time
Step 2: 10 / 3 =
Step 3: 10 ÷ 3",SVAMP,LAMA-3.2-3B
206,guided,206,"A chef served 3 different foods for a banquet: 25 plates lobster rolls, 14 plates of spicy hot noodles and 16 plates of seafood noodles How many plates of food did the chef make altogether?",55,Addition,55,True,majority,0.8,4,5,0.8,1,False,,"{'55': 4, '25': 1}","Step 1: Lobster rolls + Seafood noodles = 25 + 16 =
Step 2: Add Spicy hot noodles to that sum = 41 + 14 =",SVAMP,LAMA-3.2-3B
207,guided,207,"Kaleb had sixty-seven cherries. After eating some, he had forty-two left How many cherries did Kaleb eat?",25,Subtraction,25,True,majority,0.8,4,5,0.8,1,False,,"{'-17': 1, '25': 4}","Step 1: Initial amount - Remaining amount = 67 - 42
Step 2: Subtract to find out how much was eaten.",SVAMP,LAMA-3.2-3B
208,guided,208,35 people visited the Statue of Liberty in the morning. 56 more people visited in the afternoon than in the morning How many people visited the Statue of Liberty in the afternoon?,91,Addition,91,True,majority,0.8,4,5,0.8,1,False,,"{'91': 4, '56': 1}","Step 1: Morning visitors + Additional visitors = Total afternoon visitors
Step 2: 35 + 56 =
Step 3: = 91",SVAMP,LAMA-3.2-3B
209,guided,209,"The following month, the four friends met again to share their collections. Carl, having the most number of stamps among all of them decided to give away some of his collections. If he has 96 stamps during that month, and he gave away 48, how many stamps were left with him?",48,Subtraction,48,True,majority,1.0,5,5,1.0,0,False,,{'48': 5},"Step 1: Initial amount - Amount given away = Remaining amount
Step 2: 96 - 48 =
Step 3: = 48",SVAMP,LAMA-3.2-3B
210,guided,210,"Emily's mom was buying extra school supplies for Emily and her sister. She bought 13 packs of glue sticks total. If she gave Emily 6 packs, how many did her sister get?",7,Subtraction,7,True,majority,0.6,3,5,0.6,2,False,,"{'7': 3, '13': 2}","Step 1: Total - Given to Emily = Remaining for sister
Step 2: 13 - 6 =?",SVAMP,LAMA-3.2-3B
211,guided,211,"Dave had 10 video games but 2 of them weren't working. If he wanted to sell the working games for $4 each, how much money could he earn?",32,Multiplication,8,False,majority,0.8,0,5,0.0,1,False,,"{'4': 1, '8': 4}","Step 1: Non-working - Total = Broken games left
Step 2: Broken games * Price per game = Revenue potential
Step 3: Revenue potential / Number of games sold = Actual earnings",SVAMP,LAMA-3.2-3B
212,guided,212,She also found out that she has 10 pieces of $5 bills What is the total value of money does she have in $5 bills?,50,Multiplication,50,True,refiner_tiebreak,0.4,2,5,0.4,3,True,True,"{'10': 1, '20': 1, '130': 1, '50': 2}","Step 1: Counting individual bill values * Number of bills per type = Value per type * Quantity
Step 2: Summing up all types of bills = (Value per type * Quantity) +... 
(Note: Since there's only one type mentioned, this simplifies to just multiplying)
Step 3: Multiplying for simplicity since both quantities are equal = 5 * 10",SVAMP,LAMA-3.2-3B
213,guided,213,"Annie's mother has also been asked to be a part of the surprise. She was tasked to be in charge of drinks. She made 25 glasses of orange juice, 15 glasses of grape juice and 5 glasses of apple juice How many glasses of juice would there be?",45,Addition,45,True,majority,0.6,3,5,0.6,2,False,,"{'25': 1, '45': 3, '40': 1}","Step 1: Orange + Grape = Total juices made so far
Step 2: Add Apple to total
Step 3: Total juices made",SVAMP,LAMA-3.2-3B
214,guided,214,Zoe was unboxing some of her old winter clothes. She found eight boxes of clothing and inside each box there were four scarves and six mittens How many pieces of winter clothing did Zoe have total?,80,Multiplication,32,False,majority,0.6,1,5,0.2,2,False,,"{'32': 3, '640': 1, '80': 1}","Step 1: Scarves * Boxes = Scars per Box * Number of Boxes
Step 2: Mittens * Boxes = Mittens per Box * Number of Boxes
Step 3: (Scarf + Mitten) * Number of Boxes",SVAMP,LAMA-3.2-3B
215,guided,215,"In a school, there are 542 girls and 387 boys How many pupils are there in that school?",929,Addition,929,True,majority,0.6,3,5,0.6,2,False,,"{'929': 3, '542': 2}","Step 1: Girls + Boys =
Step 2: 542 + 387 =
Step 3: Total = 929",SVAMP,LAMA-3.2-3B
216,guided,216,"For the walls of the house, he would use 9 large planks of wood. If each plank of wood needs 8 pieces of nails to be secured, how many nails does John need for the house wall?",72,Multiplication,72,True,majority,1.0,5,5,1.0,0,False,,{'72': 5},"Step 1: Planks * Nails per plank = Total nails needed
Step 2: 9 * 8 =
Step 3: =?",SVAMP,LAMA-3.2-3B
217,guided,217,"A committee organizing a marathon has 16 jugs of water and 12 jugs of sports drink. The committee would like to set up a number of refreshment stations along the marathon course, with the same combination of jugs of water and jugs of sports drink at each station, with no beverages left over What is the greatest number of refreshment stations that can be set up?",4,Multi-step,3,False,coin_flip,0.4,2,5,0.4,3,True,False,"{'3': 2, '4': 2, '1': 1}","Step 1: Find GCD (Greatest Common Divisor) of 16 and 12.
Step 2: Divide both values by their GCD.
Step 3: Determine minimum value as result for each division.",SVAMP,LAMA-3.2-3B
218,guided,218,"Mrs. Hilt traveled 6, 760 miles to Japan. She read one book every 450 miles she traveled How many books had she finished when she got to Japan?",15,Division,15,True,majority,0.6,3,5,0.6,2,False,,"{'15': 3, '1': 1, '450': 1}","Step 1: Total distance / Miles per book = 6760 / 450 =
Step 2: Result of division =?",SVAMP,LAMA-3.2-3B
219,guided,219,"A video game had 35 levels in it. If you beat 5 of the levels, what is the ratio of levels left to the levels that have been beaten?",6,Multi-step,30,False,majority,0.6,1,5,0.2,2,False,,"{'6': 1, '35': 1, '30': 3}","Step 1: Total levels - Levels beaten = Remaining levels = 35 - 5 =?
Step 2: Ratio = Remaining / Beaten =? / 5",SVAMP,LAMA-3.2-3B
220,guided,220,At a school several teachers were holding a contest to see which class could earn the most trivia points. Mrs.William's class scored 50 points. Mr. Adams class earned 57 points. Mrs. Brown's class earned 49 and Mrs.Daniel's class earned 57 What is the mean of the number of points scored?,53.3,Multi-step,158,False,majority,0.4,0,5,0.0,3,False,,"{'53': 1, '99': 1, '158': 2, '156': 1}","Step 1: Add all scores together = 50 + 49 + 57 =?
Step 2: Divide by total classes = (50 + 49 + 57) / 3?",SVAMP,LAMA-3.2-3B
221,guided,221,"A gas station sold 2 boxes of chocolate candy, 5 boxes of sugar candy and 2 boxes of gum What is the total number of boxes they sold?",9,Addition,9,True,majority,0.8,4,5,0.8,1,False,,"{'9': 4, '7': 1}","Step 1: Chocolate + Sugar = 2 + 5 =
Step 2: Add Gum to previous result = 7 + 2 =",SVAMP,LAMA-3.2-3B
222,guided,222,"A number machine changes the value of the numbers placed inside it. My number machine will add 15 to a number and then subtract 6 from the sum. If I put in the number 68, what number will come out of the machine?",77,Multi-step,92,False,majority,0.6,1,5,0.2,2,False,,"{'92': 3, '689': 1, '77': 1}","Step 1: Add 15 to 68 = 83
Step 2: Subtract 6 from 83 = 77",SVAMP,LAMA-3.2-3B
223,guided,223,A farm was 7 miles wide and 8 miles long What is the area of the farm?,56,Multi-step,56,True,majority,0.8,4,5,0.8,1,False,,"{'56': 4, '392': 1}","Step 1: Length * Width =
Step 2: 8 * 7 =
Step 3: Result =?",SVAMP,LAMA-3.2-3B
224,guided,224,"Hazel and her father both love going on fishing trips. This year, they planned to go around the Great Lakes for a unique fishing experience. Their first stop is Lake Ontario. Hazel and her father decided to have a contest between them. If Hazel caught 24 salmons and her dad caught 27, how many salmons did they catch in total?",51,Addition,51,True,majority,1.0,5,5,1.0,0,False,,{'51': 5},"Step 1: Hazel's catch + Dad's catch = 
Step 2: 24 + 27 =
Step 3: 51",SVAMP,LAMA-3.2-3B
225,guided,225,"Many families serve each person in the family one 6-ounce glass of orange juice each morning. If they buy orange juice by the gallon, how many whole servings of juice will they get out of one gallon (one gallon = 4 quarts, 1 quart = 32 ounces) of juice?",21,Division,21,True,refiner_tiebreak,0.4,2,5,0.4,3,True,True,"{'85': 1, '3': 1, '21': 2, '128': 1}","Step 1: Quarts * Ounces/quart = Total ounces per gallon
Step 2: Divide total ounces by serving size (ounces/glass)
Step 3: Floor division to find whole servings",SVAMP,LAMA-3.2-3B
226,guided,226,A cafeteria was putting milk cartons into stacks. They had seven hundred ninety-nine cartons and were putting them into stacks with six cartons in each stack How many full stacks could they make?,133,Division,133,True,majority,1.0,5,5,1.0,0,False,,{'133': 5},"Step 1: Total cartons / Cartons per stack = 799 ÷ 6 =
Step 2: Floor value of division result (since partial stack doesn't count) =?",SVAMP,LAMA-3.2-3B
227,guided,227,14 red plums and four green plums are in the basket How many plums are in the basket?,18,Addition,18,True,majority,0.4,2,5,0.4,3,False,,"{'14': 1, '18': 2, '9': 1, '4': 1}","Step 1: Red + Green = Total
Step 2: 14 + 4 =
Step 3: 18 =",SVAMP,LAMA-3.2-3B
228,guided,228,"Amy uploaded 180 pics to Facebook. If she put the pics into 9 albums with the same number of photos in each album, how many photos were in each album?",20,Division,20,True,majority,0.8,4,5,0.8,1,False,,"{'180': 1, '20': 4}","Step 1: Total pics / Number of albums = Pics per album
Step 2: 180 ÷ 9 =
Step 3: 20",SVAMP,LAMA-3.2-3B
229,guided,229,"Willy has 5,092 crayons. Lucy has 3,971 crayons How many more crayons does Willy have than Lucy?",1121,Subtraction,5092,False,majority,0.6,0,5,0.0,2,False,,"{'5092': 3, '1011': 1, '1081': 1}","Step 1: Willy's crayons - Lucy's crayons = 5092 - 3971
Step 2: Result of subtraction =?",SVAMP,LAMA-3.2-3B
230,guided,230,A chef used fifteen apples to make a pie. Now he has four apples left How many apples did he have before he made the pie?,19,Addition,19,True,majority,0.8,4,5,0.8,1,False,,"{'19': 4, '15': 1}","Step 1: Initial amount + Remaining amount = Total initial amount
Step 2: 15 (Initial) + 4 (Remaining) =?",SVAMP,LAMA-3.2-3B
231,guided,231,At Jake's stables there are 10 stallions and 15 mares. At Bridget's stables there are 17 stallions and 18 mares Where is there a lower ratio of stallions to mares?,Jake's stables,Subtraction,0.67,False,majority,0.5,0,4,0.0,2,False,,"{'0.67': 2, '0.94': 1, '-0.27': 1}","Step 1: Compare ratios for each stable.
Step 2: Divide (number of stallions) / (number of mares).
Jake's: 10/15 = 0.67
Bridget's: 17/18 ≈ 0.94
Step 3: Determine which one has the smaller value.",SVAMP,LAMA-3.2-3B
232,guided,232,Ned mowed his lawn six times in the spring and five times in the summer How many times did he mow total?,11,Addition,11,True,majority,0.6,3,5,0.6,2,False,,"{'11': 3, '6': 2}","Step 1: Spring + Summer = 
Step 2: 6 + 5 =?",SVAMP,LAMA-3.2-3B
233,guided,233,Atomic fireballs come in packages of 9. Barbara ate 59 Atomic Fireballs How many Atomic Fireballs does she have left?,5,Multi-step,59,False,coin_flip,0.3333,0,6,0.0,4,True,False,"{'59': 2, '41': 1, '50': 2, '9': 1}","Step 1: Initial amount - Package size = Remaining amount
Step 2: 59 - 9 =?",SVAMP,LAMA-3.2-3B
234,guided,234,A pet store had 13 siamese cats and 5 house cats. During a sale they sold 10 cats How many cats do they have left?,8,Subtraction,8,True,majority,0.8,4,5,0.8,1,False,,"{'18': 1, '8': 4}","Step 1: Initial amount of cats = Siamese + House = 13 + 5 =?
Step 2: Subtracting the ones that were sold =? - 10",SVAMP,LAMA-3.2-3B
235,guided,235,Mrs. Hilt is baking bread. She needs 5 cups of flour to bake two loaves of bread How much flour will she need to make one loaf of bread?,2.5,Division,2.5,True,majority,0.5,2,4,0.5,2,False,,"{'2.5': 2, '2': 1, '5': 1}","Step 1: Two loaves / 2 =? 
Step 2:? ÷ 2",SVAMP,LAMA-3.2-3B
236,guided,236,86 students are going hiking. Each school- bus can take 9 students How many school-buses are needed?,9,Division,9.5556,False,coin_flip,0.3333,0,6,0.0,4,True,False,"{'9.4444': 1, '9.5556': 2, '10': 2, '9.556': 1}","Step 1: Total students / Students per bus = 86 ÷ 9 =
Step 2: Round up if necessary (since you cannot have part of a bus).",SVAMP,LAMA-3.2-3B
237,guided,237,"Shannon is making identical balloon arrangements for a party. She has 32 maroon balloons, 24 white balloons, and 16 orange balloons. She wants each arrangement to have the same number of each color What is the greatest number of arrangements that she can make if every balloon is used?",8,Multi-step,8,True,majority,0.4,2,5,0.4,3,False,,"{'4': 1, '3': 1, '8': 2, '1536': 1}","Step 1: Find the smallest group size (minimum) by dividing all quantities evenly.
Step 2: Determine the limiting factor among them which will be the divisor in this case since they must divide equally.
Step 3: Divide each quantity by the smallest group size found above.",SVAMP,LAMA-3.2-3B
238,guided,238,Anna has a total of 28 nickels and dimes in her piggy bank. She has 8 fewer nickels than dimes How many dimes does Anna have?,18,Multi-step,28,False,majority,0.8,0,5,0.0,1,False,,"{'28': 4, '56820': 1}","Step 1: Let's represent what we know as variables.
Let N = Number of Nickels
D = Number of Dimes

Since she has 8 fewer nickels than dimes:
N = D - 8

Step 2: We also know that each nickel is worth $0.05 and each dime is worth $0.10.
So, if she has x dollars from nickels and y dollars from dimes:
0.05x + 0.10y = 28

Step 3: Substitute (D) for x in terms of y into this equation:
0.05(D - 8) + 0.10y = 28",SVAMP,LAMA-3.2-3B
239,guided,239,"Professor Treehead of the Flora University requested his students to participate. He said that they planted 15 species of trees in the natural park, 20 species of trees in the neighboring forest and 10 species of trees all around different locations in town How many species of trees were planted by the students?",45,Addition,45,True,majority,0.6,3,5,0.6,2,False,,"{'45': 3, '35': 2}","Step 1: Species in park + Species in forest = 15 + 20 =
Step 2: Add Species around town = 35 + 10 =",SVAMP,LAMA-3.2-3B
240,guided,240,"A waiter had five tables he was waiting on, with five women and three men at each table How many customers total did the waiter have?",40,Multiplication,200,False,majority,0.4,1,5,0.2,3,False,,"{'200': 2, '150': 1, '40': 1, '224': 1}","Step 1: Tables * People per table = Total people
Step 2: Multiply, e.g., 5 * 8 =?",SVAMP,LAMA-3.2-3B
241,guided,241,"After the final bell rang, Buddy ran to the school bus with his new friends. On his ride home, he counted 36 students sitting on the left side of the bus and 27 sitting on the right How many students are on the bus ride home?",63,Addition,63,True,majority,0.8,4,5,0.8,1,False,,"{'63': 4, '126': 1}","Step 1: Left + Right = Total
Step 2: 36 + 27 =
Step 3: 63 =?",SVAMP,LAMA-3.2-3B
242,guided,242,The Vance family walked over to the post office. They bought 2 rooster stamps and 2 daffodil stamps What's the difference between of the number of the two kinds of stamps?,0,Subtraction,0,True,majority,0.6,3,5,0.6,2,False,,"{'2': 2, '0': 3}","Step 1: Roosters - Daisies = 2 - 2 =
Step 2: Difference =?",SVAMP,LAMA-3.2-3B
243,guided,243,"On the day of the awarding ceremony, Robyn and Lucy decided to sell more cookies during the morning to make sure they get the badge. Lucy sold 19 packs and Robyn sold 16 How many packs did they sell on their last day?",35,Addition,35,True,majority,0.8,4,5,0.8,1,False,,"{'0': 1, '35': 4}","Step 1: Total packs sold by both girls = Packs sold by Lucy + Packs sold by Robyn = 19 + 16 =
Step 2: Total packs sold by both girls = 35
Step 3: Since no further information about other days' sales, we can't determine how much was left from previous days.",SVAMP,LAMA-3.2-3B
244,guided,244,"Annie is about to celebrate her birthday next week so her friends decided to throw her a surprise birthday party. Jessica, Annie's best friend, is hosting the party. She plans on making pizza for everyone. If she bought 15 pieces of pepperoni, 10 pieces of salami and 30 pieces of bacon as meat ingredients, how many pieces of meat did she buy in total?",55,Addition,25,False,majority,0.6,2,5,0.4,2,False,,"{'25': 3, '55': 2}","Step 1: Pepperoni + Salami = 15 + 10 =
Step 2: Result + Bacon = 25 + 30 =
Step 3: Final calculation = 55 +?",SVAMP,LAMA-3.2-3B
245,guided,245,"Jerry was weighing boxes for moving. The first was 2 pounds, the second was 11 pounds and the last was 5 pounds What is the combined weight of all three boxes?",18,Addition,18,True,majority,0.6,3,5,0.6,2,False,,"{'18': 3, '13': 2}","Step 1: Box 1 + Box 2 = 2 + 11 =
Step 2: Result + Box 3 = 2 + 11 + 5 =",SVAMP,LAMA-3.2-3B
246,guided,246,"The traffic lights at two road junctions change after every 72 seconds and 108 seconds respectively. If they change simultaneously at 9 a.m., at what time will they change simultaneously again?",9,Addition,12,False,majority,0.5,0,4,0.0,2,False,,"{'12': 2, '216': 1, '37': 1}","Step 1: Find LCM (Least Common Multiple) of both times.
Step 2: Add LCM to initial meeting time in minutes.
Step 3: Convert result back into hours and minutes format.",SVAMP,LAMA-3.2-3B
247,guided,247,In fourth grade there were 35 students at the start of the year. During the year 10 students left and 10 new students came to school How many students were in fourth grade at the end?,35,Multi-step,25,False,majority,0.6,1,5,0.2,2,False,,"{'45': 1, '25': 3, '35': 1}","Step 1: Initial - Left = Starting - Departure
Step 2: Result = Starting - Departure + Arrival
Step 3: Final = Starting - Departure + Arrival",SVAMP,LAMA-3.2-3B
248,guided,248,"Harry Hound had a terrible earache yesterday. When I peered into his ears yesterday, I found 36 frisky fleas having a party in his right ear and 85 baby fleas sleeping peacefully in his left ear. I cleaned out Harry Hound's ears How many fleas perished?",121,Addition,121,True,majority,0.6,3,5,0.6,2,False,,"{'85': 1, '121': 3, '36': 1}","Step 1: Total initial fleas = Right ear + Left ear = 36 + 85 =
Step 2: Total removed =? (not specified)
Step 3: Not applicable since we don't know how much was taken out.",SVAMP,LAMA-3.2-3B
249,guided,249,"Still a little behind, Robyn asked her mother to drive them around town on Wednesday to cover more houses. That day Robyn sold 55 packs of cookies while Lucy sold 43 How many packs were they able to sell that day?",98,Addition,98,True,majority,0.8,4,5,0.8,1,False,,"{'98': 4, '100': 1}","Step 1: Robyn's sales + Lucy's sales = Total sales
Step 2: 55 (Robyn) + 43 (Lucy) =?",SVAMP,LAMA-3.2-3B
250,guided,250,Two wires with lengths of 448 cm and 616 cm are to be cut into pieces of all the same length without remainder What is the greatest possible length of the pieces?,56,Multi-step,168,False,majority,0.4,0,5,0.0,3,False,,"{'168': 2, '112': 1, '8': 1, '63': 1}","Step 1: Find GCD (Greatest Common Divisor) of both wire lengths.
Step 2: Divide each wire length by their GCD.
Step 3: Take smaller value from previous division as new divisor for next iteration until one gives zero.",SVAMP,LAMA-3.2-3B
251,guided,251,"While heating the wings, Charlie decided to make metal supports for the wings. If he needs 635 lbs of metal and he has 276 lbs in storage, how much additional metal does he need to buy?",359,Subtraction,359,True,majority,0.8,4,5,0.8,1,False,,"{'359': 4, '635': 1}","Step 1: Required - Available = 635 - 276 =
Step 2: Required - Available = 359",SVAMP,LAMA-3.2-3B
252,guided,252,"A box can hold 18 pieces of chalk. If there are 3,484 pieces of chalk, how many boxes are full to hold all the chalk?",194,Division,194,True,majority,0.6,3,5,0.6,2,False,,"{'194': 3, '193': 1, '194.4444': 1}","Step 1: Total amount / Capacity per box = 3484 ÷ 18 =
Step 2: Result = 344",SVAMP,LAMA-3.2-3B
253,guided,253,"Winter is almost here and most animals are migrating to warmer countries. There are 67 bird families living near the mountain. If 32 bird families flew away for winter, how many bird families were left near the mountain?",35,Subtraction,35,True,majority,0.6,3,5,0.6,2,False,,"{'35': 3, '67': 2}","Step 1: Initial - Departed = Remaining
Step 2: 67 - 32 =?",SVAMP,LAMA-3.2-3B
254,guided,254,"Because of the decision, Sofia asked the students to suggest specific types of food. If 279 students suggested adding mashed potatoes while 234 suggested adding bacon to the menu, how many students participated in the suggestion of new food items?",513,Addition,513,True,majority,0.6,3,5,0.6,2,False,,"{'513': 3, '747': 1, '279': 1}","Step 1: Mashed potatoes + Bacon = Total suggestions made for both options.
Step 2: Add the two groups together = 279 + 234.",SVAMP,LAMA-3.2-3B
255,guided,255,Belle collected 97 animal stickers. Carolyn collected 18 fewer stickers than Belle How many stickers did Carolyn collect?,79,Subtraction,79,True,majority,0.8,4,5,0.8,1,False,,"{'79': 4, '61': 1}","Step 1: Less - Given =? - 18
Step 2:? - 18",SVAMP,LAMA-3.2-3B
256,guided,256,"For an art show, an artist painted 153 pictures. During the show he sold 72 of his pictures What is the ratio of pictures he still has to pictures he sold?",9,Multi-step,9,True,refiner_tiebreak,0.3333,2,6,0.3333,4,True,True,"{'9': 2, '0.1125': 1, '81': 1, '0.875': 1, '0.111': 1}","Step 1: Remaining - Sold = Unsold = 153 - 72 =
Step 2: Ratio = Unsold / Sold = 81 / 72 =
Step 3: Simplify (if necessary)",SVAMP,LAMA-3.2-3B
257,guided,257,"Marian also prepared 59 croissants which she plans to give to her 8 neighbors. If each neighbor received and equal number of croissants, how many will be left with Marian?",3,Multi-step,51,False,majority,1.0,0,5,0.0,0,False,,{'51': 5},"Step 1: Total baked - Number given away = 59 - 8 =
Step 2: Remaining = 51",SVAMP,LAMA-3.2-3B
258,guided,258,Mr. Lee gave out first place ribbons after each event. He had 38 ribbons at the start. He gave away 14 ribbons in the morning. He gave out 16 ribbons in the afternoon How many ribbons did Mr. Lee have left?,8,Multi-step,24,False,majority,0.6,2,5,0.4,2,False,,"{'8': 2, '24': 3}","Step 1: Initial amount - Morning given away = Starting amount - 14 = 38 - 14
Step 2: Result from step 1 - Afternoon given away = (38 - 14) - 16
Step 3: Final calculation = 24 - 16",SVAMP,LAMA-3.2-3B
259,guided,259,Zach scored 42 points in the football game. Ben scored 21 points How many more points did Zach score?,21,Subtraction,21,True,majority,0.8,4,5,0.8,1,False,,"{'21': 4, '31': 1}","Step 1: Zach's score - Ben's score = 42 - 21
Step 2: Answer = 21",SVAMP,LAMA-3.2-3B
260,guided,260,"There's only a week left before Christmas. John went out to buy gifts for his family. Having $999.00 for his budget, he went to a sports store and bought his brother a new pair of shoes for $165.00 How much money does he have left?",834,Subtraction,999,False,majority,0.6,2,5,0.4,2,False,,"{'834': 2, '999': 3}","Step 1: Initial amount - Cost of shoes = $999.00 - $165.00
Step 2: Remaining funds = $834.00",SVAMP,LAMA-3.2-3B
261,guided,261,"A mailman has to give twenty-eight pieces of junk mail to each block. If there are four houses on a block, how many pieces of junk mail should he give each house?",7,Division,7,True,majority,0.6,3,5,0.6,2,False,,"{'7': 3, '20': 2}","Step 1: Blocks - Houses = 28 / 4 =
Step 2: 28 ÷ 4 =?",SVAMP,LAMA-3.2-3B
262,guided,262,While exercising Paul did fifty-nine push-ups in the morning and thirty-eight more in the afternoon How many push-ups did Paul do total?,97,Addition,97,True,majority,0.75,3,4,0.75,1,False,,"{'97': 3, '59': 1}","Step 1: Morning + Afternoon = 
Step 2: 59 + 38 =
Step 3: 97",SVAMP,LAMA-3.2-3B
263,guided,263,Ana is 5 years more than Jack. The sum of their ages is 29 Find the ages of Ana and Jack.,17,Multi-step,29,False,majority,0.8,1,5,0.2,1,False,,"{'29': 4, '17': 1}","Step 1: Let's represent Jack's age as x. Then Ana's age will be (x + 5).
Step 2: Since we know that the sum of their ages is 29, so we can set up an equation: x + (x + 5) = 29.
Step 3: Combine like terms in the equation to solve for x: 2x + 5 = 29.",SVAMP,LAMA-3.2-3B
264,guided,264,"Derek is picking flowers in the garden. He picked 18 flowers from the first bush, 22 flowers from the second bush, 26 flowers from the third bush, 30 flowers from the fourth bush, and 34 flowers from the fifth bush. If this pattern continues, how many flowers will Derek pick from the sixth bush?",38,Multi-step,22,False,majority,0.8,0,5,0.0,1,False,,"{'22': 4, '20': 1}","Step 1: Previous amount + Difference = Current amount
       18 +? = 22
Step 2: Difference = Next difference
       ? = 4
Step 3: New current - Old current = Next current
         22 + 4 = 26",SVAMP,LAMA-3.2-3B
265,guided,265,The weight of 4 watermelons is 5 kg 200 g. The total weight of 3 such watermelons and 4 pineapples is 5 kg 700 g How much heavier is a watermelon than a pineapple?,850,Subtraction,-0.5,False,majority,0.6,0,5,0.0,2,False,,"{'-0.5': 3, '0.3': 2}","Step 1: Weight of one watermelon = Total weight - Number of watermelons
Weight of one watermelon = (5 kg + 0.2) - 4 = 1.2 kg

Step 2: Weight of four watermelons = 4 * Weight of one watermelon
Weight of four watermelons = 4 * 1.2 = 4.8 kg

Step 3: Weight of three pineapples = Total weight - Weight of four watermelons
Weight of three pineapples = (5 kg + 0.7) - 4.8 = 0.9 kg

Step 4: Difference in weights = Weight of one watermelon - Weight of one pineapple
Difference in weights = 1.2 - 0.9 = 0.3 kg",SVAMP,LAMA-3.2-3B
266,guided,266,"A museum had fourteen paintings. After they got rid of some, they had four left What's the difference between the number of paintings before they got rid of and the left?",10,Subtraction,14,False,majority,0.6,1,5,0.2,2,False,,"{'14': 3, '10': 1, '18': 1}","Step 1: Initial amount - Remaining amount = 14 - 4 =
Step 2: Difference = 10",SVAMP,LAMA-3.2-3B
267,guided,267,Eddie is thinking of a number that is divisible by both 8 and 5 What is the smallest possible number that Eddie could be thinking of?,40,Multi-step,40,True,majority,0.6,3,5,0.6,2,False,,"{'40': 3, '10': 1, '400': 1}","Step 1: Find LCM (Least Common Multiple) of 8 and 5 =?
Step 2: LCM(8, 5) =? * 10 
Step 3: Since we need to find the smallest multiple, multiply 10 by the lowest integer value for x in 10x.",SVAMP,LAMA-3.2-3B
268,guided,268,"You have $12 in nickels and quarters. If you have the same number of each kind of coin, how many nickels do you have?",40,Division,40,True,majority,0.6,3,5,0.6,2,False,,"{'40': 3, '12': 2}","Step 1: Let's represent the unknown quantity as x.
Step 2: Since there are equal amounts of both coins, we can set up an equation where value equals total amount earned from one type of coin times its count. So, 0.05x (value per nickel) + 0.25x (value per quarter) = 12.
Step 3: Combine like terms to solve for x: 0.30x = 12",SVAMP,LAMA-3.2-3B
269,guided,269,Adam bought a new flat screen TV with an area of 21 square feets. The screen is 3 feet wide How tall is it?,7,Multi-step,7,True,refiner_tiebreak,0.5,3,6,0.5,3,True,True,"{'7': 3, '63': 2, '21': 1}","Step 1: Area = Length x Width
Step 2: 21 = 3 x Height
Step 3: Height = 21 / 3",SVAMP,LAMA-3.2-3B
270,guided,270,"If you had 37 bags of cookies with 19 cookies in each bag, how many cookies would you have?",703,Multiplication,703,True,majority,1.0,5,5,1.0,0,False,,{'703': 5},"Step 1: Bags * Cookies per bag = Total cookies
Step 2: 37 * 19 =
Step 3: =?",SVAMP,LAMA-3.2-3B
271,guided,271,"Irene's Bakery sells muffins in packages of 18 and cookies in packages of 5. Going through yesterday's receipts, a store manager notices that the bakery sold the same number of muffins and cookies yesterday afternoon What is the smallest number of muffins that the bakery could have sold?",90,Multi-step,18,False,refiner_tiebreak,0.5,2,6,0.3333,3,True,False,"{'18': 3, '1': 1, '90': 2}","Step 1: Let's assume x as the number of packs of muffins sold.
Since each pack has 18 muffins, then total muffin sales would be 18x.
Step 2: Since they also sold an equal amount of cookies, we know that 5 times the number of cookie packs equals the number of muffin packs (because both were sold equally). So, if y represents the number of packs of cookies, then 5y = 18x.
Step 3: To find the minimum possible value for either variable, let's set up an equation where one variable equals zero since it can't be negative. We'll solve for x because setting y to zero will give us the lowest positive integer solution. If y=0 then 5*0=0 which satisfies our condition but doesn't tell us anything about x. Setting x=0 gives us no information about how much was actually sold. However, setting y=18/x results in whole numbers only when x divides evenly into 90. The least common multiple between 18 and 5 is 90 so x must equal 5 for this situation to occur. Therefore, there must have been at least five packs of each item sold.",SVAMP,LAMA-3.2-3B
272,guided,272,A tape was thirteen meters long. Haley used some to seal cartons. Now the tape is six meters long How much tape did she use?,7,Subtraction,13,False,majority,0.6,2,5,0.4,2,False,,"{'7': 2, '13': 3}","Step 1: Initial length - Remaining length = Length of tape used
Step 2: 13 - 6 =?",SVAMP,LAMA-3.2-3B
273,guided,273,"Her friends are coming over the next day so she also bought some refreshments. If she has $50.00 left from the money she had after buying cookies, and she has $69.00 before, how much did she spend on juice?",19,Subtraction,50,False,majority,0.6,2,5,0.4,2,False,,"{'19': 2, '50': 3}","Step 1: Initial amount - Amount spent = Remaining amount
Step 2: Before spending - After spending =? (Since we know that ""she has $50.00 left"")
   Since it's actually ""Before spending"" that should be used for comparison:
Step 3: Before spending - Remaining amount = Amount spent",SVAMP,LAMA-3.2-3B
274,guided,274,Mrs. Hilt saw 2 dogs and 2 chickens How many animal legs did she see?,12,Addition,14,False,majority,0.4,1,5,0.2,3,False,,"{'10': 1, '12': 1, '14': 2, '8': 1}","Step 1: Dogs have 4 legs each, so multiply the number of dogs by their leg count.
Step 2: Add that to the chicken's leg count (chickens also have 2 legs).
Step 3: Combine both totals together for overall leg count.",SVAMP,LAMA-3.2-3B
275,guided,275,Jerry had eleven cherries. He ate eight of them How many cherries does Jerry have left?,3,Subtraction,3,True,majority,0.6,3,5,0.6,2,False,,"{'11': 2, '3': 3}","Step 1: Initial amount - Amount eaten = 11 - 8 =
Step 2: Remaining cherries = 11 - 8",SVAMP,LAMA-3.2-3B
276,guided,276,"After they vacation, they figured out that the farm was divided into 5 sections and each section has a land area of 60 acres What is the total area of the farm?",300,Multiplication,300,True,majority,0.8,4,5,0.8,1,False,,"{'300': 4, '25': 1}","Step 1: Sections * Acres per section = Total areas
Step 2: 5 * 60 =
Step 3: = 300",SVAMP,LAMA-3.2-3B
277,guided,277,"It's basketball season in Ashford Elementary School. Chuck, the team captain of the Blue Team is feeling nervous about it. Their first opponent is the Red Team, composed of other 3rd graders, gave them a hard time. If they lost by 13 points and the Red Team scored 61 points, what is their team's final score?",48,Subtraction,74,False,majority,0.8,0,5,0.0,1,False,,"{'74': 4, '61': 1}","Step 1: Score of losing side + Points difference = Score of winning side
Step 2: 61 + 13 =
Step 3: 74",SVAMP,LAMA-3.2-3B
278,guided,278,"While playing at the arcade, Kaleb won eight tickets playing 'whack a mole' and seven tickets playing 'skee ball'. If he was trying to buy candy that cost five tickets a piece, how many could he buy?",3,Division,3,True,majority,0.6,3,5,0.6,2,False,,"{'3': 3, '15': 2}","Step 1: Tickets from whack a mole + Tickets from skee ball = 8 + 7 =
Step 2: Total tickets / Cost per candy = 15 / 5 =",SVAMP,LAMA-3.2-3B
279,guided,279,"A full moon occurs every 30 days. If the last full moon occurred on a Friday, how many days will pass before a full moon occurs again on a Friday?",210,Multi-step,30,False,majority,1.0,0,5,0.0,0,False,,{'30': 5},"Step 1: Days in one cycle = 30
Step 2: Since it's already known that the previous full moon was on a Friday, we need to find out what day of the week today (not given). 
Step 3: To determine this information isn't necessary for calculation as we know there must be some multiple of 7 between any two consecutive Fridays since each week has 7 days. Therefore:
Step 4: Find next occurrence by adding another complete cycles until reaching Friday again.",SVAMP,LAMA-3.2-3B
280,guided,280,"Henry and Margo both began traveling around a circular track. Henry is riding his bike, and Margo is walking. It takes Henry 7 minutes to make it all the way around, and Margo takes 12 minutes How much time will pass until they meet at the starting line?",84,Multi-step,84,True,majority,0.4,2,5,0.4,3,False,,"{'7': 1, '84': 2, '16.8': 1, '5040': 1}","Step 1: Find their relative speed difference in terms of minutes per lap.
Step 2: Divide the length of one lap for each person by this value.
Step 3: Take the least common multiple (LCM) of these two values.",SVAMP,LAMA-3.2-3B
281,guided,281,The Ferris wheel in Paradise Park has 14 seats. Each seat can hold 6 people How many people can ride the Ferris wheel at the same time?,84,Multiplication,98,False,majority,0.5,1,4,0.25,2,False,,"{'98': 2, '14': 1, '84': 1}","Step 1: Seats per row * Total rows = People that can fit on one full rotation
Step 2: Since it's just one rotation we don't need to multiply by any other value.
Step 3: No additional calculation needed for this type of question.",SVAMP,LAMA-3.2-3B
282,guided,282,"Points A and B are 70 km apart on a highway. A car starts from A and another car starts from B at the same time. If they travel in the same direction, they meet in 7 hours, but if they travel towards each other they meet in one hour What are their respective speeds?",40,Multi-step,70,False,majority,0.6,0,5,0.0,2,False,,"{'70': 3, '30.25': 2}","Step 1: Let's denote speed of first car as x km/hour. Since distance covered by both cars together when traveling towards each other equals to sum of distances traveled individually when going separately, we can set up an equation for this case:
Distance = Speed * Time => (x + y) * t = d where d = 70 km and t = 1 hour.
So, (x + y) * 1 = 70 => x + y = 70

Step 2: Now let's consider what happens when they're moving away from each other. Here, since they cover the entire distance between them which is 70km within 8 hours, so we have:
(x - y)*8= 70

Step 3: Solve these two equations simultaneously to find values of x & y. First solve one variable in terms of other from either equation then substitute that value into other equation. We'll use second equation here because it looks simpler. Rearrange first equation to isolate y: y = 70 - x Then substitute this expression for y into our second equation:

(x-(70-x))*8= 70
Simplify: (-70+2*x)*8= 70
Expanding gives us: -560+16*x= 70
Add 560 to both sides: 16*x=630
Divide both sides by 16: x=39.75",SVAMP,LAMA-3.2-3B
283,guided,283,"At the river, 25 out of 55 salmon families went to warmer waters to avoid being frozen How many salmon families were left in the river?",30,Subtraction,55,False,majority,0.6,2,5,0.4,2,False,,"{'55': 3, '30': 2}","Step 1: Total - Left = Remaining
Step 2: 55 - 25 =
Step 3: 30",SVAMP,LAMA-3.2-3B
284,guided,284,Charlene made 60 bead necklaces. She sold 16 at a craft fair. She gave 18 to her friends How many necklaces did Charlene have then?,26,Multi-step,42,False,majority,0.8,0,5,0.0,1,False,,"{'42': 4, '60': 1}","Step 1: Initial amount - Amount given away = 60 - 18 =
Step 2: Remaining amount = 42",SVAMP,LAMA-3.2-3B
285,guided,285,The ratio of the area of a rectangle to the area of a triangle is 2:5. The rectangle has a length of 6 cm and a width of 4 cm What is the area of the triangle?,60,Multi-step,24,False,majority,0.6,2,5,0.4,2,False,,"{'60': 2, '24': 3}","Step 1: Area of rectangle = Length * Width = 6 * 4 =?
Step 2: Let's represent the unknowns as variables for easier calculation. If we say that the common multiplier in the ratio is x, then Area of rectangle = 2x and Area of triangle = 5x.
Step 3: Since we know the actual dimensions of the rectangle (length=6, width=4), we can find its area which should equal 2x. So, 2x = 24 => x = 12. Now that we have found x, we can calculate the area of the triangle by substituting it back into our expression for the area of the triangle: Area of triangle = 5x = 5*12 =?",SVAMP,LAMA-3.2-3B
286,guided,286,"Among the third graders at Lanberry Elementary School, 12 play kickball during recess and 16 play four square. Among the fourth graders, 15 play kickball and 20 play four square In which grade is there a higher ratio of kickball players to four-square players?",They are equal,Subtraction,0.75,False,majority,0.6,0,5,0.0,2,False,,"{'0.75': 3, '0': 1, '3': 1}","Step 1: Kickball / Four-Square for each group.
   Third Graders: 12 / 16 =
   Fourth Graders: 15 / 20 =

Step 2: Compare both ratios.
Since we can't compare fractions directly, convert them into equivalent decimals:
Third Graders: 0.75
Fourth Graders: 0.75

They have equal ratios.",SVAMP,LAMA-3.2-3B
287,guided,287,David has 7 boxes of stuffed toy dogs. Each box has four dogs in it How many legs are there in all?,112,Multiplication,448,False,majority,0.6,0,5,0.0,2,False,,"{'28': 2, '448': 3}","Step 1: Number of boxes * Number of dogs per box = Total number of boxes * 4
Step 2: Multiply to find total number of dogs
Step 3: Find total number of legs (dogs have 4 legs each)",SVAMP,LAMA-3.2-3B
288,guided,288,"Tom had thirty-six pieces of clothing to wash. He put eighteen of them in one load, but decided to split the rest into two equal loads How many pieces of clothing could go in each of the small loads?",9,Division,36,False,refiner_tiebreak,0.6,2,5,0.4,2,True,False,"{'9': 2, '36': 3}","Step 1: Total - Initial amount = Remaining clothes
Step 2: Divide by Number of smaller loads
Step 3: ÷ 2",SVAMP,LAMA-3.2-3B
289,guided,289,An art museum had 15 pictures to split equally into 2 different exhibits How many more pictures would they need to make sure each exhibit had the same amount?,1,Multi-step,7.5,False,majority,0.8,0,5,0.0,1,False,,"{'7.5': 4, '8': 1}","Step 1: Total / Number of Exhibits = Remaining Pictures Needed
Step 2: (Total - Remaining) / 2 =?",SVAMP,LAMA-3.2-3B
290,guided,290,"A waiter had 47 customers to wait on. If 41 customers left and he got another 20 customers, how many customers would he have?",26,Multi-step,6,False,majority,0.6,2,5,0.4,2,False,,"{'6': 3, '26': 2}","Step 1: Initial - Left = 47 - 41 =
Step 2: + New arrivals = 6 = 47 - 41 + 20",SVAMP,LAMA-3.2-3B
291,guided,291,"Mrs. Hilt's favorite first grade classes are baking muffins. Mrs. Brier's class bakes 18 muffins, Mrs. MacAdams's class bakes 20 muffins, and Mrs. Flannery's class bakes 17 muffins How many muffins does first grade bake in all?",55,Addition,55,True,majority,0.8,4,5,0.8,1,False,,"{'55': 4, '110': 1}","Step 1: Class 1 + Class 2 + Class 3 = 
Step 2: 18 + 20 + 17 =
Step 3: =?",SVAMP,LAMA-3.2-3B
292,guided,292,Lemon heads come in packages of 3. Patricia ate 15 Lemon Heads How many Lemon Heads does she have left?,0,Multi-step,15,False,coin_flip,0.3333,0,6,0.0,4,True,False,"{'48': 1, '15': 2, '12': 2, '10': 1}","Step 1: Initial amount - Package size = 15 - 3 =?
Step 2: Remaining amount =?",SVAMP,LAMA-3.2-3B
293,guided,293,"Packages of cheddar cheese come with 12 slices, while packages of Swiss cheese come with 28 slices. If Randy bought the same number of slices of each type of cheese, what is the smallest number of slices of each type that Randy could have bought?",84,Multi-step,7,False,majority,0.6,1,5,0.2,2,False,,"{'7': 3, '84': 1, '14': 1}","Step 1: Find LCM (Least Common Multiple) of 12 and 28.
Step 2: Divide LCM by both values to find minimum quantity for each package.",SVAMP,LAMA-3.2-3B
294,guided,294,"After the day, they were able to make 6 institutions happy. If each institution has 80 people How many people were made happy by the mayor and vice-mayor?",480,Multiplication,480,True,coin_flip,0.4,2,5,0.4,3,True,False,"{'480': 2, '160': 2, '80': 1}","Step 1: Total happy people per institution * Institutions = People in both positions
Step 2: 2 * 80 =?",SVAMP,LAMA-3.2-3B
295,guided,295,Emily collected eggs from the hen and put them into 303 baskets. She put 28 eggs into each basket How many eggs did Emily collect?,8484,Multiplication,8404,False,coin_flip,0.1667,1,6,0.1667,5,True,False,"{'8404': 1, '9': 1, '8464': 1, '6060': 1, '8484': 1, '8474': 1}","Step 1: Baskets * Eggs per basket = Total eggs
Step 2: 303 * 28 =
Step 3: =?",SVAMP,LAMA-3.2-3B
296,guided,296,"Allen, Shiela's brother, likes to play with blocks. Shiela repainted Allen's old blocks in different colors. If Allen has 49 identical blocks and there are 7 blocks for every color of paint used, how many colors did Shiela use?",7,Division,7,True,majority,1.0,5,5,1.0,0,False,,{'7': 5},"Step 1: Blocks / Colors per block = Total colors
Step 2: 49 ÷ 7 =
Step 3: Result =?",SVAMP,LAMA-3.2-3B
297,guided,297,"Being his favorite, he saved checking on the grapevines for his last stop. He was told by one the pickers that they fill 324 drums of grapes per day How many drums of grapes would be filled in 9 days?",2916,Multiplication,2916,True,majority,0.6,3,5,0.6,2,False,,"{'324': 1, '2916': 3, '2592': 1}","Step 1: Daily amount - Number of days = 324 * 9 =
Step 2: Multiply = 2916",SVAMP,LAMA-3.2-3B
298,guided,298,A recipe for fruit punch says to use 8 ounces of orange juice for every 3 ounces of grape juice. Nicky used 72 ounces of orange juice How many fewer ounces of grape juice were used?,45,Subtraction,27,False,coin_flip,0.1667,0,6,0.0,5,True,False,"{'27': 1, '9': 1, '-18': 1, '192': 1, '2.6667': 1, '0': 1}","Step 1: Ratio - Given = 8 : 3
Step 2: Set up proportion based on given information (orange juice) = 72 * (3/8)
Step 3: Solve for unknown quantity in terms of one variable.",SVAMP,LAMA-3.2-3B
299,guided,299,The library is 14.2 km away from Daniel's apartment. The bus takes Daniel 11.15 km of the way to the library. He has to walk the remaining distance How many meters does Daniel have to walk?,3050,Subtraction,3.05,False,majority,0.6,0,5,0.0,2,False,,"{'3': 1, '3.05': 3, '2.05': 1}","Step 1: Distance walked + Remaining distance = Total distance
                  11.15 + x = 14.2

Step 2: Subtracting known values on both sides
                 x = 14.2 - 11.15",SVAMP,LAMA-3.2-3B
300,baseline,0,"He also has a section filled with short story booklets. If each booklet has 9 pages and there are 49 booklets in the short story section, how many pages will Jack need to go through if he plans to read them all?",441,Multiplication,49,False,majority,0.5,1,4,0.25,2,False,,"{'49': 2, '392': 1, '441': 1}",,SVAMP,LAMA-3.2-3B
301,baseline,1,29 birds were sitting in a tree. Some more fly up to the tree. Then there were 42 birds in the tree How many more flew up to the tree?,13,Subtraction,29,False,majority,1.0,0,5,0.0,0,False,,{'29': 5},,SVAMP,LAMA-3.2-3B
302,baseline,2,Terry cut a rope 35 inches long into two pieces in the ratio 3:4 What is the length of the longer piece?,20,Multi-step,1.4,False,coin_flip,0.25,0,4,0.0,3,True,,"{'1.4': 1, '7': 1, '135': 1, '25': 1}",,SVAMP,LAMA-3.2-3B
303,baseline,3,"Ramon works at the supermarket. He put 26 boxes of Choco Delights on the shelf. There were already 15 boxes there. Later that day, Ramon counted 22 boxes on the shelf How many boxes of Choco Delights were missing?",19,Multi-step,22,False,refiner_tiebreak,0.5,0,6,0.0,3,True,,"{'22': 3, '11': 2, '15': 1}",,SVAMP,LAMA-3.2-3B
304,baseline,4,My ice cream shop was really busy today. It was 98 degrees and we sold 67 ice cream cones. We sold 15 more milkshakes than ice cream cones How many milkshakes were sold?,82,Addition,82,True,majority,0.8,4,5,0.8,1,False,,"{'82': 4, '67': 1}",,SVAMP,LAMA-3.2-3B
305,baseline,5,"My car gets 20 miles per gallon of gas. If Grandma's house is 100 miles away, how many gallons of gas would it take to get to her house?",5,Division,5,True,majority,0.75,3,4,0.75,1,False,,"{'5': 3, '0.25': 1}",,SVAMP,LAMA-3.2-3B
306,baseline,6,"It usually takes Stanley 10 hours to go around his two favorite places. If he took 10 times longer than the usual, how many hours did it take him to go around the places this time?",100,Multiplication,20,False,coin_flip,0.3333,1,3,0.3333,2,True,,"{'20': 1, '10': 1, '100': 1}",,SVAMP,LAMA-3.2-3B
307,baseline,7,"Roger is at the library helping put away books. There are fifty-four book to put away total but a librarian takes nineteen of them and leaves Roger with the rest. If he can fit five books on a shelf, how many shelves will he need?",7,Division,35,False,majority,1.0,0,5,0.0,0,False,,{'35': 5},,SVAMP,LAMA-3.2-3B
308,baseline,8,"They also prepared some chips. If he prepared 350 grams of chips and his father prepared 268 grams, how much chips should his brother prepare if they are to have 800 grams of chips?",182,Subtraction,719,False,coin_flip,0.3333,0,3,0.0,2,True,,"{'719': 1, '532': 1, '450': 1}",,SVAMP,LAMA-3.2-3B
309,baseline,9,"Paul was packing up his old toys. He managed to squeeze eight toys into a box. If Paul filled up four boxes, how many toys did he pack total?",32,Multiplication,32,True,majority,0.6,3,5,0.6,2,False,,"{'32': 3, '8': 1, '4': 1}",,SVAMP,LAMA-3.2-3B
310,baseline,10,Carla has some marbles. She bought 134 marbles. Now she has 187 marbles How many did she start with?,53,Subtraction,321,False,majority,0.6,0,5,0.0,2,False,,"{'321': 3, '134': 1, '311': 1}",,SVAMP,LAMA-3.2-3B
311,baseline,11,On the first day of the week Pat had 39 stickers. Pat earned 22 more during the week How many stickers did Pat have at the end of the week?,61,Addition,59,False,majority,0.5,1,4,0.25,2,False,,"{'59': 2, '61': 1, '39': 1}",,SVAMP,LAMA-3.2-3B
312,baseline,12,"For the roof, John would need 2 sets of metal bars for support. If each set has 7 metal bars, how many metal bars are there in all?",14,Multiplication,14,True,majority,0.6,3,5,0.6,2,False,,"{'14': 3, '7': 2}",,SVAMP,LAMA-3.2-3B
313,baseline,13,Sara bought decorations for her party. She paid $5 for balloons and $18 for tablecloths. She also spent $9 for streamers. She paid the cashier and got $8 back How much money did Sara give to the cashier?,40,Addition,5,False,majority,0.6,0,5,0.0,2,False,,"{'23': 1, '5': 3, '32': 1}",,SVAMP,LAMA-3.2-3B
314,baseline,14,Lou's Shoes must sell 80 pairs of shoes each month. They sold 27 pairs last week and 12 pairs this week How many more pairs of shoes must they sell?,41,Multi-step,41,True,refiner_tiebreak,0.5,3,6,0.5,3,True,,"{'41': 3, '39': 1, '27': 2}",,SVAMP,LAMA-3.2-3B
315,baseline,15,Radio station Z-100 was giving away a $100 bill to every 100th caller during a contest and gave Jingle Ball tickets to every 40th caller How many callers must call before someone wins both a $100 bill and a Jingle Ball ticket?,200,Multi-step,200,True,majority,0.4,2,5,0.4,3,False,,"{'200': 2, '4000': 1, '40': 1, '100': 1}",,SVAMP,LAMA-3.2-3B
316,baseline,16,"Tommy had some balloons. His mom gave him 34 more balloons for his birthday. Then, Tommy had 60 balloons How many balloons did Tommy have to start with?",26,Subtraction,94,False,majority,0.5,0,4,0.0,2,False,,"{'94': 2, '130': 1, '34': 1}",,SVAMP,LAMA-3.2-3B
317,baseline,17,"Virginia has 40 bananas and 4 marbles. If she shares the bananas among 40 friends, how many bananas does each friend get?",1,Division,1,True,majority,1.0,5,5,1.0,0,False,,{'1': 5},,SVAMP,LAMA-3.2-3B
318,baseline,18,"A farmer bought 164 rabbits. If the farmer wanted to fill 17 cages with the same number of rabbits, how many more rabbits should the farmer buy?",6,Subtraction,9,False,majority,0.4,0,5,0.0,3,False,,"{'9.588...': 1, '16': 1, '1': 1, '9': 2}",,SVAMP,LAMA-3.2-3B
319,baseline,19,"Roger had sixty-three dollars. If he spent forty-eight bucks on a new game, how many three dollar toys could he buy with the money he had left?",5,Division,63,False,majority,1.0,0,5,0.0,0,False,,{'63': 5},,SVAMP,LAMA-3.2-3B
320,baseline,20,"Billy bought five boxes of books at a yard sale. If each box had seven books, how many books did he buy?",35,Multiplication,35,True,majority,0.6,3,5,0.6,2,False,,"{'5': 2, '35': 3}",,SVAMP,LAMA-3.2-3B
321,baseline,21,Annette and Caitlin weigh 95 pounds together. Caitlin and Sara weigh 87 pounds together How much more does Annette weigh than Sara?,8,Subtraction,8,True,coin_flip,0.2,1,5,0.2,4,True,,"{'8': 1, '-8': 1, '182': 1, '0': 1, '95': 1}",,SVAMP,LAMA-3.2-3B
322,baseline,22,Rachel picked three apples from her tree. Now the tree has four apples still on it How many apples did the tree have to begin with?,7,Addition,4,False,refiner_tiebreak,0.3333,1,6,0.1667,4,True,,"{'7': 1, '3': 1, '4': 2, '9': 1, '1': 1}",,SVAMP,LAMA-3.2-3B
323,baseline,23,22 students are going on a field trip and 18 students are staying at school What is the ratio of the number of students who are going on the field trip to the number of students who are staying at school?,11,Multi-step,1.2222...,False,majority,0.6,0,5,0.0,2,False,,"{'1': 2, '1.2222...': 3}",,SVAMP,LAMA-3.2-3B
324,baseline,24,3 owls were sitting on the fence. 2 more owls joined them How many owls are on the fence now?,5,Addition,5,True,majority,0.8,4,5,0.8,1,False,,"{'5': 4, '3': 1}",,SVAMP,LAMA-3.2-3B
325,baseline,25,"Ron and Chanarong had breakfast at a cafe. Muffins cost $2 each, and fruit cups cost $2 each. Ron had 1 muffin and 2 fruit cups. Chanarong had 1 muffin and 2 fruit cups How much did their breakfast cost?",12,Addition,12,True,majority,0.8,4,5,0.8,1,False,,"{'12': 4, '4': 1}",,SVAMP,LAMA-3.2-3B
326,baseline,26,Adam could fit nine action figures on each shelf in his room. His room has three shelves How many action figures total could his shelves hold?,27,Multiplication,27,True,majority,0.8,4,5,0.8,1,False,,"{'27': 4, '3': 1}",,SVAMP,LAMA-3.2-3B
327,baseline,27,"A man is thrice as old as his son. After 12 years, he will be twice as old as his son Find their present ages.",36,Multi-step,24,False,coin_flip,0.4,1,5,0.2,3,True,,"{'36': 1, '24': 2, '12': 2}",,SVAMP,LAMA-3.2-3B
328,baseline,28,"In a telephone poll, 7 people said they like shopping and 20 people said they do not like shopping What is the ratio of the number of people who do not like shopping to the number of people who like shopping?",20,Multi-step,2.86,False,coin_flip,0.3333,0,6,0.0,4,True,,"{'2.8571': 1, '2.86': 2, '2.9': 2, '2': 1}",,SVAMP,LAMA-3.2-3B
329,baseline,29,Mrs. Hilt bought a notebook for $1.30. She paid with nickels How many nickels did she use to buy the notebook?,26,Multi-step,26,True,majority,0.8,4,5,0.8,1,False,,"{'20': 1, '26': 4}",,SVAMP,LAMA-3.2-3B
330,baseline,30,A comic book costs 37 cents. The store owner reversed the digits by mistake. He wrote that number on the comic book How much did the store owner overcharge his customer?,36,Multi-step,36,True,majority,0.4,2,5,0.4,3,False,,"{'36': 2, '37': 1, '100': 1, '7.3': 1}",,SVAMP,LAMA-3.2-3B
331,baseline,31,Mary is baking a cake. The recipe calls for 9 cups of flour and 3 cups of sugar. She already put in 2 cups of flour How many more cups of flour does she need to add ?,7,Subtraction,7,True,majority,1.0,4,4,1.0,0,False,,{'7': 4},,SVAMP,LAMA-3.2-3B
332,baseline,32,"Before reaching the mountains, Stanley stopped over a car shop to buy new tires for the road. If he bought four tires each for $60.00, how much did he spend for tires in total?",240,Multiplication,240,True,majority,0.6,3,5,0.6,2,False,,"{'4': 1, '240': 3, '15': 1}",,SVAMP,LAMA-3.2-3B
333,baseline,33,"At the end of the party, Mona gave away some souvenirs to her 6 closest friends. If each of them received 2 souvenir items, how many souvenirs did Mona give away?",12,Multiplication,6,False,refiner_tiebreak,0.6,2,5,0.4,2,True,,"{'6': 3, '12': 2}",,SVAMP,LAMA-3.2-3B
334,baseline,34,"A clown needed two hundred twenty-seven balloons for a party he was going to, but the balloons only came in packs of two How many packs of balloons would he need to buy?",114,Division,114,True,refiner_tiebreak,0.4,2,5,0.4,3,True,,"{'114': 2, '113.5': 1, '62.5': 1, '113': 1}",,SVAMP,LAMA-3.2-3B
335,baseline,35,"Being his favorite, Michael has 4 times more flying robots than Tom. If Tom has 3 flying robots, how many flying robots does Michael have?",12,Multiplication,12,True,majority,0.8,4,5,0.8,1,False,,"{'12': 4, '3': 1}",,SVAMP,LAMA-3.2-3B
336,baseline,36,The third angle of a triangle is the same size as the first. The second angle is 4 times the third Find the measure of the angles.,30,Multi-step,720,False,coin_flip,0.3333,0,3,0.0,2,True,,"{'720': 1, '0': 1, '180': 1}",,SVAMP,LAMA-3.2-3B
337,baseline,37,A is two years older than B. A's father D is twice as old as A and B is twice old as his sister C. The ages of D and C differ by 40 years Find the ages of A and B.,26,Multi-step,40,False,majority,0.5,0,4,0.0,2,False,,"{'40': 2, '0': 1, '4': 1}",,SVAMP,LAMA-3.2-3B
338,baseline,38,Miki bought 4 packs of red bouncy balls and 3 packs of yellow bouncy balls. Each package contained 7 bouncy balls How many more packs of red bouncy balls than yellow bouncy balls did Miki buy?,1,Subtraction,4,False,majority,0.8,0,5,0.0,1,False,,"{'4': 4, '28': 1}",,SVAMP,LAMA-3.2-3B
339,baseline,39,Joy will see her grandma in two days How many hours until she sees her?,48,Multiplication,23,False,coin_flip,0.2,1,5,0.2,4,True,,"{'23': 1, '2': 1, '0.0833': 1, '1': 1, '48': 1}",,SVAMP,LAMA-3.2-3B
340,baseline,40,"Adam put eighteen items in the shopping cart. After deleting some, he had eight left How many items did Adam delete?",10,Subtraction,10,True,majority,0.6,3,5,0.6,2,False,,"{'18': 1, '10': 3, '16': 1}",,SVAMP,LAMA-3.2-3B
341,baseline,41,"Ned was helping the cafeteria workers pick up lunch trays, but he could only carry eight trays at a time. If he had to pick up twenty-seven trays from one table and five trays from another, how many trips will he make?",4,Division,3.375,False,majority,0.6,0,5,0.0,2,False,,"{'3.375': 3, '32': 2}",,SVAMP,LAMA-3.2-3B
342,baseline,42,"Allen, Charles, Lex and Shiela spent days reading books for their book report. The texts were printed very small so they were only able to cover very few pages a day. Allen read about the Solar System. He read 10 pages a day of a book which has 120 pages How many days did it take Allen to finish reading the book?",12,Division,12,True,majority,1.0,5,5,1.0,0,False,,{'12': 5},,SVAMP,LAMA-3.2-3B
343,baseline,43,"A restaurant needs to buy three hundred eighty-seven new plates. If each box has five plates in it, how many boxes will they need to buy?",78,Division,77,False,majority,0.4,1,5,0.2,3,False,,"{'78': 1, '77': 2, '77.4': 1, '1548': 1}",,SVAMP,LAMA-3.2-3B
344,baseline,44,"The exit door leads to a river 487 inches across, if the bridge he needs to cross is only 295 inches, how much longer does he need to build if he wants to cross the river using the bridge?",192,Subtraction,192,True,coin_flip,0.3333,1,3,0.3333,2,True,,"{'192': 1, '487': 1, '300': 1}",,SVAMP,LAMA-3.2-3B
345,baseline,45,"Sam invited 9 friends to a birthday party, but 6 couldn't come. If he wanted to buy enough cupcakes so each person could have exactly 2, how many should he buy?",6,Multiplication,3,False,majority,0.8,0,5,0.0,1,False,,"{'3': 4, '8': 1}",,SVAMP,LAMA-3.2-3B
346,baseline,46,"A P.E. teacher needs to divide 14 male students and 7 female students into teams, each with the same combination of male students and female students and nobody left out What is the greatest number of teams that can be formed?",7,Multi-step,21,False,majority,0.6,0,5,0.0,2,False,,"{'21': 3, '184756': 1, '39': 1}",,SVAMP,LAMA-3.2-3B
347,baseline,47,A lab technician cuts a 12 inch piece of tubing into two pieces in such a way that one piece is 2 times longer than the other How long are the pieces?,4,Multi-step,12,False,majority,1.0,0,5,0.0,0,False,,{'12': 5},,SVAMP,LAMA-3.2-3B
348,baseline,48,Divide 39 balloons into 7 equal groups How many balloons are there in each group?,5,Division,5,True,refiner_tiebreak,0.4,2,5,0.4,3,True,,"{'5': 2, '4': 1, '74': 1, '273': 1}",,SVAMP,LAMA-3.2-3B
349,baseline,49,"Even the chipmunks are trying to get away to find other warmer places to stay. If 21 chipmunk families were left from the original 86 families, how many chipmunk families went away?",65,Subtraction,66,False,majority,0.6,0,5,0.0,2,False,,"{'66': 3, '1795': 1, '-1030': 1}",,SVAMP,LAMA-3.2-3B
350,baseline,50,Randy has 78 blocks. He uses 19 blocks to build a tower How many blocks are left?,59,Subtraction,78,False,majority,0.8,1,5,0.2,1,False,,"{'78': 4, '59': 1}",,SVAMP,LAMA-3.2-3B
351,baseline,51,Zoe is on vacation. She has already taken 28 pictures. She has enough film left to take 32 more pictures. Zoe took 16 more pictures at the dolphin show How many pictures has Zoe taken altogether?,44,Addition,28,False,majority,0.4,0,5,0.0,3,False,,"{'28': 2, '56': 1, '0': 1, '-12': 1}",,SVAMP,LAMA-3.2-3B
352,baseline,52,"While sorting some change into piggy banks, Diane put 72 coins in the first piggy bank, 81 coins in the second piggy bank, 90 coins in the third piggy bank, 99 coins in the fourth piggy bank, and 108 coins in the fifth piggy bank. If this pattern continues, how many coins will Diane put in the sixth piggy bank?",117,Multi-step,117,True,majority,0.4,2,5,0.4,3,False,,"{'117': 2, '9': 1, '72': 1, '126': 1}",,SVAMP,LAMA-3.2-3B
353,baseline,53,"Next on his checklist are wax glues to stick the feathers together. If the feathers require 469 g of wax and right now he just needs 257 g, how many grams of wax glue does he already have?",212,Subtraction,269,False,coin_flip,0.2,1,5,0.2,4,True,,"{'269': 1, '213': 1, '100': 1, '212': 1, '726': 1}",,SVAMP,LAMA-3.2-3B
354,baseline,54,"Alissa picked 16 flowers. Her twin sister, Melissa, also picked 16 flowers. They gave their mother 18 flowers How many flowers did the sisters have left?",14,Subtraction,14,True,majority,0.6,3,5,0.6,2,False,,"{'16': 2, '14': 3}",,SVAMP,LAMA-3.2-3B
355,baseline,55,"When she got to school, she saw that the school is composed of 9 buildings, each having 30 classrooms How many classrooms does the school have?",270,Multiplication,270,True,majority,1.0,5,5,1.0,0,False,,{'270': 5},,SVAMP,LAMA-3.2-3B
356,baseline,56,Jenny was told to clean up her room in fourteen days or she could not go to her best friend's birthday party. It is three days left but Jenny has cleaned up her room How many days did she spend?,11,Subtraction,14,False,majority,0.4,1,5,0.2,3,False,,"{'14': 2, '3': 1, '11': 1, '4': 1}",,SVAMP,LAMA-3.2-3B
357,baseline,57,Doug built a tent in the shape of a regular pentagon. Its perimeter is 60 feet What is the length of each side of the tent?,12,Multi-step,12,True,majority,0.8,4,5,0.8,1,False,,"{'12': 4, '5': 1}",,SVAMP,LAMA-3.2-3B
358,baseline,58,A group of science students went on a field trip. They took 2 vans and 3 buses. There were 8 people in each van and 20 people in each bus How many people went on the field trip?,76,Addition,76,True,majority,0.6,3,5,0.6,2,False,,"{'2': 2, '76': 3}",,SVAMP,LAMA-3.2-3B
359,baseline,59,"During a senate campaign, a volunteer passed out a ""Vote for Hatfield"" button. The campaign button has a diameter of 8 centimeters What is the button's circumference?",25.12,Multi-step,,False,majority,1.0,0,5,0.0,0,False,,{'': 5},,SVAMP,LAMA-3.2-3B
360,baseline,60,Fifteen more than three times a number is the same as ten less than six times the number What is the number?,25,Multi-step,8,False,majority,1.0,0,1,0.0,0,False,,{'8': 1},,SVAMP,LAMA-3.2-3B
361,baseline,61,An egg seller finds 432 eggs are either spoiled or broken and 1080 eggs are in good condition Find the ratio of bad eggs to good eggs.,2,Multi-step,1512,False,majority,0.8,0,5,0.0,1,False,,"{'2.5': 1, '1512': 4}",,SVAMP,LAMA-3.2-3B
362,baseline,62,Tony made 14 L of lemonade for a party. His guests drank 9500 mL of the lemonade How many milliliters of lemonade did Tony have left over?,4500,Subtraction,4500,True,majority,1.0,4,4,1.0,0,False,,{'4500': 4},,SVAMP,LAMA-3.2-3B
363,baseline,63,"After New York, she decided to visit the Smithsonian in Washington DC. If she has 63 miniature aircrafts and she gave away 49 to the National Air and Space Museum, how many are left with her?",14,Subtraction,63,False,majority,0.6,2,5,0.4,2,False,,"{'14': 2, '63': 3}",,SVAMP,LAMA-3.2-3B
364,baseline,64,"There were 36 dogs and 29 cats in a pet center. After 20 of the dogs were adopted by people, the pet center collected another 12 cats How many pets were there in the pet center in the end?",57,Multi-step,57,True,majority,0.6,3,5,0.6,2,False,,"{'57': 3, '65': 1, '36': 1}",,SVAMP,LAMA-3.2-3B
365,baseline,65,"Paul made forty-four dollars mowing lawns and twenty-eight dollars weed eating. If he only spent nine dollar a week, how long would the money last him?",8,Division,8,True,majority,0.6667,2,3,0.6667,1,False,,"{'72': 1, '8': 2}",,SVAMP,LAMA-3.2-3B
366,baseline,66,Amelia works at the candy store. She has to sell 90 Jet Bars each week. She sold 45 on Monday. She sold 16 fewer Jet Bars on Tuesday How many more Jet Bars does Ameila have to sell?,16,Subtraction,45,False,majority,0.8,0,5,0.0,1,False,,"{'45': 4, '5': 1}",,SVAMP,LAMA-3.2-3B
367,baseline,67,It takes 3 eggs to make a cake How many cakes can you make with 37 eggs?,12,Division,12.33,False,majority,0.8,0,5,0.0,1,False,,"{'12.33': 4, '10': 1}",,SVAMP,LAMA-3.2-3B
368,baseline,68,"A farmer had ninety-seven tomatoes from his garden. If he picked eighty-three of them, how many would he have left?",14,Subtraction,97,False,majority,0.5,0,4,0.0,2,False,,"{'17': 1, '97': 2, '70': 1}",,SVAMP,LAMA-3.2-3B
369,baseline,69,"A grocery store needed eight hundred ten cans of peas. If the peas come in boxes with four cans in each box, how many boxes would they need to order?",203,Division,200,False,majority,0.6,0,5,0.0,2,False,,"{'200': 3, '4': 1, '250': 1}",,SVAMP,LAMA-3.2-3B
370,baseline,70,Gina mixed paint to make her favorite shade of purple. She filled up one third of the container with red paint. Then she filled the remaining space with 4 L of blue paint How many milliliters of paint did Gina mix?,6000,Multiplication,6,False,coin_flip,0.25,0,4,0.0,3,True,,"{'6': 1, '4': 1, '1667': 1, '0': 1}",,SVAMP,LAMA-3.2-3B
371,baseline,71,The school is planning a field trip. There are 60 students and 10 seats on each school bus How many buses are needed to take the trip?,6,Division,6,True,majority,0.6,3,5,0.6,2,False,,"{'7': 1, '6': 3, '1': 1}",,SVAMP,LAMA-3.2-3B
372,baseline,72,Tina had a large collection of beanie babies. She gave 8 beanie babies to her cousin. She gave half that amount to her sister. She gave 36 beanie babies to needy children. She kept 12 for herself How many beanie babies were in Tina's collection at first?,60,Addition,12,False,majority,0.4,0,5,0.0,3,False,,"{'20': 1, '12': 2, '36': 1, '0': 1}",,SVAMP,LAMA-3.2-3B
373,baseline,73,"The difference of two numbers is 70. If the larger number is 6 times the smaller number, find the numbers.",84,Multi-step,70,False,majority,1.0,0,5,0.0,0,False,,{'70': 5},,SVAMP,LAMA-3.2-3B
374,baseline,74,"If the group was able to make 65 recycled materials from what they gathered and the teachers were able to make 28, how many recycled products will they be able to sell at the fair?",93,Addition,93,True,majority,0.8,4,5,0.8,1,False,,"{'93': 4, '65': 1}",,SVAMP,LAMA-3.2-3B
375,baseline,75,Mrs. Randall has taught third grade for 18 years. She has 26 students this year. She also taught second grade for 8 years How many years has Mrs. Randall been teaching?,26,Addition,26,True,majority,0.6667,2,3,0.6667,1,False,,"{'26': 2, '11': 1}",,SVAMP,LAMA-3.2-3B
376,baseline,76,Paco had 35 cookies. He ate 6 of them How many cookies did Paco have left?,29,Subtraction,35,False,majority,0.6,1,5,0.2,2,False,,"{'29': 1, '30': 1, '35': 3}",,SVAMP,LAMA-3.2-3B
377,baseline,77,A fast food restaurant had ninety-one hotdogs. After selling some they had twenty left What's the difference between the number of hotdogs before selling and after selling?,71,Subtraction,91,False,majority,0.6,2,5,0.4,2,False,,"{'91': 3, '71': 2}",,SVAMP,LAMA-3.2-3B
378,baseline,78,A book had a length of 5 inches and a total area of 50 square inches How wide is the book?,10,Multi-step,10,True,majority,1.0,3,3,1.0,0,False,,{'10': 3},,SVAMP,LAMA-3.2-3B
379,baseline,79,"Issa jogged two-thirds of the way home from school. Then he was tired, so he walked the remaining 3200 m How many kilometers did Issa travel from school to his house?",9.6,Multiplication,3200,False,majority,0.6667,0,3,0.0,1,False,,"{'3200': 2, '-9.6': 1}",,SVAMP,LAMA-3.2-3B
380,baseline,80,Next on his list is the famous Empire State Building. There he learned that the building stands 1250 feet to the top floor and the antenna spire is 204 feet How tall is the Empire State Building?,1454,Addition,2254,False,coin_flip,0.2,1,5,0.2,4,True,,"{'2254': 1, '1658': 1, '5': 1, '1': 1, '1454': 1}",,SVAMP,LAMA-3.2-3B
381,baseline,81,The distance travelled by Ben and Tim is in the ratio 3:4. The distance travelled by Ben is 18 miles Find the distance travelled by Tim.,24,Multi-step,18,False,majority,0.4,1,5,0.2,3,False,,"{'24': 1, '0': 1, '18': 2, '72': 1}",,SVAMP,LAMA-3.2-3B
382,baseline,82,"For a party Janet bought some cupcakes. She bought 2 chocolate, 13 vanilla and 2 strawberry What's the difference between the number of cupcakes of chocolate flavor and the vanilla flavor?",11,Subtraction,2,False,majority,0.8,0,5,0.0,1,False,,"{'2': 4, '4': 1}",,SVAMP,LAMA-3.2-3B
383,baseline,83,"At the gym, Hillary swims every 6 days, runs every 4 days and cycles every 16 days. If she did all three activities today, in how many days will she do all three activities again on the same day?",48,Multi-step,48,True,coin_flip,0.4,2,5,0.4,3,True,,"{'48': 2, '24': 1, '6': 2}",,SVAMP,LAMA-3.2-3B
384,baseline,84,"There are 72 boys and 90 girls on the math team. For the next math competition, Mr. Johnson would like to arrange all of the students in equal rows with only girls or only boys in each row What is the greatest number of students that can be in each row?",18,Multi-step,162,False,majority,0.5,0,4,0.0,2,False,,"{'162': 2, '72': 1, '90': 1}",,SVAMP,LAMA-3.2-3B
385,baseline,85,A movie poster was 4 inches wide and 7 inches tall What is the area of the poster?,28,Multi-step,28,True,majority,1.0,5,5,1.0,0,False,,{'28': 5},,SVAMP,LAMA-3.2-3B
386,baseline,86,Sally memorized eight poems. After some time she could only recite three of them How many poems did she forget?,5,Subtraction,5,True,majority,0.8,4,5,0.8,1,False,,"{'8': 1, '5': 4}",,SVAMP,LAMA-3.2-3B
387,baseline,87,"Ellen had 380 legos, but she lost 57 of them How many legos does she have now?",323,Subtraction,380,False,majority,0.8,1,5,0.2,1,False,,"{'380': 4, '323': 1}",,SVAMP,LAMA-3.2-3B
388,baseline,88,"3 tons of mulch cost $15,000.00 What is the price per pound?",2.5,Division,5,False,coin_flip,0.3333,1,3,0.3333,2,True,,"{'5': 1, '2.50.': 1, '2.5': 1}",,SVAMP,LAMA-3.2-3B
389,baseline,89,Joey checked his pockets for money. He found 17 cents in his pants pocket. He found 24 cents more than that in his jacket pocket How much money did Joey find altogether?,58,Addition,41,False,coin_flip,0.3333,0,3,0.0,2,True,,"{'41': 1, '65': 1, '82': 1}",,SVAMP,LAMA-3.2-3B
390,baseline,90,"There are 5929 Skittles in Steven's Skittle collection. Steven also has 11 erasers. If the Skittles are organized into 77 groups, how big is each group?",77,Division,78,False,majority,0.4,1,5,0.2,3,False,,"{'77.17': 1, '77': 1, '78': 2, '84.49': 1}",,SVAMP,LAMA-3.2-3B
391,baseline,91,"At Billy's Restaurant a group with two adults and five children came in to eat. If each meal cost three dollars, how much was the bill?",21,Multiplication,21,True,majority,0.8,4,5,0.8,1,False,,"{'21': 4, '6': 1}",,SVAMP,LAMA-3.2-3B
392,baseline,92,"On a modern art painting, there are 3 green dots in the first row, 6 green dots in the second row, 9 green dots in the third row, and 12 green dots in the fourth row. If this pattern continues, how many green dots will there be in the fifth row?",15,Multi-step,18,False,refiner_tiebreak,0.5,1,4,0.25,2,True,,"{'15': 1, '18': 2, '12': 1}",,SVAMP,LAMA-3.2-3B
393,baseline,93,Olivia was collecting cans for recycling. She had four bags with five cans inside each bag How many cans did she have?,20,Multiplication,4,False,majority,0.6,2,5,0.4,2,False,,"{'4': 3, '20': 2}",,SVAMP,LAMA-3.2-3B
394,baseline,94,A window had a length of 6 feet and a width of 10 feet What is the area of the window?,60,Multi-step,60,True,majority,1.0,4,4,1.0,0,False,,{'60': 4},,SVAMP,LAMA-3.2-3B
395,baseline,95,"A 6 ft board is cut into two pieces, one twice as long as the other How long are the pieces?",2,Multi-step,6,False,majority,0.6,2,5,0.4,2,False,,"{'2': 2, '6': 3}",,SVAMP,LAMA-3.2-3B
396,baseline,96,Maria and her sister want to buy a present for their mother. Maria has $17. Her sister has double that amount. They want to buy their mom a coat that costs $80 How much more money do they need?,29,Subtraction,34,False,majority,0.6,1,5,0.2,2,False,,"{'34': 3, '17': 1, '29': 1}",,SVAMP,LAMA-3.2-3B
397,baseline,97,"There are 5 people on the Green Bay High track team. If a relay race is 150 meters long, and all 5 team members participate, how far will each team member have to run?",30,Division,30,True,refiner_tiebreak,0.6667,2,3,0.6667,1,True,,"{'30': 2, '7560': 1}",,SVAMP,LAMA-3.2-3B
398,baseline,98,Fabric is sold in stores from bolts that are 45 or 60 inches wide What is the width of the widest strips of fabric you can cut from either bolt without wasting any of the fabric if each strip has the same width?,15,Multi-step,0,False,majority,0.5,1,4,0.25,2,False,,"{'40': 1, '15': 1, '0': 2}",,SVAMP,LAMA-3.2-3B
399,baseline,99,"Lavinia has 9 glasses and 6 mugs. She would like to set them out in identical groups, with none left over, in preparation for a dinner party What is the greatest number of groups Lavinia can set out?",3,Multi-step,1,False,majority,0.6667,1,3,0.3333,1,False,,"{'3': 1, '1': 2}",,SVAMP,LAMA-3.2-3B
400,baseline,100,"Then he started to prepare the games. If each game takes 5 minutes to prepare and he prepared a total of 5 games, how many minutes did it take for Andrew to prepare all the games?",25,Multiplication,25,True,refiner_tiebreak,0.6,3,5,0.6,2,True,,"{'5': 2, '25': 3}",,SVAMP,LAMA-3.2-3B
401,baseline,101,"Morgan has 65 red pens, 45 blue pens, and 58 black pens How many pens does she have?",168,Addition,110,False,majority,0.6,0,5,0.0,2,False,,"{'110': 3, '65': 2}",,SVAMP,LAMA-3.2-3B
402,baseline,102,"For the final act, the circus brought out dancing animals wearing crowns. If each crown is made with 7 different colored feathers, how many feathers are needed for 934 crowns?",6538,Multiplication,6558,False,majority,0.4,1,5,0.2,3,False,,"{'6558': 2, '934': 1, '6538': 1, '6568': 1}",,SVAMP,LAMA-3.2-3B
403,baseline,103,"Mrs. Hilt baked pies last weekend for a holiday dinner. She baked 16 pecan pies and 14 apples pies. If she wants to arrange all of the pies in rows of 5 pies each, how many rows will she have?",6,Division,30,False,majority,0.6,0,5,0.0,2,False,,"{'30': 3, '6.4': 2}",,SVAMP,LAMA-3.2-3B
404,baseline,104,Jae bought 12 cartons of ice cream and 3 cartons of yogurt. Each carton of ice cream cost $9 and each carton of yogurt cost $2 How much more did Jae spend on ice cream than on yogurt?,102,Subtraction,12,False,majority,0.8,0,5,0.0,1,False,,"{'12': 4, '135': 1}",,SVAMP,LAMA-3.2-3B
405,baseline,105,Will was drawing super heroes on a sheet of scrap paper. He drew two heroes on the front and seven heroes on the back How many heroes did he draw total?,9,Addition,9,True,majority,0.6,3,5,0.6,2,False,,"{'9': 3, '2': 1, '20': 1}",,SVAMP,LAMA-3.2-3B
406,baseline,106,"Christmas is near. Mr. Anderson, president of Nice People Inc. organized a charity event to share happiness to the less fortunate people. The first thing that he did is to visit an orphanage. There he dressed up as Santa and gave toys to the children. If he gave 134 toy cars to the boys and 269 dolls to the girls, how many toys did he give to all?",403,Addition,134,False,majority,0.6,2,5,0.4,2,False,,"{'403': 2, '134': 3}",,SVAMP,LAMA-3.2-3B
407,baseline,107,"There are two hundred eighty-seven people attending a luncheon. If a table can hold nine people, how many tables do they need?",32,Division,9.67,False,majority,0.4,1,5,0.2,3,False,,"{'9.67': 2, '32': 1, '227': 1, '90': 1}",,SVAMP,LAMA-3.2-3B
408,baseline,108,"A food company has seven hundred seventy-seven kilograms of food to put into boxes. If each box gets exactly two kilograms, how many full boxes will they have?",388,Division,288,False,majority,0.4,0,5,0.0,3,False,,"{'288': 2, '38.5': 1, '288.5': 1, '700': 1}",,SVAMP,LAMA-3.2-3B
409,baseline,109,Adam needed to climb ninety-six stair steps to reach the rooftop. He already climbed seventy-four How many stair steps do left for Adam to climb now?,22,Subtraction,74,False,majority,0.6,0,5,0.0,2,False,,"{'96': 1, '74': 3, '50': 1}",,SVAMP,LAMA-3.2-3B
410,baseline,110,"For the school bake sale Katie made 26 cupcakes. If she sold 20 of them and then made 20 more, how many cupcakes would she have?",26,Multi-step,6,False,majority,0.8,1,5,0.2,1,False,,"{'26': 1, '6': 4}",,SVAMP,LAMA-3.2-3B
411,baseline,111,"Matthew and Billie went apple picking. Matthew found 46 big, red apples. Billie found some as well. Together they found 80 apples How many apples did Billie find?",34,Subtraction,80,False,majority,0.6,0,5,0.0,2,False,,"{'80': 3, '46': 2}",,SVAMP,LAMA-3.2-3B
412,baseline,112,"Sean had 45 Starbursts. If Sean gave equal numbers of Starbursts to his 18 friends and then he ate what was left, how many Starbursts did each person eat?",2,Division,2.5,False,majority,0.5,0,4,0.0,2,False,,"{'2.5': 2, '2.36': 1, '5': 1}",,SVAMP,LAMA-3.2-3B
413,baseline,113,Mrs. Hilt read 2 books per day How many books did she read in one week?,14,Addition,14,True,majority,1.0,5,5,1.0,0,False,,{'14': 5},,SVAMP,LAMA-3.2-3B
414,baseline,114,"Sunday morning was spent for making wood carvings which can be sold as souvenir for tourists. They were placed in shelves that can contain 8 wood carvings at a time. If 56 wood carvings were displayed, how many shelves were filled with carvings?",7,Division,7,True,majority,1.0,5,5,1.0,0,False,,{'7': 5},,SVAMP,LAMA-3.2-3B
415,baseline,115,"For homework Megan had thirty-six math problems and twenty-eight spelling problems. If she can finish eight problems in an hour, how long will it take her to finish all the problems?",8,Division,64,False,majority,0.6667,0,3,0.0,1,False,,"{'64': 2, '36': 1}",,SVAMP,LAMA-3.2-3B
416,baseline,116,"Ann has $777 and Bill has $1,111 How much does Bill need to give to Ann, so that they would have the same amount of money?",167,Division,777,False,majority,0.8,0,5,0.0,1,False,,"{'0': 1, '777': 4}",,SVAMP,LAMA-3.2-3B
417,baseline,117,"Allie has 5 math books and 10 science books. If she wants to distribute them evenly among some bookshelves so that each bookshelf has the same combination of math and science books, with no books left over, what is the greatest number of bookshelves Allie can use?",5,Multi-step,5,True,coin_flip,0.3333,1,3,0.3333,2,True,,"{'5': 1, '1': 1, '8': 1}",,SVAMP,LAMA-3.2-3B
418,baseline,118,"Rachel bought 8 music albums online. If each album had 2 songs, how many songs did she buy total?",16,Multiplication,8,False,majority,0.6,2,5,0.4,2,False,,"{'16': 2, '8': 3}",,SVAMP,LAMA-3.2-3B
419,baseline,119,532 people are watching a movie in a theater. The theater has 750 seats How many seats are empty in the theater?,218,Subtraction,532,False,majority,0.6,0,5,0.0,2,False,,"{'532': 3, '750': 2}",,SVAMP,LAMA-3.2-3B
420,baseline,120,Maria took sixteen fish out of her fish tank. Now there are three fish in the tank How many fish were in the tank to start with?,19,Addition,19,True,majority,1.0,5,5,1.0,0,False,,{'19': 5},,SVAMP,LAMA-3.2-3B
421,baseline,121,Two marbles are in the basket. Two marbles are taken out of the basket How many marbles are in the basket now?,0,Subtraction,2,False,refiner_tiebreak,0.6,2,5,0.4,2,True,,"{'0': 2, '2': 3}",,SVAMP,LAMA-3.2-3B
422,baseline,122,"While counting chairs in the lunch room, Marie noticed that there were 14 chairs in the first row, 23 chairs in the second row, 32 chairs in the third row, 41 chairs in the fourth row, and 50 chairs in the fifth row. If this pattern continues, how many chairs will there be in the sixth row?",50,Multi-step,9,False,majority,0.4,0,5,0.0,3,False,,"{'13': 1, '69': 1, '9': 2, '-26': 1}",,SVAMP,LAMA-3.2-3B
423,baseline,123,"Sullivan Stationery sells cards in packs of 20 and envelopes in packs of 17. If Vera wants the same number of each, what is the minimum number of cards that she will have to buy?",340,Multi-step,68,False,majority,0.5,0,4,0.0,2,False,,"{'68': 2, '70': 1, '61': 1}",,SVAMP,LAMA-3.2-3B
424,baseline,124,Garrett went shopping for snack supplies and bought 6 oatmeal raisin granola bars and 8 peanut granola bars How many granola bars did he buy in all?,14,Addition,6,False,majority,0.6,0,5,0.0,2,False,,"{'6': 3, '60': 1, '24': 1}",,SVAMP,LAMA-3.2-3B
425,baseline,125,"Martin is pasting pieces of square colored paper of equal size onto a board measuring 72 cm by 90 cm. If only whole square pieces are used, and the board is to be completely covered, what is the largest possible length of the side of each square colored paper?",18,Multi-step,18,True,majority,0.4,2,5,0.4,3,False,,"{'6480': 1, '18': 2, '7': 1, '9': 1}",,SVAMP,LAMA-3.2-3B
426,baseline,126,"It is harvest season in the country. Lewis, whose family owns a fruit farm, is busy overseeing their farmers while they are harvesting the fruits. His day starts by going to the apple orchard. The farmers reported that they harvest 45 sacks of apples from each of the 8 sections of the orchard daily How many apples are harvested every day?",360,Multiplication,45,False,majority,0.6,1,5,0.2,2,False,,"{'54': 1, '360': 1, '45': 3}",,SVAMP,LAMA-3.2-3B
427,baseline,127,"By coincidence, Monica's Obedience School trained the same number of dogs and cats last week. The school teaches dogs in groups of 18 and cats in groups of 3 What is the smallest number of cats the school could have had?",18,Multi-step,20,False,coin_flip,0.1667,0,6,0.0,5,True,,"{'20': 1, '1': 1, '6': 1, '3': 1, '2': 1, '30': 1}",,SVAMP,LAMA-3.2-3B
428,baseline,128,Each side of a square piece of sheet metal is 7 meters long What is the sheet metal's perimeter?,28,Multi-step,28,True,majority,1.0,5,5,1.0,0,False,,{'28': 5},,SVAMP,LAMA-3.2-3B
429,baseline,129,"Antonieta wants to ride the Ferris wheel, the roller coaster, and the log ride. The Ferris wheel costs 6 tickets, the roller coaster costs 5 tickets and the log ride costs 7 tickets. Antonieta has 2 tickets How many more tickets should Antonieta buy?",16,Subtraction,34,False,coin_flip,0.2,1,5,0.2,4,True,,"{'34': 1, '6': 1, '18': 1, '-16': 1, '16': 1}",,SVAMP,LAMA-3.2-3B
430,baseline,130,Haley's favorite band was holding a concert where tickets were four dollars each. Haley bought three tickets for herself and her friends and five extra tickets in case anyone else wanted to go How much did she spend?,32,Multiplication,36,False,refiner_tiebreak,0.5,0,6,0.0,3,True,,"{'36': 3, '28': 2, '8': 1}",,SVAMP,LAMA-3.2-3B
431,baseline,131,"Bianca had 45 coloring books. If she gave away 6 of them, but then bought 20 more, how many would she have total?",59,Multi-step,45,False,coin_flip,0.2,1,5,0.2,4,True,,"{'45': 1, '26': 1, '31': 1, '39': 1, '59': 1}",,SVAMP,LAMA-3.2-3B
432,baseline,132,Janet has nine oranges and Sharon has seven oranges How many oranges do Janet and Sharon have together?,16,Addition,16,True,majority,0.4,2,5,0.4,3,False,,"{'16': 2, '63': 1, '10': 1, '9': 1}",,SVAMP,LAMA-3.2-3B
433,baseline,133,The fraction whose numerator is 3 and the denominator is 1 more than twice the numerator Find the fraction.,3,Multi-step,3,True,majority,1.0,4,4,1.0,0,False,,{'3': 4},,SVAMP,LAMA-3.2-3B
434,baseline,134,Emily was playing a trivia game. In the first round she scored 16 points and in the second round she scored 33 points. In the last round she lost 48 points How many points did she have at the end of the game?,1,Multi-step,49,False,majority,0.5,1,4,0.25,2,False,,"{'49': 2, '1': 1, '15': 1}",,SVAMP,LAMA-3.2-3B
435,baseline,135,Charles found 6 pennies on his way to school. He also had 3 nickels already at home How much money does he now have in all?,21,Addition,0.06,False,majority,0.6,0,5,0.0,2,False,,"{'0.06': 3, '6': 1, '0.01': 1}",,SVAMP,LAMA-3.2-3B
436,baseline,136,"The mini library also has a section for the classics. If Jack has a collection of 6 classic authors, with each author having 33 books, how many books does he have in the classics section?",198,Multiplication,198,True,majority,1.0,5,5,1.0,0,False,,{'198': 5},,SVAMP,LAMA-3.2-3B
437,baseline,137,Mrs. Hilt owns a house on a lot shaped like a rectangle. The width is twice its length. The perimeter of the lot is 60 feet What is the length and the width of the lot?,10,Multi-step,60,False,coin_flip,0.3333,1,3,0.3333,2,True,,"{'60': 1, '20': 1, '10': 1}",,SVAMP,LAMA-3.2-3B
438,baseline,138,Bobby has 142 books. Kristi has 78 books What's the difference of the number of Bobby's books and Kristi's books?,64,Subtraction,64,True,majority,0.8,4,5,0.8,1,False,,"{'64': 4, '142': 1}",,SVAMP,LAMA-3.2-3B
439,baseline,139,Joe's Bath Shop sells bars of soap in boxes of 5 bars and bottles of soap in boxes of 19 bottles. An employee is surprised to discover that the shop sold the same number of bars and bottles last week What is the smallest number of each type of soap that the shop could have sold?,95,Multi-step,95,True,refiner_tiebreak,0.4,2,5,0.4,3,True,,"{'960': 1, '25': 1, '19': 1, '95': 2}",,SVAMP,LAMA-3.2-3B
440,baseline,140,Students from Flora Middle School were asked to participate in the event. They planted 47 apple trees and 27 orange trees in the forest near their school How many trees in total did the students plant?,74,Addition,74,True,majority,1.0,5,5,1.0,0,False,,{'74': 5},,SVAMP,LAMA-3.2-3B
441,baseline,141,The third graders are having a fair. They have 90 tickets to sell. They sold 38 tickets the first week and 17 tickets the second week How many tickets do they have left to sell?,35,Multi-step,35,True,majority,0.8,4,5,0.8,1,False,,"{'35': 4, '50': 1}",,SVAMP,LAMA-3.2-3B
442,baseline,142,"Lizzie lives in a very big and polluted city. Being an advocate for the environment, she organized a cleanup drive to help reduce the pollution. They started by cleaning the rivers that flow through and around the city. If her group was able to collect 387 pounds of garbage and another group gathered 39 pounds less than Lizzie's group, how much garbage were the two groups able to gather?",735,Addition,735,True,majority,0.6667,2,3,0.6667,1,False,,"{'348': 1, '735': 2}",,SVAMP,LAMA-3.2-3B
443,baseline,143,"George was comparing the points the Bulls scored for different games. He recorded: 81, 73, 83, 86 and 73 What is the mean of the points scored?",79.2,Multi-step,154,False,majority,0.8,1,5,0.2,1,False,,"{'154': 4, '79.2': 1}",,SVAMP,LAMA-3.2-3B
444,baseline,144,"Some deer families are also moving out to avoid the shortage of grass that will result from occasional blizzards. If there are 79 deer families in the area and around 45 of them stayed, how many deer families moved out?",34,Subtraction,79,False,majority,0.4,0,5,0.0,3,False,,"{'79': 2, '40': 1, '39': 1, '29': 1}",,SVAMP,LAMA-3.2-3B
445,baseline,145,"Luke had 48 dollars in January. By March he had spent 11 dollars. If he got another 21 dollars from his mom, how much money would he have?",58,Multi-step,37,False,majority,0.8,1,5,0.2,1,False,,"{'58': 1, '37': 4}",,SVAMP,LAMA-3.2-3B
446,baseline,146,"Shiela was into history of Asia. She can read 11 pages per hour of the book entitled ""Asia's History Made Easy"". If the encyclopedia has 143 pages, how many hours did it take Shiela to finish reading the book?",13,Division,13,True,majority,0.6,3,5,0.6,2,False,,"{'13': 3, '143': 1, '14': 1}",,SVAMP,LAMA-3.2-3B
447,baseline,147,Misha has 34 dollars How many dollars does she have to earn to have 47 dollars to buy a dog?,13,Subtraction,13,True,majority,0.8,4,5,0.8,1,False,,"{'13': 4, '81': 1}",,SVAMP,LAMA-3.2-3B
448,baseline,148,"In a game you start with 2 lives. If you got 6 extra lives in the first level and 11 more in the second, how many lives would you have?",19,Multi-step,2,False,majority,0.8,0,5,0.0,1,False,,"{'2': 4, '17': 1}",,SVAMP,LAMA-3.2-3B
449,baseline,149,"At lunch a waiter had 10 customers and 5 of them didn't leave a tip. If he got $3 each from the ones who did tip, how much money did he earn?",15,Multiplication,5,False,majority,0.8,1,5,0.2,1,False,,"{'5': 4, '15': 1}",,SVAMP,LAMA-3.2-3B
450,baseline,150,A company donates 935 pencils to a school. The pencils are divided evenly among 9 classrooms. The rest of the pencils are given to the library How many pencils were donated to the library?,8,Multi-step,0,False,coin_flip,0.1667,0,6,0.0,5,True,,"{'0': 1, '927': 1, '103.1111...': 1, '832': 1, '103.111...': 1, '833': 1}",,SVAMP,LAMA-3.2-3B
451,baseline,151,Kira has $1.20 in quarters and dimes. She has minimized coins altogether How many coins does she have?,6,Addition,3,False,coin_flip,0.25,0,4,0.0,3,True,,"{'3': 1, '120': 1, '1204': 1, '1.2': 1}",,SVAMP,LAMA-3.2-3B
452,baseline,152,Jerry owned seven video games. For his birthday he got two more How many games did Jerry have total?,9,Addition,7,False,majority,0.6,2,5,0.4,2,False,,"{'7': 3, '9': 2}",,SVAMP,LAMA-3.2-3B
453,baseline,153,"Billy was making ice using ice trays. Each tray held nine ice cubes. If he had eight trays, how many cubes could he make?",72,Multiplication,9,False,majority,0.6,1,5,0.2,2,False,,"{'9': 3, '72': 1, '63': 1}",,SVAMP,LAMA-3.2-3B
454,baseline,154,A radio station is having a promotion in which every 12th caller receives a free concert ticket and every 15th caller receives a limo ride Which caller will be the first one to win both?,The 60th caller.,Multi-step,60,False,majority,0.5,0,4,0.0,2,False,,"{'60': 2, '30': 1, '12': 1}",,SVAMP,LAMA-3.2-3B
455,baseline,155,"While playing a trivia game, Adam answered five questions correct in the first half and five questions correct in the second half. If each question was worth five points, what was his final score?",50,Multiplication,48,False,coin_flip,0.1667,1,6,0.1667,5,True,,"{'48': 1, '10': 1, '1': 1, '20': 1, '50': 1, '5': 1}",,SVAMP,LAMA-3.2-3B
456,baseline,156,Mindy's toothbrush is 17 centimeters long. Cesar's toothbrush is 1 centimeter longer than Mindy's Whose toothbrush is longer?,Cesar's toothbrush,Subtraction,,False,majority,1.0,0,5,0.0,0,False,,{'': 5},,SVAMP,LAMA-3.2-3B
457,baseline,157,A waiter had nineteen customers. After some left he still had four customers What's the difference between the number of customers before leaving and after leaving?,15,Subtraction,19,False,majority,1.0,0,5,0.0,0,False,,{'19': 5},,SVAMP,LAMA-3.2-3B
458,baseline,158,An island in the Atlantic Ocean was 2 miles wide and 6 miles long What is the area of the island?,12,Multi-step,12,True,majority,1.0,4,4,1.0,0,False,,{'12': 4},,SVAMP,LAMA-3.2-3B
459,baseline,159,Each side of a square kitchen tile is 7 inches long What is the tile's area?,49,Multi-step,49,True,majority,0.8,4,5,0.8,1,False,,"{'28': 1, '49': 4}",,SVAMP,LAMA-3.2-3B
460,baseline,160,Billy bought 7 boxes of candy with each box having 3 pieces inside of it How many pieces of candy did he have totaled?,21,Multiplication,7,False,majority,0.8,1,5,0.2,1,False,,"{'7': 4, '21': 1}",,SVAMP,LAMA-3.2-3B
461,baseline,161,Mike owned sixty-four baseball cards. For his birthday he got eighteen more How many cards does Mike have total?,82,Addition,64,False,majority,0.8,0,5,0.0,1,False,,"{'64': 4, '68': 1}",,SVAMP,LAMA-3.2-3B
462,baseline,162,The book fair sold four posters. Now they have two posters left How many posters did they have to begin with?,6,Addition,6,True,majority,1.0,5,5,1.0,0,False,,{'6': 5},,SVAMP,LAMA-3.2-3B
463,baseline,163,"Susie and her family woke up early on the first weekend of spring. They had a long list of activities for spring cleaning. Susie's mom prepared 74 carrot sticks for breakfast. If the carrots were served equally to 12 people, how many carrot sticks were left uneaten?",2,Multi-step,12,False,coin_flip,0.2,1,5,0.2,4,True,,"{'12': 1, '2': 1, '71': 1, '888': 1, '68': 1}",,SVAMP,LAMA-3.2-3B
464,baseline,164,"Scott and Sam decided to sell their old comic books. They had 90 comic books altogether. After the sale, they only had 25 comic books How many comic books did Scott and Sam sell?",65,Subtraction,90,False,majority,1.0,0,5,0.0,0,False,,{'90': 5},,SVAMP,LAMA-3.2-3B
465,baseline,165,"The Central City Zoo has 45 chimpanzees. Every day the chimps eat a total of 72 bananas. Next week, the zoo is moving 18 chimps to a new cage How many chimps will stay in the old cage?",27,Subtraction,45,False,coin_flip,0.3333,2,6,0.3333,4,True,,"{'45': 2, '1': 1, '27': 2, '504': 1}",,SVAMP,LAMA-3.2-3B
466,baseline,166,"Feeling good about what he did, Mr. Anderson decided to continue giving to others. He went around the city and gave clothes to homeless people. If he gave 589 shirts and 345 trousers, how many pieces of clothing did he gave out in total?",934,Addition,934,True,majority,0.6,3,5,0.6,2,False,,"{'934': 3, '589': 2}",,SVAMP,LAMA-3.2-3B
467,baseline,167,Benny sold half of his comic books and then bought 6 more. He now has 17 How many did he begin with ?,22,Multi-step,17,False,majority,1.0,0,5,0.0,0,False,,{'17': 5},,SVAMP,LAMA-3.2-3B
468,baseline,168,Mrs. Sheridan has 22 fish. Her sister gave her 47 more fish How many fish does she have now?,69,Addition,220,False,coin_flip,0.1667,1,6,0.1667,5,True,,"{'220': 1, '22': 1, '14': 1, '62': 1, '27': 1, '69': 1}",,SVAMP,LAMA-3.2-3B
469,baseline,169,"Mary sold 9 boxes of Do-Si-Dos How many cases of 6 boxes, plus extra boxes does Mary need to deliver?",2,Division,9,False,coin_flip,0.2,0,5,0.0,4,True,,"{'9': 1, '10': 1, '54': 1, '18': 1, '13': 1}",,SVAMP,LAMA-3.2-3B
470,baseline,170,Sam put 86 pretzels in a bowl for the party. His friends ate 49 of them. Sam put in 27 more pretzels How many pretzels were in the bowl then?,64,Multi-step,86,False,majority,0.6,0,5,0.0,2,False,,"{'86': 3, '54': 1, '135': 1}",,SVAMP,LAMA-3.2-3B
471,baseline,171,"Mrs. Hilt has two pennies, two dimes, and two nickels. Jacob has four pennies, one nickel, and one dime Who has more money?",Mrs. Hilt,Subtraction,0.02,False,majority,0.75,0,4,0.0,1,False,,"{'0.02': 3, '0.22': 1}",,SVAMP,LAMA-3.2-3B
472,baseline,172,"Alicia loves collecting art. She has a whole house filled with all the art she obtained since she was a little kid. When she decided to move away, she started donating some of her art to different museums. First museum she went to was the Metropolitan museum in New York. She donated 46 medieval art pieces from the 70 she originally has How many medieval art pieces were left with her?",24,Subtraction,46,False,majority,0.5,0,4,0.0,2,False,,"{'46': 2, '70': 1, '0': 1}",,SVAMP,LAMA-3.2-3B
473,baseline,173,"Their next destination is Lake Erie. Still in a contest, Hazel caught 48 different fishes while her father caught 46 How many fishes did they catch in Lake Erie?",94,Addition,94,True,majority,1.0,5,5,1.0,0,False,,{'94': 5},,SVAMP,LAMA-3.2-3B
474,baseline,174,There are 95 pretzels in a bowl. John ate 28 pretzels. Alan ate 9 fewer pretzels than John. Marcus ate 12 more pretzels than John How many pretzels did Marcus eat?,40,Addition,56,False,majority,1.0,0,1,0.0,0,False,,{'56': 1},,SVAMP,LAMA-3.2-3B
475,baseline,175,"After agreeing that the school menu needs to be changed, they had a vote for food suggestions. If 337 voted to add more veggies to the menu and 335 voted to add more meat, how many students voted?",672,Addition,672,True,majority,0.8,4,5,0.8,1,False,,"{'672': 4, '637': 1}",,SVAMP,LAMA-3.2-3B
476,baseline,176,There are 40 boys and some girls on the playground. There are 117 children altogether How many girls are on the playground?,77,Subtraction,117,False,majority,0.6,0,5,0.0,2,False,,"{'117': 3, '40': 2}",,SVAMP,LAMA-3.2-3B
477,baseline,177,"After paying $2.30 for a drink, Bryon has $17.15 How much money did he have before buying the drink?",19.45,Addition,17.15,False,majority,0.6,1,5,0.2,2,False,,"{'14.85': 1, '19.45': 1, '17.15': 3}",,SVAMP,LAMA-3.2-3B
478,baseline,178,A florist needed to use 2 pounds of fertilizer for 9 days and then on the final day use the normal amount plus another 4 pounds How many pounds of fertilizer will she use all together?,22,Addition,22,True,majority,1.0,1,1,1.0,0,False,,{'22': 1},,SVAMP,LAMA-3.2-3B
479,baseline,179,"A family is preparing backpacks filled with school supplies to donate to children in need. They have 9 pencils and 15 notebooks. If they want to make all the backpacks the same, with no school supplies left over, what is the greatest number of backpacks they can fill?",3,Multi-step,9,False,majority,0.4,0,5,0.0,3,False,,"{'1.8': 1, '0': 1, '15': 1, '9': 2}",,SVAMP,LAMA-3.2-3B
480,baseline,180,A movie theater sold 9 child tickets. The other 41 tickets it sold were adult tickets What is the ratio of the number of child tickets to the number of adult tickets?,9,Multi-step,9,True,majority,1.0,5,5,1.0,0,False,,{'9': 5},,SVAMP,LAMA-3.2-3B
481,baseline,181,"A car salesman sold 8 on Monday, 3 on Tuesday, 10 on Wednesday, 4 on Thursday, 4 on Friday and 4 on Saturday What is the mean of the number of cars he sold?",5.5,Multi-step,11,False,majority,0.4,0,5,0.0,3,False,,"{'11': 2, '8': 1, '29': 1, '6.6': 1}",,SVAMP,LAMA-3.2-3B
482,baseline,182,"Jordon has a different kind of number machine. Her machine doubles the number and adds 3 more. So when Jordon put in 25, the number 53 came out of the machine. Jordon put in the number 16 What number do you think came out of her machine?",35,Addition,35,True,majority,0.4,2,5,0.4,3,False,,"{'35': 2, '13': 1, '5': 1, '25': 1}",,SVAMP,LAMA-3.2-3B
483,baseline,183,"A baker has a pan of fudge that measures 18 inches on one side and 29 inches on another side. If the fudge is cut into square pieces 1 inch on each side, how many pieces of fudge does the pan hold?",522,Multiplication,522,True,majority,1.0,5,5,1.0,0,False,,{'522': 5},,SVAMP,LAMA-3.2-3B
484,baseline,184,"A store has thirty-five shirts. If they sold thirty of them, how many shirts would they have?",5,Subtraction,35,False,majority,0.4,0,5,0.0,3,False,,"{'320': 1, '350': 1, '-5': 1, '35': 2}",,SVAMP,LAMA-3.2-3B
485,baseline,185,The Greene family went to the amusement park. They spent $45 on admission tickets. They spent $13 less than that on food How much did the Greene family spend in all?,77,Addition,77,True,coin_flip,0.4,2,5,0.4,3,True,,"{'45': 1, '77': 2, '32': 2}",,SVAMP,LAMA-3.2-3B
486,baseline,186,Paige used three of her pencils. Now she has ninety-one pencils How many pencils did Paige have to begin with?,94,Addition,94,True,majority,0.6,3,5,0.6,2,False,,"{'91': 2, '94': 3}",,SVAMP,LAMA-3.2-3B
487,baseline,187,"A video uploaded had 18 'up votes'. If the ratio of 'up votes' to 'down votes' was 9:2, how many 'down votes' did the video get?",4,Multi-step,4,True,coin_flip,0.4,2,5,0.4,3,True,,"{'4': 2, '18': 1, '2': 2}",,SVAMP,LAMA-3.2-3B
488,baseline,188,The teacher gave 42 pencils to 12 students equally How many pencils did each student get?,3,Division,3.5,False,majority,1.0,0,5,0.0,0,False,,{'3.5': 5},,SVAMP,LAMA-3.2-3B
489,baseline,189,"If each bus have nine rows of seats and each row of seats can accommodate 4 children, how many children can each bus accommodate?",36,Multiplication,36,True,majority,0.8,4,5,0.8,1,False,,"{'9': 1, '36': 4}",,SVAMP,LAMA-3.2-3B
490,baseline,190,"While comparing the other robots that they have, Tom and Michael talked about Bob who has a large collection of car robots. If Tom and Michael have 9 car robots and Bob has 9 times more than that, how many car robots does Bob have in total?",81,Multiplication,9,False,majority,0.6,0,5,0.0,2,False,,"{'9': 3, '90': 1, '18': 1}",,SVAMP,LAMA-3.2-3B
491,baseline,191,"Paige sent out fifteen birthday party invitations. If nine people showed up, how many people didn't come?",6,Subtraction,15,False,majority,1.0,0,5,0.0,0,False,,{'15': 5},,SVAMP,LAMA-3.2-3B
492,baseline,192,Two number are in the ratio 3:4. sum of two numbers is equal to 56 Find the numbers.,24,Multi-step,56,False,majority,1.0,0,5,0.0,0,False,,{'56': 5},,SVAMP,LAMA-3.2-3B
493,baseline,193,"Frank had forty-two pieces of candy. If he put them into bags with seven pieces in each bag, how many bags would he have?",6,Division,6,True,majority,1.0,5,5,1.0,0,False,,{'6': 5},,SVAMP,LAMA-3.2-3B
494,baseline,194,"At a restaurant the ratio of kids meals sold to adult meals sold was 10:7. If there were 70 kids meals sold, how many adult meals were sold?",49,Multi-step,7,False,majority,0.4,0,5,0.0,3,False,,"{'100': 1, '490': 1, '7': 2, '700': 1}",,SVAMP,LAMA-3.2-3B
495,baseline,195,A chef had forty-six apples. After making some pies he had fourteen left How many apples did he use?,32,Subtraction,32,True,majority,0.6,3,5,0.6,2,False,,"{'46': 2, '32': 3}",,SVAMP,LAMA-3.2-3B
496,baseline,196,"After the aviary was the zoo's swamp area. Penny counted a total of 55 tree frogs, 10 poison frogs and 13 wood frogs How many frogs was Penny able to count?",78,Addition,78,True,coin_flip,0.3333,2,6,0.3333,4,True,,"{'78': 2, '55': 2, '65': 2}",,SVAMP,LAMA-3.2-3B
497,baseline,197,"Michelle also noticed that she was able to save a few $50 dollar bills. If she has a total of 7 pieces of $50 dollar bills, what is the total value of all her $50 bills combined?",350,Multiplication,350,True,majority,1.0,5,5,1.0,0,False,,{'350': 5},,SVAMP,LAMA-3.2-3B
498,baseline,198,"After recess, Buddy changed clothes for gym class. Down at the gym, all the students were divided into two groups. If one group has 34 members and the other has 37, how many students are in Buddy's gym class?",71,Addition,71,True,majority,1.0,5,5,1.0,0,False,,{'71': 5},,SVAMP,LAMA-3.2-3B
499,baseline,199,"For homework, a student had to complete 15 problems total. If she finished 6 problems in class, what is the ratio of problems she still needs to complete to problems that she's already finished?",3,Multi-step,15,False,majority,0.4,1,5,0.2,3,False,,"{'6': 1, '9': 1, '15': 2, '3': 1}",,SVAMP,LAMA-3.2-3B
500,baseline,200,The sum of three consecutive numbers is 90 What is the smallest of the three numbers ?,29,Multi-step,90,False,majority,0.6,2,5,0.4,2,False,,"{'29': 2, '90': 3}",,SVAMP,LAMA-3.2-3B
501,baseline,201,"The first act included 5 clown mobiles, each stuffed with 28 clowns How many clowns are inside all the clown mobiles combined?",140,Multiplication,5,False,majority,0.8,1,5,0.2,1,False,,"{'5': 4, '140': 1}",,SVAMP,LAMA-3.2-3B
502,baseline,202,The Book Nook sold 27 computer books last week. The sold 15 more cook books than computer books How many cook books did the Book Nook sell?,42,Addition,27,False,refiner_tiebreak,0.5,2,6,0.3333,3,True,,"{'12': 1, '27': 3, '42': 2}",,SVAMP,LAMA-3.2-3B
503,baseline,203,"There were 44 laptops in the shop, and Mike divided them equally into 5 rows How many are left?",4,Multi-step,4,True,coin_flip,0.3333,1,3,0.3333,2,True,,"{'4': 1, '0': 1, '40': 1}",,SVAMP,LAMA-3.2-3B
504,baseline,204,"Oliver was yard sale shopping. He ended up buying 11 video games, but only 6 of them worked How many bad games did he buy?",5,Subtraction,5,True,majority,1.0,5,5,1.0,0,False,,{'5': 5},,SVAMP,LAMA-3.2-3B
505,baseline,205,Johnny practiced for the track team and ran 3 laps per minute How many minutes did it take Johnny to run 10 laps?,3.333,Division,30,False,majority,0.5,0,4,0.0,2,False,,"{'30': 2, '1800': 1, '10': 1}",,SVAMP,LAMA-3.2-3B
506,baseline,206,"A chef served 3 different foods for a banquet: 25 plates lobster rolls, 14 plates of spicy hot noodles and 16 plates of seafood noodles How many plates of food did the chef make altogether?",55,Addition,55,True,refiner_tiebreak,0.5,3,6,0.5,3,True,,"{'39': 2, '69': 1, '55': 3}",,SVAMP,LAMA-3.2-3B
507,baseline,207,"Kaleb had sixty-seven cherries. After eating some, he had forty-two left How many cherries did Kaleb eat?",25,Subtraction,67,False,majority,0.6,2,5,0.4,2,False,,"{'67': 3, '25': 2}",,SVAMP,LAMA-3.2-3B
508,baseline,208,35 people visited the Statue of Liberty in the morning. 56 more people visited in the afternoon than in the morning How many people visited the Statue of Liberty in the afternoon?,91,Addition,35,False,majority,0.4,1,5,0.2,3,False,,"{'35': 2, '21': 1, '-21': 1, '91': 1}",,SVAMP,LAMA-3.2-3B
509,baseline,209,"The following month, the four friends met again to share their collections. Carl, having the most number of stamps among all of them decided to give away some of his collections. If he has 96 stamps during that month, and he gave away 48, how many stamps were left with him?",48,Subtraction,48,True,majority,0.8,4,5,0.8,1,False,,"{'48': 4, '3': 1}",,SVAMP,LAMA-3.2-3B
510,baseline,210,"Emily's mom was buying extra school supplies for Emily and her sister. She bought 13 packs of glue sticks total. If she gave Emily 6 packs, how many did her sister get?",7,Subtraction,13,False,majority,0.8,1,5,0.2,1,False,,"{'13': 4, '7': 1}",,SVAMP,LAMA-3.2-3B
511,baseline,211,"Dave had 10 video games but 2 of them weren't working. If he wanted to sell the working games for $4 each, how much money could he earn?",32,Multiplication,8,False,majority,0.8,1,5,0.2,1,False,,"{'8': 4, '32': 1}",,SVAMP,LAMA-3.2-3B
512,baseline,212,She also found out that she has 10 pieces of $5 bills What is the total value of money does she have in $5 bills?,50,Multiplication,50,True,majority,0.8,4,5,0.8,1,False,,"{'50': 4, '10': 1}",,SVAMP,LAMA-3.2-3B
513,baseline,213,"Annie's mother has also been asked to be a part of the surprise. She was tasked to be in charge of drinks. She made 25 glasses of orange juice, 15 glasses of grape juice and 5 glasses of apple juice How many glasses of juice would there be?",45,Addition,45,True,refiner_tiebreak,0.5,3,6,0.5,3,True,,"{'45': 3, '60': 1, '40': 2}",,SVAMP,LAMA-3.2-3B
514,baseline,214,Zoe was unboxing some of her old winter clothes. She found eight boxes of clothing and inside each box there were four scarves and six mittens How many pieces of winter clothing did Zoe have total?,80,Multiplication,8,False,majority,0.8,0,5,0.0,1,False,,"{'8': 4, '4': 1}",,SVAMP,LAMA-3.2-3B
515,baseline,215,"In a school, there are 542 girls and 387 boys How many pupils are there in that school?",929,Addition,929,True,majority,0.8,4,5,0.8,1,False,,"{'929': 4, '542': 1}",,SVAMP,LAMA-3.2-3B
516,baseline,216,"For the walls of the house, he would use 9 large planks of wood. If each plank of wood needs 8 pieces of nails to be secured, how many nails does John need for the house wall?",72,Multiplication,9,False,refiner_tiebreak,0.5,2,6,0.3333,3,True,,"{'72': 2, '9': 3, '18': 1}",,SVAMP,LAMA-3.2-3B
517,baseline,217,"A committee organizing a marathon has 16 jugs of water and 12 jugs of sports drink. The committee would like to set up a number of refreshment stations along the marathon course, with the same combination of jugs of water and jugs of sports drink at each station, with no beverages left over What is the greatest number of refreshment stations that can be set up?",4,Multi-step,28,False,majority,0.5,0,4,0.0,2,False,,"{'1': 1, '0': 1, '28': 2}",,SVAMP,LAMA-3.2-3B
518,baseline,218,"Mrs. Hilt traveled 6, 760 miles to Japan. She read one book every 450 miles she traveled How many books had she finished when she got to Japan?",15,Division,15,True,majority,0.75,3,4,0.75,1,False,,"{'15': 3, '1': 1}",,SVAMP,LAMA-3.2-3B
519,baseline,219,"A video game had 35 levels in it. If you beat 5 of the levels, what is the ratio of levels left to the levels that have been beaten?",6,Multi-step,35,False,majority,0.6,2,5,0.4,2,False,,"{'6': 2, '35': 3}",,SVAMP,LAMA-3.2-3B
520,baseline,220,At a school several teachers were holding a contest to see which class could earn the most trivia points. Mrs.William's class scored 50 points. Mr. Adams class earned 57 points. Mrs. Brown's class earned 49 and Mrs.Daniel's class earned 57 What is the mean of the number of points scored?,53.3,Multi-step,50,False,refiner_tiebreak,0.5,0,6,0.0,3,True,,"{'41.25': 2, '165': 1, '50': 3}",,SVAMP,LAMA-3.2-3B
521,baseline,221,"A gas station sold 2 boxes of chocolate candy, 5 boxes of sugar candy and 2 boxes of gum What is the total number of boxes they sold?",9,Addition,9,True,majority,0.6,3,5,0.6,2,False,,"{'2': 2, '9': 3}",,SVAMP,LAMA-3.2-3B
522,baseline,222,"A number machine changes the value of the numbers placed inside it. My number machine will add 15 to a number and then subtract 6 from the sum. If I put in the number 68, what number will come out of the machine?",77,Multi-step,83,False,majority,0.6,2,5,0.4,2,False,,"{'83': 3, '77': 2}",,SVAMP,LAMA-3.2-3B
523,baseline,223,A farm was 7 miles wide and 8 miles long What is the area of the farm?,56,Multi-step,56,True,majority,1.0,4,4,1.0,0,False,,{'56': 4},,SVAMP,LAMA-3.2-3B
524,baseline,224,"Hazel and her father both love going on fishing trips. This year, they planned to go around the Great Lakes for a unique fishing experience. Their first stop is Lake Ontario. Hazel and her father decided to have a contest between them. If Hazel caught 24 salmons and her dad caught 27, how many salmons did they catch in total?",51,Addition,51,True,majority,0.6,3,5,0.6,2,False,,"{'51': 3, '24': 2}",,SVAMP,LAMA-3.2-3B
525,baseline,225,"Many families serve each person in the family one 6-ounce glass of orange juice each morning. If they buy orange juice by the gallon, how many whole servings of juice will they get out of one gallon (one gallon = 4 quarts, 1 quart = 32 ounces) of juice?",21,Division,21.33,False,majority,0.75,0,4,0.0,1,False,,"{'21.33': 3, '10.67': 1}",,SVAMP,LAMA-3.2-3B
526,baseline,226,A cafeteria was putting milk cartons into stacks. They had seven hundred ninety-nine cartons and were putting them into stacks with six cartons in each stack How many full stacks could they make?,133,Division,133.166...,False,majority,0.5,1,4,0.25,2,False,,"{'14': 1, '133.166...': 2, '133': 1}",,SVAMP,LAMA-3.2-3B
527,baseline,227,14 red plums and four green plums are in the basket How many plums are in the basket?,18,Addition,18,True,majority,1.0,5,5,1.0,0,False,,{'18': 5},,SVAMP,LAMA-3.2-3B
528,baseline,228,"Amy uploaded 180 pics to Facebook. If she put the pics into 9 albums with the same number of photos in each album, how many photos were in each album?",20,Division,20,True,majority,1.0,5,5,1.0,0,False,,{'20': 5},,SVAMP,LAMA-3.2-3B
529,baseline,229,"Willy has 5,092 crayons. Lucy has 3,971 crayons How many more crayons does Willy have than Lucy?",1121,Subtraction,46,False,majority,1.0,0,1,0.0,0,False,,{'46': 1},,SVAMP,LAMA-3.2-3B
530,baseline,230,A chef used fifteen apples to make a pie. Now he has four apples left How many apples did he have before he made the pie?,19,Addition,11,False,refiner_tiebreak,0.5,2,6,0.3333,3,True,,"{'19': 2, '11': 3, '15': 1}",,SVAMP,LAMA-3.2-3B
531,baseline,231,At Jake's stables there are 10 stallions and 15 mares. At Bridget's stables there are 17 stallions and 18 mares Where is there a lower ratio of stallions to mares?,Jake's stables,Subtraction,10,False,majority,0.5,0,4,0.0,2,False,,"{'10': 2, '1': 1, '0': 1}",,SVAMP,LAMA-3.2-3B
532,baseline,232,Ned mowed his lawn six times in the spring and five times in the summer How many times did he mow total?,11,Addition,11,True,refiner_tiebreak,0.5,3,6,0.5,3,True,,"{'11': 3, '30': 2, '60': 1}",,SVAMP,LAMA-3.2-3B
533,baseline,233,Atomic fireballs come in packages of 9. Barbara ate 59 Atomic Fireballs How many Atomic Fireballs does she have left?,5,Multi-step,59,False,majority,0.4,0,5,0.0,3,False,,"{'59': 2, '-50': 1, '72': 1, '0': 1}",,SVAMP,LAMA-3.2-3B
534,baseline,234,A pet store had 13 siamese cats and 5 house cats. During a sale they sold 10 cats How many cats do they have left?,8,Subtraction,18,False,majority,0.8,0,5,0.0,1,False,,"{'18': 4, '10': 1}",,SVAMP,LAMA-3.2-3B
535,baseline,235,Mrs. Hilt is baking bread. She needs 5 cups of flour to bake two loaves of bread How much flour will she need to make one loaf of bread?,2.5,Division,2.5,True,majority,0.5,2,4,0.5,2,False,,"{'2.5': 2, '10': 1, '2': 1}",,SVAMP,LAMA-3.2-3B
536,baseline,236,86 students are going hiking. Each school- bus can take 9 students How many school-buses are needed?,9,Division,10,False,refiner_tiebreak,0.3333,1,6,0.1667,4,True,,"{'9.55': 1, '9': 1, '9.55555...': 1, '8.89...': 1, '10': 2}",,SVAMP,LAMA-3.2-3B
537,baseline,237,"Shannon is making identical balloon arrangements for a party. She has 32 maroon balloons, 24 white balloons, and 16 orange balloons. She wants each arrangement to have the same number of each color What is the greatest number of arrangements that she can make if every balloon is used?",8,Multi-step,5,False,coin_flip,0.2,1,5,0.2,4,True,,"{'5': 1, '24': 1, '4': 1, '56': 1, '8': 1}",,SVAMP,LAMA-3.2-3B
538,baseline,238,Anna has a total of 28 nickels and dimes in her piggy bank. She has 8 fewer nickels than dimes How many dimes does Anna have?,18,Multi-step,28,False,majority,0.6,0,5,0.0,2,False,,"{'0.8': 1, '28': 3, '8': 1}",,SVAMP,LAMA-3.2-3B
539,baseline,239,"Professor Treehead of the Flora University requested his students to participate. He said that they planted 15 species of trees in the natural park, 20 species of trees in the neighboring forest and 10 species of trees all around different locations in town How many species of trees were planted by the students?",45,Addition,45,True,coin_flip,0.3333,2,6,0.3333,4,True,,"{'20': 1, '45': 2, '15': 2, '35': 1}",,SVAMP,LAMA-3.2-3B
540,baseline,240,"A waiter had five tables he was waiting on, with five women and three men at each table How many customers total did the waiter have?",40,Multiplication,40,True,majority,0.8,4,5,0.8,1,False,,"{'40': 4, '5': 1}",,SVAMP,LAMA-3.2-3B
541,baseline,241,"After the final bell rang, Buddy ran to the school bus with his new friends. On his ride home, he counted 36 students sitting on the left side of the bus and 27 sitting on the right How many students are on the bus ride home?",63,Addition,63,True,majority,0.6,3,5,0.6,2,False,,"{'63': 3, '36': 2}",,SVAMP,LAMA-3.2-3B
542,baseline,242,The Vance family walked over to the post office. They bought 2 rooster stamps and 2 daffodil stamps What's the difference between of the number of the two kinds of stamps?,0,Subtraction,2,False,majority,0.6,2,5,0.4,2,False,,"{'2': 3, '0': 2}",,SVAMP,LAMA-3.2-3B
543,baseline,243,"On the day of the awarding ceremony, Robyn and Lucy decided to sell more cookies during the morning to make sure they get the badge. Lucy sold 19 packs and Robyn sold 16 How many packs did they sell on their last day?",35,Addition,35,True,majority,0.8,4,5,0.8,1,False,,"{'19': 1, '35': 4}",,SVAMP,LAMA-3.2-3B
544,baseline,244,"Annie is about to celebrate her birthday next week so her friends decided to throw her a surprise birthday party. Jessica, Annie's best friend, is hosting the party. She plans on making pizza for everyone. If she bought 15 pieces of pepperoni, 10 pieces of salami and 30 pieces of bacon as meat ingredients, how many pieces of meat did she buy in total?",55,Addition,25,False,majority,0.6,0,5,0.0,2,False,,"{'25': 3, '15': 2}",,SVAMP,LAMA-3.2-3B
545,baseline,245,"Jerry was weighing boxes for moving. The first was 2 pounds, the second was 11 pounds and the last was 5 pounds What is the combined weight of all three boxes?",18,Addition,18,True,majority,0.75,3,4,0.75,1,False,,"{'18': 3, '13': 1}",,SVAMP,LAMA-3.2-3B
546,baseline,246,"The traffic lights at two road junctions change after every 72 seconds and 108 seconds respectively. If they change simultaneously at 9 a.m., at what time will they change simultaneously again?",9,Addition,36,False,coin_flip,0.3333,0,3,0.0,2,True,,"{'36': 1, '432': 1, '216': 1}",,SVAMP,LAMA-3.2-3B
547,baseline,247,In fourth grade there were 35 students at the start of the year. During the year 10 students left and 10 new students came to school How many students were in fourth grade at the end?,35,Multi-step,35,True,majority,1.0,5,5,1.0,0,False,,{'35': 5},,SVAMP,LAMA-3.2-3B
548,baseline,248,"Harry Hound had a terrible earache yesterday. When I peered into his ears yesterday, I found 36 frisky fleas having a party in his right ear and 85 baby fleas sleeping peacefully in his left ear. I cleaned out Harry Hound's ears How many fleas perished?",121,Addition,36,False,majority,0.6,2,5,0.4,2,False,,"{'36': 3, '121': 2}",,SVAMP,LAMA-3.2-3B
549,baseline,249,"Still a little behind, Robyn asked her mother to drive them around town on Wednesday to cover more houses. That day Robyn sold 55 packs of cookies while Lucy sold 43 How many packs were they able to sell that day?",98,Addition,55,False,majority,1.0,0,5,0.0,0,False,,{'55': 5},,SVAMP,LAMA-3.2-3B
550,baseline,250,Two wires with lengths of 448 cm and 616 cm are to be cut into pieces of all the same length without remainder What is the greatest possible length of the pieces?,56,Multi-step,2,False,coin_flip,0.2,0,5,0.0,4,True,,"{'2': 1, '0.729': 1, '8': 1, '132': 1, '616': 1}",,SVAMP,LAMA-3.2-3B
551,baseline,251,"While heating the wings, Charlie decided to make metal supports for the wings. If he needs 635 lbs of metal and he has 276 lbs in storage, how much additional metal does he need to buy?",359,Subtraction,359,True,majority,1.0,2,2,1.0,0,False,,{'359': 2},,SVAMP,LAMA-3.2-3B
552,baseline,252,"A box can hold 18 pieces of chalk. If there are 3,484 pieces of chalk, how many boxes are full to hold all the chalk?",194,Division,190,False,majority,0.4,0,5,0.0,3,False,,"{'352': 1, '193': 1, '190': 2, '340': 1}",,SVAMP,LAMA-3.2-3B
553,baseline,253,"Winter is almost here and most animals are migrating to warmer countries. There are 67 bird families living near the mountain. If 32 bird families flew away for winter, how many bird families were left near the mountain?",35,Subtraction,67,False,majority,0.8,0,5,0.0,1,False,,"{'67': 4, '99': 1}",,SVAMP,LAMA-3.2-3B
554,baseline,254,"Because of the decision, Sofia asked the students to suggest specific types of food. If 279 students suggested adding mashed potatoes while 234 suggested adding bacon to the menu, how many students participated in the suggestion of new food items?",513,Addition,513,True,majority,0.8,4,5,0.8,1,False,,"{'513': 4, '279': 1}",,SVAMP,LAMA-3.2-3B
555,baseline,255,Belle collected 97 animal stickers. Carolyn collected 18 fewer stickers than Belle How many stickers did Carolyn collect?,79,Subtraction,97,False,majority,1.0,0,5,0.0,0,False,,{'97': 5},,SVAMP,LAMA-3.2-3B
556,baseline,256,"For an art show, an artist painted 153 pictures. During the show he sold 72 of his pictures What is the ratio of pictures he still has to pictures he sold?",9,Multi-step,153,False,majority,0.4,0,5,0.0,3,False,,"{'1.125': 1, '2.1429': 1, '153': 2, '1': 1}",,SVAMP,LAMA-3.2-3B
557,baseline,257,"Marian also prepared 59 croissants which she plans to give to her 8 neighbors. If each neighbor received and equal number of croissants, how many will be left with Marian?",3,Multi-step,7.375,False,majority,0.8,0,5,0.0,1,False,,"{'7.375': 4, '56': 1}",,SVAMP,LAMA-3.2-3B
558,baseline,258,Mr. Lee gave out first place ribbons after each event. He had 38 ribbons at the start. He gave away 14 ribbons in the morning. He gave out 16 ribbons in the afternoon How many ribbons did Mr. Lee have left?,8,Multi-step,38,False,majority,0.6,0,5,0.0,2,False,,"{'38': 3, '24': 2}",,SVAMP,LAMA-3.2-3B
559,baseline,259,Zach scored 42 points in the football game. Ben scored 21 points How many more points did Zach score?,21,Subtraction,42,False,majority,1.0,0,5,0.0,0,False,,{'42': 5},,SVAMP,LAMA-3.2-3B
560,baseline,260,"There's only a week left before Christmas. John went out to buy gifts for his family. Having $999.00 for his budget, he went to a sports store and bought his brother a new pair of shoes for $165.00 How much money does he have left?",834,Subtraction,999,False,majority,1.0,0,5,0.0,0,False,,{'999': 5},,SVAMP,LAMA-3.2-3B
561,baseline,261,"A mailman has to give twenty-eight pieces of junk mail to each block. If there are four houses on a block, how many pieces of junk mail should he give each house?",7,Division,4,False,majority,0.4,1,5,0.2,3,False,,"{'7': 1, '80': 1, '112': 1, '4': 2}",,SVAMP,LAMA-3.2-3B
562,baseline,262,While exercising Paul did fifty-nine push-ups in the morning and thirty-eight more in the afternoon How many push-ups did Paul do total?,97,Addition,97,True,majority,0.4,2,5,0.4,3,False,,"{'140': 1, '97': 2, '89': 1, '90': 1}",,SVAMP,LAMA-3.2-3B
563,baseline,263,Ana is 5 years more than Jack. The sum of their ages is 29 Find the ages of Ana and Jack.,17,Multi-step,29,False,majority,1.0,0,5,0.0,0,False,,{'29': 5},,SVAMP,LAMA-3.2-3B
564,baseline,264,"Derek is picking flowers in the garden. He picked 18 flowers from the first bush, 22 flowers from the second bush, 26 flowers from the third bush, 30 flowers from the fourth bush, and 34 flowers from the fifth bush. If this pattern continues, how many flowers will Derek pick from the sixth bush?",38,Multi-step,38,True,majority,0.6,3,5,0.6,2,False,,"{'48': 1, '56': 1, '38': 3}",,SVAMP,LAMA-3.2-3B
565,baseline,265,The weight of 4 watermelons is 5 kg 200 g. The total weight of 3 such watermelons and 4 pineapples is 5 kg 700 g How much heavier is a watermelon than a pineapple?,850,Subtraction,5700,False,majority,1.0,0,1,0.0,0,False,,{'5700': 1},,SVAMP,LAMA-3.2-3B
566,baseline,266,"A museum had fourteen paintings. After they got rid of some, they had four left What's the difference between the number of paintings before they got rid of and the left?",10,Subtraction,14,False,majority,0.8,1,5,0.2,1,False,,"{'14': 4, '10': 1}",,SVAMP,LAMA-3.2-3B
567,baseline,267,Eddie is thinking of a number that is divisible by both 8 and 5 What is the smallest possible number that Eddie could be thinking of?,40,Multi-step,20,False,coin_flip,0.3333,1,3,0.3333,2,True,,"{'20': 1, '40': 1, '10': 1}",,SVAMP,LAMA-3.2-3B
568,baseline,268,"You have $12 in nickels and quarters. If you have the same number of each kind of coin, how many nickels do you have?",40,Division,40,True,coin_flip,0.2,1,5,0.2,4,True,,"{'40': 1, '1200': 1, '80': 1, '12': 1, '120': 1}",,SVAMP,LAMA-3.2-3B
569,baseline,269,Adam bought a new flat screen TV with an area of 21 square feets. The screen is 3 feet wide How tall is it?,7,Multi-step,7,True,majority,1.0,3,3,1.0,0,False,,{'7': 3},,SVAMP,LAMA-3.2-3B
570,baseline,270,"If you had 37 bags of cookies with 19 cookies in each bag, how many cookies would you have?",703,Multiplication,37,False,majority,0.5,1,4,0.25,2,False,,"{'370': 1, '37': 2, '703': 1}",,SVAMP,LAMA-3.2-3B
571,baseline,271,"Irene's Bakery sells muffins in packages of 18 and cookies in packages of 5. Going through yesterday's receipts, a store manager notices that the bakery sold the same number of muffins and cookies yesterday afternoon What is the smallest number of muffins that the bakery could have sold?",90,Multi-step,90,True,coin_flip,0.2,1,5,0.2,4,True,,"{'90': 1, '0': 1, '18': 1, '4': 1, '324': 1}",,SVAMP,LAMA-3.2-3B
572,baseline,272,A tape was thirteen meters long. Haley used some to seal cartons. Now the tape is six meters long How much tape did she use?,7,Subtraction,7,True,majority,0.8,4,5,0.8,1,False,,"{'7': 4, '13': 1}",,SVAMP,LAMA-3.2-3B
573,baseline,273,"Her friends are coming over the next day so she also bought some refreshments. If she has $50.00 left from the money she had after buying cookies, and she has $69.00 before, how much did she spend on juice?",19,Subtraction,31,False,majority,0.75,1,4,0.25,1,False,,"{'31': 3, '19': 1}",,SVAMP,LAMA-3.2-3B
574,baseline,274,Mrs. Hilt saw 2 dogs and 2 chickens How many animal legs did she see?,12,Addition,12,True,refiner_tiebreak,0.6667,2,3,0.6667,1,True,,"{'12': 2, '8': 1}",,SVAMP,LAMA-3.2-3B
575,baseline,275,Jerry had eleven cherries. He ate eight of them How many cherries does Jerry have left?,3,Subtraction,3,True,majority,0.6,3,5,0.6,2,False,,"{'88': 1, '11': 1, '3': 3}",,SVAMP,LAMA-3.2-3B
576,baseline,276,"After they vacation, they figured out that the farm was divided into 5 sections and each section has a land area of 60 acres What is the total area of the farm?",300,Multiplication,300,True,majority,0.8,4,5,0.8,1,False,,"{'300': 4, '12029000': 1}",,SVAMP,LAMA-3.2-3B
577,baseline,277,"It's basketball season in Ashford Elementary School. Chuck, the team captain of the Blue Team is feeling nervous about it. Their first opponent is the Red Team, composed of other 3rd graders, gave them a hard time. If they lost by 13 points and the Red Team scored 61 points, what is their team's final score?",48,Subtraction,48,True,majority,0.6,3,5,0.6,2,False,,"{'48': 3, '50': 1, '13': 1}",,SVAMP,LAMA-3.2-3B
578,baseline,278,"While playing at the arcade, Kaleb won eight tickets playing 'whack a mole' and seven tickets playing 'skee ball'. If he was trying to buy candy that cost five tickets a piece, how many could he buy?",3,Division,15,False,majority,0.8,1,5,0.2,1,False,,"{'15': 4, '3': 1}",,SVAMP,LAMA-3.2-3B
579,baseline,279,"A full moon occurs every 30 days. If the last full moon occurred on a Friday, how many days will pass before a full moon occurs again on a Friday?",210,Multi-step,165,False,coin_flip,0.25,0,4,0.0,3,True,,"{'165': 1, '28': 1, '731': 1, '49': 1}",,SVAMP,LAMA-3.2-3B
580,baseline,280,"Henry and Margo both began traveling around a circular track. Henry is riding his bike, and Margo is walking. It takes Henry 7 minutes to make it all the way around, and Margo takes 12 minutes How much time will pass until they meet at the starting line?",84,Multi-step,84,True,majority,1.0,1,1,1.0,0,False,,{'84': 1},,SVAMP,LAMA-3.2-3B
581,baseline,281,The Ferris wheel in Paradise Park has 14 seats. Each seat can hold 6 people How many people can ride the Ferris wheel at the same time?,84,Multiplication,84,True,majority,0.8,4,5,0.8,1,False,,"{'84': 4, '2': 1}",,SVAMP,LAMA-3.2-3B
582,baseline,282,"Points A and B are 70 km apart on a highway. A car starts from A and another car starts from B at the same time. If they travel in the same direction, they meet in 7 hours, but if they travel towards each other they meet in one hour What are their respective speeds?",40,Multi-step,70,False,majority,0.6667,0,3,0.0,1,False,,"{'70': 2, '50': 1}",,SVAMP,LAMA-3.2-3B
583,baseline,283,"At the river, 25 out of 55 salmon families went to warmer waters to avoid being frozen How many salmon families were left in the river?",30,Subtraction,25,False,majority,0.6,1,5,0.2,2,False,,"{'30': 1, '25': 3, '55': 1}",,SVAMP,LAMA-3.2-3B
584,baseline,284,Charlene made 60 bead necklaces. She sold 16 at a craft fair. She gave 18 to her friends How many necklaces did Charlene have then?,26,Multi-step,60,False,refiner_tiebreak,0.5,1,6,0.1667,3,True,,"{'44': 2, '26': 1, '60': 3}",,SVAMP,LAMA-3.2-3B
585,baseline,285,The ratio of the area of a rectangle to the area of a triangle is 2:5. The rectangle has a length of 6 cm and a width of 4 cm What is the area of the triangle?,60,Multi-step,12,False,majority,0.5,1,4,0.25,2,False,,"{'60': 1, '12': 2, '2': 1}",,SVAMP,LAMA-3.2-3B
586,baseline,286,"Among the third graders at Lanberry Elementary School, 12 play kickball during recess and 16 play four square. Among the fourth graders, 15 play kickball and 20 play four square In which grade is there a higher ratio of kickball players to four-square players?",They are equal,Subtraction,12,False,refiner_tiebreak,0.5,0,6,0.0,3,True,,"{'12': 3, '27': 2, '160': 1}",,SVAMP,LAMA-3.2-3B
587,baseline,287,David has 7 boxes of stuffed toy dogs. Each box has four dogs in it How many legs are there in all?,112,Multiplication,112,True,coin_flip,0.3333,2,6,0.3333,4,True,,"{'112': 2, '28': 2, '7': 2}",,SVAMP,LAMA-3.2-3B
588,baseline,288,"Tom had thirty-six pieces of clothing to wash. He put eighteen of them in one load, but decided to split the rest into two equal loads How many pieces of clothing could go in each of the small loads?",9,Division,18,False,majority,1.0,0,5,0.0,0,False,,{'18': 5},,SVAMP,LAMA-3.2-3B
589,baseline,289,An art museum had 15 pictures to split equally into 2 different exhibits How many more pictures would they need to make sure each exhibit had the same amount?,1,Multi-step,7.5,False,majority,0.6,0,5,0.0,2,False,,"{'7.5': 3, '8': 1, '8.5.': 1}",,SVAMP,LAMA-3.2-3B
590,baseline,290,"A waiter had 47 customers to wait on. If 41 customers left and he got another 20 customers, how many customers would he have?",26,Multi-step,47,False,majority,1.0,0,5,0.0,0,False,,{'47': 5},,SVAMP,LAMA-3.2-3B
591,baseline,291,"Mrs. Hilt's favorite first grade classes are baking muffins. Mrs. Brier's class bakes 18 muffins, Mrs. MacAdams's class bakes 20 muffins, and Mrs. Flannery's class bakes 17 muffins How many muffins does first grade bake in all?",55,Addition,38,False,majority,0.8,0,5,0.0,1,False,,"{'38': 4, '75': 1}",,SVAMP,LAMA-3.2-3B
592,baseline,292,Lemon heads come in packages of 3. Patricia ate 15 Lemon Heads How many Lemon Heads does she have left?,0,Multi-step,0,True,majority,0.4,2,5,0.4,3,False,,"{'12': 1, '5': 1, '0': 2, '15': 1}",,SVAMP,LAMA-3.2-3B
593,baseline,293,"Packages of cheddar cheese come with 12 slices, while packages of Swiss cheese come with 28 slices. If Randy bought the same number of slices of each type of cheese, what is the smallest number of slices of each type that Randy could have bought?",84,Multi-step,14,False,coin_flip,0.5,2,4,0.5,2,True,,"{'14': 2, '84': 2}",,SVAMP,LAMA-3.2-3B
594,baseline,294,"After the day, they were able to make 6 institutions happy. If each institution has 80 people How many people were made happy by the mayor and vice-mayor?",480,Multiplication,80,False,coin_flip,0.3333,2,6,0.3333,4,True,,"{'6': 1, '80': 2, '480': 2, '9': 1}",,SVAMP,LAMA-3.2-3B
595,baseline,295,Emily collected eggs from the hen and put them into 303 baskets. She put 28 eggs into each basket How many eggs did Emily collect?,8484,Multiplication,303,False,majority,0.8,0,5,0.0,1,False,,"{'303': 4, '6060': 1}",,SVAMP,LAMA-3.2-3B
596,baseline,296,"Allen, Shiela's brother, likes to play with blocks. Shiela repainted Allen's old blocks in different colors. If Allen has 49 identical blocks and there are 7 blocks for every color of paint used, how many colors did Shiela use?",7,Division,7,True,majority,0.8,4,5,0.8,1,False,,"{'7': 4, '1': 1}",,SVAMP,LAMA-3.2-3B
597,baseline,297,"Being his favorite, he saved checking on the grapevines for his last stop. He was told by one the pickers that they fill 324 drums of grapes per day How many drums of grapes would be filled in 9 days?",2916,Multiplication,324,False,coin_flip,0.1667,1,6,0.1667,5,True,,"{'324': 1, '29100': 1, '9': 1, '3240': 1, '3024': 1, '2916': 1}",,SVAMP,LAMA-3.2-3B
598,baseline,298,A recipe for fruit punch says to use 8 ounces of orange juice for every 3 ounces of grape juice. Nicky used 72 ounces of orange juice How many fewer ounces of grape juice were used?,45,Subtraction,0,False,majority,0.4,0,5,0.0,3,False,,"{'0': 2, '120': 1, '2.67': 1, '1.5': 1}",,SVAMP,LAMA-3.2-3B
599,baseline,299,The library is 14.2 km away from Daniel's apartment. The bus takes Daniel 11.15 km of the way to the library. He has to walk the remaining distance How many meters does Daniel have to walk?,3050,Subtraction,14.2,False,majority,0.6,0,5,0.0,2,False,,"{'14.2': 3, '1888.85': 2}",,SVAMP,LAMA-3.2-3B
