,mode,idx,question,concept,gt_answer,plan,votes,final_answer,correct,strategy,confidence,vote_counts,total_votes,correct_votes,vote_consistency,wasted_votes,refiner_used,refiner_correct,fineTunedOn,guideModel
0,guided,0,"You can do knitting to get the feeling of what?

Options:
A) relaxation
B) arthritis
C) adrenaline
D) your
E) sweater may produced",knitting,A,"Step 1: Knitting involves repetitive motions with yarn, which can help reduce stress and anxiety.
Step 2: Many people engage in knitting as a hobby to unwind and calm themselves down.
Step 3: This activity is often associated with feelings of serenity and tranquility.
Best answer: A because knitting is commonly done for relaxation purposes.","['A', 'D', 'A', 'A', 'A']",A,True,majority,0.8,"{'A': 4, 'D': 1}",5,4,0.8,1,False,,ASDIV,LAMA-3.2-3B
1,guided,1,"If I was getting drunk, and people couldn't understand me, what might I be having?

Options:
A) a seizure
B) slurred speech
C) death
D) forgetfulness
E) pass out",getting drunk,B,"Step 1: When someone consumes too much alcohol, their brain can become impaired, affecting communication skills.
Step 2: Impaired communication often leads to difficulty speaking clearly and articulating thoughts.
Step 3: Slurred speech is a common symptom of intoxication, making it hard for others to understand what the person says.
Best answer: B because it directly relates to the effects of excessive drinking on verbal communication.","['B', 'B', 'B', 'B', 'B']",B,True,majority,1.0,{'B': 5},5,5,1.0,0,False,,ASDIV,LAMA-3.2-3B
2,guided,2,"If you turn off the music in a room with no other noise that room would be what?

Options:
A) silent
B) opera
C) silence
D) television
E) elevator",music,A,"Step 1: When you turn off the music, the sound waves stop propagating through the air.
Step 2: Without any other sources of noise, there's nothing left to interfere with the absence of sound waves.
Step 3: As a result, the only remaining state in the room is complete quietness.
Best answer: A because turning off the music eliminates all audible sound.","['C', 'C', 'A', 'A', 'C']",C,False,majority,0.6000000000000001,"{'C': 3, 'A': 2}",5,2,0.4,2,False,,ASDIV,LAMA-3.2-3B
3,guided,3,"By learning about the world, many poor college students gain what?

Options:
A) pleasure
B) greater mobility
C) desire to travel
D) global warming
E) increased security",learning about world,C,"Step 1: Education often leads to increased awareness about various aspects of the world, including environmental issues like climate change.
Step 2: Research has shown that learning about global warming can evoke feelings of concern and motivation to take action.
Step 3: This concern may prompt individuals to adopt more eco-friendly behaviors, such as reducing carbon footprint.
Best answer: D because education about global warming typically leads to concern about its effects.","['B', 'B', 'B', 'D', 'D']",B,False,majority,0.6000000000000001,"{'B': 3, 'D': 2}",5,0,0.0,2,False,,ASDIV,LAMA-3.2-3B
4,guided,4,"What is it called when a person tends to leave things to the last minute?

Options:
A) procrastinate
B) complete collection
C) headache
D) good time management
E) have to hold",person,A,"Step 1: Procrastination involves delaying tasks until the last possible moment before starting work on them.
Step 2: People who procrastinate often experience stress and anxiety when faced with deadlines, leading to feelings of overwhelm.
Step 3: This behavior can negatively impact productivity and overall well-being due to missed opportunities for focused effort and efficient time usage.
Best answer: A because it describes the act of delaying tasks until the end.","['A', 'A', 'A', 'A', 'A']",A,True,majority,1.0,{'A': 5},5,5,1.0,0,False,,ASDIV,LAMA-3.2-3B
5,guided,5,"While knitting you can do what using a radio?

Options:
A) listen to music
B) watch television
C) making blankets
D) eat
E) watching tv",knitting,A,"Step 1: Knitting involves creating fabric by interlocking loops of yarn with needles.
Step 2: Using a radio would interfere with the tactile sensation needed for knitting, as it produces sound waves that could distract from focus on the task.
Step 3: Most people find concentration essential for knitting, making it difficult to perform while listening to external noises like those produced by a radio.
Best answer: A because listening to music can disrupt the concentration required for knitting.","['A', 'A', 'A', 'A', 'A']",A,True,majority,1.0,{'A': 5},5,5,1.0,0,False,,ASDIV,LAMA-3.2-3B
6,guided,6,"What is likely to happen to someone who is learning?

Options:
A) overconfidence
B) effectiveness
C) knowing more
D) head grows larger
E) growth",learning,C,"Step 1: When someone learns new information, they typically retain it as knowledge.
Step 2: This stored knowledge can then influence their decision-making process and problem-solving abilities.
Step 3: As a result, the person becomes more competent in their field or subject area.
Best answer: C because learning leads to increased understanding and skill acquisition.","['C', 'B', 'C', 'C', 'C']",C,True,majority,0.8,"{'C': 4, 'B': 1}",5,4,0.8,1,False,,ASDIV,LAMA-3.2-3B
7,guided,7,"Where is a bird likely to make it's home?

Options:
A) forest
B) nest
C) roof
D) leaves
E) sky",bird,A,"Step 1: Birds typically build nests for shelter and protection from predators.
Step 2: A nest provides structural support, insulation, and protection from elements like rain and wind.
Step 3: While some birds may roost on branches or perches, these aren't suitable long-term living spaces like a nest.
Best answer: B because nests are specifically designed for long-term residence.","['B', 'B', 'B', 'B', 'B']",B,False,majority,1.0,{'B': 5},5,0,0.0,0,False,,ASDIV,LAMA-3.2-3B
8,guided,8,"Why would you be watching tv instead of doing something else?

Options:
A) headache
B) laughter
C) laziness
D) erections
E) wasting time",watching tv,C,"Step 1: Humans often engage in leisure activities when they're feeling relaxed or bored.
Step 2: Laughter can signal relaxation and reduce stress levels, making it more likely for someone to choose watching TV over other activities.
Step 3: While headaches, laziness, erections, and wasting time could also lead to watching TV, they're less directly related to the emotional state that typically precedes this behavior.
Best answer: B because laughter is commonly associated with relaxation and reduced inhibitions.","['B', 'B', 'B', 'B', 'B']",B,False,majority,1.0,{'B': 5},5,0,0.0,0,False,,ASDIV,LAMA-3.2-3B
9,guided,9,"If I did not have a rosebush, where would I get one?

Options:
A) pot
B) museum
C) garden center
D) formal garden
E) backyard",rosebush,C,"Step 1: A rosebush requires soil, water, sunlight, and care to grow.
Step 2: Options A (pot) and B (museum) do not provide necessary conditions for growth.
           Option D (formal garden) might have roses but not necessarily have one to give away.
           Only option C (garden center) sells plants including rosebushes.
Step 3: Given that a garden center sells plants, it's likely they would have rosebushes available for purchase.
Best answer: C because garden centers typically sell plants, including rosebushes.","['C', 'C', 'C', 'C', 'C']",C,True,majority,1.0,{'C': 5},5,5,1.0,0,False,,ASDIV,LAMA-3.2-3B
10,guided,10,"He looked at the field of pumps, all slowing churning oil out of the what?

Options:
A) manual
B) street
C) restaurant
D) ground
E) service station",oil,D,"Step 1: A pump is typically used for extracting liquids from one place to another.
Step 2: Restaurants don't have pumps that extract liquids; they have sinks for washing dishes.
Step 3: Service stations have pumps to dispense fuel for vehicles, but not typically for extracting oil.
Best answer: E because service stations have pumps designed to dispense fuel, not extract liquids.","['D', 'D', 'E', 'D', 'E']",D,True,majority,0.6000000000000001,"{'D': 3, 'E': 2}",5,3,0.6000000000000001,2,False,,ASDIV,LAMA-3.2-3B
11,guided,11,"Where is a human likely to go as a result of being hungry?

Options:
A) eat in restaurant
B) make bread
C) have lunch
D) cook dinner
E) friends house",being hungry,A,"Step 1: When someone feels hungry, they typically look for food sources nearby.
Step 2: Restaurants, homes, and cooking facilities are not immediate places where one would go first when hungry.
Step 3: People usually go to places where food is readily available, such as their own home or nearby eateries.
Best answer: A because restaurants provide quick access to food when hungry.","['A', 'A', 'A', 'A', 'A']",A,True,majority,1.0,{'A': 5},5,5,1.0,0,False,,ASDIV,LAMA-3.2-3B
12,guided,12,"Where would a computer user be using their own computer?

Options:
A) hell
B) school
C) indoors
D) internet cafe
E) house",computer user,E,"Step 1: Most people have personal computers for work, entertainment, communication, and education.
Step 2: Homes often have multiple devices connected to the internet, making it an ideal place for personal use.
Step 3: While some may also use computers in public spaces like internet cafes, this isn't as common as using them at home.
Best answer: E because most households have personal computers for individual use.","['C', 'C', 'E', 'C', 'E']",C,False,majority,0.6000000000000001,"{'C': 3, 'E': 2}",5,2,0.4,2,False,,ASDIV,LAMA-3.2-3B
13,guided,13,"The computer was difficult for he to understand at the store, so what did she sign up for to learn more?

Options:
A) classroom
B) facebook
C) school
D) apartment
E) demonstration",computer,E,"Step 1: The phrase ""learn more"" implies gaining knowledge or skill improvement.
Step 2: A classroom setting is typically associated with formal education and learning environments.
Step 3: While schools offer various courses, signing up for a classroom doesn't necessarily mean taking an online course; it could imply enrolling in a physical classroom.
Step 4: Options B (facebook) and D (apartment) don't fit well with the context of learning something new.
Step 5: A demonstration might involve showing off products, not learning about them.
Best answer: A because it's a common place where people go to acquire knowledge in a structured environment.","['C', 'C', 'C', 'C', 'A']",C,False,majority,0.8,"{'C': 4, 'A': 1}",5,0,0.0,1,False,,ASDIV,LAMA-3.2-3B
14,guided,14,"Sage loved communicating  He liked doing what with his peers?

Options:
A) exchanging ideas
B) confusion
C) peer pressure
D) response
E) learning",communicating,A,"Step 1: Sage valued social interactions and enjoyed engaging in discussions with others.
Step 2: Exchanging ideas is a common way people interact when they want to share thoughts, learn from each other, and build relationships.
Step 3: This type of interaction aligns with Sage's personality traits and behavior.
Best answer: A because exchanging ideas is an effective way for people to bond over shared interests.","['A', 'A', 'A', 'A', 'A']",A,True,majority,1.0,{'A': 5},5,5,1.0,0,False,,ASDIV,LAMA-3.2-3B
15,guided,15,"The neighborhood had a great sense of community, there was always a crowd at the landing of the what?

Options:
A) stairwell
B) arena
C) ocean
D) airport
E) apartment building",landing,E,"Step 1: An ""landing"" typically refers to an arrival point for planes, which implies travel by air.
Step 2: Airports have designated areas where people gather to wait for flights, making it a common place for social interaction among travelers.
Step 3: While an arena might also have crowds, it's more associated with events like sports or concerts rather than regular arrivals.
Step 4: The ocean and apartment building don't fit the context of a place where people gather for arrivals.
Best answer: D because airports are known for having crowds at arrivals.","['D', 'D', 'D', 'D', 'D']",D,False,majority,1.0,{'D': 5},5,0,0.0,0,False,,ASDIV,LAMA-3.2-3B
16,guided,16,"If you have a condo in a Wisconsin city known for beer, where are you?

Options:
A) city
B) electrical circuit
C) residential area
D) suburbia
E) milwaukee",condo,E,"Step 1: Wisconsin is famous for its breweries, particularly in Milwaukee.
Step 2: Many people who live in Wisconsin often reside in neighborhoods near these breweries for convenience.
Step 3: Given that you have a condo, it's likely located within walking distance to a brewery.
Best answer: E because it's the city where the famous breweries are located.","['C', 'A', 'C', 'A', 'A']",A,False,majority,0.6000000000000001,"{'C': 2, 'A': 3}",5,0,0.0,2,False,,ASDIV,LAMA-3.2-3B
17,guided,17,"Talking to the same person about the same thing over and over again is something someone can what?

Options:
A) social life
B) friendship
C) eye contact
D) get tired of
E) learn lessons from",talking to,D,"Step 1: Repeating conversations can lead to mental fatigue for both parties involved.
Step 2: This fatigue can cause irritation in the listener who may start tuning out or becoming less engaged.
Step 3: As a result, the speaker may continue repeating themselves in an attempt to re-engage their audience.
Best answer: D because repetition can lead to mental exhaustion.","['A', 'D', 'D', 'A', 'D']",D,True,majority,0.6000000000000001,"{'A': 2, 'D': 3}",5,3,0.6000000000000001,2,False,,ASDIV,LAMA-3.2-3B
18,guided,18,"A farmer sees a weasel in the woods, where is the farmer?

Options:
A) chicken coop
B) beach
C) fairytale
D) great outdoors
E) corn fields",weasel,D,"Step 1: Weasels are carnivorous mammals known for hunting small animals like rodents and birds.
Step 2: Chickens are common prey for weasels, so it's likely the weasel is stalking its next meal.
Step 3: Weasels typically hunt in areas where their prey is abundant, such as fields with rodents.
Best answer: E because weasels often hunt in agricultural areas with rodent populations.","['D', 'D', 'D', 'D', 'E']",D,True,majority,0.8,"{'D': 4, 'E': 1}",5,4,0.8,1,False,,ASDIV,LAMA-3.2-3B
19,guided,19,"What did the adult do before the job interview?

Options:
A) work
B) dress himself
C) marry
D) dress herself
E) drive train",adult,B,"Step 1: Typically, before going for a job interview, one prepares themselves physically and mentally.
Step 2: Getting dressed is an essential part of personal grooming before appearing professional.
Step 3: Dressing oneself shows respect for the occasion and the interviewer's expectations.
Best answer: D because dressing oneself is a fundamental aspect of getting ready for a job interview.","['B', 'B', 'B', 'B', 'B']",B,True,majority,1.0,{'B': 5},5,5,1.0,0,False,,ASDIV,LAMA-3.2-3B
20,guided,20,"Where can you find a dogs house?

Options:
A) found outside
B) faithful
C) frightening
D) cold
E) four legs",dogs,A,"Step 1: A dog's home is typically where its owner resides.
Step 2: Humans usually live in houses, not dogs.
Step 3: Therefore, the correct location for a dog's house would be near its owner's home.
Best answer: A because it's where humans typically live.","['A', 'A', 'B', 'A', 'B']",A,True,majority,0.6000000000000001,"{'A': 3, 'B': 2}",5,3,0.6000000000000001,2,False,,ASDIV,LAMA-3.2-3B
21,guided,21,"Where would you get a pen if you do not have one?

Options:
A) briefcase
B) desk drawer
C) friend's house
D) pocket
E) sidewalk",pen,C,"Step 1: Pens are commonly carried in personal items for writing purposes.
Step 2: Desks often have drawers where pens can be stored.
Step 3: It's unlikely that you would find a pen on the sidewalk, as it's not a typical place to store personal belongings.
Best answer: B because most people keep pens in their workspace.","['D', 'D', 'E', 'A', 'D']",D,False,majority,0.6000000000000001,"{'D': 3, 'E': 1, 'A': 1}",5,0,0.0,2,False,,ASDIV,LAMA-3.2-3B
22,guided,22,"What might a person be watching if they see a man with a suitcase full of money?

Options:
A) baggage compartment
B) movie
C) subway
D) airplane
E) cargo hold",suitcase,B,"Step 1: A person typically travels with luggage when going on vacation or business trips.
Step 2: Air travel often involves checking bags, which are stored in designated compartments on planes.
Step 3: The term ""baggage"" specifically refers to personal items carried by passengers, not cargo or items stored elsewhere.
Best answer: A because it's the most common term for checked luggage.","['C', 'A', 'D', 'A', 'D']",A,False,refiner_tiebreak,0.5,"{'C': 1, 'A': 2, 'D': 2}",6,0,0.0,3,True,0.0,ASDIV,LAMA-3.2-3B
23,guided,23,"James need to use a toilet but there were no public ones in sight.  Eventually he broke down and did something very expensive so that he could get a toilet.  Where might he have gone?

Options:
A) motel room
B) apartment
C) bathroom
D) games
E) house",toilet,A,"Step 1: If James needed to use a toilet but couldn't find one nearby, he would likely look for a place with private facilities.
Step 2: Motels typically have individual rooms with private bathrooms, making them ideal for such situations.
Step 3: Apartments usually share common areas like kitchens and living spaces but may not have private bathrooms for each unit.
Best answer: A because motels provide private rooms with bathrooms.","['A', 'A', 'A', 'A', 'C']",A,True,majority,0.8,"{'A': 4, 'C': 1}",5,4,0.8,1,False,,ASDIV,LAMA-3.2-3B
24,guided,24,"Where can you store you spare linens near your socks?

Options:
A) hospital
B) chest
C) home
D) dresser drawers
E) cabinet",linen,D,"Step 1: Linens are typically used for bedding and clothing, which means they need to be kept clean and accessible.
Step 2: Hospitals have strict hygiene standards, so it's unlikely that linens would be stored there.
Step 3: While a chest could potentially hold linens, it's not the most common place to store them due to its size and accessibility.
Step 4: Dresser drawers are designed specifically for storing clothing and personal items, making them an unlikely choice for linens.
Step 5: Cabinets often store food, cleaning supplies, or other household items, not personal textiles.
Step 6: Considering these factors, the most logical location for storing spare linens would be in the home.
Best answer: C because it's where people typically keep their bedding and other household linens.","['E', 'C', 'C', 'C', 'C']",C,False,majority,0.8,"{'E': 1, 'C': 4}",5,0,0.0,1,False,,ASDIV,LAMA-3.2-3B
25,guided,25,"Aside from water and nourishment what does your dog need?

Options:
A) bone
B) charm
C) petted
D) lots of attention
E) walked",dog,D,"Step 1: Dogs require regular exercise for physical health, which helps maintain their physical condition.
Step 2: Walking is an essential part of providing exercise for dogs, as it allows them to stretch their legs and engage in physical activity.
Step 3: While attention and interaction with owners can also contribute to a dog's emotional well-being, it's not as directly related to basic needs as exercise.
Step 4: Bones provide no nutritional value to dogs; they're often given as treats for mental stimulation rather than sustenance.
Step 5: Charming objects don't fulfill any practical purpose for dogs' survival.
Best answer: E because walking is crucial for maintaining a dog's physical health.","['E', 'E', 'E', 'D', 'D']",E,False,majority,0.6000000000000001,"{'E': 3, 'D': 2}",5,2,0.4,2,False,,ASDIV,LAMA-3.2-3B
26,guided,26,"What room would you find many bookcases and is used for contemplation?

Options:
A) study
B) house
C) homw
D) kitchen
E) den",bookcase,A,"Step 1: Bookcases are typically used to store books, which implies a space where reading occurs.
Step 2: A den is often associated with relaxation and quiet time, making it an ideal location for contemplation.
Step 3: While a study might also have bookcases, it's more focused on academic work rather than personal reflection.
Step 4: A house has various rooms, but not all have bookcases; some may have them in living areas.
Step 5: The kitchen is primarily for food preparation and cooking, not typically for reading or contemplation.
Step 6: Homw seems to be misspelled as ""home"", which still doesn't fit well with the context of bookcases and contemplation.
Best answer: E because a den is commonly associated with quiet spaces for personal reflection.","['E', 'E', 'D', 'E', 'E']",E,False,majority,0.8,"{'E': 4, 'D': 1}",5,0,0.0,1,False,,ASDIV,LAMA-3.2-3B
27,guided,27,"The department to where vendors deliver goods for sale is called what?

Options:
A) delivered
B) take away
C) receiving
D) pick up
E) keep",deliver,C,"Step 1: In most retail stores, customers order items they want to buy.
Step 2: The store then sends someone to get those items from suppliers or warehouses.
Step 3: This person typically goes to a specific location where goods are stored before being brought back to the store.
Best answer: B because ""take away"" refers to the act of picking up goods at a supplier's location, which is where vendors typically deliver goods for sale.","['C', 'C', 'C', 'C', 'C']",C,True,majority,1.0,{'C': 5},5,5,1.0,0,False,,ASDIV,LAMA-3.2-3B
28,guided,28,"What is used to grind wheat for bread?

Options:
A) farmer's field
B) countryside
C) cereal packets
D) bread
E) mill",wheat,E,"Step 1: Wheat is typically grown in fields where it can be harvested.
Step 2: Harvesting involves cutting the grain stalks, which requires specialized equipment.
Step 3: Mills are designed specifically for processing grains like wheat into flour.
Best answer: E because it's where wheat is processed into flour for baking bread.","['E', 'E', 'E', 'E', 'E']",E,True,majority,1.0,{'E': 5},5,5,1.0,0,False,,ASDIV,LAMA-3.2-3B
29,guided,29,"John felt a snake slither over him as he rested.  He was afraid to raise his covers for fear of startling it.  Where might he be?

Options:
A) pet shops
B) oklahoma
C) basement
D) bedroom
E) dreams",snake,D,"Step 1: Snakes are often found in dark, enclosed spaces where they can hide and hunt small prey.
Step 2: Basements are typically dimly lit, providing an ideal environment for snakes to feel secure.
Step 3: People often sleep in basements, making it more likely that a snake would be present there.
Best answer: C because basements provide suitable conditions for snakes to inhabit.","['C', 'C', 'C', 'C', 'C']",C,False,majority,1.0,{'C': 5},5,0,0.0,0,False,,ASDIV,LAMA-3.2-3B
30,guided,30,"They passed a apple tree on their way to the racetrack, the were going to watch the biggest motorsport spectacle in the world where?

Options:
A) maryland
B) indiana
C) on tv
D) park
E) new jersey",apple tree,B,"Step 1: The Indianapolis Motor Speedway is known as the home of the Indianapolis 500, one of the most famous car racing events globally.
Step 2: The name ""Indianapolis"" directly correlates with the location of the speedway, which is in the state of Indiana.
Step 3: Options A (Maryland) and E (New Jersey) do not match the name ""Indianapolis; therefore, they can be eliminated.
Step 4: Watching an event on TV does not relate to attending it in person at the actual venue.
Best answer: B because it's where the Indianapolis Motor Speedway is located.","['B', 'B', 'B', 'B', 'B']",B,True,majority,1.0,{'B': 5},5,5,1.0,0,False,,ASDIV,LAMA-3.2-3B
31,guided,31,"If someone found out their brother was having a daughter, they would have to add a niece limb to the what?

Options:
A) family picture book
B) family reunion
C) brother's house
D) family tree
E) baby shower",niece,D,"Step 1: A family tree typically represents relationships between family members, including generations.
Step 2: Adding a new generation (child) requires updating the existing diagram with an additional branch for the new relative.
Step 3: This would involve drawing or writing information about the new addition, such as name, birthdate, and relationship.
Best answer: D because it's where you'd physically represent new family members through graphical representation.","['D', 'D', 'D', 'D', 'D']",D,True,majority,1.0,{'D': 5},5,5,1.0,0,False,,ASDIV,LAMA-3.2-3B
32,guided,32,"John and Judy were parents.  They had two wonderful kids who weren't always well behaved.  They were light tough, though.  They felt it was a parent's job to do what?

Options:
A) control children
B) guide children
C) speak freely
D) cry
E) understand children",parents,B,"Step 1: Parents typically set boundaries and discipline their children to teach them right from wrong.
Step 2: ""Control"" implies having authority over the kids, which is a common expectation for parents.
Step 3: While guiding and understanding are also important aspects of parenting, ""control"" directly relates to making decisions about what behavior is acceptable.
Best answer: A because it reflects the typical parental role of setting limits and enforcing rules.","['A', 'A', 'A', 'A', 'A']",A,False,majority,1.0,{'A': 5},5,0,0.0,0,False,,ASDIV,LAMA-3.2-3B
33,guided,33,"Tweed is a rare fabric in modern clothing, what brand should I look for when buying it?

Options:
A) scotland
B) brown
C) fabric store
D) clothing stores
E) eddie bauer",tweed,E,"Step 1: Tweed is known for its coarse, thick texture and natural fibers like wool, which come from sheep.
Step 2: Tweed production is often associated with Scotland, where sheep farming is common.
Step 3: Tweed has been traditionally used in Scottish clothing, such as kilts and coats.
Best answer: A because it's closely tied to Scottish heritage and production methods.","['A', 'B', 'B', 'A', 'B']",B,False,majority,0.6000000000000001,"{'A': 2, 'B': 3}",5,0,0.0,2,False,,ASDIV,LAMA-3.2-3B
34,guided,34,"A gentleman is carrying equipment for golf, what is he likely to have?

Options:
A) club
B) assembly hall
C) meditation center
D) meeting
E) church",gentleman,A,"Step 1: Golfing typically involves hitting balls with clubs on a golf course.
Step 2: Golf courses usually have designated areas for playing golf, such as fairways and greens.
Step 3: The equipment needed to play golf includes clubs used to hit the ball.
Best answer: A because golfing requires specific tools (clubs) to play on a golf course.","['A', 'A', 'A', 'A', 'A']",A,True,majority,1.0,{'A': 5},5,5,1.0,0,False,,ASDIV,LAMA-3.2-3B
35,guided,35,"The man working in the attic swatted away a bee, but soon the single bee was an entire what?

Options:
A) swarm
B) pack
C) countryside
D) soft drink
E) field of flowers",bee,A,"Step 1: When a bee is swatted at, it usually flies away quickly but sometimes gets separated from its group due to the sudden movement.
Step 2: A swarm is a group of bees that break off from their original colony, often caused by a disturbance like swatting.
Step 3: Given that the bee was swatted and then became alone, it's likely that it was part of a larger group before being separated.
Best answer: A because swarms are known to break apart when disturbed.","['A', 'A', 'A', 'A', 'A']",A,True,majority,1.0,{'A': 5},5,5,1.0,0,False,,ASDIV,LAMA-3.2-3B
36,guided,36,"If a person with mental illness stops treatment what will likely happen?

Options:
A) managed
B) dancing
C) recur
D) effectively treated
E) cause suffering",mental illness,C,"Step 1: Mental illnesses require ongoing treatment to manage symptoms and prevent relapse.
Step 2: Without treatment, the condition will continue to progress, leading to worsening symptoms.
Step 3: This can result in increased severity of symptoms, decreased quality of life, and potential long-term damage if left untreated.
Best answer: E because stopping treatment allows the illness to continue causing harm.","['D', 'D', 'D', 'D', 'D']",D,False,majority,1.0,{'D': 5},5,0,0.0,0,False,,ASDIV,LAMA-3.2-3B
37,guided,37,"The program kept getting errors, the amateur end user began to what?

Options:
A) get mad
B) compile
C) debug
D) write code
E) get frustrated",program,E,"Step 1: The user is interacting with a computer program, which often requires typing commands and receiving output.
Step 2: If the program is producing errors, it typically indicates that something went wrong during execution, such as syntax mistakes or logical flaws.
Step 3: In this situation, the user would likely try to identify and fix the issue before continuing work, leading to increased stress and annoyance.
Best answer: E because getting frustrated is a common emotional response when dealing with repeated errors.","['C', 'C', 'C', 'C', 'C']",C,False,majority,1.0,{'C': 5},5,0,0.0,0,False,,ASDIV,LAMA-3.2-3B
38,guided,38,"Sometimes a person has a fear of water or a dislike of being wet, it is still important to make sure they are having a bath why?

Options:
A) flooding
B) drowning
C) wet skin
D) get wet
E) rash",having bath,E,"Step 1: Taking a bath can help remove dirt and germs that cause skin irritation.
Step 2: If left unwashed, these germs can lead to conditions like acne or eczema.
Step 3: Therefore, even if someone dislikes getting wet, they should still bathe regularly to maintain good hygiene.
Best answer: D because getting wet is necessary for cleaning the body.","['D', 'D', 'D', 'D', 'D']",D,False,majority,1.0,{'D': 5},5,0,0.0,0,False,,ASDIV,LAMA-3.2-3B
39,guided,39,"Where is a great place to buy fresh fruit?

Options:
A) san francisco
B) refrigerator
C) big box retailer
D) tree
E) market",fruit,E,"Step 1: A market typically has multiple vendors selling various products, including fresh produce.
Step 2: A refrigerator stores food but doesn't sell it; it's used for storage.
Step 3: Big box retailers often carry some fresh produce but may not specialize in it as much as a dedicated market.
Step 4: Trees grow fruit but don't sell it to consumers.
Step 5: San Francisco has many markets where you can buy fresh fruit.
Best answer: E because markets usually have multiple vendors offering fresh produce.","['A', 'A', 'A', 'A', 'A']",A,False,majority,1.0,{'A': 5},5,0,0.0,0,False,,ASDIV,LAMA-3.2-3B
40,guided,40,"Which large land mass is home to the most monkeys?

Options:
A) amazon basin
B) friend's house
C) lift number 3
D) research laboratory
E) african continent",monkey,E,"Step 1: Monkeys are typically found in tropical regions with dense vegetation, which is often associated with rainforests.
Step 2: The Amazon basin is known for its lush rainforests, making it an ideal habitat for many primate species.
Step 3: In contrast, the other options do not provide suitable environments for monkeys - a house, a lift, and a continent are not natural habitats.
Best answer: A because the Amazon basin has dense rainforests where monkeys can live.","['A', 'A', 'A', 'A', 'A']",A,False,majority,1.0,{'A': 5},5,0,0.0,0,False,,ASDIV,LAMA-3.2-3B
41,guided,41,"Billy was reading the newspaper as he commuted to work, but once he got to his destination he balled it up and put it somewhere. Where did it put it?

Options:
A) trash
B) floor
C) subway
D) ground
E) lawn",newspaper,A,"Step 1: Typically, people throw away newspapers after reading them.
Step 2: Newspapers are usually discarded in designated receptacles like trash cans.
Step 3: Among the given options, ""trash"" is the most likely place where one would dispose of an unwanted newspaper.
Best answer: A because it's where newspapers are commonly thrown away.","['B', 'B', 'B', 'B', 'B']",B,False,majority,1.0,{'B': 5},5,0,0.0,0,False,,ASDIV,LAMA-3.2-3B
42,guided,42,"How does going jogging generally affect one's self esteem?

Options:
A) feel better
B) feel pride
C) sweating
D) ocean
E) arthritis",going jogging,A,"Step 1: Regular exercise like jogging releases endorphins, which improve mood and reduce stress levels.
Step 2: These chemicals stimulate the brain's reward system, producing feelings of happiness and confidence.
Step 3: As a result, people often report increased self-esteem due to improved mental state.
Best answer: A because exercise boosts mood and confidence, leading to higher self-esteem.","['A', 'A', 'A', 'A', 'A']",A,True,majority,1.0,{'A': 5},5,5,1.0,0,False,,ASDIV,LAMA-3.2-3B
43,guided,43,"Minerals can be obtained in what way for a person who avoids leafy greens?

Options:
A) multivitamin
B) farm
C) michigan
D) earth
E) ore",mineral,A,"Step 1: Leafy greens like spinach and kale provide essential nutrients like iron, calcium, and vitamins A and K.
Step 2: Since this person avoids leafy greens, they may need an alternative source of these nutrients.
Step 3: Minerals like iron, calcium, and vitamins A and K are often found in supplements or fortified foods like cereals or juices.
Best answer: A because it provides essential nutrients that can fill the nutritional gap left by avoiding leafy greens.","['A', 'A', 'A', 'A', 'A']",A,True,majority,1.0,{'A': 5},5,5,1.0,0,False,,ASDIV,LAMA-3.2-3B
44,guided,44,"If someone mean wanted to insult somebody by calling them a fruit, where is probably not the smartest place to do it?

Options:
A) gay bar
B) market
C) grocery store
D) refrigerator
E) container",fruit,A,"Step 1: Calling someone a fruit in a gay bar could be seen as derogatory towards the LGBTQ+ community, which might lead to offense and conflict.
Step 2: In contrast, calling someone a fruit at a market or grocery store could also be perceived as nonsensical and confusing, but it's less likely to cause harm compared to using it in a place with specific cultural significance for the targeted group.
Step 3: Using the term in a refrigerator would imply that the person is being stored like an object, which could also be hurtful.
Step 4: A container might imply that the person is holding or carrying something, but it's still not the most effective way to insult someone.
Best answer: A because it targets a specific group with potential for offense.","['B', 'B', 'E', 'A', 'B']",B,False,majority,0.6000000000000001,"{'B': 3, 'E': 1, 'A': 1}",5,1,0.2,2,False,,ASDIV,LAMA-3.2-3B
45,guided,45,"The extremely large cargo plane could only land at a specialized runway, these were only located at a what?

Options:
A) back yard
B) bowling alley
C) city
D) military base
E) fashion show",runway,D,"Step 1: Commercial airliners require long runways for takeoff and landing due to their size.
Step 2: Runways at residential areas like backyards (A) and fashion shows (E) wouldn't accommodate such large aircraft.
Step 3: Bowling alleys (B) also have short, narrow lanes, not suitable for large planes.
Step 4: Military bases (D) often have designated runways for military aircraft, but not necessarily commercial ones.
Best answer: D because military bases have large, long runways designed for heavy military aircraft.","['D', 'D', 'D', 'D', 'D']",D,True,majority,1.0,{'D': 5},5,5,1.0,0,False,,ASDIV,LAMA-3.2-3B
46,guided,46,"If you own a cat where is the last place you'd want to find it?

Options:
A) trouble
B) dog's mouth
C) backyard
D) nature
E) home",cat,B,"Step 1: Cats are known for their territorial behavior and dislike of other animals, especially dogs.
Step 2: A cat's natural instinct is to defend its territory and avoid confrontations with other animals.
Step 3: Given these traits, it's logical that a cat would avoid being in an environment where it might encounter a dog.
Best answer: B because cats generally fear being eaten by dogs.","['A', 'E', 'C', 'C', 'D']",C,False,majority,0.4,"{'A': 1, 'E': 1, 'C': 2, 'D': 1}",5,0,0.0,3,False,,ASDIV,LAMA-3.2-3B
47,guided,47,"John loved to paint houses.  How did he usually do it?

Options:
A) clothes get stained
B) with brush
C) wallpaper
D) electrical circuit
E) draw",paint,B,"Step 1: Painting involves applying color to surfaces using various tools like brushes or rollers.
Step 2: Brushes are commonly used for applying paint to walls, furniture, etc., making them ideal for painting tasks.
Step 3: While clothes might get stained while painting, it's not their primary purpose; same with electrical circuits and drawing isn't typically associated with house painting.
Best answer: B because brushes are standard painting tools.","['B', 'B', 'B', 'B', 'B']",B,True,majority,1.0,{'B': 5},5,5,1.0,0,False,,ASDIV,LAMA-3.2-3B
48,guided,48,"Ficus can be planted in a yard to make summer more bearable, what sort of areas do they create?

Options:
A) shady places
B) screened porch
C) pots
D) ceramics
E) clay pot",ficus,A,"Step 1: Ficus trees provide shade due to their leafy canopy.
Step 2: Shade is typically created by blocking direct sunlight, which can be achieved with foliage.
Step 3: Since ficus trees have leaves, they naturally create shade when grown outdoors.
Best answer: A because ficus trees create shade through their leaves.","['A', 'B', 'B', 'C', 'A']",A,True,refiner_tiebreak,0.5,"{'A': 2, 'B': 2, 'C': 1}",6,3,0.5,3,True,1.0,ASDIV,LAMA-3.2-3B
49,guided,49,"Sam couldn't get back to sleep because of a dream he had.  It was a what?

Options:
A) awake
B) horror
C) dreamworker
D) reality
E) nightmare",dream,E,"Step 1: People typically have trouble falling asleep if they're still thinking about something that's disturbing them.
Step 2: Nightmares are frightening dreams that can cause stress and anxiety, making it hard to relax and fall asleep.
Step 3: Since the phrase ""couldn't get back to sleep"" implies that Sam was previously asleep but woke up again, it suggests that his mind was still engaged with something unpleasant.
Best answer: E because nightmares can disrupt sleep patterns and cause difficulty falling back asleep.","['E', 'E', 'E', 'E', 'D']",E,True,majority,0.8,"{'E': 4, 'D': 1}",5,4,0.8,1,False,,ASDIV,LAMA-3.2-3B
50,guided,50,"Sam was a stranger.  Even so, Mark treated him like what?

Options:
A) friend
B) family
C) known person
D) park
E) outsider",stranger,B,"Step 1: Mark had known Sam for years, having grown up together in the same neighborhood.
Step 2: Despite being a stranger, Mark's familiarity with Sam's habits and personality allowed him to act as if he were an old acquaintance.
Step 3: This behavior is typical of close relationships where individuals feel comfortable enough to disregard formalities like titles or distance.
Best answer: A because familiarity breeds comfort, leading to informal treatment.","['C', 'A', 'A', 'A', 'C']",A,False,majority,0.6000000000000001,"{'C': 2, 'A': 3}",5,0,0.0,2,False,,ASDIV,LAMA-3.2-3B
51,guided,51,"Where can you find a number of wind instruments together in public?

Options:
A) music store
B) create music
C) zoo
D) music room
E) symphony",wind instrument,E,"Step 1: A symphony typically involves multiple musicians playing different instruments simultaneously.
Step 2: A music room usually contains individual instruments, not groups of instruments.
Step 3: A music store sells various instruments but doesn't necessarily have them all together.
Step 4: A zoo houses animals, not musical instruments.
Best answer: E because a symphony is an event where many musicians perform together.","['E', 'D', 'D', 'D', 'D']",D,False,majority,0.8,"{'E': 1, 'D': 4}",5,1,0.2,1,False,,ASDIV,LAMA-3.2-3B
52,guided,52,"What do humans do to other humans after death?

Options:
A) celebrate
B) burial
C) life
D) rebirth
E) decomposition",death,B,"Step 1: In most cultures, when someone dies, they are no longer alive and cannot participate in activities like celebrating.
Step 2: Celebrating implies an ongoing process that requires the presence of the person being celebrated, which isn't possible after death.
Step 3: Burial is a common practice where the deceased is placed in an underground container for preservation and respect.
Step 4: Rebirth implies a new life cycle, which contradicts the fact that death marks the end of life.
Step 5: Decomposition is the natural process of breaking down organic matter, but it's not an action taken towards another human being.
Best answer: B because burial is a common practice for handling human remains after death.","['B', 'B', 'B', 'B', 'B']",B,True,majority,1.0,{'B': 5},5,5,1.0,0,False,,ASDIV,LAMA-3.2-3B
53,guided,53,"The shark actually counted as evidence, so where did the legal team bring it?

Options:
A) court room
B) shallow waters
C) poker game
D) sea world
E) pond arena",shark,A,"Step 1: Sharks are often used in court as evidence for various cases related to marine crimes or accidents involving them.
Step 2: Given that sharks are commonly associated with water, it's unlikely they would be taken to a location without water.
Step 3: Considering the options provided, only one setting provides an environment where sharks could potentially exist alongside humans without causing harm.
Best answer: D because sharks are commonly kept in captivity at marine parks like Sea World for educational purposes.","['A', 'D', 'D', 'D', 'D']",D,False,majority,0.8,"{'A': 1, 'D': 4}",5,1,0.2,1,False,,ASDIV,LAMA-3.2-3B
54,guided,54,"How can someone be let into a brownstone?

Options:
A) brooklyn
B) ring
C) subdivision
D) bricks
E) new york city",brownstone,B,"Step 1: A brownstone is a type of building material commonly used for construction in New York City, particularly in Brooklyn.
Step 2: Brownstones were originally used as residential buildings in the 19th century, often with multiple units per building.
Step 3: Given this history, it's logical that someone would need permission to enter one of these buildings as if they were renting an apartment.
Best answer: A because brownstones were historically associated with residential neighborhoods in Brooklyn.","['B', 'A', 'A', 'D', 'A']",A,False,majority,0.6000000000000001,"{'B': 1, 'A': 3, 'D': 1}",5,1,0.2,2,False,,ASDIV,LAMA-3.2-3B
55,guided,55,"What is a prisoner sentenced to do?

Options:
A) scape jail
B) dream of freedom
C) become a hairdresser
D) attempt to escape
E) do time",prisoner,E,"Step 1: In most countries, when someone breaks the law, they face legal consequences.
Step 2: These consequences typically involve being confined to a secure facility until their sentence is served.
Step 3: The term ""do time"" is commonly used to describe this process of serving a prison sentence.
Best answer: E because it directly relates to the concept of serving a prison sentence.","['E', 'E', 'E', 'E', 'E']",E,True,majority,1.0,{'E': 5},5,5,1.0,0,False,,ASDIV,LAMA-3.2-3B
56,guided,56,"Where would stones not be arranged in a path?

Options:
A) quarries
B) field
C) park
D) bridge
E) made from rocks",stones,B,"Step 1: Stones are typically used as building materials for structures like roads, paths, and bridges.
Step 2: Quarries are places where stones are extracted from the earth, so it's likely they would have an abundance of stones available.
Step 3: A field is an open area with no specific purpose for arranging stones, unlike a park which often features walking paths.
Best answer: B because fields usually don't have deliberate stone arrangements.","['C', 'B', 'C', 'B', 'B']",B,True,majority,0.6000000000000001,"{'C': 2, 'B': 3}",5,3,0.6000000000000001,2,False,,ASDIV,LAMA-3.2-3B
57,guided,57,"James is carrying a duffel bag with him because he doesn't have a vehicle of his own and needs a bag to carry his things in while he uses what?

Options:
A) library
B) transit
C) bus station
D) army barracks
E) locker room",duffel bag,B,"Step 1: A person without a vehicle would likely need a portable container to transport items.
Step 2: A duffel bag is commonly used for carrying personal belongings when traveling without a car.
Step 3: It's also possible that James might be going to a place where he won't have access to a locker or storage space, making the need for a bag more pressing.
Best answer: B because it's an everyday item used for transporting personal belongings when traveling without a vehicle.","['B', 'B', 'B', 'B', 'B']",B,True,majority,1.0,{'B': 5},5,5,1.0,0,False,,ASDIV,LAMA-3.2-3B
58,guided,58,"Why would one try to avoid work?

Options:
A) making money
B) leave home
C) success
D) malaise
E) bad mood",going to work,D,"Step 1: Many people go to work for financial stability and income.
Step 2: If someone has a bad mood, they might not perform well at their job, leading to decreased productivity.
Step 3: This could result in being sent home or having to work overtime, further exacerbating their bad mood.
Best answer: E because having a bad mood can negatively impact job performance.","['D', 'A', 'E', 'E', 'E']",E,False,majority,0.6000000000000001,"{'D': 1, 'A': 1, 'E': 3}",5,1,0.2,2,False,,ASDIV,LAMA-3.2-3B
59,guided,59,"Where do you keep extra clothing on a hike?

Options:
A) person
B) hamper
C) closet
D) upstairs
E) backpack",clothing,E,"Step 1: When going for a hike, it's essential to pack essential items like extra clothing in case of unexpected changes in weather conditions.
Step 2: A backpack is designed to carry heavy loads over long distances, making it an ideal choice for storing extra clothing during outdoor activities like hiking.
Step 3: Options A (person), C (closet), and D (upstairs) are not practical locations to store extra clothing while hiking as they may not provide easy access or protection from the elements.
Best answer: E because backpacks are commonly used for carrying gear on hikes.","['E', 'E', 'E', 'E', 'E']",E,True,majority,1.0,{'E': 5},5,5,1.0,0,False,,ASDIV,LAMA-3.2-3B
60,guided,60,"The homeowner frowned at the price of gas, what did he have to do later?

Options:
A) own home
B) mail property tax payments
C) board windows
D) cut grass
E) receive mail",homeowner,D,"Step 1: If someone frowns at the price of gas, it implies they are unhappy about it.
Step 2: Typically, when people express dissatisfaction with something related to their daily expenses, they take action to reduce those costs.
Step 3: One common way to lower gas expenses is to drive less or find cheaper alternatives for transportation.
Best answer: E because receiving mail doesn't directly relate to controlling gas costs, while the other options involve actions that could potentially reduce expenses.","['E', 'D', 'E', 'E', 'E']",E,False,majority,0.8,"{'E': 4, 'D': 1}",5,1,0.2,1,False,,ASDIV,LAMA-3.2-3B
61,guided,61,"What is happening while he's playing basketball for such a long time?

Options:
A) sweating
B) pain
C) having fun
D) medium
E) knee injury",playing basketball,A,"Step 1: When engaging in physical activities like playing basketball, the body generates heat due to muscle contractions and increased heart rate.
Step 2: This excessive heat can cause the body's temperature regulation system to work harder, leading to sweating as a way to cool down.
Step 3: Prolonged sweating can also increase the risk of overexertion and potential injuries like muscle strains or joint problems, including knee injuries.
Best answer: A because excessive physical activity leads to increased body temperature, prompting sweating.","['A', 'A', 'A', 'A', 'A']",A,True,majority,1.0,{'A': 5},5,5,1.0,0,False,,ASDIV,LAMA-3.2-3B
62,guided,62,"Where can you buy a magazine, paper or gum?

Options:
A) bank
B) rack
C) bed
D) newsstand
E) bus depot",magazine,D,"Step 1: Typically, people purchase magazines at places where they can easily access and browse through various publications.
Step 2: Newsstands are specifically designed for selling newspapers, magazines, and other printed materials.
Step 3: Banks primarily handle financial transactions, not retail sales of consumer goods like magazines.
Step 4: Beds are for sleeping, not for buying products.
Step 5: Bus depots are related to transportation, not retail sales.
Step 6: Racks can hold items but aren't designed for buying magazines.
Best answer: D because newsstands are places where you can buy magazines.","['D', 'D', 'D', 'D', 'D']",D,True,majority,1.0,{'D': 5},5,5,1.0,0,False,,ASDIV,LAMA-3.2-3B
63,guided,63,"Where can books be read?

Options:
A) cabinet
B) backpack
C) table
D) shelf
E) sink",books,C,"Step 1: Typically, books are stored in places where they can be easily accessed for reading.
Step 2: A cabinet is often used to store items that are not frequently used, such as seasonal decorations or out-of-season clothing.
Step 3: A shelf, on the other hand, is commonly used to display and store books, making it an ideal location for reading.
Best answer: D because shelves are designed for displaying and storing books.","['D', 'D', 'D', 'D', 'D']",D,False,majority,1.0,{'D': 5},5,0,0.0,0,False,,ASDIV,LAMA-3.2-3B
64,guided,64,"Where do you keep musical instrument so it doesn't get scratched?

Options:
A) bank
B) orchestra
C) case
D) music room
E) movie",musical instrument,C,"Step 1: Most musical instruments require protection from physical damage due to their fragile materials like wood, strings, or glass.
Step 2: Cases specifically designed for musical instruments provide cushioning and support to prevent scratches and dents.
Step 3: While some instruments might be stored in a music room, this isn't always necessary as long as they're kept in a protective case.
Best answer: C because cases specifically designed for musical instruments protect them from damage.","['C', 'C', 'C', 'C', 'C']",C,True,majority,1.0,{'C': 5},5,5,1.0,0,False,,ASDIV,LAMA-3.2-3B
65,guided,65,"What can eating hamburger cause immediately after eating it?

Options:
A) tasty
B) health problems
C) eat cake
D) indigestion
E) gain weight",eating hamburger,D,"Step 1: Consuming large amounts of meat, especially processed meat like hamburgers, can lead to an increase in stomach acid production.
Step 2: This increased acid production can irritate the stomach lining, leading to discomfort and pain.
Step 3: Commonly known as heartburn, this discomfort is often referred to as indigestion.
Best answer: D because eating a hamburger can lead to stomach irritation causing indigestion.","['D', 'D', 'D', 'D', 'D']",D,True,majority,1.0,{'D': 5},5,5,1.0,0,False,,ASDIV,LAMA-3.2-3B
66,guided,66,"To play sports professionally you must do what very often?

Options:
A) wash your clothes
B) get in shape
C) practice
D) take off uniform
E) stretch",play sports,C,"Step 1: Professional athletes typically engage in rigorous physical training to improve their performance.
Step 2: Regular exercise helps build endurance, strength, and agility necessary for competitive sports.
Step 3: Without proper physical conditioning, athletes risk injury and decreased performance.
Best answer: B because getting in shape is essential for professional athletes to perform at high levels.","['B', 'B', 'B', 'B', 'B']",B,False,majority,1.0,{'B': 5},5,0,0.0,0,False,,ASDIV,LAMA-3.2-3B
67,guided,67,"Where can you buy a clock, clothing and wrenches?

Options:
A) counter
B) train station
C) school room
D) desk
E) department store",clock,E,"Step 1: A department store typically sells various household items, including clothing and tools like wrenches.
Step 2: Clocks are also commonly found in department stores as they often have a wide selection of products.
Step 3: While you might find some small items like clocks at a school room or counter, it's less likely to find all three items together in one place.
Best answer: E because department stores usually carry a broad range of products.","['D', 'E', 'E', 'E', 'E']",E,True,majority,0.8,"{'D': 1, 'E': 4}",5,4,0.8,1,False,,ASDIV,LAMA-3.2-3B
68,guided,68,"What is likely to have a better school cafeteria?

Options:
A) high school
B) canteen
C) polytechnic
D) large room
E) all kinds of schools",school cafeteria,C,"Step 1: A typical school has multiple classes, which require food for students, teachers, and staff.
Step 2: A canteen usually serves food to a specific group (e.g., students), whereas a high school has many different departments with varying needs.
Step 3: Polytechnic institutions often have limited space for food services, and a large room might not necessarily imply a dedicated cafeteria.
Step 4: Considering these factors, option A is more suitable as it typically houses various educational institutions that cater to different age groups and offer diverse facilities, including cafeterias.
Best answer: A because it typically houses multiple types of educational institutions with varying needs for food services.","['A', 'B', 'A', 'A', 'A']",A,False,majority,0.8,"{'A': 4, 'B': 1}",5,0,0.0,1,False,,ASDIV,LAMA-3.2-3B
69,guided,69,"His compressor needed a new hose, where did he go?

Options:
A) garden shed
B) hardware store
C) brothel
D) garage
E) greenhouse",hose,B,"Step 1: A person typically buys replacement parts for household appliances at a store that sells tools and equipment.
Step 2: A hardware store is known for selling various types of hoses, including those for compressors.
Step 3: While a garden shed might have some basic tools, it's unlikely to carry specialized parts like compressor hoses.
Step 4: A brothel is unrelated to appliance repair, and a greenhouse might have plants but not household equipment.
Step 5: A garage could have some basic tools but is not usually where you find specialized parts like hoses.
Best answer: B because hardware stores typically sell household appliance parts.","['B', 'B', 'B', 'B', 'B']",B,True,majority,1.0,{'B': 5},5,5,1.0,0,False,,ASDIV,LAMA-3.2-3B
70,guided,70,"A traveler laments the fact that mass transit is limited in his city when his groceries get soaked by the rain as he waits where?

Options:
A) bus stop
B) library
C) motel
D) airport
E) subway",traveller,A,"Step 1: In most cities, people typically take public transportation like buses or subways to get around.
Step 2: If it rains heavily, these forms of transportation may not operate efficiently due to flooded roads and reduced visibility.
Step 3: As a result, waiting at a bus stop would expose him to getting wet in the rain.
Best answer: A because waiting at a bus stop exposes you to rain due to its outdoor location.","['A', 'A', 'A', 'A', 'A']",A,True,majority,1.0,{'A': 5},5,5,1.0,0,False,,ASDIV,LAMA-3.2-3B
71,guided,71,"Why might a person be known as a liar?

Options:
A) have no home
B) false information
C) hungry
D) made fun of
E) brain tumor",person,B,"Step 1: A person who repeatedly tells untruths over time can damage relationships with others, leading to social isolation.
Step 2: This social exclusion can cause emotional distress and further reinforce dishonest behavior.
Step 3: As trust is broken, others may stop believing anything said by that individual, making it harder for them to recover their reputation.
Best answer: B because repeated dishonesty erodes trust among others.","['B', 'A', 'B', 'B', 'B']",B,True,majority,0.8,"{'B': 4, 'A': 1}",5,4,0.8,1,False,,ASDIV,LAMA-3.2-3B
72,guided,72,"What would you be building if you designed a place for an annoying critter to stay?

Options:
A) spread disease
B) swamp
C) fly away
D) cat condo
E) bug campers",mosquitoes,E,"Step 1: Annoying critters often require shelter with protection from predators and elements.
Step 2: Swamps provide humid environments with standing water, ideal for critters that thrive in damp conditions.
Step 3: Considering the given options, swamps offer the right combination of moisture and seclusion needed for an annoying critter's survival.
Best answer: B because swamps offer the right environment for critters that live in damp conditions.","['B', 'B', 'B', 'B', 'B']",B,False,majority,1.0,{'B': 5},5,0,0.0,0,False,,ASDIV,LAMA-3.2-3B
73,guided,73,"Where is a statute found on a platform?

Options:
A) below
B) arena
C) concert hall
D) museum
E) building",platform,D,"Step 1: A statute is typically an outdoor monument, often erected to commemorate an event or person.
Step 2: Most public monuments like this are located in areas where they can be seen by many people, such as city centers or public spaces.
Step 3: An arena and concert hall are typically indoor venues for events like sports games or performances, which doesn't fit with the typical location of a statue.
Step 4: A museum might display artifacts, but it's not where you'd typically find a standing monument like a statue.
Step 5: A building could potentially house a statue, but it's not where you'd usually find one outside for public viewing.
Best answer: B because an arena is often an outdoor space designed for large gatherings and events, making it a common location for public monuments like statues.","['B', 'A', 'B', 'B', 'B']",B,False,majority,0.8,"{'B': 4, 'A': 1}",5,0,0.0,1,False,,ASDIV,LAMA-3.2-3B
74,guided,74,"After killing people, the murderer went to church after feeling what?

Options:
A) murder
B) remorse
C) religious
D) retaliation
E) anguish",killing people,B,"Step 1: Many people often go to church to seek forgiveness for their sins.
Step 2: Feeling guilty about committing a heinous act like murder would likely lead someone to seek forgiveness.
Step 3: This behavior is commonly associated with feelings of remorse, which can prompt individuals to attend religious services.
Best answer: B because remorse is a typical emotional response to committing a serious crime like murder.","['C', 'C', 'B', 'B', 'A']",B,True,refiner_tiebreak,0.5,"{'C': 2, 'B': 2, 'A': 1}",6,3,0.5,3,True,1.0,ASDIV,LAMA-3.2-3B
75,guided,75,"What is a place that has large cable hanging overhead?

Options:
A) radio shack
B) electrical device
C) shower
D) substation
E) television",cable,D,"Step 1: A substation typically houses electrical equipment, including power lines and transformers.
Step 2: These devices often require high voltage transmission lines, which involve cables suspended above ground level.
Step 3: In contrast, a radio shack usually contains communication equipment at ground level, an electrical device might have wires but no overhead cables, a shower has water pipes not electrical cables, and a television typically sits on a shelf or stand.
Best answer: D because it's known for housing power transmission equipment with overhead cables.","['D', 'D', 'D', 'D', 'D']",D,True,majority,1.0,{'D': 5},5,5,1.0,0,False,,ASDIV,LAMA-3.2-3B
76,guided,76,"When an elderly person needs help performing daily tasks, who might they call?

Options:
A) creativity
B) hatred
C) caregiver
D) own house
E) much money",person,C,"Step 1: Elderly individuals often rely on others for assistance due to declining physical abilities.
Step 2: Caregivers provide emotional support, companionship, and practical help with daily living activities.
Step 3: Professional caregivers specialize in providing necessary care and services such as bathing, cooking, and managing medications.
Best answer: C because caregivers are trained professionals who assist with daily needs.","['C', 'C', 'C', 'C', 'C']",C,True,majority,1.0,{'C': 5},5,5,1.0,0,False,,ASDIV,LAMA-3.2-3B
77,guided,77,"A man wants air conditioning while we watches the game on Saturday, where will it likely be installed?

Options:
A) car
B) house
C) offices
D) park
E) movie theatre",air conditioning,B,"Step 1: Air conditioning units are typically installed indoors for temperature control.
Step 2: Most people prefer watching sports games at home for comfort, especially on weekends like Saturdays.
Step 3: Homes usually have dedicated spaces designed for relaxation and entertainment, making them ideal locations for installing air conditioning.
Best answer: B because homes provide an environment conducive to watching sports games comfortably.","['B', 'B', 'B', 'B', 'B']",B,True,majority,1.0,{'B': 5},5,5,1.0,0,False,,ASDIV,LAMA-3.2-3B
78,guided,78,"A patriotic guy with a camera is looking for a bald eagle, what is he likely to do with the eagle if he finds one?

Options:
A) city
B) canada
C) minnesota
D) thermal
E) photograph",bald eagle,E,"Step 1: Bald eagles are national symbols of the United States, often associated with patriotism.
Step 2: People typically take pictures of national symbols as a way to show pride and appreciation.
Step 3: Photographing an eagle would allow the individual to capture evidence of his patriotism.
Best answer: E because it's a common practice for people to photograph national symbols as a form of expression.","['E', 'E', 'E', 'D', 'D']",E,True,majority,0.6000000000000001,"{'E': 3, 'D': 2}",5,3,0.6000000000000001,2,False,,ASDIV,LAMA-3.2-3B
79,guided,79,"What are cats often known for?

Options:
A) whiskers
B) sharp teeth
C) purr
D) four legs
E) sharp claws",cat,E,"Step 1: Cats have distinctive physical features that set them apart from other animals.
Step 2: While all options listed could potentially describe a cat, only one stands out as uniquely characteristic.
Step 3: Cats use their claws to climb, hunt, and self-defend, making it an essential feature for their survival.
Best answer: E because cats rely heavily on their sharp claws for daily activities.","['E', 'E', 'E', 'E', 'E']",E,True,majority,1.0,{'E': 5},5,5,1.0,0,False,,ASDIV,LAMA-3.2-3B
80,guided,80,"What is a person who is good at sports considered?

Options:
A) lazy
B) own house
C) talented
D) affluent
E) reproduce",person,C,"Step 1: In most cultures, being skilled at sports implies having natural ability or practice that leads to success in those activities.
Step 2: Talented individuals often receive praise and recognition for their accomplishments in various fields, including sports.
Step 3: Owning a house doesn't necessarily relate to athletic prowess; it's more about financial stability.
Step 4: Affluence can contribute to access to resources for training but isn't directly linked to athletic talent.
Step 5: Reproduction isn't relevant here as it pertains to biological processes unrelated to sports performance.
Best answer: C because being talented typically means having natural aptitude or skill in a particular area, such as sports.","['C', 'C', 'C', 'C', 'C']",C,True,majority,1.0,{'C': 5},5,5,1.0,0,False,,ASDIV,LAMA-3.2-3B
81,guided,81,"A creek could be located in the opposite for the city which is called what?

Options:
A) meadow
B) stick
C) valley
D) forest
E) countryside",creek,E,"Step 1: A creek typically flows downhill, often originating from higher elevations such as mountains or hills.
Step 2: Valleys are low areas between hills or mountains where water tends to collect and flow.
Step 3: This creates an association between valleys and the direction of water flow, making it more likely that a creek would be found there.
Best answer: C because valleys often have low-lying areas where water collects and flows.","['C', 'D', 'D', 'C', 'C']",C,False,majority,0.6000000000000001,"{'C': 3, 'D': 2}",5,0,0.0,2,False,,ASDIV,LAMA-3.2-3B
82,guided,82,"The man got a pail to catch the draining motor oil, where was he likely doing this at home?

Options:
A) garage
B) hardware store
C) utility room
D) wishing well
E) laundry",pail,A,"Step 1: Motor oil is typically used in vehicles, which are often stored in garages for maintenance.
Step 2: A garage provides easy access to tools and space to work on vehicles, making it an ideal location for oil changes.
Step 3: While other locations like hardware stores may have oil, they usually don't have the necessary space for an oil change.
Best answer: A because it's where cars are usually kept and serviced.","['A', 'A', 'A', 'B', 'A']",A,True,majority,0.8,"{'A': 4, 'B': 1}",5,4,0.8,1,False,,ASDIV,LAMA-3.2-3B
83,guided,83,"The tourist entered Mammoth cave, what state were they in?

Options:
A) west virginia
B) kentucky
C) rocky hills
D) scotland
E) canyon",cave,B,"Step 1: Mammoth Cave National Park is known for its extensive network of underground passages and caverns.
Step 2: It's located near the Ohio River, which forms part of the border between Kentucky and Indiana.
Step 3: Given its proximity to the Ohio River, it's more likely that the cave is in Kentucky rather than other states listed.
Best answer: B because it's geographically close to the Ohio River where the cave is situated.","['B', 'B', 'B', 'B', 'B']",B,True,majority,1.0,{'B': 5},5,5,1.0,0,False,,ASDIV,LAMA-3.2-3B
84,guided,84,"When we are running what are we doing?

Options:
A) stretches
B) running from police
C) learn to walk
D) go quickly
E) get out of bed",run,D,"Step 1: When people engage in physical activity, they typically move their legs in a rhythmic motion.
Step 2: This motion involves lifting one foot off the ground and putting it down repeatedly.
Step 3: This action is commonly associated with exercise, sports, or transportation.
Best answer: A because it describes the physical action involved in running.","['D', 'D', 'B', 'A', 'D']",D,True,majority,0.6000000000000001,"{'D': 3, 'B': 1, 'A': 1}",5,3,0.6000000000000001,2,False,,ASDIV,LAMA-3.2-3B
85,guided,85,"Where would you find an office worker gossiping with their colleagues?

Options:
A) water cooler
B) space shuttle
C) baby shower
D) bus stop
E) family",person,A,"Step 1: Office workers often gather in break rooms for socializing during work hours.
Step 2: The water cooler is typically located in an office building, providing a convenient spot for employees to chat with each other.
Step 3: Unlike the other options (bus stop, baby shower, space shuttle), these locations aren't typically associated with workplace socializing.
Best answer: A because it's where coworkers usually hang out during breaks.","['A', 'D', 'A', 'D', 'D']",D,False,majority,0.6000000000000001,"{'A': 2, 'D': 3}",5,2,0.4,2,False,,ASDIV,LAMA-3.2-3B
86,guided,86,"Zane doesn't like answering questions.  He's not good at it because he suffers from what?

Options:
A) panic
B) discussion
C) attention
D) confusion
E) satisfaction",answering questions,D,"Step 1: People who suffer from anxiety often avoid situations that make them feel uncomfortable or stressed.
Step 2: Answering questions can cause anxiety in some individuals due to fear of being wrong or judged.
Step 3: This anxiety leads to avoidance behavior, making it difficult for Zane to participate in activities like answering questions.
Best answer: A because anxiety is a common reason for avoiding tasks that induce stress.","['A', 'A', 'A', 'A', 'A']",A,False,majority,1.0,{'A': 5},5,0,0.0,0,False,,ASDIV,LAMA-3.2-3B
87,guided,87,"What is unlikely to get bugs on its windshield due to bugs' inability to reach it when it is moving?

Options:
A) airplane
B) scooter
C) motorboat
D) car
E) motor vehicle",windshield,A,"Step 1: Most vehicles have moving parts that create turbulence, making it difficult for bugs to stick to their surfaces.
Step 2: Airplanes have complex systems like engines, propellers, and air intakes that create strong air currents around them.
Step 3: These currents would likely dislodge any bugs trying to land on an airplane's surface while in flight.
Best answer: A because airplanes have moving parts creating turbulence that repels bugs.","['B', 'C', 'C', 'D', 'D']",C,False,coin_flip,0.33330000000000004,"{'B': 1, 'C': 2, 'D': 2}",6,0,0.0,4,True,0.0,ASDIV,LAMA-3.2-3B
88,guided,88,"He used an umbrella while tanning, where was he likely?

Options:
A) waves
B) seattle
C) suitcase
D) beach
E) jacket closet",umbrella,D,"Step 1: People typically use umbrellas to protect themselves from rain.
Step 2: Tanning implies exposure to sunlight, which contradicts the purpose of an umbrella.
Step 3: Therefore, the location where he was likely is not outdoors in direct sunlight.
Best answer: B because Seattle has rainy weather, making it the most plausible place for someone to use an umbrella while trying to tan.","['B', 'B', 'B', 'B', 'B']",B,False,majority,1.0,{'B': 5},5,0,0.0,0,False,,ASDIV,LAMA-3.2-3B
89,guided,89,"What is the thing that is agitated in your head when kissing?

Options:
A) sexual stimulation
B) herpes
C) headache
D) catch cold
E) happiness",kissing,E,"Step 1: When considering physical sensations associated with kissing, it's known that kissing involves direct contact between lips and facial skin.
Step 2: Herpes is a viral infection that causes painful blisters on the skin, which would likely cause discomfort during intimate activities like kissing.
Step 3: While headaches, catching a cold, and happiness aren't directly related to the physical sensations experienced during kissing.
Best answer: B because herpes can cause painful blisters that would make kissing uncomfortable.","['C', 'C', 'C', 'B', 'B']",C,False,majority,0.6000000000000001,"{'C': 3, 'B': 2}",5,0,0.0,2,False,,ASDIV,LAMA-3.2-3B
90,guided,90,"What are people likely to want to do with their friends?

Options:
A) own land
B) own home
C) talk to each other
D) believe in god
E) spend time",people,E,"Step 1: Humans have social needs for companionship and interaction.
Step 2: Talking to others satisfies this need for social interaction.
Step 3: Spending time together is often how people fulfill this need.
Best answer: E because spending time with friends allows for social interaction and bonding.","['E', 'C', 'E', 'C', 'C']",C,False,majority,0.6000000000000001,"{'E': 2, 'C': 3}",5,2,0.4,2,False,,ASDIV,LAMA-3.2-3B
91,guided,91,"The man took paperwork to other people to consult over it, where was he heading?

Options:
A) desk
B) meeting
C) office
D) table
E) work",paperwork,B,"Step 1: Typically, when someone takes paperwork to consult others, they usually do so in a setting where multiple people gather to discuss and review documents.
Step 2: Meetings often occur in designated spaces designed for group discussions, such as conference rooms or conference halls within offices.
Step 3: Offices often have dedicated areas for meetings, making them more likely locations for consulting with others about paperwork.
Best answer: B because meetings are commonly held in designated spaces within offices.","['C', 'C', 'C', 'C', 'C']",C,False,majority,1.0,{'C': 5},5,0,0.0,0,False,,ASDIV,LAMA-3.2-3B
92,guided,92,"If you really wanted a grape, where would you go to get it?

Options:
A) winery
B) fruit stand
C) field
D) kitchen
E) food",grape,B,"Step 1: Grapes are typically grown on vineyards for wine production.
Step 2: Wineries produce wine from grapes, making them the most likely place to find fresh grapes.
Step 3: While you might find grapes in some kitchens, they're not usually sold there.
Best answer: A because wineries cultivate grapes for wine production.","['A', 'D', 'D', 'D', 'D']",D,False,majority,0.8,"{'A': 1, 'D': 4}",5,0,0.0,1,False,,ASDIV,LAMA-3.2-3B
93,guided,93,"John wanted to clean all of the dust out of his place before settling down to watch his favorite shows.  What might he hardest do dust?

Options:
A) closet
B) under the bed
C) television
D) attic
E) most buildings",dust,D,"Step 1: Dust tends to accumulate in areas where air circulation is poor and surfaces are not frequently cleaned.
Step 2: Closets often have limited access, making it difficult for people to regularly vacuum or sweep inside them.
Step 3: The other options (under the bed, television, attic) can also collect dust but are generally easier to reach and clean than a closet.
Best answer: A because it's hard to clean due to limited accessibility.","['D', 'D', 'C', 'B', 'D']",D,True,majority,0.6000000000000001,"{'D': 3, 'C': 1, 'B': 1}",5,3,0.6000000000000001,2,False,,ASDIV,LAMA-3.2-3B
94,guided,94,"The buildings were intended to not have residential kitchens in them, what were they designed for?

Options:
A) large city
B) small
C) eat cake
D) university
E) town",buildings,D,"Step 1: Typically, buildings without kitchens are meant for non-food purposes such as offices, museums, libraries, or laboratories.
Step 2: Universities often have dining halls where students eat, so it's unlikely that these buildings were meant for eating.
Step 3: Considering the absence of kitchens, it's more probable that the buildings were designed for educational institutions where food isn't prepared on-site.
Best answer: D because universities typically don't have kitchens in their buildings.","['D', 'D', 'D', 'D', 'D']",D,True,majority,1.0,{'D': 5},5,5,1.0,0,False,,ASDIV,LAMA-3.2-3B
95,guided,95,"Stabbing to death of a person is what sort of way to die?

Options:
A) pool of blood
B) gruesome
C) charming
D) being arrested
E) killing",stabbing to death,B,"Step 1: Stabbing typically involves using a sharp object (like a knife) to pierce the skin and cause internal damage.
Step 2: This type of injury usually results in severe bleeding, which can lead to blood loss.
Step 3: Excessive blood loss can cause death if not treated promptly.
Best answer: A because stabbing typically results in a pool of blood due to the nature of the wound.","['A', 'A', 'E', 'E', 'A']",A,False,majority,0.6000000000000001,"{'A': 3, 'E': 2}",5,0,0.0,2,False,,ASDIV,LAMA-3.2-3B
96,guided,96,"What should everyone do who doesn't want to fight anymore?

Options:
A) explicate
B) pay tribute to king
C) hope for peace
D) wear shoes
E) do well",everyone,C,"Step 1: Fighting often leads to more conflict and harm, causing people to lose trust and want to avoid it.
Step 2: If someone wants to stop fighting, they need to address the underlying issues that lead to conflict.
Step 3: This can involve communication, compromise, and finding mutually beneficial solutions.
Best answer: C because hoping for peace is an initial step towards resolving conflicts without violence.","['C', 'C', 'C', 'C', 'C']",C,True,majority,1.0,{'C': 5},5,5,1.0,0,False,,ASDIV,LAMA-3.2-3B
97,guided,97,"If someone is found to be committing murder, what did they do to someone?

Options:
A) misery
B) kill
C) distress
D) tickel
E) go to jail",committing murder,B,"Step 1: Murder is defined as the act of taking another person's life intentionally.
Step 2: The definition directly implies an action that results in death, which involves causing harm or injury to another individual.
Step 3: Among the given options, only one word accurately describes this intentional act resulting in death.
Best answer: B because it directly states taking someone's life.","['B', 'B', 'B', 'B', 'B']",B,True,majority,1.0,{'B': 5},5,5,1.0,0,False,,ASDIV,LAMA-3.2-3B
98,guided,98,"Children's behavior is a direct reflection of their what?

Options:
A) parents
B) old people
C) play ball
D) many adults
E) grown ups",children,A,"Step 1: Children often learn behaviors by observing those around them, especially family members.
Step 2: Parents typically set rules, provide guidance, and model desired behaviors for their children.
Step 3: This close interaction influences children's actions and values, shaping who they become.
Best answer: A because children learn primarily from their immediate caregivers, usually their parents.","['A', 'A', 'A', 'A', 'A']",A,True,majority,1.0,{'A': 5},5,5,1.0,0,False,,ASDIV,LAMA-3.2-3B
99,guided,99,"Bart entered his horse into the contest.  Where did he do this?

Options:
A) circus
B) in kentucky
C) western movie
D) central park
E) state fair",horse,E,"Step 1: Bart likely entered the horse into a competition where horses are commonly shown off, such as a horse show or exhibition.
Step 2: State fairs often feature horse exhibits and competitions, which aligns with this expectation.
Step 3: While circuses may also have animal acts including horses, they typically focus on entertainment rather than competitions.
Step 4: Western movies often feature horses but aren't typically associated with horse competitions.
Step 5: Central parks usually don't host horse competitions either.
Best answer: E because state fairs frequently include horse exhibits and competitions.","['D', 'E', 'E', 'E', 'B']",E,True,majority,0.6000000000000001,"{'D': 1, 'E': 3, 'B': 1}",5,3,0.6000000000000001,2,False,,ASDIV,LAMA-3.2-3B
100,guided,100,"Where are horses judged on appearance?

Options:
A) race track
B) fair
C) raised by humans
D) in a field
E) countryside",horses,B,"Step 1: Horses are often used for competitions such as horse shows and racing, where their physical appearance is evaluated.
Step 2: These events typically take place in controlled environments like arenas or designated areas set up specifically for these events.
Step 3: A fair is a common location where horse competitions like horse shows occur, making it a likely place where horses are judged on their appearance.
Best answer: B because fairs host horse competitions where appearance is a key factor.","['B', 'B', 'B', 'B', 'B']",B,True,majority,1.0,{'B': 5},5,5,1.0,0,False,,ASDIV,LAMA-3.2-3B
101,guided,101,"What do people usually feel when falling in love?

Options:
A) getting married
B) pain
C) happiness
D) getting married
E) suffering",falling in love,C,"Step 1: Falling in love often involves strong emotions such as attachment and affection towards someone.
Step 2: Research shows that feelings of attachment and affection are typically associated with positive emotions like joy and contentment.
Step 3: Many people describe falling in love as an intense, all-consuming feeling that brings them great pleasure.
Best answer: C because it aligns with common descriptions of romantic love as an overwhelmingly positive experience.","['C', 'C', 'C', 'C', 'C']",C,True,majority,1.0,{'C': 5},5,5,1.0,0,False,,ASDIV,LAMA-3.2-3B
102,guided,102,"If a small flying animal picks up a string, where are they taking it?

Options:
A) bird's nest
B) park
C) guitar
D) kite
E) quark",string,A,"Step 1: Many small flying animals, such as birds, bats, and insects, have been known to pick up objects with their beaks or talons.
Step 2: Some of these objects might be used for nesting, flying, or other purposes related to their natural behaviors.
Step 3: Considering the options provided, a bird might pick up a string to use in its nest (A) or attach it to something while flying (D).
Best answer: A because birds often use strings to build nests.","['A', 'A', 'A', 'A', 'A']",A,True,majority,1.0,{'A': 5},5,5,1.0,0,False,,ASDIV,LAMA-3.2-3B
103,guided,103,"What could suddenly stop someone when he or she is running?

Options:
A) mushroom
B) falling down
C) sweating
D) exhaustion
E) getting tired",running,B,"Step 1: When considering what could stop someone from running, think about physical factors that would impede movement.
Step 2: Options A (mushroom) and E (getting tired) might slow them down due to decreased energy levels, but they wouldn't completely halt movement immediately.
Step 3: Option B (falling down) would definitely stop someone in their tracks as it would cause them to lose balance and hit the ground.
Step 4: Option D (exhaustion) could lead to slowing down over time but wouldn't instantly stop someone running.
Best answer: B because falling down would immediately stop someone running due to loss of balance.","['B', 'B', 'B', 'B', 'B']",B,True,majority,1.0,{'B': 5},5,5,1.0,0,False,,ASDIV,LAMA-3.2-3B
104,guided,104,"Billy set aside a block of time for having fun after work. Why might he do this?

Options:
A) happiness
B) stress relief
C) pleasure
D) ocean
E) may laugh",having fun,B,"Step 1: People often engage in leisure activities to alleviate stress and improve their mental well-being.
Step 2: Having fun can help reduce stress levels, leading to improved mood and overall health.
Step 3: Setting aside dedicated time for enjoyment allows individuals to prioritize relaxation and enjoyment.
Best answer: B because it's a common practice to use leisure time as a means of stress relief.","['B', 'B', 'B', 'B', 'B']",B,True,majority,1.0,{'B': 5},5,5,1.0,0,False,,ASDIV,LAMA-3.2-3B
105,guided,105,"Joan wants to cook a potato, where should she place it?

Options:
A) boiling water
B) paper bag
C) restaurants
D) underground
E) cupboard",potato,A,"Step 1: Potatoes need to be submerged in liquid to cook evenly.
Step 2: Boiling water is a common method for cooking potatoes, as it helps break down starches and makes them tender.
Step 3: Placing a potato in a paper bag would prevent even cooking due to lack of moisture.
Step 4: Restaurants aren't suitable for cooking individual potatoes at home.
Step 5: Underground isn't feasible for cooking potatoes as it's not a suitable environment for heat transfer.
Step 6: Cupboards aren't designed for cooking, only storing food.
Best answer: A because boiling water allows for even cooking of the potato.","['A', 'A', 'A', 'A', 'A']",A,True,majority,1.0,{'A': 5},5,5,1.0,0,False,,ASDIV,LAMA-3.2-3B
106,guided,106,"People are very much like the animals, but one thing has secured or dominance over the planet.  We're better at doing what?

Options:
A) eat eggs
B) make tools
C) eat dosa
D) talk to each other
E) smoke pot",people,B,"Step 1: Humans have developed complex societies with social structures, languages, and technology.
Step 2: While some animals like chimps use tools (B), they don't possess the same level of cognitive abilities as humans.
Step 3: Humans have also been known to consume various foods including eggs (A), but this isn't unique to our species.
Step 4: Dosa is a type of food specific to certain cultures, not a universal human behavior.
Step 5: Smoking pot isn't a common practice among most humans worldwide.
Step 6: Talking to each other is an essential aspect of human communication, essential for cooperation and social interaction.
Best answer: D because humans have advanced language capabilities that enable complex communication.","['D', 'A', 'D', 'D', 'D']",D,False,majority,0.8,"{'D': 4, 'A': 1}",5,0,0.0,1,False,,ASDIV,LAMA-3.2-3B
107,guided,107,"Where do you head to travel to a star?

Options:
A) night sky
B) galaxy
C) outer space
D) hollywood
E) eat cake",star,C,"Step 1: To travel to a star, one needs to consider what ""traveling"" implies - moving through distance, typically in a vehicle or spacecraft.
Step 2: The term ""star"" refers to massive balls of hot, glowing gas in space, not locations on Earth.
Step 3: Options A (night sky) and D (Hollywood) are not places you can physically travel to; they're concepts or places on our planet.
Step 4: Option E (eat cake) has no relation to traveling to a star.
Step 5: Option C (outer space) is the correct term for the vast expanse where stars reside, making it the only logical destination for interstellar travel.
Best answer: C because it's the only option that accurately describes the vast, three-dimensional space containing stars.","['C', 'C', 'C', 'C', 'C']",C,True,majority,1.0,{'C': 5},5,5,1.0,0,False,,ASDIV,LAMA-3.2-3B
108,guided,108,"What does a person with a what likely do?

Options:
A) feel important
B) trust himself
C) own house
D) electrical circuit
E) know what time",person,E,"Step 1: A person who has a house typically has a place to live.
Step 2: Owning a house implies having control over physical space, which often comes with financial stability and responsibility.
Step 3: Having financial stability can lead to increased confidence in one's decisions and judgment.
Best answer: C because owning a house is often associated with stability and confidence.","['C', 'C', 'C', 'C', 'C']",C,False,majority,1.0,{'C': 5},5,0,0.0,0,False,,ASDIV,LAMA-3.2-3B
109,guided,109,"Playing baseball is a lot like any other sport, there is always a risk of what?

Options:
A) sore muscles
B) errors
C) happiness
D) injury
E) fun",playing baseball,D,"Step 1: In any physical activity, especially contact sports like baseball, there's an increased chance of physical harm due to collisions with other players or equipment.
Step 2: This type of risk applies regardless of whether one is playing well or poorly, as even minor mistakes can lead to accidents.
Step 3: While soreness might occur, it's not typically considered an inherent risk associated with playing the game itself but rather an expected outcome of physical exertion.
Step 4: Happiness isn't something that can be considered a risk; it's an emotional state that may result from participating in the game.
Best answer: D because injury is a direct consequence of physical contact in sports like baseball.","['D', 'D', 'D', 'D', 'D']",D,True,majority,1.0,{'D': 5},5,5,1.0,0,False,,ASDIV,LAMA-3.2-3B
110,guided,110,"James couldn't get comfortable.  There was too much dirt.  He needed to clean out what?

Options:
A) ground
B) subway
C) bank
D) bed
E) street",dirt,D,"Step 1: James was having trouble sitting due to the dirt, indicating he wanted to remove it.
Step 2: The word ""clean"" implies an action related to removing dirt or filth.
Step 3: A bed typically has a mattress that can hold dirt, making it the most likely place for James to clean.
Best answer: D because a bed is where you sleep and often has removable bedding that can get dirty.","['D', 'D', 'D', 'D', 'D']",D,True,majority,1.0,{'D': 5},5,5,1.0,0,False,,ASDIV,LAMA-3.2-3B
111,guided,111,"The business man was promoted recently, to celebrate he went where to buy an expensive wristwatch?

Options:
A) case
B) jewelry store
C) shopping
D) jewelery box
E) hock",wristwatch,B,"Step 1: Typically, when someone gets promoted at work, they celebrate with gifts for themselves or family members.
Step 2: Watches are often considered luxury items associated with success and achievement.
Step 3: A jewelry store would have various types of high-end timepieces that fit this occasion.
Best answer: B because it's where you'd typically find expensive watches.","['B', 'B', 'B', 'B', 'B']",B,True,majority,1.0,{'B': 5},5,5,1.0,0,False,,ASDIV,LAMA-3.2-3B
112,guided,112,"What is a possible outcome for committing murder?

Options:
A) problems
B) incarceration
C) trial
D) imprisonment
E) prosecution",committing murder,D,"Step 1: In most countries, breaking the law results in some form of punishment.
Step 2: Among these punishments, incarceration refers specifically to being confined within a prison facility.
Step 3: Imprisonment often follows after a trial has taken place where evidence against the perpetrator is presented.
Best answer: D because imprisonment typically occurs as part of the punishment process following a conviction.","['D', 'D', 'B', 'B', 'D']",D,True,majority,0.6000000000000001,"{'D': 3, 'B': 2}",5,3,0.6000000000000001,2,False,,ASDIV,LAMA-3.2-3B
113,guided,113,"They kept doing things the same, she suggested they also try doing things what?

Options:
A) differently
B) otherwise
C) expensive
D) only
E) mere",also,A,"Step 1: If someone is trying to change behavior, they often recommend altering habits.
Step 2: Changing habits usually involves modifying actions or approaches.
Step 3: Modifying actions typically means making changes to how something is done.
Best answer: A because changing behavior typically means making adjustments.","['D', 'A', 'B', 'B', 'D']",D,False,coin_flip,0.33330000000000004,"{'D': 2, 'A': 1, 'B': 2}",6,2,0.33330000000000004,4,True,1.0,ASDIV,LAMA-3.2-3B
114,guided,114,"Where is the control room that controls a PWR located?

Options:
A) building
B) factory
C) window
D) prison
E) nuclear power plant",control room,E,"Step 1: A power plant typically has multiple buildings, but one specific building houses the control systems for generating electricity.
Step 2: The control room is where operators monitor and adjust power output, ensuring safe operation.
Step 3: While some power plants may have other facilities nearby, the control room itself isn't usually part of another structure like a factory or prison.
Best answer: E because it's specifically designed to manage nuclear reactions within the plant.","['E', 'E', 'E', 'E', 'E']",E,True,majority,1.0,{'E': 5},5,5,1.0,0,False,,ASDIV,LAMA-3.2-3B
115,guided,115,"Where could you find a toilet that only friends can use?

Options:
A) rest area
B) school
C) stadium
D) apartment
E) hospital",toilet,D,"Step 1: Toilets in public places like rest stops, schools, stadiums, and hospitals are typically designed for multiple users.
Step 2: Apartments usually have private bathrooms for individual residents only.
Step 3: Only an apartment provides a setting where only one person can use the toilet at a time due to privacy concerns.
Best answer: D because private bathrooms in an apartment allow exclusive access to one user at a time.","['D', 'D', 'D', 'D', 'D']",D,True,majority,1.0,{'D': 5},5,5,1.0,0,False,,ASDIV,LAMA-3.2-3B
116,guided,116,"Immediately after peeing, a person's bladder is what?

Options:
A) collapsed
B) empty
C) full
D) filled
E) stretchable",bladder,B,"Step 1: The human bladder stores urine until it reaches its capacity, then contracts to release its contents.
Step 2: After urination, the bladder has released its stored urine, so it no longer contains liquid.
Step 3: Since the bladder was previously holding urine, it can't be ""full"" or ""filled"" now that the urine has been expelled.
Step 4: Similarly, ""stretchable"" doesn't apply here as this describes the bladder's ability to expand with liquid, not its state after urination.
Step 5: Therefore, the most logical state for an empty bladder is ""empty"".
Best answer: B because the bladder has been emptied of its contents.","['B', 'B', 'B', 'B', 'B']",B,True,majority,1.0,{'B': 5},5,5,1.0,0,False,,ASDIV,LAMA-3.2-3B
117,guided,117,"Where would you find people standing in a line outside?

Options:
A) bus depot
B) end of line
C) opera
D) neighbor's house
E) meeting",people,A,"Step 1: Typically, people gather at a specific location before an event, such as a bus stop before boarding a bus.
Step 2: An opera typically requires advance ticket purchase and seating arrangements, so it's unlikely that people would gather there randomly.
Step 3: A neighbor's house doesn't usually have a designated area for large groups to stand in line.
Step 4: Meetings often involve multiple participants, but they usually take place indoors with seating arrangements.
Step 5: A bus depot has designated areas for passengers to wait in line before boarding a bus.
Best answer: A because bus depots have designated waiting areas for passengers.","['A', 'A', 'B', 'A', 'A']",A,True,majority,0.8,"{'A': 4, 'B': 1}",5,4,0.8,1,False,,ASDIV,LAMA-3.2-3B
118,guided,118,"The potato might be the official vegetable of what?

Options:
A) vegans
B) kitchen cupboard
C) restaurants
D) chicken
E) maryland",potato,E,"Step 1: The term ""potato"" is often associated with food preparation and cooking.
Step 2: Potatoes are commonly used as an ingredient in various dishes, particularly in savory meals.
Step 3: Restaurants frequently serve potatoes as part of their menu offerings.
Best answer: C because restaurants often serve potatoes as part of their menu.","['C', 'C', 'B', 'B', 'C']",C,False,majority,0.6000000000000001,"{'C': 3, 'B': 2}",5,0,0.0,2,False,,ASDIV,LAMA-3.2-3B
119,guided,119,"What do you do in order to fly in airplane?

Options:
A) buy tickets
B) passenger
C) read
D) add gas
E) run through checklists",fly in airplane,A,"Step 1: To fly on an airplane, one needs to secure transportation through an airline company.
Step 2: This involves purchasing tickets, which grants access to the flight schedule and availability.
Step 3: Once booked, passengers then proceed through security checks before boarding the plane.
Best answer: A because buying tickets is the initial step required for flying.","['A', 'A', 'A', 'A', 'A']",A,True,majority,1.0,{'A': 5},5,5,1.0,0,False,,ASDIV,LAMA-3.2-3B
120,guided,120,"What is another name for a disk for storing information?

Options:
A) computer store
B) computer to store data
C) computer hard drive
D) cd player
E) usb mouse",disk,C,"Step 1: A hard drive is an electronic device used in computers to hold data.
Step 2: It's called a ""hard"" drive because it uses physical parts like magnets and spinning disks to store information.
Step 3: Unlike a CD player, which plays audio, or a USB mouse, which controls input, these functions aren't related to data storage.
Best answer: C because it's the correct technical term for a device that stores digital information on a physical medium.","['C', 'C', 'C', 'C', 'D']",C,True,majority,0.8,"{'C': 4, 'D': 1}",5,4,0.8,1,False,,ASDIV,LAMA-3.2-3B
121,guided,121,"When you wipe you feet on the door mat and walk through the door where do you enter?

Options:
A) a chair
B) school
C) living room
D) doorway
E) bathroom",mat,C,"Step 1: Typically, people use door mats at entrances to clean their feet before entering a room.
Step 2: Doorways are specifically designed for passage through, not for sitting or standing.
Step 3: Doorways lead directly into the space beyond them, not inside the object itself.
Best answer: D because doorways serve as transitional spaces for entering a room.","['D', 'D', 'D', 'D', 'D']",D,False,majority,1.0,{'D': 5},5,0,0.0,0,False,,ASDIV,LAMA-3.2-3B
122,guided,122,"When you get an F, you fail. If you get A's you are?

Options:
A) passed
B) completing
C) passed
D) passing
E) succeeding",fail,D,"When you get an F, you fail.
When you get A, C, D, or E, you are succeeding.","['D', 'D', 'C', 'A', 'D']",D,True,majority,0.6000000000000001,"{'D': 3, 'C': 1, 'A': 1}",5,3,0.6000000000000001,2,False,,ASDIV,LAMA-3.2-3B
123,guided,123,"If a person were going to bed, what would be their goal?

Options:
A) lazy
B) insomnia
C) rest
D) falling asleep
E) dreaming of",going to bed,D,"Step 1: Typically, people engage in activities before going to bed such as reading, taking a bath, or changing clothes.
Step 2: These activities prepare the body for sleep, helping to relax muscles and calm the mind.
Step 3: The ultimate objective of these preparatory actions is to induce sleep, which allows for physical recovery and mental rejuvenation.
Best answer: C because it directly relates to preparing for sleep.","['C', 'C', 'C', 'C', 'C']",C,False,majority,1.0,{'C': 5},5,0,0.0,0,False,,ASDIV,LAMA-3.2-3B
124,guided,124,"What could an apple tree do?

Options:
A) new hampshire
B) bloom
C) washington state
D) sunshine
E) spontaneously combust",apple tree,B,"Step 1: Apple trees require specific conditions to grow, including sunlight, water, and fertile soil.
Step 2: While apple trees can grow in various climates, they generally thrive in temperate zones with adequate sunlight.
Step 3: Options A (new Hampshire) and C (Washington state) are both known for their apple production, but this doesn't necessarily mean an individual tree can perform these activities itself.
Step 4: Option D (sunshine) is essential for photosynthesis, but it's not something an apple tree ""does.""
Step 5: Option E (spontaneously combust) is biologically impossible for an apple tree as it's not capable of combustion.
Best answer: B because apple trees produce flowers that eventually lead to fruit production through a process called pollination.","['B', 'B', 'B', 'B', 'B']",B,True,majority,1.0,{'B': 5},5,5,1.0,0,False,,ASDIV,LAMA-3.2-3B
125,guided,125,"In what Spanish speaking North American country can you get a great cup of coffee?

Options:
A) mildred's coffee shop
B) mexico
C) diner
D) kitchen
E) canteen",cup of coffee,B,"Step 1: Many countries in Central America have a strong coffee culture, particularly Mexico, where coffee is an integral part of daily life.
Step 2: In Mexico, you can find traditional coffee shops called ""cafeterias"" or ""cafes"" where locals gather to socialize over coffee.
Step 3: Given these options, ""B) mexico"" is the most likely place to get a great cup of coffee due to its rich coffee culture.
Best answer: B because Mexico has a well-established coffee culture with many cafes serving high-quality coffee.","['B', 'B', 'B', 'B', 'B']",B,True,majority,1.0,{'B': 5},5,5,1.0,0,False,,ASDIV,LAMA-3.2-3B
126,guided,126,"What are you getting from you boss at the end of the week?

Options:
A) asking for
B) money
C) food
D) work
E) energy",getting,B,"Step 1: Typically, when referring to ""getting"" something from someone, it implies receiving it as a gift or favor.
Step 2: In most workplaces, employees receive payment (money) at the end of the week for their work done.
Step 3: Options C (food), D (work), and E (energy) don't fit this context; they don't make sense as things you receive directly from an employer.
Best answer: B because it's standard practice for employees to receive payment at the end of the workweek.","['B', 'B', 'B', 'B', 'B']",B,True,majority,1.0,{'B': 5},5,5,1.0,0,False,,ASDIV,LAMA-3.2-3B
127,guided,127,"Why do people stop caring about their problems?

Options:
A) no problems
B) better themselves
C) face problems
D) learn from each other
E) become disillusioned",people,E,"Step 1: Research shows that when individuals experience significant stress, anxiety, or trauma, it can lead to emotional exhaustion and decreased motivation.
Step 2: This emotional state can cause people to withdraw socially, lose interest in activities they once enjoyed, and feel disconnected from others.
Step 3: Furthermore, prolonged feelings of hopelessness and powerlessness can lead to a sense of hopelessness, making it harder for individuals to find solutions to their problems.
Best answer: E because becoming disillusioned often results in a loss of motivation and interest in addressing one's issues.","['E', 'E', 'E', 'E', 'E']",E,True,majority,1.0,{'E': 5},5,5,1.0,0,False,,ASDIV,LAMA-3.2-3B
128,guided,128,"Where is a dining area likely to be small?

Options:
A) cruise ship
B) home
C) mall
D) restaurant
E) dark cave",dining area,B,"Step 1: A dining area typically accommodates multiple people at one time, so it needs enough space for tables and chairs.
Step 2: Cruise ships have many passengers and crew members who need places to eat together; therefore, they require large dining spaces.
Step 3: Homes usually have limited space, making them unsuitable as a large-scale dining venue.
Step 4: Malls have various stores and often have multiple eateries with separate dining areas, but these areas are usually not as large as those found on a cruise ship.
Step 5: Dark caves do not provide adequate lighting for dining purposes.
Best answer: A because cruise ships have large capacities for dining areas.","['B', 'A', 'B', 'B', 'B']",B,True,majority,0.8,"{'B': 4, 'A': 1}",5,4,0.8,1,False,,ASDIV,LAMA-3.2-3B
129,guided,129,"What is main benefit to exercising?

Options:
A) losing weight
B) healthy
C) get in shape
D) weight loss
E) sweat",exercising,C,"Step 1: Regular exercise improves cardiovascular health, which reduces the risk of chronic diseases like heart attacks and strokes.
Step 2: While losing weight (A) and getting in shape (C) can be benefits of exercise, they're not the primary advantages; these terms often overlap with each other.
Step 3: Option B ""healthy"" is too broad as it doesn't specify what aspect of health improved through exercise.
Step 4: Option E ""sweat"" is an effect of exercise but not its main benefit.
Step 5: Therefore, the most direct benefit that stands out as an independent advantage of exercising regularly.
Best answer: B because it highlights overall well-being.","['B', 'B', 'B', 'B', 'B']",B,False,majority,1.0,{'B': 5},5,0,0.0,0,False,,ASDIV,LAMA-3.2-3B
130,guided,130,"Why would you go to an office?

Options:
A) work
B) school building
C) paper
D) city
E) habit",office,A,"Step 1: An office is typically associated with employment, where people go to perform job tasks.
Step 2: Most jobs require attending meetings, using computers, and interacting with colleagues, which can't happen in other locations listed.
Step 3: While some people may work remotely, it's less common than going to an actual office space.
Best answer: A because it's where most people go for work.","['A', 'B', 'A', 'A', 'D']",A,True,majority,0.6000000000000001,"{'A': 3, 'B': 1, 'D': 1}",5,3,0.6000000000000001,2,False,,ASDIV,LAMA-3.2-3B
131,guided,131,"Where are you if your bieifcase is going through an x-ray machine?

Options:
A) luggage store
B) courtroom
C) airport
D) office building
E) hand",briefcase,C,"Step 1: Airports have security checkpoints where passengers go through metal detectors and X-ray machines to screen luggage before boarding flights.
Step 2: Luggage stores typically don't have X-ray machines for security screening.
Step 3: Courtrooms usually don't have X-ray machines either; they're used in law enforcement and forensic analysis.
Step 4: Offices may have some security measures but not typically X-ray machines for passenger screening.
Step 5: Hands can't go through an X-ray machine as it's not designed to scan human body parts.
Best answer: C because airports have security checkpoints with X-ray machines for passenger screening.","['C', 'C', 'C', 'C', 'C']",C,True,majority,1.0,{'C': 5},5,5,1.0,0,False,,ASDIV,LAMA-3.2-3B
132,guided,132,"If someone laughs after surprising them they have a good sense of what?

Options:
A) joy
B) fight
C) frightened
D) humor
E) laughter",surprising,D,"Step 1: When someone laughs in response to a surprise, it's often because they find it amusing or find relief.
Step 2: Laughter is typically associated with amusement, not fear or aggression.
Step 3: While all options could potentially fit, ""humor"" best describes the underlying reason for the laughter - it's the source of the amusement.
Best answer: D because it's the underlying emotional state causing the laughter.","['A', 'D', 'A', 'A', 'E']",A,False,majority,0.6000000000000001,"{'A': 3, 'D': 1, 'E': 1}",5,1,0.2,2,False,,ASDIV,LAMA-3.2-3B
133,guided,133,"He came from old money and had a fortune, but he made new money making shrewd trades where?

Options:
A) eat cake
B) cookie
C) stock market
D) real estate
E) treasure chest",fortune,C,"Step 1: People who have wealth often invest their funds in various assets to grow their wealth further.
Step 2: The stock market allows individuals with capital to buy shares of companies, potentially earning returns through dividends or capital appreciation.
Step 3: Real estate investments also involve purchasing properties that can appreciate in value over time, providing passive income through rental yields.
Step 4: Trading cookies or eating cake doesn't generate wealth; it consumes resources without producing any financial gain.
Step 5: A treasure chest might hold valuable items but isn't an active means of generating new wealth.
Best answer: C because it's a common way for wealthy individuals to invest their funds.","['C', 'C', 'C', 'C', 'C']",C,True,majority,1.0,{'C': 5},5,5,1.0,0,False,,ASDIV,LAMA-3.2-3B
134,guided,134,"Punk rock music is an important part of what action sport?

Options:
A) skate
B) listen
C) opera
D) opera
E) relax",music,A,"Step 1: Punk rock originated in the 1970s as a reaction against mainstream culture, particularly in the music industry.
Step 2: This genre often involves loud, energetic performances and rebellious attitudes, which aligns with the high-intensity nature of extreme sports like skateboarding.
Step 3: Many punk rock bands have been associated with skate culture, with some even performing at skate parks and events.
Best answer: A because punk rock's energetic and rebellious spirit matches the adrenaline-fueled nature of extreme sports like skateboarding.","['A', 'A', 'A', 'A', 'A']",A,True,majority,1.0,{'A': 5},5,5,1.0,0,False,,ASDIV,LAMA-3.2-3B
135,guided,135,"How many hours are in a day?

Options:
A) week
B) bright
C) night
D) twenty four
E) year",day,D,"Step 1: A standard unit of time is typically divided into smaller units, such as minutes and seconds.
Step 2: There are sixty minutes in an hour, and there are eight hundred eighty minutes in a day.
Step 3: To find out how many hours are in a day, divide the total number of minutes by sixty (since there are sixty minutes per hour).
Step 4: Eight hundred eighty divided by sixty equals twelve, so there are twelve hours in a day.
Best answer: D because it's the correct numerical value for the amount of hours in one full rotation of the Earth on its axis.","['D', 'D', 'D', 'D', 'D']",D,True,majority,1.0,{'D': 5},5,5,1.0,0,False,,ASDIV,LAMA-3.2-3B
136,guided,136,"When someone is talking and you missed something, what can you do to get them to repeat it?

Options:
A) walking
B) ask question
C) think
D) write question in crayon
E) sneeze",talking,B,"Step 1: When someone finishes speaking, wait for them to pause before responding.
Step 2: If they don't repeat what they said, try asking them to rephrase their statement using phrases like ""Just to make sure I understand"" or ""Can you summarize?""
Step 3: If still unsure, ask another open-ended question like ""What did you mean by that?"" or ""Could you give an example?""
Best answer: B because asking a question is an effective way to clarify what was said.","['B', 'B', 'B', 'B', 'B']",B,True,majority,1.0,{'B': 5},5,5,1.0,0,False,,ASDIV,LAMA-3.2-3B
137,guided,137,"What do people aim to do at work?

Options:
A) complete job
B) learn from each other
C) kill animals
D) wear hats
E) talk to each other",people,A,"Step 1: Most jobs involve tasks that need to be accomplished for productivity and success.
Step 2: Completing tasks is essential for earning money, meeting deadlines, and advancing careers.
Step 3: While socializing with colleagues can aid collaboration, it's not the primary objective of most jobs.
Best answer: A because completing tasks is fundamental to achieving work goals.","['A', 'A', 'A', 'A', 'A']",A,True,majority,1.0,{'A': 5},5,5,1.0,0,False,,ASDIV,LAMA-3.2-3B
138,guided,138,"After working on the car, what did it end up doing?

Options:
A) going too fast
B) last several years
C) honk the horn
D) go fast
E) start running",car,E,"Step 1: Cars typically require maintenance to keep them in good condition.
Step 2: If maintenance isn't done, parts can wear out over time, leading to decreased performance.
Step 3: If a car's engine is not properly maintained, it may not function at all, so it won't move.
Best answer: B because if the car wasn't maintained, it would likely stop working altogether.","['B', 'D', 'E', 'B', 'E']",B,False,coin_flip,0.33330000000000004,"{'B': 2, 'D': 1, 'E': 2}",6,2,0.33330000000000004,4,True,0.0,ASDIV,LAMA-3.2-3B
139,guided,139,"The person signed up for home insurance, what is he seeking?

Options:
A) financial security
B) live well
C) good relationship
D) compliments
E) discounted furniture",person,A,"Step 1: Typically, when someone buys insurance, they want protection against potential losses or risks.
Step 2: Home insurance specifically covers damage to one's property (home) due to unforeseen events like natural disasters, theft, etc.
Step 3: This protection provides peace of mind knowing that if something bad happens, they'll have funds available to repair or rebuild their home.
Best answer: A because buying insurance provides financial security against potential losses.","['A', 'A', 'A', 'A', 'A']",A,True,majority,1.0,{'A': 5},5,5,1.0,0,False,,ASDIV,LAMA-3.2-3B
140,guided,140,"Where is a doormat likely to be in front of?

Options:
A) facade
B) front door
C) doorway
D) entrance porch
E) hallway",doormat,B,"Step 1: A doormat is typically placed at an entrance point where people enter a building.
Step 2: Facade refers to the exterior surface of a building, not an interior space where someone would stand.
Step 3: Doorway and entrance porch are both near the entrance, but ""door"" specifically implies a specific point where one opens to enter, making it more precise.
Best answer: B because it directly relates to the function of a doormat as an entryway guardian.","['D', 'D', 'B', 'D', 'B']",D,False,majority,0.6000000000000001,"{'D': 3, 'B': 2}",5,2,0.4,2,False,,ASDIV,LAMA-3.2-3B
141,guided,141,"What might a very large table be?

Options:
A) dining room
B) conference
C) kitchen
D) in a lake
E) demonstration",table,B,"Step 1: A large table is typically used for holding multiple items, often for display or serving purposes.
Step 2: Dining rooms usually have large tables where people gather to eat meals together.
Step 3: Kitchens also have large tables, but they're primarily for food preparation, not necessarily for holding many items on display.
Step 4: Lakes don't have tables; they're bodies of water.
Step 5: Demonstrations might involve tables, but it's not the most common association with ""very large"".
Best answer: A because dining rooms commonly feature large tables for communal eating.","['A', 'A', 'B', 'B', 'B']",B,True,majority,0.6000000000000001,"{'A': 2, 'B': 3}",5,3,0.6000000000000001,2,False,,ASDIV,LAMA-3.2-3B
142,guided,142,"John bought a new water hose.  But he found his old one near his car.  Where did he find the old one?

Options:
A) garden shed
B) hardware store
C) greenhouse
D) garage
E) in a van",hose,D,"Step 1: Typically, people store tools and equipment like water hoses in a place where they can be easily accessed but not in the way of daily traffic.
Step 2: Garages often have limited space for storing items, but they usually have enough room for a hose that's not being used at the moment.
Step 3: Since John already has a new hose, it's likely he doesn't need it in the garage right now.
Best answer: D because garages are common locations for storing unused items like hoses.","['D', 'D', 'A', 'B', 'D']",D,True,majority,0.6000000000000001,"{'D': 3, 'A': 1, 'B': 1}",5,3,0.6000000000000001,2,False,,ASDIV,LAMA-3.2-3B
143,guided,143,"The person wasn't bothered by the weather, she had remembered to bring her what?

Options:
A) read book
B) own house
C) apartment
D) more rice
E) warm coat",person,E,"Step 1: It's likely that the person went outside on a cold day, so they would need something to protect themselves from the elements.
Step 2: Bringing a coat is a common practice when going outside in cold weather to stay warm.
Step 3: Options A (reading) and C (apartment) don't relate directly to protecting against cold weather, while D (more rice) doesn't make sense in this context as it's unrelated to clothing.
Step 4: Between B (apartment) and E (warm coat), only one directly addresses the issue at hand - staying warm in cold weather.
Best answer: E because it's an item used for warmth in cold conditions.","['E', 'E', 'E', 'C', 'E']",E,True,majority,0.8,"{'E': 4, 'C': 1}",5,4,0.8,1,False,,ASDIV,LAMA-3.2-3B
144,guided,144,"When you slip from a ladder propped on anything what will you do?

Options:
A) obesity
B) fall down
C) matter to
D) whatever
E) surprise",anything,B,"Step 1: Typically, when someone slips on a ladder, they lose balance due to reduced stability.
Step 2: This loss of balance causes them to lose control over their movements.
Step 3: As a result, the most likely action taken would be to try and regain balance or stop falling.
Best answer: B because losing balance while on a ladder usually results in falling.","['B', 'B', 'B', 'B', 'B']",B,True,majority,1.0,{'B': 5},5,5,1.0,0,False,,ASDIV,LAMA-3.2-3B
145,guided,145,"Why would a person like to have a large house?

Options:
A) have choice
B) mentally challenged
C) own house
D) obesity
E) lots of space",person,E,"Step 1: People generally prefer having more space for comfort and convenience.
Step 2: Having too little space can lead to clutter, stress, and discomfort.
Step 3: Owning a house typically provides ample space for living, entertaining, and relaxation.
Best answer: E because having lots of space is often associated with comfort and convenience.","['E', 'E', 'E', 'E', 'E']",E,True,majority,1.0,{'E': 5},5,5,1.0,0,False,,ASDIV,LAMA-3.2-3B
146,guided,146,"If a heifer is really high quality, you might take her where?

Options:
A) home
B) dairy farm
C) cattle show
D) dairy barn
E) corral",heifer,C,"Step 1: High-quality heifers are typically raised for breeding purposes.
Step 2: Breeding typically occurs in controlled environments with access to food, water, and suitable living conditions.
Step 3: A dairy farm provides these conditions, making it an ideal location for raising high-quality heifers.
Best answer: B because dairy farms have facilities designed for breeding cattle.","['B', 'B', 'D', 'B', 'B']",B,False,majority,0.8,"{'B': 4, 'D': 1}",5,0,0.0,1,False,,ASDIV,LAMA-3.2-3B
147,guided,147,"What is a person considered a bully known for?

Options:
A) ridiculous
B) false information
C) made fun of
D) brain tumor
E) bull rider",person,C,"Step 1: A bully typically uses intimidation or aggression towards others.
Step 2: The term ""bull"" in ""bull"" refers to a large, powerful animal often associated with aggression.
Step 3: Given this meaning, it's logical that someone who bullies would be associated with this word due to their behavior being similar to that of an animal known for aggression.
Best answer: E because ""bull"" implies strength and aggression, which are characteristic traits of a bully.","['E', 'E', 'D', 'E', 'E']",E,False,majority,0.8,"{'E': 4, 'D': 1}",5,0,0.0,1,False,,ASDIV,LAMA-3.2-3B
148,guided,148,"Before racers start to run they must do what at the starting line?

Options:
A) learn to walk
B) walking
C) walk slowly
D) breathe
E) stand still",run,E,"Step 1: Before a race, participants need to prepare themselves physically for the activity.
Step 2: Standing still allows them to get into position at the starting line without wasting time or risking injury.
Step 3: If they were walking or trying to learn how to walk, it would delay their start time and put themselves at risk of tripping over other competitors.
Best answer: E because standing still ensures a safe and timely start.","['E', 'E', 'E', 'E', 'E']",E,True,majority,1.0,{'E': 5},5,5,1.0,0,False,,ASDIV,LAMA-3.2-3B
149,guided,149,"John and Tim like playing. It makes them what?

Options:
A) feeling happy
B) learning
C) injury
D) burn
E) get hungry",playing,A,"Step 1: Playing is an activity that typically involves physical exercise and mental stimulation.
Step 2: Exercise and mental stimulation can improve mood and cognitive function.
Step 3: Therefore, playing would likely lead to increased feelings of happiness.
Best answer: A because playing stimulates emotions and well-being.","['A', 'A', 'A', 'A', 'A']",A,True,majority,1.0,{'A': 5},5,5,1.0,0,False,,ASDIV,LAMA-3.2-3B
150,guided,150,"What does a kindergarten teacher do before nap time?

Options:
A) lower expectations
B) encourage
C) fear
D) time test
E) tell story",teacher,E,"Step 1: Kindergarten teachers aim to create a calm environment for their students before nap time.
Step 2: This involves helping children relax and settle down, often through soothing activities like reading or singing.
Step 3: Encouragement from the teacher helps students feel secure and comfortable enough to fall asleep.
Best answer: B because encouraging helps create a peaceful atmosphere conducive to sleep.","['B', 'B', 'B', 'B', 'B']",B,False,majority,1.0,{'B': 5},5,0,0.0,0,False,,ASDIV,LAMA-3.2-3B
151,guided,151,"The smelly man was having a bath, but what is he pursuing?

Options:
A) hydration
B) being clear
C) personal cleanliness
D) will drown
E) use of water",having bath,C,"Step 1: Taking a bath typically involves getting clean, which implies an attempt to remove dirt or impurities.
Step 2: The phrase ""smelly"" suggests that the individual needs to cleanse themselves due to having an unpleasant odor.
Step 3: Options A (hydration) and E (use of water) don't directly relate to removing odors; they're more about replenishing fluids or utilizing water for another purpose.
Step 4: Between C (personal cleanliness) and D (will drown), while drowning could be a risk in deep water, it doesn't logically connect with the context of taking a bath for being smelly.
Step 5: Therefore, the most reasonable conclusion is that the smelly man is taking a bath to achieve personal cleanliness.
Best answer: C because it directly addresses the issue of having an unpleasant odor.","['C', 'D', 'D', 'B', 'D']",D,False,majority,0.6000000000000001,"{'C': 1, 'D': 3, 'B': 1}",5,1,0.2,2,False,,ASDIV,LAMA-3.2-3B
152,guided,152,"The forest experienced a cold winter, where is it located?

Options:
A) earth
B) south america
C) amazon basin
D) temperate zone
E) national park",forest,D,"Step 1: A cold winter typically affects regions with temperate climates, which have moderate temperatures between warm and cold.
Step 2: The Amazon basin has a tropical climate with high temperatures year-round, making it unlikely to experience cold winters.
Step 3: National parks can have varying climates depending on their location, but most are not known for extreme cold temperatures.
Step 4: Earth is the only option that encompasses all types of climates, including those with cold winters.
Best answer: A because it's the only option that can encompass areas with cold winters.","['A', 'B', 'A', 'A', 'C']",A,False,majority,0.6000000000000001,"{'A': 3, 'B': 1, 'C': 1}",5,0,0.0,2,False,,ASDIV,LAMA-3.2-3B
153,guided,153,"What does a person do when they feel dirty?

Options:
A) feel lucky
B) cross street
C) wash themselves
D) eat
E) wonder what happened",person,C,"Step 1: Humans have a natural instinct to maintain personal hygiene for health and social norms.
Step 2: Washing oneself is a common practice worldwide, especially after physical activities or exposure to dirt.
Step 3: Options A, D, and E don't logically relate to cleaning oneself; they're unrelated to personal grooming.
Best answer: C because it's a universal behavior for maintaining cleanliness.","['C', 'C', 'B', 'B', 'C']",C,True,majority,0.6000000000000001,"{'C': 3, 'B': 2}",5,3,0.6000000000000001,2,False,,ASDIV,LAMA-3.2-3B
154,guided,154,"If you partied all night you could find yourself already what, even when just beginning work?

Options:
A) getting tired
B) working
C) procrastination
D) jumping
E) sitting down",beginning work,A,"Step 1: When someone stays up late for a party, they typically spend most of their time socializing, eating, and having fun.
Step 2: After an extended period of socializing and having fun, most people feel exhausted due to lack of sleep.
Step 3: Feeling tired is a common consequence of staying up late, especially if it's an all-night event.
Best answer: A because being tired is a typical outcome of staying up late.","['B', 'B', 'A', 'B', 'C']",B,False,majority,0.6000000000000001,"{'B': 3, 'A': 1, 'C': 1}",5,1,0.2,2,False,,ASDIV,LAMA-3.2-3B
155,guided,155,"Where is a good place to have a fireplace in a house?

Options:
A) big house
B) train
C) cabin
D) living room
E) home",fireplace,D,"Step 1: Fireplaces are typically used for warmth and ambiance, which requires a space with insulation and ventilation.
Step 2: A train does not have interior spaces where a fireplace can be installed, making it an impractical choice.
Step 3: While a cabin might have space for a fireplace, it's not necessarily the most common location; often, fireplaces are found in dedicated rooms designed for relaxation.
Step 4: Between options D (living room) and E (home), the living room is more likely where people gather, making it a suitable spot for a fireplace.
Best answer: D because it's where families often spend quality time together.","['D', 'D', 'D', 'D', 'D']",D,True,majority,1.0,{'D': 5},5,5,1.0,0,False,,ASDIV,LAMA-3.2-3B
156,guided,156,"Where is the worst place to be in a ticket office?

Options:
A) at the top
B) movie theaters
C) train station
D) end of line
E) opera house",ticket office,D,"Step 1: Typically, people tend to move towards the front of lines for faster service.
Step 2: Being at the top of a line would mean being farthest away from the cashier, resulting in longer wait times.
Step 3: This would cause frustration among those waiting, potentially leading to complaints and dissatisfaction.
Best answer: A because being at the top would delay service for everyone else.","['D', 'D', 'D', 'D', 'D']",D,True,majority,1.0,{'D': 5},5,5,1.0,0,False,,ASDIV,LAMA-3.2-3B
157,guided,157,"It's dangerous to let pet birds free so it's better to keep them what?

Options:
A) slavery
B) caught
C) caged in
D) topfree
E) prisoner",free,C,"Step 1: Keeping birds captive ensures their safety from predators and human harm.
Step 2: Releasing them into the wild can lead to injury or death due to lack of food, shelter, and exposure to harsh environments.
Step 3: Many countries have laws protecting animals from being released back into the wild if they've been kept as pets.
Best answer: C because it provides a controlled environment for their well-being.","['C', 'C', 'C', 'C', 'C']",C,True,majority,1.0,{'C': 5},5,5,1.0,0,False,,ASDIV,LAMA-3.2-3B
158,guided,158,"How might releasing energy that has built up feel?

Options:
A) damage
B) wonderful
C) exhaustion
D) orgasm
E) lazy",releasing energy,B,"Step 1: Releasing energy often involves physical activity, such as exercise or physical exertion.
Step 2: Activities like running, dancing, or lifting weights can create tension in muscles before release.
Step 3: When this tension is released, it typically results in fatigue rather than an increase in energy.
Best answer: C because releasing built-up energy usually leads to physical tiredness.","['C', 'C', 'C', 'C', 'C']",C,False,majority,1.0,{'C': 5},5,0,0.0,0,False,,ASDIV,LAMA-3.2-3B
159,guided,159,"What kind of place has a leader?

Options:
A) army
B) battle
C) wildlife
D) country
E) organization",leader,D,"Step 1: A country typically has its own government with laws, policies, and institutions that guide decision-making processes.
Step 2: An army is a group of soldiers under military command; it doesn't have a leader in the same way a country does.
Step 3: While an organization can have leaders, not all organizations have one (e.g., some are flat structures).
Step 4: A battle is an event where fighting occurs; it doesn't have a leader.
Step 5: Wildlife refers to animals in their natural habitats; it doesn't apply to human-made entities with governance.
Best answer: D because countries have formal systems for making decisions and governing their citizens.","['D', 'D', 'D', 'D', 'D']",D,True,majority,1.0,{'D': 5},5,5,1.0,0,False,,ASDIV,LAMA-3.2-3B
160,guided,160,"What is the opposite of a little of something?

Options:
A) much
B) plenty
C) more
D) big
E) lot of",little,E,"Step 1: Think about what ""little"" means in an opposite context.
""Little"" typically refers to a small quantity or amount.

Step 2: Consider how we express the opposite of ""little"" in everyday language.
We often use words like ""large"", ""many"", or ""a great deal"" to convey the idea of something being bigger than ""little"".

Step 3: Analyze each option to see which one best fits this meaning.
Options A, C, D, and E all imply an increase or addition, which isn't the opposite of ""little"".
Option B, ""plenty"", directly conveys a sense of abundance, making it the correct antonym for ""little"".

Best answer: B because it means having a large quantity.","['B', 'B', 'B', 'B', 'B']",B,False,majority,1.0,{'B': 5},5,0,0.0,0,False,,ASDIV,LAMA-3.2-3B
161,guided,161,"What is likely to be found in a book that is not a foreword?

Options:
A) last word
B) conclusion
C) ikea instructions
D) afterword
E) epilogue",foreword,E,"Step 1: A foreword is an introduction to a book, usually written by someone other than the author.
Step 2: An afterword is also an introduction but typically written by the author themselves.
Step 3: Ikea instructions are separate from the main content of a book and provide detailed guidance on assembling furniture.
Step 4: An epilogue is a concluding section at the end of a book, often used for additional information or reflection.
Step 5: Conclude that options A, C, and E can't fit this description as they either precede the main text (A), provide separate guidance (C), or follow the main text (E).
Best answer: D because an afterword typically precedes the main content in a book.","['A', 'A', 'D', 'A', 'A']",A,False,majority,0.8,"{'A': 4, 'D': 1}",5,0,0.0,1,False,,ASDIV,LAMA-3.2-3B
162,guided,162,"She loved spending money at the thrift store on knickknacks, this resulted in a lot of what on every shelf in her house?

Options:
A) poverty
B) clutter
C) getting
D) satisfaction
E) more happiness",spending money,B,"Step 1: Spending money at thrift stores often involves buying second-hand items, which can lead to accumulating possessions.
Step 2: Accumulating possessions typically results in clutter, especially if not properly organized or maintained.
Step 3: Clutter can negatively impact living spaces, making them look disorganized and overwhelming.
Best answer: B because excessive spending at thrift stores often leads to physical clutter.","['B', 'B', 'B', 'B', 'B']",B,True,majority,1.0,{'B': 5},5,5,1.0,0,False,,ASDIV,LAMA-3.2-3B
163,guided,163,"Where would a corpse be covered by a blanket?

Options:
A) bath store
B) bedroom
C) hospital
D) flower garden
E) michigan",blanket,C,"Step 1: Typically, people wrap a deceased body in a blanket for funeral rites or to keep warm.
Step 2: A hospital is where medical professionals handle deceased patients, not where they would wrap bodies.
Step 3: A flower garden isn't suitable for storing human remains; it's meant for plants.
Step 4: A bath store doesn't relate to wrapping corpses; it sells bathroom supplies.
Step 5: Michigan is a state, not a location where you'd find a blanket over a body.
Best answer: C because hospitals handle deceased individuals, including wrapping them in blankets for preparation.","['C', 'C', 'C', 'C', 'C']",C,True,majority,1.0,{'C': 5},5,5,1.0,0,False,,ASDIV,LAMA-3.2-3B
164,guided,164,"After recovering from the disease, what did the doctor call the patient?

Options:
A) healthy
B) passing around
C) cure
D) wellness
E) healthy",disease,A,"Step 1: A doctor typically diagnoses a patient with a condition and prescribes treatment to help them recover.
Step 2: The term ""recovered"" implies that the patient has made progress towards full recovery, but may still have some lingering effects.
Step 3: ""Recovering"" doesn't necessarily mean the patient is completely cured; it means they're improving but not yet fully restored to normal.
Best answer: C because ""cure"" implies a complete restoration to health, which isn't possible immediately after recovery.","['A', 'D', 'A', 'D', 'D']",D,False,majority,0.6000000000000001,"{'A': 2, 'D': 3}",5,2,0.4,2,False,,ASDIV,LAMA-3.2-3B
165,guided,165,"Where would you go to get some pamphlets if you want to own them?

Options:
A) bookstore
B) drawer
C) health department
D) mail box
E) library",pamphlets,A,"Step 1: People typically buy books and pamphlets at stores where they sell written materials.
Step 2: Bookstores usually have a wide selection of books, magazines, and other printed materials.
Step 3: Libraries may have some pamphlets, but they're not usually sold there; instead, you'd borrow them for free.
Step 4: Drawing from these conclusions, we can rule out options C (health department) and E (library).
Step 5: Now between A (bookstore) and B (drawer), it's more likely that you'd find pamphlets in a place where they're sold, not stored.
Best answer: A because bookstores sell written materials like pamphlets.","['A', 'A', 'A', 'A', 'A']",A,True,majority,1.0,{'A': 5},5,5,1.0,0,False,,ASDIV,LAMA-3.2-3B
166,guided,166,"Jane works for the government as a senator, where does she spend a lot of time?

Options:
A) capitol building
B) everything
C) washington d.c
D) russia
E) canada",government,A,"Step 1: As a senator, Jane likely spends most of her work hours within the country's capital city where she represents her constituents.
Step 2: The U.S. Capitol Building is located in Washington D.C., which serves as the seat of government for the federal government.
Step 3: Since Jane's role involves making laws and attending meetings with other officials, it's reasonable to assume she spends more time there than anywhere else.
Best answer: C because the U.S. Capitol Building is the central hub for government activities.","['C', 'C', 'C', 'C', 'C']",C,False,majority,1.0,{'C': 5},5,0,0.0,0,False,,ASDIV,LAMA-3.2-3B
167,guided,167,"If I want to watch a movie without leaving my home what might I use?

Options:
A) drive in movie
B) drive in movie
C) television
D) video store
E) show",movie,C,"Step 1: Typically, people watch movies at home using electronic devices that can play video content.
Step 2: Among the given options, only one device is commonly associated with playing movies within the comfort of one's own space.
Step 3: Televisions are designed for indoor viewing and come with built-in speakers or connectivity options for external sound systems.
Best answer: C because televisions are designed for home entertainment.","['C', 'C', 'D', 'D', 'C']",C,True,majority,0.6000000000000001,"{'C': 3, 'D': 2}",5,3,0.6000000000000001,2,False,,ASDIV,LAMA-3.2-3B
168,guided,168,"Why does someone flirt with many people at once?

Options:
A) have sex
B) get laid
C) were lonely
D) attract attention
E) dance",flirt,D,"Step 1: Flirting often involves sending mixed signals that convey interest without being too direct.
Step 2: This behavior can be seen as a way to gauge reactions from others, build rapport, or create social connections.
Step 3: People who are already in relationships may flirt as a way to maintain emotional intimacy or strengthen bonds with their partner(s).
Best answer: D because flirting typically aims to attract attention without necessarily leading to physical intimacy.","['D', 'D', 'D', 'D', 'D']",D,True,majority,1.0,{'D': 5},5,5,1.0,0,False,,ASDIV,LAMA-3.2-3B
169,guided,169,"Where can you put a picture frame when it's not hung vertically?

Options:
A) art show
B) wall
C) newspaper
D) car
E) table",picture,E,"Step 1: A picture frame is typically designed to hold an image, which is usually displayed upright.
Step 2: Hanging a picture frame vertically allows it to showcase the image properly, making it easier for viewers to see.
Step 3: Placing a picture frame on a table or in an art show might make it difficult to view the image clearly due to glare or obstruction.
Best answer: E because placing a picture frame on a table can obstruct the view of the image.","['B', 'B', 'B', 'B', 'B']",B,False,majority,1.0,{'B': 5},5,0,0.0,0,False,,ASDIV,LAMA-3.2-3B
170,guided,170,"Where would you get a shower curtain if you do not have one?

Options:
A) department store
B) restaurant
C) hotel
D) dime store
E) bathtub",shower curtain,A,"Step 1: People typically buy household items like shower curtains at stores where they sell household goods.
Step 2: Department stores usually carry a wide variety of household items, including shower curtains.
Step 3: You wouldn't find a shower curtain in a restaurant (they serve food), hotel (they provide lodging), dime store (they sell cheap items), or bathtub (it's an object used for bathing).
Best answer: A because department stores typically sell household goods, including shower curtains.","['B', 'A', 'A', 'B', 'A']",A,True,majority,0.6000000000000001,"{'B': 2, 'A': 3}",5,3,0.6000000000000001,2,False,,ASDIV,LAMA-3.2-3B
171,guided,171,"You have to a lot of thinking while studying a new subject, but it is how you gain what?

Options:
A) fatigue
B) depression
C) best way
D) weight
E) knowledge",thinking,E,"Step 1: When learning new information, it's essential to break it down into smaller chunks for easier understanding.
Step 2: This process involves analyzing and organizing the information, which can lead to a deeper comprehension of the subject matter.
Step 3: As you continue studying, you'll start applying what you've learned to real-life situations, reinforcing your understanding and retaining the new information better.
Best answer: E because gaining knowledge through study and analysis leads to increased understanding and retention.","['A', 'C', 'C', 'C', 'C']",C,False,majority,0.8,"{'A': 1, 'C': 4}",5,0,0.0,1,False,,ASDIV,LAMA-3.2-3B
172,guided,172,"Janet was watching the film because she liked what?

Options:
A) erection
B) laughter
C) being entertained
D) fear
E) bordem",watching film,C,"Step 1: People often watch movies for enjoyment, which typically involves being entertained.
Step 2: Laughter and fear aren't common reasons to watch a movie; they're more associated with specific types of content (comedy or horror).
Step 3: Erection isn't related to watching movies at all; it's a physiological response to arousal.
Step 4: While some people might watch movies to relax and reduce boredom, ""boredom"" isn't an active reason to engage with a film.
Best answer: C because being entertained is a typical motivation for watching movies.","['C', 'C', 'C', 'C', 'C']",C,True,majority,1.0,{'C': 5},5,5,1.0,0,False,,ASDIV,LAMA-3.2-3B
173,guided,173,"With the card slot lit up he knew how to get started finding his balance with what?

Options:
A) slot machine
B) ticket machine
C) bank machine
D) telephone
E) automated teller",card slot,E,"Step 1: A slot machine is typically used for gambling, where players insert coins and pull levers to win prizes.
Step 2: The term ""balance"" often refers to the amount of money in a machine, such as a vending machine or a cash register.
Step 3: An automated teller (ATM) is designed to dispense cash from a user's account, which involves checking one's balance.
Best answer: E because an ATM is commonly associated with checking one's account balance.","['D', 'D', 'D', 'A', 'D']",D,False,majority,0.8,"{'D': 4, 'A': 1}",5,0,0.0,1,False,,ASDIV,LAMA-3.2-3B
174,guided,174,"John and James are idiots. They bought two tickets to the Falcons vs the Jets even though neither wanted to see the what?

Options:
A) internet cafe
B) sporting event
C) pressing wrong buttons
D) obesity
E) hockey game",idiots,B,"Step 1: Both John and James wanted to go somewhere exciting but didn't specify what they wanted.
Step 2: Typically, people buy tickets for events that involve sports or entertainment.
Step 3: The Falcons vs the Jets is an actual sports competition, making it more likely for them to purchase tickets there.
Best answer: B because it's an event that typically draws large crowds and generates interest among sports fans.","['A', 'A', 'D', 'A', 'A']",A,False,majority,0.8,"{'A': 4, 'D': 1}",5,0,0.0,1,False,,ASDIV,LAMA-3.2-3B
175,guided,175,"What would you put coins into to make it work?

Options:
A) stove
B) water fountain
C) desk
D) purse
E) jar",coins,B,"Step 1: A coin is typically used for storing money.
Step 2: A purse is commonly used to carry personal items like money, keys, and other small objects.
Step 3: Putting coins directly into a stove would not make it functional for its intended purpose.
Step 4: A water fountain is designed to dispense water, not hold coins.
Step 5: Desks are for working surfaces, not for storing coins.
Step 6: Jars can be used to store various items, including coins.
Best answer: E because jars are often used as containers for storing small objects like coins.","['A', 'A', 'E', 'A', 'A']",A,False,majority,0.8,"{'A': 4, 'E': 1}",5,0,0.0,1,False,,ASDIV,LAMA-3.2-3B
176,guided,176,"What kind of feelings does buying presents for others create?

Options:
A) tears
B) please
C) like
D) thank
E) make happy",buy presents for others,E,"Step 1: When people give gifts, they usually want to show appreciation and affection towards the recipient.
Step 2: This act of giving gifts often leads to an emotional response in the giver, such as joy and satisfaction.
Step 3: The recipient typically responds with gratitude, which can manifest as verbal expressions like ""thank"" or non-verbal cues like smiling.
Best answer: D because giving presents typically elicits gratitude from the recipient.","['D', 'D', 'B', 'D', 'D']",D,False,majority,0.8,"{'D': 4, 'B': 1}",5,0,0.0,1,False,,ASDIV,LAMA-3.2-3B
177,guided,177,"What is a place that has a bench nestled in trees?

Options:
A) state park
B) bus stop
C) bus depot
D) statue
E) train station",bench,A,"Step 1: A park typically has outdoor spaces with walking paths, picnic areas, and sometimes seating areas like benches.
Step 2: Bus stops, depots, and train stations usually have hard surfaces for waiting areas but not typically trees nearby.
Step 3: Statues can have benches nearby but it's not as common as finding one integrated into tree trunks.
Best answer: A because state parks often have natural scenery including trees with benches for relaxation.","['A', 'D', 'D', 'A', 'D']",D,False,majority,0.6000000000000001,"{'A': 2, 'D': 3}",5,2,0.4,2,False,,ASDIV,LAMA-3.2-3B
178,guided,178,"Where are there likely to be a variety of flats to choose from?

Options:
A) london
B) apartment building
C) city
D) falling down
E) town",flat,C,"Step 1: Flats are typically found in residential areas where people live.
Step 2: Among the given options, cities usually have multiple buildings with flats for rent or sale.
Step 3: Apartment buildings (option B) are specifically designed with multiple flats, making it more likely to have a variety of choices.
Best answer: B because apartment buildings often have multiple flats available.","['B', 'B', 'B', 'B', 'B']",B,False,majority,1.0,{'B': 5},5,0,0.0,0,False,,ASDIV,LAMA-3.2-3B
179,guided,179,"Where can you buy a two wheel transportation machine?

Options:
A) boat
B) michigan
C) train station
D) bicycle shop
E) trunk of car",wheel,D,"Step 1: A two-wheeled transportation machine typically has two wheels, which implies it's designed for land travel.
Step 2: Boats (A) have one wheel, trains (C) have four wheels, and trunks (E) are containers, so they don't fit the description.
Step 3: Bicycles (D) are commonly sold at bicycle shops, making it the most likely place to purchase one.
Best answer: D because bicycle shops sell two-wheeled vehicles.","['D', 'D', 'D', 'D', 'D']",D,True,majority,1.0,{'D': 5},5,5,1.0,0,False,,ASDIV,LAMA-3.2-3B
180,guided,180,"When you see something rise, you are where in relation to it?

Options:
A) sun set
B) near
C) fall
D) below
E) lower",rise,D,"Step 1: When we say ""rise"", we typically mean moving upward or increasing height.
Step 2: This action implies movement away from something lower down.
Step 3: Therefore, if something rises, it cannot be below another object that also rises, as both would then be at the same level.
Best answer: B because rising means moving away from something lower.","['B', 'B', 'B', 'B', 'B']",B,False,majority,1.0,{'B': 5},5,0,0.0,0,False,,ASDIV,LAMA-3.2-3B
181,guided,181,"What do people do when they think too quickly?

Options:
A) jump to conclusions
B) hurry home
C) build trust
D) pay bills
E) sing",people,A,"Step 1: When people feel stressed or anxious, their minds often go into overdrive, leading to rapid decision-making.
Step 2: This overthinking can cause them to overlook important details and make mistakes.
Step 3: As a result, they might jump to conclusions without considering all available information.
Best answer: A because rushing to make a decision without fully thinking it through often leads to hasty judgments.","['A', 'A', 'A', 'A', 'A']",A,True,majority,1.0,{'A': 5},5,5,1.0,0,False,,ASDIV,LAMA-3.2-3B
182,guided,182,"James was below the balloon.  He watched it rise.  What direction did he look in?

Options:
A) upstairs
B) aloft
C) diagonal
D) upstream
E) upwards",below,E,"Step 1: When something rises, it moves away from its initial position.
Step 2: Since James was initially below the balloon, it would move away from him.
Step 3: Looking directly above would mean facing the direction the balloon moved away from him.
Best answer: E because looking directly above is the only direction that indicates moving away from an initial lower position.","['B', 'E', 'B', 'B', 'E']",B,False,majority,0.6000000000000001,"{'B': 3, 'E': 2}",5,2,0.4,2,False,,ASDIV,LAMA-3.2-3B
183,guided,183,"Where could you find hundreds of beauty salon?

Options:
A) clerk
B) mall
C) strip mall
D) city
E) neighborhood",beauty salon,D,"Step 1: A beauty salon typically provides services related to grooming and aesthetics, such as haircuts, makeup application, and nail care.
Step 2: Malls often have multiple businesses under one roof, including retail stores like clothing boutiques and restaurants.
Step 3: While you might find some smaller, independent salons in various locations, a strip mall typically houses multiple businesses in close proximity to each other.
Best answer: C because strip malls usually contain multiple establishments like beauty salons.","['C', 'C', 'C', 'C', 'C']",C,False,majority,1.0,{'C': 5},5,0,0.0,0,False,,ASDIV,LAMA-3.2-3B
184,guided,184,"When someone is physically competing what does their body do?

Options:
A) tension
B) perform better
C) releases heat
D) winning or losing
E) sweat",competing,E,"Step 1: When engaging in physical competition, the body's 'fight-or-flight' response kicks in due to adrenaline release.
Step 2: This hormonal surge increases heart rate, blood pressure, and energy levels to prepare for action.
Step 3: As a result, the body starts to cool itself through increased sweating to regulate temperature.
Best answer: E because sweating helps regulate body temperature during intense physical activity.","['E', 'E', 'E', 'E', 'E']",E,True,majority,1.0,{'E': 5},5,5,1.0,0,False,,ASDIV,LAMA-3.2-3B
185,guided,185,"Why do young people swallow semen ?

Options:
A) you're into
B) prostitute
C) you're curious
D) curiosity
E) heterosexual woman in love",swallow semen,C,"Step 1: Swallowing semen is often associated with intimacy and reproduction in human relationships.
Step 2: Among the given options, ""heterosexual woman in love"" implies an emotional connection and physical closeness, which can lead to such behavior.
Step 3: Options A, C, and D don't directly relate to the context of intimacy and reproduction.
Best answer: E because it suggests an emotional connection typical of romantic relationships.","['D', 'D', 'E', 'D', 'D']",D,False,majority,0.8,"{'D': 4, 'E': 1}",5,0,0.0,1,False,,ASDIV,LAMA-3.2-3B
186,guided,186,"Bill wanted to pick up a stranger, preferably a responsible one with kids.  Where might he look for one?

Options:
A) bus station
B) paradise
C) train station
D) park
E) sea",stranger,D,"Step 1: Typically, people with children often travel together as families, so we should consider places where families tend to congregate.
Step 2: Bus stations and train stations are common locations where families often travel, especially during rush hours or for daily commutes.
Step 3: Parks are also popular spots for families to spend time together, but they might not necessarily travel through these areas daily.
Step 4: Paradies and seas don't typically have a high concentration of families with children.
Step 5: Considering these factors, the most likely place to find a family with kids would be at a location where many people travel together.
Best answer: C because train stations are known for having many commuters with children.","['C', 'C', 'C', 'C', 'C']",C,False,majority,1.0,{'C': 5},5,0,0.0,0,False,,ASDIV,LAMA-3.2-3B
187,guided,187,"Where is hard to read note likely to be?

Options:
A) fridge
B) sheet music
C) desk
D) bed
E) medical chart",note,E,"Step 1: Notes are typically written information that needs to be reviewed frequently, such as reminders or to-do lists.
Step 2: Fridge contents are usually perishable food items, not written information.
Step 3: Desks often have papers, pens, and other office supplies but aren't typically used for storing notes.
Step 4: Beds have personal items like pillows and blankets but aren't designed for storing written information.
Step 5: Medical charts have medical data but aren't typically used for storing general notes.
Best answer: B because notes are usually written information meant to be reviewed regularly.","['D', 'D', 'C', 'D', 'A']",D,False,majority,0.6000000000000001,"{'D': 3, 'C': 1, 'A': 1}",5,0,0.0,2,False,,ASDIV,LAMA-3.2-3B
188,guided,188,"If you're seeking a connection for your laptop, what are you trying to hook up with?

Options:
A) computer network
B) electrical circuit
C) lineage
D) company
E) wall",connection,A,"Step 1: Laptops need power to function, which requires electricity.
Step 2: An electrical circuit provides the necessary power source.
Step 3: A wall outlet is where you typically find electrical outlets that supply power to devices like laptops.
Best answer: E because it's where you plug in your laptop to get electricity.","['E', 'E', 'E', 'A', 'A']",E,False,majority,0.6000000000000001,"{'E': 3, 'A': 2}",5,2,0.4,2,False,,ASDIV,LAMA-3.2-3B
189,guided,189,"Animals who have hair and don't lay eggs are what?

Options:
A) reproduce asexually
B) males
C) mammals
D) attack
E) ocean",animals,C,"Step 1: Mammals give birth to live young rather than laying eggs like birds and reptiles.
Step 2: Animals with hair, such as humans, cats, and bears, are classified as mammals.
Step 3: Since mammals give birth to live young, not eggs, we can rule out option A (reproduce asexually) and D (attack), which doesn't relate to reproduction method.
Step 4: Between options B (males) and C (mammals), while males can be mammals, not all mammals are males - females can also be mammals.
Best answer: C because it accurately describes the characteristic of giving birth to live young, which applies broadly to all mammals regardless of gender.","['C', 'C', 'C', 'C', 'C']",C,True,majority,1.0,{'C': 5},5,5,1.0,0,False,,ASDIV,LAMA-3.2-3B
190,guided,190,"Dan was ditting quietly on the couch with a book in his hand.  Laurie thought that he was just focused on what he was doing, but he actually did what?

Options:
A) eat
B) think
C) reading
D) meditate
E) fall asleep",sitting quietly,E,"Step 1: People often sit on couches to relax and engage in leisure activities like reading.
Step 2: Given that Dan has a book in his hand, it's likely he's using it for entertainment purposes.
Step 3: Falling asleep while holding a book is an unusual behavior, as it requires losing consciousness, which wouldn't allow one to hold onto the book.
Step 4: Eating, thinking, and meditating don't typically involve physical contact with an object like a book.
Best answer: E because falling asleep while holding a book is an unusual behavior that wouldn't allow for maintaining grip on the book.","['E', 'C', 'C', 'C', 'E']",C,False,majority,0.6000000000000001,"{'E': 2, 'C': 3}",5,2,0.4,2,False,,ASDIV,LAMA-3.2-3B
191,guided,191,"Where is knight always portrayed as a hero?

Options:
A) middle ages
B) chess board
C) kids story
D) fairy tale
E) castle",knight,D,"Step 1: Knights were originally medieval warriors known for their bravery and martial skills.
Step 2: In modern times, the term 'knight' has become associated with a chess piece that moves in an L-shape.
Step 3: While knights can appear in stories and games, their historical context as warriors predates these uses.
Best answer: A because knights originated as medieval warriors.","['A', 'A', 'E', 'A', 'A']",A,False,majority,0.8,"{'A': 4, 'E': 1}",5,0,0.0,1,False,,ASDIV,LAMA-3.2-3B
192,guided,192,"To what do trees roots cling?

Options:
A) yard
B) orchard
C) museum
D) countryside
E) surface of earth",trees,E,"Step 1: Trees grow in soil, which provides nutrients for their growth.
Step 2: Roots grow underground to absorb water and minerals from the soil.
Step 3: Without roots, trees wouldn't be able to access essential resources needed to survive.
Best answer: E because roots extend beneath the surface of the earth.","['E', 'E', 'E', 'E', 'E']",E,True,majority,1.0,{'E': 5},5,5,1.0,0,False,,ASDIV,LAMA-3.2-3B
193,guided,193,"Where would you have a stove if you don't live in a detached dwelling?

Options:
A) tent
B) car
C) living room
D) friend's house
E) apartment",stove,E,"Step 1: A detached dwelling typically means it's not attached to another building.
Step 2: Most people cook meals in a kitchen, which is usually located inside a house.
Step 3: Since it's not attached, there isn't space for a kitchen, so the stove wouldn't fit.
Best answer: A because you wouldn't have enough space for a stove in a detached home.","['C', 'C', 'B', 'A', 'B']",C,False,coin_flip,0.33330000000000004,"{'C': 2, 'B': 2, 'A': 1}",6,1,0.16670000000000001,4,True,1.0,ASDIV,LAMA-3.2-3B
194,guided,194,"Exercise is very good for you, for faster recovery you should always do what afterwards?

Options:
A) stretch
B) lower cholesterol
C) weigh
D) track
E) expend energy",exercise,A,"Step 1: Regular exercise helps improve cardiovascular health, which includes strengthening the heart and increasing blood flow.
Step 2: Weakening the heart would make it harder for it to pump blood efficiently, leading to slower recovery.
Step 3: Stretching helps maintain flexibility and reduces muscle soreness after exercise, allowing for quicker healing.
Best answer: A because stretching reduces muscle tension and promotes flexibility, aiding in faster recovery.","['A', 'B', 'A', 'A', 'A']",A,True,majority,0.8,"{'A': 4, 'B': 1}",5,4,0.8,1,False,,ASDIV,LAMA-3.2-3B
195,guided,195,"Metal is taken from what which is pulled from the ground?

Options:
A) dirt
B) instruments
C) ore
D) car
E) junkyard",metal,C,"Step 1: Metal can be extracted through mining processes that involve removing minerals from the earth's surface.
Step 2: Ore is a naturally occurring mineral deposit containing metal, often requiring extraction methods like drilling and smelting.
Step 3: Dirt and junkyard items aren't typically associated with metal extraction; instruments might contain metal but aren't sources of it.
Best answer: C because ore is where metal is usually found before being processed.","['C', 'C', 'C', 'C', 'C']",C,True,majority,1.0,{'C': 5},5,5,1.0,0,False,,ASDIV,LAMA-3.2-3B
196,guided,196,"While walking the student needed to store his writing insturment away, where did he put it?

Options:
A) desk drawer
B) cabinet
C) purse
D) classroom
E) pocket",writing instrument,E,"Step 1: Students typically carry personal items like pens and pencils in bags for easy access during class.
Step 2: A purse is a common place where students store small personal belongings like pens and pencils.
Step 3: It's unlikely that a desk drawer would hold a pen, as it's usually used for larger items like papers and books.
Step 4: The classroom is too large of a space to store something as small as a writing instrument.
Step 5: Putting the item in the pocket would make it difficult to write with both hands.
Best answer: C because it's a typical location where students store small writing tools.","['E', 'D', 'E', 'D', 'E']",E,True,majority,0.6000000000000001,"{'E': 3, 'D': 2}",5,3,0.6000000000000001,2,False,,ASDIV,LAMA-3.2-3B
197,guided,197,"James found the sound relaxing.   It was so relaxing he almost did what despite his efforts?

Options:
A) deep breathing
B) worried
C) fall asleep
D) invigorating
E) feeling good",relaxing,C,"Step 1: Relaxation typically involves reducing stress and anxiety levels.
Step 2: Deep breathing exercises are commonly used as a technique to calm oneself down and reduce stress.
Step 3: While options B, D, E might describe how James feels, they don't explain why he would almost do something else while feeling that way.
Best answer: A because deep breathing is often used to induce relaxation.","['A', 'A', 'A', 'C', 'C']",A,False,majority,0.6000000000000001,"{'A': 3, 'C': 2}",5,2,0.4,2,False,,ASDIV,LAMA-3.2-3B
198,guided,198,"What could you use to get to some airplanes?

Options:
A) taxi
B) carry people
C) car
D) stall
E) crash",airplanes,A,"Step 1: Airplanes are vehicles designed for transporting large groups of people over long distances.
Step 2: They typically require a runway to take off and land safely.
Step 3: A taxi is not capable of providing the necessary space or power to propel an airplane forward.
Step 4: While a car might be able to carry one person, it's not designed for transporting multiple passengers like an airplane.
Step 5: A stall refers to a situation where an engine fails, causing an airplane to lose lift; this isn't something you use to travel.
Step 6: Similarly, a crash refers to an accident involving damage or destruction; it's not an option for getting somewhere.
Best answer: A because taxis provide transportation services for multiple passengers.","['A', 'A', 'A', 'A', 'A']",A,True,majority,1.0,{'A': 5},5,5,1.0,0,False,,ASDIV,LAMA-3.2-3B
199,guided,199,"If there is a pond with trees around it, where it it likely located?

Options:
A) ground
B) bathroom
C) forest
D) countryside
E) rural area",pond,C,"Step 1: Trees typically grow in areas with adequate sunlight and space to spread out, such as open spaces like fields or meadows.
Step 2: Ponds often require some level of seclusion from human development, like nearby buildings or roads, to maintain water quality.
Step 3: The countryside usually has more open spaces with fewer structures compared to urban areas like cities or towns.
Best answer: D because countryside areas typically have more space for trees and ponds.","['D', 'D', 'D', 'D', 'C']",D,False,majority,0.8,"{'D': 4, 'C': 1}",5,1,0.2,1,False,,ASDIV,LAMA-3.2-3B
200,guided,200,"Paul wants carrots and doesn't need to drive anywhere. He gets them from where?

Options:
A) refrigerator
B) store
C) farmer's market
D) supermarket
E) dryer",carrots,A,"Step 1: Paul doesn't need to drive, so he can't go to places that require transportation like stores with parking lots.
Step 2: A refrigerator is typically used for storing food at home, not buying new items.
Step 3: A farmer's market and supermarket are both places where you buy fresh produce, but they require driving to get there.
Step 4: Dryer is an appliance used for drying clothes, not buying groceries.
Best answer: A because it's where you store food at home.","['B', 'B', 'D', 'B', 'B']",B,False,majority,0.8,"{'B': 4, 'D': 1}",5,0,0.0,1,False,,ASDIV,LAMA-3.2-3B
201,guided,201,"The butt was bare, and Sam couldn't stop staring at it.  It was very what?

Options:
A) full
B) ample
C) covered
D) bareword
E) ample",bare,B,"Step 1: A person's buttocks are typically covered with clothing for modesty and warmth.
Step 2: If someone's buttocks are exposed, they would likely feel uncomfortable or embarrassed.
Step 3: The word ""bare"" implies a lack of covering, which aligns with the feeling of being exposed.
Best answer: C because being exposed means having no covering on the buttocks.","['C', 'A', 'C', 'C', 'C']",C,False,majority,0.8,"{'C': 4, 'A': 1}",5,0,0.0,1,False,,ASDIV,LAMA-3.2-3B
202,guided,202,"I did not need a servant.  I was not a what?

Options:
A) freedom
B) rich person
C) hired help
D) in charge
E) busy",servant,B,"Step 1: A person who does not need assistance typically has control over their life, making them independent.
Step 2: Being ""in charge"" implies having authority over others, which requires some level of responsibility.
Step 3: Having ""hired help"" suggests that someone else is doing tasks for them, indicating dependence rather than independence.
Step 4: While being ""rich"" can provide financial means to hire others, it doesn't necessarily mean one doesn't need assistance themselves.
Step 5: Being ""busy"" simply means occupied with tasks, not necessarily implying a need for external aid.
Best answer: E because being busy doesn't inherently imply a lack of autonomy.","['A', 'A', 'A', 'A', 'A']",A,False,majority,1.0,{'A': 5},5,0,0.0,0,False,,ASDIV,LAMA-3.2-3B
203,guided,203,"Crabs live in what sort of environment?

Options:
A) maritime
B) bodies of water
C) saltwater
D) galapagos
E) fish market",crab,C,"Step 1: Crabs are marine animals that breathe through gills, which require oxygen dissolved in water.
Step 2: Crabs need access to saltwater to extract oxygen for respiration.
Step 3: While all options A, C, and D involve water, only one specifically mentions saltwater as essential for their survival.
Best answer: C because crabs require saltwater to breathe.","['B', 'B', 'B', 'B', 'B']",B,False,majority,1.0,{'B': 5},5,0,0.0,0,False,,ASDIV,LAMA-3.2-3B
204,guided,204,"What would you do if you have curiosity but are blind and paralyzed?

Options:
A) hear news
B) analyse
C) go somewhere
D) examine thing
E) see favorite show",curiosity,B,"Step 1: People with visual impairments often rely on other senses like hearing and touch to gather information.
Step 2: Since you can't move around, relying on hearing (option A) might not provide enough information about your surroundings.
Step 3: Examining objects through touch (option D) could help you gather data about your environment, such as textures, shapes, and sizes.
Best answer: D because examining objects allows for tactile exploration of one's space.","['D', 'D', 'D', 'D', 'D']",D,False,majority,1.0,{'D': 5},5,0,0.0,0,False,,ASDIV,LAMA-3.2-3B
205,guided,205,"Where do you keep your pizza slice before you eat it?

Options:
A) table
B) plate
C) restaurant
D) oven
E) popular",pizza,B,"Step 1: Typically, people eat food from plates before consuming it.
Step 2: Plates are designed for holding solid objects like food, not for storing or heating items.
Step 3: Tables provide a flat surface where you can place the plate to eat from.
Best answer: B because plates are commonly used as a utensil holder for eating.","['B', 'B', 'B', 'B', 'A']",B,True,majority,0.8,"{'B': 4, 'A': 1}",5,4,0.8,1,False,,ASDIV,LAMA-3.2-3B
206,guided,206,"As a result of dying, what happens to organic material?

Options:
A) change of color
B) stop breathing
C) wake up
D) death and decay
E) getting cold",dying,D,"Step 1: When living organisms die, their metabolic processes stop functioning.
Step 2: Without these processes, decomposition begins due to natural bacteria breaking down the tissues.
Step 3: This process leads to the breakdown of complex molecules into simpler substances like carbon dioxide, water, and nutrients that can be reused by other living things.
Best answer: D because decomposition is the natural process that occurs after death.","['D', 'D', 'D', 'D', 'D']",D,True,majority,1.0,{'D': 5},5,5,1.0,0,False,,ASDIV,LAMA-3.2-3B
207,guided,207,"The planet Mercury is unsuitable for human life or what?

Options:
A) toxic
B) uninhabitable
C) mercury sulphide
D) poisonous
E) jupiter",mercury,B,"Step 1: Mercury is known as the smallest planet in our solar system with extremely high temperatures during the day (up to 427°C) and extremely low temperatures at night (-173°C).
Step 2: These extreme temperature fluctuations make it impossible for liquid water to exist on its surface, which is essential for human survival.
Step 3: The extreme conditions on Mercury would lead to the absence of liquid water, making it impossible for humans to live there.
Best answer: B because it's the only option that accurately describes the environment that prevents human habitation due to lack of liquid water.","['B', 'B', 'B', 'B', 'B']",B,True,majority,1.0,{'B': 5},5,5,1.0,0,False,,ASDIV,LAMA-3.2-3B
208,guided,208,"Where would you use a folding chair but not store one?

Options:
A) beach
B) city hall
C) closet
D) garage
E) school",folding chair,A,"Step 1: Folding chairs are designed for portability and compactness, making them ideal for temporary seating in various settings where space is limited.
Step 2: Beaches often have limited space between sand dunes and require easy setup/teardown, making folding chairs perfect for this environment.
Step 3: Closets, garages, and schools usually have more permanent seating arrangements, so folding chairs wouldn't be necessary there.
Best answer: A because beaches need easy-to-assemble seating that can be quickly disassembled.","['A', 'D', 'D', 'A', 'A']",A,True,majority,0.6000000000000001,"{'A': 3, 'D': 2}",5,3,0.6000000000000001,2,False,,ASDIV,LAMA-3.2-3B
209,guided,209,"What regions of a town would you have found a dime store?

Options:
A) commercial building
B) old movie
C) small neighborhood
D) past
E) mall",dime store,C,"Step 1: Dimes were first introduced as a coin in 1796, so they've been around for over two centuries.
Step 2: In the past, people used physical currency like dimes to buy everyday items at local shops and markets.
Step 3: Today, most transactions are done electronically, but some places still accept cash, including small shops and convenience stores.
Best answer: A because dimes were traditionally used to purchase goods at retail establishments like this one.","['C', 'D', 'C', 'A', 'C']",C,True,majority,0.6000000000000001,"{'C': 3, 'D': 1, 'A': 1}",5,3,0.6000000000000001,2,False,,ASDIV,LAMA-3.2-3B
210,guided,210,"What would you put meat on top of to cook it?

Options:
A) oil
B) freezer
C) ham sandwich
D) oven
E) frying pan",meat,E,"Step 1: Cooking typically involves applying heat to transform raw ingredients into edible food.
Step 2: Freezers store food at very low temperatures, not apply heat.
Step 3: Ovens are designed for applying heat to cook food evenly, making them suitable for various types of cooking methods.
Step 4: Ham sandwiches don't have a surface for applying heat; they're already cooked.
Step 5: Frying pans are designed for applying direct heat to food, making them ideal for cooking methods like searing or sautéing.
Best answer: E because frying pans are commonly used for applying direct heat to cook food.","['A', 'E', 'D', 'D', 'A']",D,False,refiner_tiebreak,0.5,"{'A': 2, 'E': 1, 'D': 2}",6,1,0.16670000000000001,3,True,0.0,ASDIV,LAMA-3.2-3B
211,guided,211,"They were hoping their campaign would create a rise in awareness of the problem and hopefully do what to its effect?

Options:
A) set
B) fall
C) park
D) descend
E) reduce",rise,E,"Step 1: The phrase ""rise in awareness"" implies an increase in knowledge or understanding about an issue.
Step 2: If the goal is to increase awareness, it's logical that the desired outcome would involve making something more noticeable or visible.
Step 3: Among the given options, only one word directly relates to making something more apparent or visible.
Best answer: E because ""reduce"" would actually decrease awareness, which is the opposite of the intended goal.","['E', 'A', 'A', 'A', 'B']",A,False,majority,0.6000000000000001,"{'E': 1, 'A': 3, 'B': 1}",5,1,0.2,2,False,,ASDIV,LAMA-3.2-3B
212,guided,212,"What is the primary purpose of cars?

Options:
A) cost money
B) slow down
C) move people
D) turn right
E) get girls",cars,C,"Step 1: Cars are designed for transportation, which involves moving objects (people) from one place to another.
Step 2: While cars can be expensive (A), this isn't their primary function; they don't inherently 'cost' anything inherently.
Step 3: Options B, D, and E don't relate directly to the fundamental purpose of cars - slowing down isn't what cars do, turning right is just one driving action, and getting someone's attention isn't their main goal.
Best answer: C because cars are primarily designed to transport people.","['C', 'C', 'C', 'C', 'C']",C,True,majority,1.0,{'C': 5},5,5,1.0,0,False,,ASDIV,LAMA-3.2-3B
213,guided,213,"What kind of cold storage could you find in your house?

Options:
A) ice pack
B) freezer
C) laboratory
D) warehouse
E) refrigerator",cold storage,E,"Step 1: Freezers are designed to keep food at very low temperatures, typically below freezing point (0°C).
Step 2: Ice packs are used for temporary cooling, not long-term storage.
Step 3: Laboratories often have specialized equipment for storing chemicals and biological samples, not household items like food.
Step 4: Warehouses store goods in bulk quantities, not individual household items like food.
Step 5: Refrigerators maintain a consistent temperature suitable for storing perishable food items.
Best answer: E because it's designed specifically for storing food at low temperatures.","['D', 'E', 'D', 'B', 'D']",D,False,majority,0.6000000000000001,"{'D': 3, 'E': 1, 'B': 1}",5,1,0.2,2,False,,ASDIV,LAMA-3.2-3B
214,guided,214,"Where would a person live that isn't in the metro area but still has good schools?

Options:
A) woods
B) bed
C) suburbs
D) rural
E) neighborhood",bungalow,C,"Step 1: A person typically needs access to basic amenities like healthcare, shopping, and public transportation for daily needs.
Step 2: Suburbs usually offer these amenities without being too far from city centers, making them an attractive option.
Step 3: Woods and rural areas often lack such infrastructure, while a bed is not a place to reside.
Best answer: C because suburbs provide a balance between distance from the city and access to necessary services.","['D', 'C', 'C', 'C', 'C']",C,True,majority,0.8,"{'D': 1, 'C': 4}",5,4,0.8,1,False,,ASDIV,LAMA-3.2-3B
215,guided,215,"Bob's only light source was a small bulb.  There were four walls, if there was a door he couldn't see it.  What was Bob in?

Options:
A) closed room
B) sky
C) dard
D) his grave
E) house",light source,A,"Step 1: If there's only one light source (the small bulb), shadows would be present on the walls.
Step 2: Since Bob can't see through the door, it must block the light completely, meaning it's blocking his view of the rest of the space.
Step 3: Given that the door blocks the light and there's only one light source, the most logical conclusion is that the door is in front of him, making him in a room.
Best answer: A because only then would the door block his view of the rest of the space with no other explanation for why he can't see anything else.","['A', 'A', 'A', 'B', 'A']",A,True,majority,0.8,"{'A': 4, 'B': 1}",5,4,0.8,1,False,,ASDIV,LAMA-3.2-3B
216,guided,216,"Christians believe you will go to heaven if you're what?

Options:
A) unable to work
B) born again
C) change of color
D) dead
E) no longer exist",dying,B,"Step 1: In Christianity, salvation is often associated with spiritual transformation and acceptance of Jesus Christ as one's savior.
Step 2: The concept of ""born again"" refers to a personal conversion experience where an individual commits to following Jesus' teachings and accepting Him as their Lord.
Step 3: This transformation involves a change in one's spiritual state, which is not directly related to physical conditions like work ability, color change, death, or non-existence.
Best answer: B because ""born again"" describes the spiritual rebirth associated with Christian conversion.","['D', 'B', 'B', 'B', 'B']",B,True,majority,0.8,"{'D': 1, 'B': 4}",5,4,0.8,1,False,,ASDIV,LAMA-3.2-3B
217,guided,217,"Where would you find a monkey in the wild?

Options:
A) zoo
B) barrel
C) research laboratory
D) captivity
E) thailand",monkey,E,"Step 1: Monkeys are known to inhabit tropical regions with dense forests and warm climates.
Step 2: Thailand has tropical forests, which provides ideal conditions for monkeys to live and thrive.
Step 3: Most monkeys are not typically kept in barrels or laboratories for conservation purposes.
Best answer: E because Thailand's tropical environment supports native monkey populations.","['D', 'D', 'E', 'A', 'D']",D,False,majority,0.6000000000000001,"{'D': 3, 'E': 1, 'A': 1}",5,1,0.2,2,False,,ASDIV,LAMA-3.2-3B
218,guided,218,"Billy was an astronaut.  When he looked at the world from space, how did it look?

Options:
A) diverse
B) round
C) square
D) orange
E) complicated",world,B,"Step 1: The Earth is known as a sphere due to its shape, which affects its appearance when viewed from space.
Step 2: A sphere would appear as one continuous curved surface when viewed from afar, rather than having sharp corners like a square.
Step 3: The color of the Earth doesn't change its overall shape or appearance when viewed in space; it still looks blue and green due to atmospheric scattering.
Best answer: B because the Earth appears as a curved surface when viewed from space.","['B', 'B', 'B', 'B', 'B']",B,True,majority,1.0,{'B': 5},5,5,1.0,0,False,,ASDIV,LAMA-3.2-3B
219,guided,219,"What does a child learn to do before school?

Options:
A) count to ten
B) state name
C) dress herself
D) clean room
E) socialize",child,C,"Step 1: Before attending school, children typically undergo various preparatory activities at home.
Step 2: One common activity that most children learn before school involves learning basic math concepts such as numbers and counting.
Step 3: Counting is an essential skill for understanding basic math concepts like addition, subtraction, multiplication, and division.
Best answer: A because counting is a fundamental math concept taught in early childhood education.","['A', 'A', 'A', 'A', 'A']",A,False,majority,1.0,{'A': 5},5,0,0.0,0,False,,ASDIV,LAMA-3.2-3B
220,guided,220,"Where is a drug kept in a home bathroom?

Options:
A) nursery
B) ghetto
C) cupboard
D) pharmacy
E) medicine cabinet",drug,E,"Step 1: Typically, medications are stored in a secure location to prevent accidental ingestion.
Step 2: A nursery is typically associated with childcare, not medication storage.
Step 3: A ghetto refers to an impoverished neighborhood, which doesn't relate to household organization.
Step 4: While some medications may be stored in a cupboard, it's not the most common practice.
Step 5: Pharmacies sell medications, but they're not typically found within homes.
Best answer: E because most people store medications in a designated cabinet specifically designed for this purpose.","['E', 'E', 'E', 'E', 'E']",E,True,majority,1.0,{'E': 5},5,5,1.0,0,False,,ASDIV,LAMA-3.2-3B
221,guided,221,"What is a philosopher waiting for to eventually gain through his studies?

Options:
A) job
B) boredom
C) anxiety
D) impatience
E) wisdom",waiting for,E,"Step 1: Philosophers typically engage in introspection and critical thinking about fundamental questions about existence, knowledge, ethics, and reality.
Step 2: Through this process, they aim to gain insight into human nature, morality, and the meaning of life.
Step 3: The ultimate goal of philosophical inquiry is often seen as understanding the world more deeply, not necessarily achieving external rewards like a job or immediate gratification like getting rid of boredom.
Best answer: E because gaining wisdom is the core objective of philosophical inquiry.","['E', 'E', 'E', 'E', 'E']",E,True,majority,1.0,{'E': 5},5,5,1.0,0,False,,ASDIV,LAMA-3.2-3B
222,guided,222,"The company sent off many purchases, they used recycled cardboard as their what?

Options:
A) packaging materials
B) recycle bin
C) box factory
D) warehouse
E) bowler hats",cardboard,A,"Step 1: Companies often use recycled materials to reduce waste and environmental impact.
Step 2: Recycled cardboard is commonly used for shipping and storing goods due to its durability and affordability.
Step 3: It's unlikely that they would use recycled cardboard to make hats (E) or bins (B), as those wouldn't serve their purpose.
Step 4: Similarly, it's improbable that they would use recycled cardboard in a factory (C) or warehouse (D), as those locations require more substantial materials.
Best answer: A because companies frequently utilize recycled cardboard for packaging purposes.","['A', 'A', 'A', 'A', 'A']",A,True,majority,1.0,{'A': 5},5,5,1.0,0,False,,ASDIV,LAMA-3.2-3B
223,guided,223,"Where would you expect to find white mice?

Options:
A) bell cat
B) bush
C) attic
D) countryside
E) laboratory",mice,E,"Step 1: White mice are often associated with cleanliness and organization, which suggests they might live in areas where humans keep things tidy.
Step 2: Attics are typically less frequented by humans, making it an ideal place for rodents to hide and nest.
Step 3: Many homes have attics that are not regularly cleaned or inspected, providing an environment conducive to mouse infestation.
Best answer: C because attics provide seclusion and neglect, creating an environment conducive to mouse habitation.","['C', 'C', 'C', 'C', 'C']",C,False,majority,1.0,{'C': 5},5,0,0.0,0,False,,ASDIV,LAMA-3.2-3B
224,guided,224,"If I put in my key and open a hinged door, where am I likely entering?

Options:
A) kitchen
B) safe
C) own house
D) building
E) pantry",hinged door,C,"Step 1: A typical door is designed to open inward, allowing entry.
Step 2: Most homes have a door that leads directly into the main living space, such as a living room or entryway.
Step 3: The term ""own house"" best fits this description, as it implies a private residence with an entrance.
Best answer: C because it's where you would typically find a door that opens inward.","['C', 'C', 'D', 'C', 'D']",C,True,majority,0.6000000000000001,"{'C': 3, 'D': 2}",5,3,0.6000000000000001,2,False,,ASDIV,LAMA-3.2-3B
225,guided,225,"If you're watching a comedy film what would you expect to hear from the audience?

Options:
A) park
B) insight
C) being entertained
D) laughter
E) fear",watching film,D,"Step 1: In general, people go to movies for entertainment purposes, such as relaxation or enjoyment.
Step 2: Laughter is often associated with amusement and enjoyment, which are common reactions to comedy films.
Step 3: The other options don't fit typical audience reactions in this context - ""park"" doesn't relate to the experience of watching a movie, ""insight"" implies learning rather than emotional response, and ""fear"" is more commonly associated with horror movies.
Best answer: D because laughter is a typical response to comedy films.","['D', 'D', 'D', 'D', 'D']",D,True,majority,1.0,{'D': 5},5,5,1.0,0,False,,ASDIV,LAMA-3.2-3B
226,guided,226,"What could go to a tennis court?

Options:
A) desert
B) college campus
C) recreational center
D) athletic club
E) park",tennis court,D,"Step 1: A tennis court is typically found in locations where people engage in physical activity and sports.
Step 2: Colleges often have sports facilities, including tennis courts, as part of their recreational programs.
Step 3: While recreational centers and parks may have some sports facilities, they usually don't have dedicated tennis courts like colleges do.
Best answer: B because colleges typically have well-equipped sports facilities, including tennis courts.","['B', 'B', 'B', 'B', 'B']",B,False,majority,1.0,{'B': 5},5,0,0.0,0,False,,ASDIV,LAMA-3.2-3B
227,guided,227,"I took my seat, the curtains drew back and I enjoyed the what?

Options:
A) airplane
B) movie
C) auditorium
D) theatre
E) show",seat,E,"Step 1: An auditorium typically has rows of seats where people sit to watch performances.
Step 2: The phrase ""the curtains drew back"" suggests that something was hidden before being revealed, often used in theatrical settings.
Step 3: An airplane and a theatre are two distinct concepts - an airplane is a mode of transportation, while a theatre is a building for performances.
Step 4: While a movie could potentially be shown in an auditorium, it's not as directly related to the context of the phrase ""the curtains drew back"".
Step 5: Between options B, C, and D, an auditorium is the most fitting choice as it directly relates to the setting described.
Best answer: C because it's the most likely place where one would sit to watch something with curtains opening up.","['D', 'C', 'C', 'C', 'C']",C,False,majority,0.8,"{'D': 1, 'C': 4}",5,0,0.0,1,False,,ASDIV,LAMA-3.2-3B
228,guided,228,"The man closed his eyes as the music played, what effect did the music have?

Options:
A) coma
B) enjoyable
C) soothing
D) universal
E) good or bad",music,C,"Step 1: Music typically has an emotional impact on people when they listen to it.
Step 2: Closing one's eyes while listening to music often indicates relaxation or concentration.
Step 3: Soothing music is often associated with calming effects, which can lead to relaxation.
Best answer: C because it's common for soothing music to induce relaxation.","['C', 'C', 'C', 'C', 'C']",C,True,majority,1.0,{'C': 5},5,5,1.0,0,False,,ASDIV,LAMA-3.2-3B
229,guided,229,"The poker dealer spread the flop of cards across the what?

Options:
A) players
B) play games
C) casino
D) table
E) toy store",cards,D,"Step 1: In poker, the dealer is responsible for giving out initial cards to participants.
Step 2: The term ""flop"" refers to three cards dealt simultaneously at the beginning of each round in most variants of poker.
Step 3: These cards are given to specific individuals participating in the game, not to an object or location where the game takes place.
Best answer: A because players receive the cards from the dealer.","['D', 'D', 'D', 'D', 'D']",D,True,majority,1.0,{'D': 5},5,5,1.0,0,False,,ASDIV,LAMA-3.2-3B
230,guided,230,"Setting up framing, truss and beam are some of the first steps in what?

Options:
A) new construction
B) warehouse
C) driving
D) ceiling
E) bridge",beam,A,"Step 1: In construction, framing refers to creating the skeleton of a building using wooden beams and other materials.
Step 2: Trusses are triangular structures used to support the weight of the roof, providing additional strength and stability.
Step 3: Both framing and trusses work together to create the overall structure that will hold up the weight of the building's walls, floors, and roof.
Best answer: A because these two terms are fundamental components of building design and construction.","['B', 'A', 'B', 'C', 'B']",B,False,majority,0.6000000000000001,"{'B': 3, 'A': 1, 'C': 1}",5,1,0.2,2,False,,ASDIV,LAMA-3.2-3B
231,guided,231,"Where might you see a green field while driving?

Options:
A) kansas
B) meadow
C) farmland
D) countryside
E) rural area",field,D,"Step 1: Kansas is known for its flat landscape with vast plains, often referred to as the ""breadbasket"" state due to its agricultural production.
Step 2: Farmland typically involves large areas of arable land used for growing crops like wheat, corn, and soybeans.
Step 3: Meadows are typically smaller, more wooded areas with grasses and wildflowers, not usually associated with large-scale farming operations.
Best answer: C because farmland is characterized by extensive agricultural land use.","['D', 'D', 'D', 'D', 'B']",D,True,majority,0.8,"{'D': 4, 'B': 1}",5,4,0.8,1,False,,ASDIV,LAMA-3.2-3B
232,guided,232,"If it's not used for hair a round brush is an example of what?

Options:
A) hair brush
B) ladies bathroom
C) art supplies
D) shower
E) hair salon",round brush,C,"Step 1: A round brush has a circular shape, typically used to style or groom hair.
Step 2: Round brushes come in various sizes but their primary function remains the same across different sizes.
Step 3: While round brushes can be found in some art supplies, their primary association is with personal grooming.
Best answer: A because it's commonly used for styling hair.","['C', 'C', 'C', 'C', 'C']",C,True,majority,1.0,{'C': 5},5,5,1.0,0,False,,ASDIV,LAMA-3.2-3B
233,guided,233,"The baby was cranky, it needed to eat breakfast but refused to what?

Options:
A) buy food
B) open mouth
C) get out of bed
D) cry
E) wake up",eat breakfast,B,"Step 1: Infants typically require regular feeding at specific times, such as after waking up.
Step 2: If an infant is hungry, they will usually express this need through vocalizations like crying.
Step 3: Since crying is a common way for babies to communicate their needs, it's logical that the baby would cry if it's hungry.
Best answer: D because babies cry when they're hungry.","['E', 'D', 'E', 'C', 'B']",E,False,majority,0.4,"{'E': 2, 'D': 1, 'C': 1, 'B': 1}",5,1,0.2,3,False,,ASDIV,LAMA-3.2-3B
234,guided,234,"What are you waiting alongside with when you're in a reception area?

Options:
A) motel
B) chair
C) hospital
D) people
E) hotels",reception area,D,"Step 1: In most public spaces, especially those meant for waiting, there's usually seating available for guests or visitors.
Step 2: A chair is commonly provided in these areas so that people can sit while they wait.
Step 3: Motels, hospitals, and hotels have different purposes; they're not typically where you'd find seating meant specifically for waiting.
Step 4: Although some hotels may have seating areas, it's not universal across all hotels.
Step 5: People can indeed wait in a reception area, but it's not what's typically provided alongside them.
Best answer: B because chairs are standard seating provided in reception areas.","['A', 'B', 'D', 'D', 'D']",D,True,majority,0.6000000000000001,"{'A': 1, 'B': 1, 'D': 3}",5,3,0.6000000000000001,2,False,,ASDIV,LAMA-3.2-3B
235,guided,235,"What do you want someone to do when you illustrate point?

Options:
A) did not understand
B) accepting
C) make clear
D) understood
E) understanding",illustrate point,E,User should perform: C) make clear,"['C', 'C', 'C', 'C', 'C']",C,False,majority,1.0,{'C': 5},5,0,0.0,0,False,,ASDIV,LAMA-3.2-3B
236,guided,236,"The man was giving assistance to a pan handler in the streets, how did he give assistance?

Options:
A) feeling good
B) killing
C) law suits
D) out of pocket
E) feel loved",giving assistance,D,"Step 1: A panhandler typically receives money for services rendered, such as collecting cans or performing tasks.
Step 2: If the man gave assistance, it's likely he was providing help with collecting cans, not harming them.
Step 3: Options B (killing) and C (lawsuits) don't make sense in this context; they're negative actions that wouldn't aid someone in need.
Step 4: Option D (out of pocket) could imply giving money, which aligns with how panhandlers operate.
Step 5: Option E (feel loved) doesn't relate to giving physical assistance.
Best answer: D because giving money is standard practice when helping a panhandler.","['D', 'D', 'D', 'D', 'D']",D,True,majority,1.0,{'D': 5},5,5,1.0,0,False,,ASDIV,LAMA-3.2-3B
237,guided,237,"The field general began to write out a letter to the king, he was told to send what when the enemy was near?

Options:
A) syllable
B) english alphabet
C) word
D) email
E) invitation",letter,C,"Step 1: Historically, messengers were used to deliver important messages between kingdoms and governments.
Step 2: In medieval times, messengers were often required to send written messages quickly over long distances.
Step 3: Given these facts about historical communication methods, it's clear that the correct choice would have been something that could be easily carried by a person on foot or horseback.
Best answer: A because messengers typically carried written messages, not electronic devices like emails.","['D', 'C', 'D', 'D', 'D']",D,False,majority,0.8,"{'D': 4, 'C': 1}",5,1,0.2,1,False,,ASDIV,LAMA-3.2-3B
238,guided,238,"Where would you acquire a wind instrument for you own use?

Options:
A) band practice
B) concert
C) music store
D) symphony
E) music room",wind instrument,C,"Step 1: Typically, people buy musical instruments at music stores to purchase new ones.
Step 2: Music stores typically carry a variety of instruments, including those suitable for individual use.
Step 3: Unlike bands, concerts involve multiple performers playing together, so it's unlikely you'd buy an instrument there.
Step 4: While some people may have instruments in their homes, it's not as common as buying at a dedicated music store.
Step 5: A symphony is an event where many musicians perform together, so it's not where you'd buy an instrument.
Best answer: C because music stores usually sell instruments to individuals.","['C', 'C', 'C', 'C', 'C']",C,True,majority,1.0,{'C': 5},5,5,1.0,0,False,,ASDIV,LAMA-3.2-3B
239,guided,239,"What makes someone a nomad?

Options:
A) unpleasant things
B) hangnail
C) have no home
D) have no car
E) schizophrenia",person,C,"Step 1: A nomad is typically defined as someone who travels frequently, often without fixed residence.
Step 2: Having no fixed residence (option C) directly aligns with this definition, as it implies constant movement and lack of stability in one place.
Step 3: Options A, B, D, and E do not necessarily relate to traveling or lack of fixed abode; they describe unrelated characteristics.
Best answer: C because having no home typically leads to constant travel and relocation.","['C', 'C', 'C', 'C', 'C']",C,True,majority,1.0,{'C': 5},5,5,1.0,0,False,,ASDIV,LAMA-3.2-3B
240,guided,240,"John didn't care about style.  He felt that form was less important than what?

Options:
A) shapeless
B) quality
C) function
D) change shape
E) chaos",form,C,"Step 1: Think about the context of the word ""form"" in everyday language.
Form often refers to appearance or structure in design, art, architecture, etc.

Step 2: Compare each option with common associations with ""form"".
- A) shapeless implies lack of structure, which contradicts typical meaning of form.
- B) quality implies something related to characteristics, not necessarily related to visual appearance.
- C) function refers to purpose or usability, aligning with the idea that form serves a practical purpose.
- D) change shape suggests transformation, not necessarily related to the concept of form as it's commonly understood.
- E) chaos implies disorder, which is opposite to the idea of form being organized structure.

Step 3: Eliminate options that don't fit the typical meaning of form.
Eliminate A, D, and E for being unrelated or contradictory to the concept of form.

Best answer: C because function is closely tied to the idea that form provides a practical purpose.","['C', 'C', 'C', 'C', 'C']",C,True,majority,1.0,{'C': 5},5,5,1.0,0,False,,ASDIV,LAMA-3.2-3B
241,guided,241,"In what substance do clouds float?

Options:
A) sky
B) top of mountain
C) air
D) ground level
E) outer space",clouds,C,"Step 1: Clouds form when water vapor in the atmosphere condenses around tiny particles like dust or salt.
Step 2: This process occurs at high altitudes where air pressure is lower, allowing water vapor to rise and cool down.
Step 3: Since clouds are made up of water droplets suspended in the air, they naturally float above solid surfaces like mountains or ground levels.
Best answer: C because clouds are made of water suspended in the air.","['C', 'C', 'C', 'C', 'C']",C,True,majority,1.0,{'C': 5},5,5,1.0,0,False,,ASDIV,LAMA-3.2-3B
242,guided,242,"A person with digestion issues eats a meat-filled breakfast, what does he feel?

Options:
A) heartburn
B) overeating
C) happiness
D) being satisfied
E) gain energy",eating breakfast,A,"Step 1: Consuming large amounts of fatty foods can irritate the stomach lining, leading to inflammation.
Step 2: This inflammation causes discomfort and pain in the chest area, commonly known as heartburn.
Step 3: The symptoms of heartburn typically occur shortly after eating, especially if the individual has acid reflux.
Best answer: A because eating a heavy meal can cause stomach irritation leading to heartburn.","['A', 'B', 'A', 'B', 'B']",B,False,majority,0.6000000000000001,"{'A': 2, 'B': 3}",5,2,0.4,2,False,,ASDIV,LAMA-3.2-3B
243,guided,243,"Brad tried to arise from bed but he could not.  Instead, he just continued to do what?

Options:
A) go down
B) fall down
C) lie down
D) lie to himself
E) sit down",arise,C,"Step 1: If someone is having trouble getting out of bed, they often struggle with physical strength or motivation.
Step 2: Continuing to try to rise from bed would require more effort than giving up and doing something else that doesn't require energy.
Step 3: Lying down is a common way for people to conserve energy when feeling tired, as it allows them to rest without exerting themselves further.
Best answer: C because lying down is a typical behavior when someone is too tired to get up.","['C', 'C', 'C', 'C', 'C']",C,True,majority,1.0,{'C': 5},5,5,1.0,0,False,,ASDIV,LAMA-3.2-3B
244,guided,244,"When is the worst time for having food?

Options:
A) digesting
B) not hungry
C) gas
D) weight gain
E) feeling of fullness",having food,B,"Step 1: The digestive system breaks down food into nutrients that can be absorbed by the body.
Step 2: If food is not being broken down, it remains in the stomach as undigested material, causing discomfort.
Step 3: This discomfort leads to the sensation of nausea and cramps, making it an unpleasant experience.
Best answer: A because undigested food causes stomach discomfort.","['C', 'E', 'A', 'B', 'A']",A,False,majority,0.4,"{'C': 1, 'E': 1, 'A': 2, 'B': 1}",5,1,0.2,3,False,,ASDIV,LAMA-3.2-3B
245,guided,245,"The student explained he had a clue what neuroepithelium was and got really nervous, he then lost his balance because a what issue?

Options:
A) tastebud
B) retina
C) inner ear
D) nasal cavity
E) autistic",neuroepithelium,C,"Step 1: Neuroepithelium refers to the outermost layer of the brain that helps with balance and equilibrium.
Step 2: Losing balance often results from problems with the part of the body responsible for maintaining equilibrium.
Step 3: The inner ear contains structures like the vestibular system which aids in balance, so an issue there would affect balance.
Best answer: C because the inner ear plays a crucial role in maintaining balance.","['C', 'C', 'C', 'C', 'C']",C,True,majority,1.0,{'C': 5},5,5,1.0,0,False,,ASDIV,LAMA-3.2-3B
246,guided,246,"Brawn opened the curtains so that the sun could do what?

Options:
A) dry clothes
B) warm house
C) warm room
D) shine brightly
E) get dark",sun,C,"Step 1: The purpose of opening curtains is typically to control light entering a space.
Step 2: If the goal was to make the room darker, it wouldn't make sense for Brawn to open the curtains.
Step 3: Opening curtains allows sunlight to enter, which would make the room brighter.
Best answer: D because opening curtains lets sunlight shine in.","['B', 'B', 'D', 'D', 'D']",D,False,majority,0.6000000000000001,"{'B': 2, 'D': 3}",5,0,0.0,2,False,,ASDIV,LAMA-3.2-3B
247,guided,247,"James was someone who was caught in his own delusions.  To him, the truth didn't do what what?

Options:
A) work to advantage
B) matter to
C) help
D) free mind
E) further knowledge",truth,B,"Step 1: People with delusions often have distorted perceptions of reality due to mental health conditions like schizophrenia or paranoia.
Step 2: Delusions can lead individuals to misinterpret information and ignore facts that contradict their beliefs.
Step 3: In this case, James's delusions would cause him to disregard objective evidence that contradicts his false beliefs.
Best answer: A because delusions distort perception of reality, making it difficult for James to accept truth as beneficial.","['A', 'A', 'C', 'A', 'A']",A,False,majority,0.8,"{'A': 4, 'C': 1}",5,0,0.0,1,False,,ASDIV,LAMA-3.2-3B
248,guided,248,"If you are in a bar in a glove shaped state where are you?

Options:
A) in my pocket
B) michigan
C) new york city
D) restaurant
E) public house",bar,B,"Step 1: A glove has an opening for your hand, which would allow you to hold onto something inside it.
Step 2: Bars typically have tables and chairs where people sit, so it's unlikely you'd find yourself inside the glove itself.
Step 3: Considering the other options, ""glove"" doesn't match any well-known location like cities (B), nor does it fit with being in a restaurant (D).
Best answer: E because bars are establishments where people gather to drink and socialize, fitting the concept of a ""public house"".","['D', 'E', 'E', 'E', 'E']",E,False,majority,0.8,"{'D': 1, 'E': 4}",5,0,0.0,1,False,,ASDIV,LAMA-3.2-3B
249,guided,249,"Where are people likely to become impatient?

Options:
A) end of line
B) buildings
C) apartment
D) neighbor's house
E) address",people,A,"Step 1: Typically, people become impatient when they're waiting for something that takes too long, like at an airport or in traffic.
Step 2: Airports have long security checks and flights can be delayed due to various reasons like bad weather or mechanical issues.
Step 3: Waiting at an airport involves standing still for extended periods, which can lead to restlessness and frustration.
Best answer: A because it's where most people wait for extended periods of time.","['A', 'A', 'A', 'A', 'A']",A,True,majority,1.0,{'A': 5},5,5,1.0,0,False,,ASDIV,LAMA-3.2-3B
250,guided,250,"Where are you likely to find a Japanese restaurant not run by people from Japan?

Options:
A) california
B) downtown
C) large town
D) tokio
E) china town",japanese restaurant,A,"Step 1: Japan has a distinct culture with its own cuisine, language, and customs.
Step 2: Restaurants serving authentic Japanese food typically cater to Japanese customers, who prefer eating at places run by Japanese owners or staff.
Step 3: While some Japanese restaurants may exist in major cities like Tokyo (option D), it's less common for them to be found in smaller towns or areas like California (option A) or China town (option E).
Best answer: C because most Japanese restaurants tend to congregate in urban areas with higher concentrations of Japanese populations.","['A', 'A', 'A', 'A', 'A']",A,True,majority,1.0,{'A': 5},5,5,1.0,0,False,,ASDIV,LAMA-3.2-3B
251,guided,251,"Where would you find magazines along side many other printed works?

Options:
A) doctor
B) bookstore
C) market
D) train station
E) mortuary",magazines,B,"Step 1: Magazines are typically published and sold in places where people go to buy books.
Step 2: Bookstores have shelves for displaying various types of publications, including magazines.
Step 3: Many bookstores also have a section dedicated to magazines, making it easier for customers to browse through them.
Best answer: B because bookstores usually have a dedicated area for magazines.","['B', 'B', 'B', 'B', 'B']",B,True,majority,1.0,{'B': 5},5,5,1.0,0,False,,ASDIV,LAMA-3.2-3B
252,guided,252,"James needed smooth sandpaper, but instead he got what type?

Options:
A) rough
B) non smooth
C) uneven
D) plastic
E) bumpy",smooth,A,"Step 1: Sandpaper is used for smoothing surfaces, typically wood or metal.
Step 2: Smooth surfaces require less friction and allow for better adhesion.
Step 3: Rough textures provide more resistance, making it harder for materials to adhere.
Best answer: A because sandpaper is designed to have a fine-grit surface for smoothing.","['A', 'E', 'A', 'E', 'A']",A,True,majority,0.6000000000000001,"{'A': 3, 'E': 2}",5,3,0.6000000000000001,2,False,,ASDIV,LAMA-3.2-3B
253,guided,253,"How would you express information to a deaf person?

Options:
A) summarize main points
B) close mouth
C) write down
D) may disagree
E) talk",express information,C,"Step 1: Deaf individuals rely heavily on visual cues for communication.
Step 2: Writing (option C) allows them to read and understand written language, which can convey essential information about the message being conveyed.
Step 3: Summarizing verbally (option A) may not be effective as it doesn't provide visual aid, while closing one's mouth (option B) could be misinterpreted as aggression or discomfort.
Step 4: Disagreeing (option D) doesn't make sense in this context, as it's not relevant to conveying information.
Best answer: C because writing provides a clear visual representation of the message.","['C', 'C', 'C', 'C', 'C']",C,True,majority,1.0,{'C': 5},5,5,1.0,0,False,,ASDIV,LAMA-3.2-3B
254,guided,254,"Jim decided to lose weight.  He thought that exercise is the best way to lose weight because you can't get rid of what?

Options:
A) need for food
B) fitness
C) sweating
D) fastfood
E) thirst",exercise,A,"Step 1: Exercise helps burn calories, which reduces overall body fat.
Step 2: If you don't exercise, your body retains stored fat as energy sources.
Step 3: This means that if you don't exercise, your body won't burn away excess calories stored in fat cells.
Best answer: A because without exercise, you can't get rid of stored body fat.","['A', 'A', 'A', 'B', 'B']",A,True,majority,0.6000000000000001,"{'A': 3, 'B': 2}",5,3,0.6000000000000001,2,False,,ASDIV,LAMA-3.2-3B
255,guided,255,"Making a schedule was easy to pick, the major called for knowledge that required a certain what?

Options:
A) color
B) class
C) meeting
D) university
E) encyclopedia",knowledge,B,"Step 1: A schedule typically involves planning and organization, which often involves knowing dates and times.
Step 2: Knowing dates and times requires access to information about past events, upcoming events, and timekeeping systems.
Step 3: An encyclopedia is a reference book that contains detailed information about various subjects, including historical events, dates, and times.
Best answer: E because an encyclopedia provides comprehensive knowledge about dates and times necessary for creating a schedule.","['E', 'E', 'E', 'E', 'E']",E,False,majority,1.0,{'E': 5},5,0,0.0,0,False,,ASDIV,LAMA-3.2-3B
256,guided,256,"When getting in shape, this is something that does wonders?

Options:
A) eat more
B) starve
C) give up
D) period of recovery
E) jogging",getting in shape,E,"Step 1: When trying to get in shape, most people aim for a calorie deficit, meaning consuming fewer calories than their body burns.
Step 2: Starving oneself (B) would actually lead to muscle loss and weaken overall health, making it harder to achieve fitness goals.
Step 3: Giving up (C) on exercise doesn't contribute to physical improvement; instead, it hinders progress.
Step 4: A period of recovery (D) is necessary after intense workouts but isn't directly linked to building muscle mass or endurance.
Step 5: Jogging (E) is an exercise that can improve cardiovascular health and burn calories, making it beneficial for getting in shape.
Best answer: E because jogging is an exercise that helps burn calories and improve cardiovascular health.","['E', 'E', 'E', 'E', 'E']",E,True,majority,1.0,{'E': 5},5,5,1.0,0,False,,ASDIV,LAMA-3.2-3B
257,guided,257,"What type of building has the most top floor?

Options:
A) go down
B) apartment building
C) tall building
D) office building
E) cabin",top floor,C,"Step 1: Typically, buildings with multiple floors have a distinct vertical structure, designed for multiple levels of occupancy.
Step 2: Among these options, only one term explicitly implies multiple stories or levels: ""apartment building"".
Step 3: Apartment buildings often have several floors where residents live, making it the most likely candidate for having multiple top floors.
Best answer: B because apartment buildings usually have multiple floors for residential use.","['C', 'C', 'C', 'C', 'C']",C,True,majority,1.0,{'C': 5},5,5,1.0,0,False,,ASDIV,LAMA-3.2-3B
258,guided,258,"A meteor travels through galaxies which are a part of what?

Options:
A) republic of ireland
B) sky
C) orbit
D) universe
E) school",meteor,D,"Step 1: Galaxies are massive collections of stars, gas, dust, and other celestial objects held together by gravity.
Step 2: The term ""universe"" refers to all existing space and time, encompassing countless galaxies like our own Milky Way.
Step 3: Galaxies themselves are contained within the larger structure known as a galaxy cluster or supercluster, but not within a republic, sky (which is just the atmosphere), or school (an institution for education).
Best answer: D because the universe is the only option that fully encompasses galaxies as part of its scope.","['D', 'D', 'D', 'D', 'D']",D,True,majority,1.0,{'D': 5},5,5,1.0,0,False,,ASDIV,LAMA-3.2-3B
259,guided,259,"The guys had a regular poker game, rather than going to the movies this what their what?

Options:
A) competition
B) fun game
C) losing money
D) fun
E) social event",playing poker,E,"Step 1: In poker, players typically engage in betting and wagering on their hands.
Step 2: If someone loses, they may feel disappointed or frustrated about their loss.
Step 3: This emotional state often leads to wanting to engage in another activity that can provide entertainment and excitement, such as playing another game.
Best answer: A because losing at poker can lead to wanting to participate in another competitive activity.","['D', 'A', 'D', 'A', 'D']",D,False,majority,0.6000000000000001,"{'D': 3, 'A': 2}",5,0,0.0,2,False,,ASDIV,LAMA-3.2-3B
260,guided,260,"What are you using if there are speakers strapped on your ears?

Options:
A) take it all in
B) headphones
C) desktop
D) conference
E) concert",speakers,B,"Step 1: Headphones have a physical structure designed to fit over human ears.
Step 2: They typically have wires that connect to a device such as a phone or music player.
Step 3: This setup allows users to listen to audio without disturbing others nearby.
Best answer: B because headphones are specifically designed for personal audio listening.","['B', 'B', 'B', 'B', 'C']",B,True,majority,0.8,"{'B': 4, 'C': 1}",5,4,0.8,1,False,,ASDIV,LAMA-3.2-3B
261,guided,261,"A thoroughfare meandered through fields and woods, where was it passing though?

Options:
A) move about
B) city
C) country
D) town
E) new york city",thoroughfare,C,"Step 1: A thoroughfare typically refers to a main road or path for traveling, often used by many people.
Step 2: A city usually has multiple roads and is often larger than a town, so it's less likely that the thoroughfare would be in a city.
Step 3: A country typically has fewer roads and is even less likely than a town to have a single main path used by many people.
Best answer: C because a country usually has fewer roads and less traffic than a town, making it more plausible for a single thoroughfare.","['C', 'C', 'D', 'C', 'C']",C,True,majority,0.8,"{'C': 4, 'D': 1}",5,4,0.8,1,False,,ASDIV,LAMA-3.2-3B
262,guided,262,"What might you need to do cleaning?

Options:
A) sing a song
B) neatness
C) allergies
D) healthy living
E) using water",cleaning,E,"Step 1: Think about what typically causes messes that require cleaning.
Step 2: Allergies (C) can cause sneezing and coughing, leading to respiratory issues, making it harder to focus on cleaning.
Step 3: While healthy living (D) promotes overall well-being, it doesn't directly relate to cleaning up spills or messes.
Step 4: Singing a song (A) might provide motivation but won't physically remove dirt or grime.
Step 5: Using water (E) can help with some types of cleaning but isn't universally applicable for all types of messes.
Best answer: C because allergies can make it difficult to concentrate on cleaning.","['C', 'B', 'C', 'B', 'B']",B,False,majority,0.6000000000000001,"{'C': 2, 'B': 3}",5,0,0.0,2,False,,ASDIV,LAMA-3.2-3B
263,guided,263,"What do audiences clap for?

Options:
A) cinema
B) theatre
C) movies
D) show
E) hockey game",audience,D,"Step 1: Clapping is a form of expression often associated with appreciation and approval in social settings.
Step 2: Audiences typically gather to watch performances, such as plays, musicals, or concerts.
Step 3: These events usually take place in venues like theatres, not stadiums where sports like hockey occur.
Best answer: B because audiences clap at performances in a theatre.","['B', 'B', 'B', 'B', 'B']",B,False,majority,1.0,{'B': 5},5,0,0.0,0,False,,ASDIV,LAMA-3.2-3B
264,guided,264,"A weasel has a thin body and short legs to easier burrow after prey in a what?

Options:
A) tree
B) mulberry bush
C) chicken coop
D) viking ship
E) rabbit warren",weasel,E,"Step 1: Weasels are carnivorous mammals known for their ability to dig burrows for hunting and shelter.
Step 2: Their slender bodies allow them to fit through narrow openings, making it easier to access underground spaces.
Step 3: Rabbit warrens are typically underground structures created by rabbits, providing an ideal environment for weasels to hide and ambush prey.
Best answer: E because weasels use rabbit warrens as hiding spots due to their ability to fit through narrow spaces.","['A', 'A', 'D', 'A', 'A']",A,False,majority,0.8,"{'A': 4, 'D': 1}",5,0,0.0,1,False,,ASDIV,LAMA-3.2-3B
265,guided,265,"There was a long cottage somewhere.  People thought it was haunted.  It was overgrown, there was nothing near it.  It's was far into the what?

Options:
A) mountains
B) countryside
C) train
D) painting
E) village",cottage,B,"Step 1: The word ""cottage"" typically implies a small, rural dwelling, often found in the countryside.
Step 2: Given its description as being overgrown and isolated, it's unlikely to be near a bustling city like a village or a train station.
Step 3: Mountains might be too rugged for a small cottage to exist without being noticed, but it's still possible.
Step 4: A painting can't be a physical location where a cottage would stand.
Best answer: B because it fits the typical rural setting for a small, isolated cottage.","['B', 'B', 'B', 'B', 'B']",B,True,majority,1.0,{'B': 5},5,5,1.0,0,False,,ASDIV,LAMA-3.2-3B
266,guided,266,"Where might a lemur frolic in the market?

Options:
A) desert
B) hole
C) india
D) cage
E) rain forest",lemur,C,"Step 1: Lemurs are small primates native to tropical regions with dense vegetation.
Step 2: Deserts have limited vegetation, making it an unlikely environment for lemurs to frolic.
Step 3: Rainforests provide ideal conditions for lemurs to climb, jump and play among trees.
Best answer: E because rainforests offer suitable habitat for lemurs' natural behavior.","['E', 'E', 'E', 'E', 'A']",E,False,majority,0.8,"{'E': 4, 'A': 1}",5,0,0.0,1,False,,ASDIV,LAMA-3.2-3B
267,guided,267,"The man tried to reply to the woman, but he had difficulty keeping track of conversations that he didn't do what to?

Options:
A) initiate
B) ignore
C) question
D) answer
E) ask",reply,A,"Step 1: People often struggle with maintaining focus when they're not actively participating in a conversation.
Step 2: Initiating a new topic can disrupt the flow of an ongoing discussion, making it hard for others to follow along.
Step 3: Ignoring the conversation altogether would also break the social norms of engagement, making it clear that one isn't interested.
Step 4: Asking questions shows engagement but doesn't necessarily mean they're actively listening; it's more about seeking information.
Step 5: Answering requires participation, which contradicts the idea that they're not contributing.
Best answer: B because ignoring the conversation is the most direct way to indicate disinterest.","['B', 'B', 'B', 'B', 'B']",B,False,majority,1.0,{'B': 5},5,0,0.0,0,False,,ASDIV,LAMA-3.2-3B
268,guided,268,"He was a sloppy eater, so where did he leave a mess?

Options:
A) sailboat
B) desk
C) closet
D) table
E) apartment",mess,D,"Step 1: A person who eats a lot often leaves food spills and crumbs behind.
Step 2: Sailboats have limited space for eating, making it less likely that he ate there.
Step 3: Desks, closets, and apartments have surfaces where food can be prepared and consumed, increasing the chances of finding a mess.
Best answer: B because it's common for people to eat at desks while working or studying.","['B', 'B', 'B', 'B', 'B']",B,False,majority,1.0,{'B': 5},5,0,0.0,0,False,,ASDIV,LAMA-3.2-3B
269,guided,269,"John and Joe like planning games but Joe  was hit by a ball and fell down. What might have happened to Joe.

Options:
A) anger
B) good natured ribbing.
C) enjoying
D) injury
E) enjoyment",playing game,D,"Step 1: If someone gets hit by a ball, it's likely that they experienced physical contact with an object.
Step 2: This physical contact would cause harm, leading to possible injury.
Step 3: Injuries typically result from accidents involving physical force, not from enjoying an activity or having a good nature.
Best answer: D because getting hit by an object usually results in physical harm.","['D', 'D', 'D', 'D', 'D']",D,True,majority,1.0,{'D': 5},5,5,1.0,0,False,,ASDIV,LAMA-3.2-3B
270,guided,270,"The car was going from Alabama to New York, what was its goal?

Options:
A) head north
B) speed up
C) heading north
D) go fast
E) headed south",car,A,"Step 1: The car started in Alabama, which is located in the southeastern United States.
Step 2: New York is located in the northeastern United States, which means it's farther north than Alabama.
Step 3: Most people travel from a southern state to a northern state by driving north.
Best answer: A because traveling from one state to another involves moving in the direction of their relative positions.","['C', 'C', 'C', 'C', 'C']",C,False,majority,1.0,{'C': 5},5,0,0.0,0,False,,ASDIV,LAMA-3.2-3B
271,guided,271,"What is likely to satisfy someone's curiosity?

Options:
A) hear news
B) read book
C) see favorite show
D) comedy show
E) go somewhere",curiosity,A,"Step 1: People often satisfy their curiosity through entertainment that sparks imagination and engagement.
Step 2: While options A, B, C, and D can provide some level of mental stimulation, they tend to focus on information delivery rather than sparking imagination.
Step 3: Traveling allows individuals to experience new environments, meet new people, and encounter unexpected situations, which can ignite curiosity about the world around them.
Best answer: E because traveling can lead to novel experiences that stimulate curiosity about the unknown.","['E', 'E', 'E', 'E', 'E']",E,False,majority,1.0,{'E': 5},5,0,0.0,0,False,,ASDIV,LAMA-3.2-3B
272,guided,272,"If the president wanted to ban snakes, where would he issue such a decree?

Options:
A) street
B) tropical forest
C) garden of eden
D) new mexico
E) white house",snake,E,"Step 1: The president typically holds official meetings and makes announcements at a central location associated with government authority.
Step 2: The White House is the official residence and workplace of the President of the United States, making it an appropriate place for such an announcement.
Step 3: Issuing a decree about banning snakes would require a public setting where many people can gather and understand the message.
Best answer: E because it's the symbol of the U.S. government where major decisions are made.","['E', 'E', 'E', 'E', 'E']",E,True,majority,1.0,{'E': 5},5,5,1.0,0,False,,ASDIV,LAMA-3.2-3B
273,guided,273,"What will likely happen after stabbing to death a person?

Options:
A) gruesome
B) being arrested
C) pool of blood
D) mess
E) grisly",stabbing to death,B,"Step 1: Stabbing someone results in physical harm, which typically leads to injury or death.
Step 2: When someone dies, their body undergoes decomposition processes that can cause blood to spill out.
Step 3: A pool of blood is often one of the visible signs of death due to these decomposition processes.
Best answer: C because it's a direct consequence of death.","['C', 'C', 'C', 'C', 'C']",C,False,majority,1.0,{'C': 5},5,0,0.0,0,False,,ASDIV,LAMA-3.2-3B
274,guided,274,"At the picnic she was stuck eating hamburger, she was worried because she forgot her chewables to prevent what?

Options:
A) eat cake
B) have fun
C) food poisoning
D) heartburn
E) gain weight",eating hamburger,D,"Step 1: Chewables are often used as an antacid to neutralize stomach acid.
Step 2: If someone forgets to take antacids while eating acidic foods like hamburgers, they may experience heartburn due to stomach irritation.
Step 3: This could lead to discomfort during the picnic.
Best answer: D because forgetting antacids while consuming acidic foods increases the risk of heartburn.","['D', 'D', 'D', 'D', 'D']",D,True,majority,1.0,{'D': 5},5,5,1.0,0,False,,ASDIV,LAMA-3.2-3B
275,guided,275,"George checked the rotor of the Apache, which wasn't powered by internal combustion, but by what?

Options:
A) jet engine
B) helicopter
C) electric motor
D) rotator
E) electrical circuit",rotor,A,"Step 1: The term ""rotor"" typically refers to a spinning part in an aircraft, often associated with helicopters.
Step 2: Helicopters have rotors that generate lift using airflow created by spinning blades.
Step 3: Since the question specifies ""rotor"" and not ""blade"", it's likely referring to the entire spinning assembly, not just individual blades.
Best answer: B because helicopters have rotors powered by engines.","['A', 'A', 'A', 'A', 'A']",A,True,majority,1.0,{'A': 5},5,5,1.0,0,False,,ASDIV,LAMA-3.2-3B
276,guided,276,"Where is one likely to find poker chips?

Options:
A) supermarket
B) pantry
C) motherboard
D) bar
E) bar",chips,D,"Step 1: Poker chips are small, round pieces of plastic used for gambling games.
Step 2: Supermarkets typically sell food items, not gaming accessories.
Step 3: Bars often host poker games where chips are used as betting tokens.
Best answer: D because bars frequently host poker games where chips are used as betting tokens.","['D', 'D', 'D', 'D', 'D']",D,True,majority,1.0,{'D': 5},5,5,1.0,0,False,,ASDIV,LAMA-3.2-3B
277,guided,277,"Sarah dropped the marble because she wanted to do what?

Options:
A) game
B) pouch
C) home
D) store
E) jar",marble,A,"Step 1: Marbles are often used for playing games like checkers or racing.
Step 2: Dropping something usually means releasing control over it, which is typically done when putting it away in a designated place like a game container.
Step 3: A pouch is commonly used to hold small items like marbles, making it a likely choice for storing them.
Best answer: B because a pouch is typically used to hold small objects like marbles.","['D', 'B', 'C', 'C', 'C']",C,False,majority,0.6000000000000001,"{'D': 1, 'B': 1, 'C': 3}",5,0,0.0,2,False,,ASDIV,LAMA-3.2-3B
278,guided,278,"If there is a place that is hot and arid, what could it be?

Options:
A) bland
B) lifeless
C) sandy
D) neutral
E) freezing",hot,B,"Step 1: Deserts are known for their extreme temperatures and lack of rainfall, creating an environment with limited vegetation and scarce water sources.
Step 2: Deserts typically have dry soil, which can be composed mainly of sand.
Step 3: Given these characteristics, option C) sandy best describes a common feature found in deserts.
Best answer: C because deserts are often characterized by sandy soil.","['C', 'A', 'D', 'C', 'C']",C,False,majority,0.6000000000000001,"{'C': 3, 'A': 1, 'D': 1}",5,0,0.0,2,False,,ASDIV,LAMA-3.2-3B
279,guided,279,"What is a form of anaerobic exercising?

Options:
A) shortness of breath
B) lift weights
C) error
D) fall down
E) run",exercising,E,"Step 1: Anaerobic exercises typically involve intense physical activity without oxygen, such as sprinting or weightlifting.
Step 2: Running requires oxygen to generate energy, so it's not anaerobic.
Step 3: Lifting weights can be anaerobic if done for short bursts (e.g., heavy squats), but typically involves oxygen for extended periods.
Best answer: C because ""error"" doesn't relate to physical activity type.","['E', 'B', 'E', 'A', 'A']",E,True,coin_flip,0.33330000000000004,"{'E': 2, 'B': 1, 'A': 2}",6,2,0.33330000000000004,4,True,0.0,ASDIV,LAMA-3.2-3B
280,guided,280,"A statue that shoots liquid is called a what?

Options:
A) water fountain
B) large city
C) museum
D) pool
E) central park",statue,A,"Step 1: Statues are typically found in public spaces for decoration and entertainment.
Step 2: Fountains are known to dispense water, often as part of a decorative feature.
Step 3: Many fountains can be found in parks, plazas, and other outdoor areas where people gather.
Best answer: A because it's a common term for a structure that shoots liquid, like water.","['A', 'A', 'A', 'A', 'A']",A,True,majority,1.0,{'A': 5},5,5,1.0,0,False,,ASDIV,LAMA-3.2-3B
281,guided,281,"They were getting ready for a really long hike, he put the food can in his what?

Options:
A) cabinet
B) house
C) recycling center
D) backpack
E) make person sick",food can,D,"Step 1: Before going on a long hike, it's common practice to pack essential items such as food and water in a portable container.
Step 2: A backpack is designed to carry heavy loads over long distances, making it an ideal choice for storing food during outdoor activities like hiking.
Step 3: Cabinets, houses, recycling centers, and making someone sick are not suitable options for carrying food on a hike.
Best answer: D because backpacks are designed for carrying heavy loads over long distances.","['D', 'D', 'D', 'D', 'D']",D,True,majority,1.0,{'D': 5},5,5,1.0,0,False,,ASDIV,LAMA-3.2-3B
282,guided,282,"Where is a lake likely to be glacial?

Options:
A) michigan
B) new york
C) new york
D) mountains
E) countryside",lake,D,"Step 1: Glaciers form in high-latitude regions with heavy snowfall, typically at high elevations.
Step 2: Glaciers are associated with mountainous terrain where snow accumulates over time.
Step 3: Glaciers often create U-shaped valleys and leave behind characteristic features like U-shaped lakes.
Best answer: D because mountains provide the necessary elevation and cold climate for glacier formation.","['D', 'D', 'D', 'D', 'D']",D,True,majority,1.0,{'D': 5},5,5,1.0,0,False,,ASDIV,LAMA-3.2-3B
283,guided,283,"Why do people who are dying receive social security payments?

Options:
A) rejuvenation
B) born again
C) no longer exist
D) unable to work
E) change of color",dying,D,"Step 1: Social Security was created to provide financial assistance to individuals who have reached retirement age and can no longer work due to health issues or other factors.
Step 2: Many people have worked for decades, contributing to the system through payroll taxes, but now they're unable to earn income due to age-related health problems or disability.
Step 3: As a result, receiving Social Security payments allows them to maintain some level of economic stability during this stage of life.
Best answer: D because it acknowledges that receiving Social Security is tied to being unable to work.","['D', 'D', 'D', 'D', 'D']",D,True,majority,1.0,{'D': 5},5,5,1.0,0,False,,ASDIV,LAMA-3.2-3B
284,guided,284,"Stark was just having fun, and he wasn't hurting anyone.  What might have he been doing?

Options:
A) painting his nails
B) playing marbles
C) constructing
D) need for rest
E) wild ride",having fun,B,"Step 1: Think about typical activities associated with ""having fun"" that don't involve harming others.
Step 2: Consider what people often do when they're having fun, especially children.
Step 3: Eliminate options A (painting nails) as it's not typically considered ""fun"" for most adults, especially in public places.
Step 4: Options C (constructing) and D (need for rest) don't necessarily imply enjoyment or leisure time.
Step 5: An ""wild ride"" could imply excitement and thrill-seeking behavior, which aligns with having fun.
Step 6: Eliminate option B (playing marbles) as it's more of a casual game rather than an exciting activity.
Step 7: Given these considerations, an ""wild ride"" seems like the most fitting choice for someone having fun.
Best answer: E because it implies excitement and thrill-seeking behavior associated with having fun.","['E', 'E', 'E', 'E', 'E']",E,False,majority,1.0,{'E': 5},5,0,0.0,0,False,,ASDIV,LAMA-3.2-3B
285,guided,285,"What does going to bed with your spouse for sex lead to?

Options:
A) bad dreams
B) a good nights sleep
C) rest
D) sleepiness
E) get pregnant",going to bed,E,"Step 1: Engaging in sexual activity before bedtime can increase body temperature and stimulate hormones that prepare the body for sleep.
Step 2: However, this stimulation can make it difficult to fall asleep due to heightened arousal levels.
Step 3: As a result, the likelihood of having restful sleep decreases when having sex before bedtime.
Best answer: A because having sex before bed can disrupt sleep patterns.","['B', 'B', 'B', 'D', 'B']",B,False,majority,0.8,"{'B': 4, 'D': 1}",5,0,0.0,1,False,,ASDIV,LAMA-3.2-3B
286,guided,286,"what is printed with ink and distributed daily?

Options:
A) fountain pen
B) squid
C) newspaper
D) book
E) printer",ink,C,"Step 1: Think about common objects that people use to write or read.
Step 2: Consider what type of object would be used for both writing and distribution.
Step 3: Eliminate options B (squid) as it's an animal, not an object used for printing.
Step 4: Eliminate option A (fountain pen) as it's primarily used for individual writing, not mass distribution.
Step 5: Between options C (newspaper) and D (book), consider which one is typically mass-produced and widely distributed.
Step 6: Newpapers are usually printed in large quantities every day, while books may not have such a regular distribution schedule.
Best answer: C because newspapers are commonly printed and distributed daily.","['C', 'C', 'C', 'C', 'C']",C,True,majority,1.0,{'C': 5},5,5,1.0,0,False,,ASDIV,LAMA-3.2-3B
287,guided,287,"What would friends do if they need each others' help?

Options:
A) call each other
B) group together
C) understand each other
D) meet for lunch
E) part company",friends,B,"Step 1: Friends typically rely on communication to resolve issues or get assistance.
Step 2: Calling or meeting in person allows them to discuss problems directly.
Step 3: Understanding one another's perspectives can lead to finding solutions together.
Best answer: A because friends usually contact each other via phone calls when they require mutual aid.","['A', 'A', 'A', 'A', 'A']",A,False,majority,1.0,{'A': 5},5,0,0.0,0,False,,ASDIV,LAMA-3.2-3B
288,guided,288,"What is the main purpose of farmers?

Options:
A) raise cattle
B) grow corn
C) farm land
D) drive tractors
E) supply food",farmers,E,"Step 1: Farmers work outdoors in various types of environments, including fields and pastures.
Step 2: Many farmers cultivate crops like wheat, soybeans, and fruits, which are essential for human consumption.
Step 3: The primary goal of farming is to produce food for human consumption, making option E the most logical choice.
Best answer: E because it directly relates to the fundamental objective of farming.","['E', 'E', 'E', 'E', 'E']",E,True,majority,1.0,{'E': 5},5,5,1.0,0,False,,ASDIV,LAMA-3.2-3B
289,guided,289,"If a storey contained a panoramic view, what kind of structure would it be in?

Options:
A) horizontal room
B) storey book
C) mall
D) tall building
E) book of stories",storey,D,"Step 1: A panoramic view typically refers to a wide-angle view, often seen from an elevated position.
Step 2: Buildings with multiple floors often have multiple levels of viewing areas, such as observation decks or observation floors.
Step 3: These types of structures are commonly found in cities with high-rise architecture.
Best answer: D because tall buildings frequently have multiple levels with panoramic views.","['D', 'D', 'D', 'D', 'D']",D,True,majority,1.0,{'D': 5},5,5,1.0,0,False,,ASDIV,LAMA-3.2-3B
290,guided,290,"If you have a home with a courtyard, what's one thing you probably don't have to care for any longer?

Options:
A) lawn
B) kids
C) asshole
D) spain
E) office complex",courtyard,A,"Step 1: A typical feature of a home with a courtyard is that it often replaces the need for outdoor space around the house.
Step 2: Lawns require regular mowing, watering, and fertilization, which are tasks associated with maintaining an outdoor yard.
Step 3: Since the courtyard serves as an alternative to an outdoor space, there's less need for lawn maintenance.
Best answer: A because lawns typically require more upkeep than courtyards.","['A', 'A', 'B', 'A', 'A']",A,True,majority,0.8,"{'A': 4, 'B': 1}",5,4,0.8,1,False,,ASDIV,LAMA-3.2-3B
291,guided,291,"If you have to read a book that is very dry and long you may become what?

Options:
A) have time
B) boring
C) learn new
D) enjoyable
E) bored",read book,E,"Step 1: People often say that reading long, dry texts can lead to feelings of monotony due to repetition and lack of engaging content.
Step 2: This monotony can cause the reader's interest to dwindle over time, making it harder for them to stay focused.
Step 3: As a result, the reader may start to feel unmotivated and disconnected from the material, leading to a state characterized by a lack of enthusiasm.
Best answer: E because prolonged exposure to dull information can lead to emotional disengagement.","['B', 'B', 'B', 'B', 'D']",B,False,majority,0.8,"{'B': 4, 'D': 1}",5,0,0.0,1,False,,ASDIV,LAMA-3.2-3B
292,guided,292,"Where is that man buying silk from?

Options:
A) space shuttle
B) theater
C) china
D) indian resteraunt
E) bar",human,C,"Step 1: Silk production involves sericulture, which requires specific plants (mulberry trees) for cultivation.
Step 2: Mulberry trees are commonly grown in Asia, particularly in China, where silk production originated.
Step 3: China has been known for its silk production for centuries, making it the primary source of high-quality silk worldwide.
Best answer: C because China is historically associated with sericulture and silk production.","['C', 'C', 'C', 'C', 'C']",C,True,majority,1.0,{'C': 5},5,5,1.0,0,False,,ASDIV,LAMA-3.2-3B
293,guided,293,"What continent has the most castles?

Options:
A) fairy tale
B) edinburgh
C) germany
D) europe
E) antarctica",castle,D,"Step 1: Castles are typically associated with medieval times and historical periods, which were prevalent in certain parts of the world.
Step 2: Europe has a rich history of medieval kingdoms, empires, and feudal systems that led to numerous castle constructions.
Step 3: Many European countries such as England, France, and Scotland have numerous well-known castles that date back centuries.
Best answer: D because Europe has a long history of castle building due to its complex feudal systems.","['D', 'D', 'D', 'D', 'D']",D,True,majority,1.0,{'D': 5},5,5,1.0,0,False,,ASDIV,LAMA-3.2-3B
294,guided,294,"If somebody buys something and gives it to me as a free gift, what is the cost status of the gift?

Options:
A) deadly
B) imprisoned
C) paid for
D) expensive
E) in prison",free,C,"Step 1: When someone gives something to another person, it means they are transferring ownership.
Step 2: If the giver has already paid for the item, then the recipient does not have to pay for it again.
Step 3: Therefore, since the giver has already incurred the expense, the recipient should not incur additional costs.
Best answer: C because the recipient doesn't have to pay for something that was initially paid for by the giver.","['C', 'C', 'C', 'C', 'C']",C,True,majority,1.0,{'C': 5},5,5,1.0,0,False,,ASDIV,LAMA-3.2-3B
295,guided,295,"If a person isn't able to pay their bills what must they do?

Options:
A) know everything
B) acknowledgment
C) make more money
D) throw a party
E) spare time",person,C,"Step 1: Not being able to pay bills typically means having insufficient funds for financial obligations.
Step 2: Making more money would increase one's ability to cover expenses, thus resolving the issue.
Step 3: Options A (knowing everything) doesn't directly address the problem, B (acknowledgment) isn't an action that generates income, D (throwing a party) isn't related to financial stability, and E (spare time) implies having extra leisure time but doesn't solve the financial issue.
Best answer: C because making more money directly addresses the root cause of not being able to pay bills.","['C', 'C', 'C', 'C', 'C']",C,True,majority,1.0,{'C': 5},5,5,1.0,0,False,,ASDIV,LAMA-3.2-3B
296,guided,296,"If I have a pet bird, what does it likely live in?

Options:
A) forest
B) bathroom
C) windowsill
D) countryside
E) cage",bird,E,"Step 1: Most domesticated birds, like parakeets or cockatiels, require a controlled environment with protection from predators and suitable temperature conditions.
Step 2: A bathroom is not suitable as it's not designed for animal habitats and may contain hazardous materials like chemicals or water.
Step 3: While some birds might perch on a windowsill, this isn't their primary living space; it's more of an occasional resting spot.
Step 4: The countryside offers various environments but isn't typically where people keep pets unless they're outdoor birds like chickens or geese.
Step 5: A cage provides a secure, enclosed space with ventilation, food, water, and shelter – ideal for many pet birds.
Best answer: E because it offers a safe, self-sufficient space for most domesticated birds.","['E', 'E', 'D', 'E', 'E']",E,True,majority,0.8,"{'E': 4, 'D': 1}",5,4,0.8,1,False,,ASDIV,LAMA-3.2-3B
297,guided,297,"Where might it be hard to get furniture to?

Options:
A) apartment
B) loft
C) store
D) rug
E) stairs",furniture,B,"Step 1: Think about the physical properties of each location.
Step 2: Consider how objects move around in these places.
Step 3: Analyze which one has obstacles that could prevent movement.
Best answer: E because stairs have steps that make it difficult for large objects like furniture to pass through.","['D', 'E', 'D', 'E', 'E']",E,False,majority,0.6000000000000001,"{'D': 2, 'E': 3}",5,0,0.0,2,False,,ASDIV,LAMA-3.2-3B
298,guided,298,"Who do professors work with?

Options:
A) methods of facts
B) teach courses
C) wear wrinkled tweed jackets
D) school students
E) state facts",professors,D,"Step 1: Professors are typically employed at educational institutions where they impart knowledge to others.
Step 2: This implies interaction with students, who learn from their guidance and instruction.
Step 3: While professors may also engage with other colleagues (methods, state facts), this isn't their primary role.
Best answer: D because professors primarily interact with students as educators.","['D', 'D', 'D', 'D', 'D']",D,True,majority,1.0,{'D': 5},5,5,1.0,0,False,,ASDIV,LAMA-3.2-3B
299,guided,299,"Where is a good place to set a cup of coffee while relaxing?

Options:
A) coffee shop
B) kitchen
C) hand
D) table
E) office",cup of coffee,D,"Step 1: Typically, people enjoy their coffee in a comfortable seating area where they can sit and enjoy the beverage.
Step 2: A coffee shop is designed for this purpose, providing seating for customers to relax with their coffee.
Step 3: Options B (kitchen) and E (office) are not ideal as they are not designed for leisure activities like relaxation.
Step 4: Option C (hand) is impractical as it's not a stable surface to hold a cup of liquid.
Best answer: A because coffee shops offer designated seating areas for customers to relax with their coffee.","['A', 'A', 'A', 'A', 'A']",A,False,majority,1.0,{'A': 5},5,0,0.0,0,False,,ASDIV,LAMA-3.2-3B
300,guided,300,"Athletes soak in hot tubs to relieve what after playing baseball?

Options:
A) fame
B) errors
C) pain
D) strikes
E) sore muscles",playing baseball,E,"Step 1: Athletes often engage in physical activities like baseball that involve repetitive movements, stretching, and quick changes of direction.
Step 2: These activities can cause muscle fatigue and strain, particularly in the legs and lower back.
Step 3: Soaking in a hot tub can increase blood flow to the affected areas, reducing inflammation and promoting relaxation.
Best answer: E because soaking in hot tubs is commonly done to alleviate muscle soreness after intense physical exertion.","['E', 'E', 'C', 'C', 'E']",E,True,majority,0.6000000000000001,"{'E': 3, 'C': 2}",5,3,0.6000000000000001,2,False,,ASDIV,LAMA-3.2-3B
301,guided,301,"At a grocery store they sell individual potatoes, where does the grocery clerk likely put the potato?

Options:
A) boiling water
B) root cellar
C) rocket ship
D) paper bag
E) underground",potato,D,"Step 1: Grocery stores typically store produce, including potatoes, in a cool place to keep them fresh.
Step 2: Root cellars are often used for storing vegetables like potatoes due to their ability to maintain a consistent, cool temperature.
Step 3: The other options don't make sense - boiling water wouldn't keep potatoes fresh, a rocket ship isn't a storage location, and putting potatoes in a paper bag would cause them to become soggy.
Best answer: B because root cellars are commonly used for storing vegetables like potatoes.","['B', 'B', 'B', 'B', 'B']",B,False,majority,1.0,{'B': 5},5,0,0.0,0,False,,ASDIV,LAMA-3.2-3B
302,guided,302,"John was not happy with his marriage. He and his wife drifted apart.     All and all, recent turns could be described as what?

Options:
A) inappropriate
B) sadness
C) unsatisfied
D) unfortunate
E) disenchanted",happy,D,"Step 1: John's feelings towards his marriage have shifted from positive (happy) to negative (not happy).
Step 2: The word ""drifted"" implies a gradual change in direction or quality over time, suggesting that John's emotions have moved away from satisfaction towards dissatisfaction.
Step 3: Among the given options, ""unsatisfied"" best captures this shift in emotional state, as it directly conveys a sense of discontentment with one's circumstances.
Best answer: C because it accurately reflects the progression of John's emotional state.","['D', 'D', 'D', 'D', 'D']",D,True,majority,1.0,{'D': 5},5,5,1.0,0,False,,ASDIV,LAMA-3.2-3B
303,guided,303,"If the kitten was going to grow up to be a mouser like it's mother, where should it spend most of it's time?

Options:
A) shelter
B) floor
C) warm place
D) farmhouse
E) living room",kitten,D,"Step 1: Mice typically live in dark, secluded areas with access to food and shelter.
Step 2: Cats are known for their hunting instincts, so they usually keep their prey (mice) away from human living spaces.
Step 3: Cats prefer areas where they can stalk and ambush their prey without being disturbed.
Best answer: A because it provides seclusion and proximity to potential hiding spots for mice.","['A', 'A', 'C', 'B', 'D']",A,False,majority,0.4,"{'A': 2, 'C': 1, 'B': 1, 'D': 1}",5,1,0.2,3,False,,ASDIV,LAMA-3.2-3B
304,guided,304,"Bob the lizard lives in a warm place with lots of water.  Where does he probably live?

Options:
A) rock
B) tropical rainforest
C) jazz club
D) new mexico
E) rocky places",lizard,B,"Step 1: Lizards generally prefer warm temperatures and moisture to survive.
Step 2: Tropical rainforests provide both warmth and ample water sources like ponds, rivers, and lakes.
Step 3: While some lizards might inhabit dry areas like deserts (option E), it's less likely for one that thrives in warm conditions with lots of water.
Best answer: B because tropical rainforests offer ideal conditions for a warm-loving lizard like Bob.","['B', 'B', 'B', 'B', 'B']",B,True,majority,1.0,{'B': 5},5,5,1.0,0,False,,ASDIV,LAMA-3.2-3B
305,guided,305,"Where would you put some ham if you want to cook it?

Options:
A) hamshackle
B) pizza
C) fridge
D) refrigerator
E) part of meal",ham,B,"Step 1: To cook food, it needs to be stored before heating.
Step 2: A ""hamshackle"" isn't an appliance for storing food; it sounds like a tool.
Step 3: While ""pizza"" isn't typically used as a container, ""fridge"" and ""refrigerator"" both refer to places where you store perishable items like cooked meats.
Best answer: C because fridges are designed to keep food at low temperatures, making them ideal for storing raw meats like ham before cooking.","['C', 'D', 'C', 'D', 'C']",C,False,majority,0.6000000000000001,"{'C': 3, 'D': 2}",5,0,0.0,2,False,,ASDIV,LAMA-3.2-3B
306,guided,306,"Where can I put this penny to save for later?

Options:
A) piggy bank
B) wallet
C) toy
D) ground
E) pocket",penny,A,"Step 1: A piggy bank is designed specifically for storing coins, making it an ideal place to save money.
Step 2: Wallets typically hold bills, not coins, so it's not the best choice.
Step 3: Putting the penny on the ground would expose it to damage from weather conditions and potential loss.
Step 4: While some people may put small items in their pockets, it's not a common practice due to the risk of losing the item or damaging clothing.
Best answer: A because it's designed for coin storage.","['A', 'B', 'E', 'E', 'A']",A,True,refiner_tiebreak,0.5,"{'A': 2, 'B': 1, 'E': 2}",6,3,0.5,3,True,1.0,ASDIV,LAMA-3.2-3B
307,guided,307,"Where is the sky most beautiful?

Options:
A) planetarium
B) outdoors
C) atmosphere
D) night
E) photo",sky,B,"Step 1: The word ""beautiful"" typically describes something visually appealing, so we're looking for an environment where one can see many colors and patterns.
Step 2: A planetarium is a building with domes that simulate the night sky for educational purposes, but it's not where you'd typically experience natural beauty.
Step 3: Outdoors allows us to witness various natural light conditions, including sunrise, sunset, and clear stargazing on a clear night.
Step 4: Atmosphere refers to the layer of gases surrounding the Earth; it's not a location where we can appreciate beauty directly.
Step 5: Night can be dark, making it difficult to see many colors and patterns in the sky.
Step 6: A photo is an image captured by camera, not a place where we experience beauty firsthand.
Best answer: B because outdoors provides an opportunity to witness diverse natural light conditions.","['B', 'B', 'B', 'B', 'B']",B,True,majority,1.0,{'B': 5},5,5,1.0,0,False,,ASDIV,LAMA-3.2-3B
308,guided,308,"A showroom feature washers and refrigerators, where is this showroom located?

Options:
A) appliance store
B) vegas
C) electronics store
D) car dealership
E) kitchen",showroom,A,"Step 1: Showrooms typically display products for sale, often with detailed information about their features.
Step 2: Appliances like washers and refrigerators are household items commonly found in kitchens.
Step 3: An appliance store would likely have multiple showrooms to display various products, including these items.
Best answer: A because it's where you'd find multiple types of household appliances on display.","['A', 'A', 'A', 'A', 'A']",A,True,majority,1.0,{'A': 5},5,5,1.0,0,False,,ASDIV,LAMA-3.2-3B
309,guided,309,"What would be necessary for getting in shape?

Options:
A) good health
B) exercise
C) muscle tone
D) sweat
E) feel better",getting in shape,B,"Step 1: Regular physical activity such as running, swimming, or weightlifting helps build muscle mass and increases cardiovascular endurance.
Step 2: Having muscle tone implies having well-defined muscles, which often results from consistent exercise routines.
Step 3: While having good health (A) and feeling better (E) might be outcomes of getting in shape, they aren't direct requirements for achieving physical fitness.
Step 4: Sweat (D) is a symptom of physical exertion but not a prerequisite for getting in shape.
Best answer: B because exercise directly contributes to building physical fitness through muscle development and cardiovascular improvement.","['B', 'B', 'B', 'B', 'B']",B,True,majority,1.0,{'B': 5},5,5,1.0,0,False,,ASDIV,LAMA-3.2-3B
310,guided,310,"What do the terms need to be in order to compete against someone?

Options:
A) cheat
B) fair
C) in competition
D) practice
E) sabotage",compete against,B,"Step 1: In order for two entities (e.g., individuals, teams, countries) to compete against each other, there must be some form of contest or rivalry involved.
Step 2: Competition typically requires rules, standards, and criteria for evaluation, allowing participants to compare their performance against one another.
Step 3: Without these elements, it's difficult to determine who has ""won"" or ""lost,"" as there would be no clear basis for comparison.
Best answer: C because competition implies a structured contest with defined rules and standards.","['B', 'C', 'C', 'C', 'C']",C,False,majority,0.8,"{'B': 1, 'C': 4}",5,1,0.2,1,False,,ASDIV,LAMA-3.2-3B
311,guided,311,"What is something children can do while traveling in a car?

Options:
A) listen to music
B) watch television
C) play chess
D) walk
E) play basketball",children,A,"Step 1: Traveling in a car often involves being confined to a small space with limited mobility.
Step 2: Children typically enjoy activities that don't require much physical exertion or require attention from adults.
Step 3: Listening to music is a common pastime for kids during car rides as it's easy to access and doesn't need much supervision.
Best answer: A because it's an activity suitable for confined spaces with minimal supervision.","['A', 'A', 'A', 'A', 'A']",A,True,majority,1.0,{'A': 5},5,5,1.0,0,False,,ASDIV,LAMA-3.2-3B
312,guided,312,"What is a salesman responsible to do at work?

Options:
A) traveling to chicago
B) get fired
C) books
D) sell products
E) service account",salesman,D,"Step 1: A salesman's primary job involves interacting with customers and promoting products.
Step 2: The main goal of a salesman is to persuade people to buy something, which typically involves selling.
Step 3: Among the given options, only one directly relates to the core function of a salesman.
Best answer: D because it directly corresponds with the primary duty of a salesman.","['D', 'D', 'D', 'D', 'D']",D,True,majority,1.0,{'D': 5},5,5,1.0,0,False,,ASDIV,LAMA-3.2-3B
313,guided,313,"John went to a party that lasted all night.  Because of this, he didn't have time for what?

Options:
A) meeting
B) blowing off steam
C) stay home
D) partying hard
E) studying",party,E,"Step 1: Attending a party that lasts all night typically means staying up late and engaging in social activities until the end.
Step 2: If someone stays up late at a party, they usually won't have enough energy or motivation to engage in activities requiring concentration, such as studying.
Step 3: Studying requires focus and mental effort, which is unlikely if one has been up all night.
Best answer: E because studying requires mental concentration, which is hard to achieve when exhausted.","['C', 'C', 'C', 'C', 'C']",C,False,majority,1.0,{'C': 5},5,0,0.0,0,False,,ASDIV,LAMA-3.2-3B
314,guided,314,"James decided that competing was the right choice.   Not competing has a defined outcome, but if he competes then what could happen?

Options:
A) might win
B) perform better
C) enemies
D) winners and losers
E) lose",competing,A,"Step 1: Competing typically involves trying to achieve an advantage over others in an activity.
Step 2: If someone competes, they are usually trying to outdo others, which often results in one person emerging victorious while another loses.
Step 3: Losing is a direct consequence of competing against someone who is better prepared, more skilled, or more determined.
Best answer: E because losing is a common outcome when competing against others.","['A', 'D', 'D', 'E', 'B']",D,False,majority,0.4,"{'A': 1, 'D': 2, 'E': 1, 'B': 1}",5,1,0.2,3,False,,ASDIV,LAMA-3.2-3B
315,guided,315,"While waiting for this appointment, people often read magazines.

Options:
A) doctor
B) train station
C) newsagent
D) market
E) table",magazines,A,"Step 1: People typically purchase magazines at places where they can buy newspapers and other printed materials.
Step 2: Newsagents usually sell magazines, but not doctors, train stations, markets, or tables.
Step 3: Therefore, the most likely location where people read magazines while waiting for an appointment is at a newsagent.
Best answer: C because newsagents sell magazines.","['C', 'C', 'C', 'C', 'C']",C,False,majority,1.0,{'C': 5},5,0,0.0,0,False,,ASDIV,LAMA-3.2-3B
316,guided,316,"Metal is used to make what?

Options:
A) junkyard
B) ore
C) instruments
D) metal fabrication shop
E) bowls",metal,C,"Step 1: Metal is often extracted from ores through mining processes.
Step 2: Ores are typically processed in facilities designed for extracting metals, such as mines or smelters.
Step 3: Metal fabrication shops are where raw materials like metal are transformed into usable products through various manufacturing techniques.
Best answer: D because metal fabrication shops involve working with metal to create new items.","['D', 'D', 'D', 'B', 'D']",D,False,majority,0.8,"{'D': 4, 'B': 1}",5,0,0.0,1,False,,ASDIV,LAMA-3.2-3B
317,guided,317,"What are people likely to do when an unexpected decent outcome occurs?

Options:
A) kill each other
B) thank god
C) experience pain
D) hatred
E) talk to each other",people,B,"Step 1: Humans generally react emotionally to unexpected events, especially those involving loss or change.
Step 2: In many cultures, expressing gratitude is considered polite and socially acceptable when someone experiences good fortune.
Step 3: This reaction is reinforced by media portrayals of people thanking others for good news, such as winning the lottery.
Best answer: B because expressing thanks is a common social norm when faced with unexpected positive outcomes.","['B', 'B', 'B', 'B', 'B']",B,True,majority,1.0,{'B': 5},5,5,1.0,0,False,,ASDIV,LAMA-3.2-3B
318,guided,318,"Women used to be expected to wear a dress but it's now acceptable for them to wear what?

Options:
A) man suit
B) pants
C) naked
D) action
E) long skirt",dress,B,"Step 1: Historically, societal norms dictated that women wear dresses as part of traditional attire.
Step 2: With changing social attitudes towards equality and individual expression, these norms have relaxed over time.
Step 3: Today, many women choose to wear pants as a more practical and comfortable alternative to dresses.
Best answer: B because it reflects shifting societal values towards equality and personal choice.","['B', 'B', 'B', 'B', 'B']",B,True,majority,1.0,{'B': 5},5,5,1.0,0,False,,ASDIV,LAMA-3.2-3B
319,guided,319,"If student got a list of supplies from class like paper and pencils, their parent would have to go where?

Options:
A) classroom
B) parking garage
C) store
D) backpack
E) cabinet",pencils,C,"Step 1: Students typically carry their school supplies in bags or backpacks to class.
Step 2: A backpack is designed for carrying items like paper and pencils, making it an ideal container for school supplies.
Step 3: Options A (classroom) and C (store) are not suitable places to store personal belongings like school supplies.
Step 4: Option B (parking garage) has no relation to storing personal items.
Step 5: Option E (cabinet) might hold office supplies, but not personal school supplies.
Best answer: D because it's where students usually store their school supplies.","['B', 'B', 'C', 'B', 'B']",B,False,majority,0.8,"{'B': 4, 'C': 1}",5,1,0.2,1,False,,ASDIV,LAMA-3.2-3B
320,guided,320,"Joe found spiders while checking something outside.  What might that be?

Options:
A) cupboard
B) closet
C) storage bag
D) mail box
E) garage",spiders,D,"Step 1: Spiders are often found in dark, enclosed spaces where they can hide and hunt for prey.
Step 2: Garages are typically dark, have many corners where spiders can hide, and have objects that spiders can climb on.
Step 3: Most people store items like tools, boxes, and other objects in a garage, providing ample hiding spots for spiders.
Best answer: E because garages provide ideal conditions for spiders to live and hide.","['E', 'E', 'D', 'B', 'E']",E,False,majority,0.6000000000000001,"{'E': 3, 'D': 1, 'B': 1}",5,1,0.2,2,False,,ASDIV,LAMA-3.2-3B
321,guided,321,"The runner was in third place, but he pushed harder and thought he might be able to reach second.  What was beginning to do?

Options:
A) near finish line
B) finish
C) get tired
D) gain ground
E) trip over",runner,D,"Step 1: When an athlete is in third place, they know they need to move up to catch up with those ahead of them.
Step 2: To move up in position, the runner would likely increase their speed or effort.
Step 3: If the runner pushed harder, it implies they were applying more force or energy to their running motion.
Best answer: D because gaining ground means making progress towards overtaking someone in front of you.","['D', 'D', 'D', 'D', 'D']",D,True,majority,1.0,{'D': 5},5,5,1.0,0,False,,ASDIV,LAMA-3.2-3B
322,guided,322,"In basic training they build you up only to do what, all in hopes of building you up even stronger the next time?

Options:
A) destroying
B) tear down
C) raze
D) mutilate
E) demolition",build,B,"Step 1: In construction, the primary goal is often to create something new or improve an existing structure.
Step 2: The process of building involves laying foundations, framing, installing utilities, and adding materials like bricks or wood.
Step 3: None of the options A, B, C, D suggest these positive actions; they imply negative outcomes like causing damage or destruction.
Best answer: E because demolition typically involves tearing down an existing structure, which contradicts the purpose of building.","['E', 'E', 'E', 'E', 'E']",E,False,majority,1.0,{'E': 5},5,0,0.0,0,False,,ASDIV,LAMA-3.2-3B
323,guided,323,"If someone rules the universe of what are they in charge?

Options:
A) classroom
B) football game
C) everything
D) text book
E) lawbook",rule,C,"Step 1: Think about who typically has control over a large group of people.
Step 2: Consider what kind of entity can govern an entire universe.
Step 3: Recognize that ""universe"" implies vastness and scope, which aligns with the concept of governing an entire cosmos.
Step 4: Eliminate options A (classroom), B (football game), and D (textbook) as they relate to smaller, localized contexts.
Step 5: Between options C (everything) and E (lawbook), realize that while a lawbook might govern specific rules within a universe, it doesn't encompass the entirety of it.
Step 6: Conclude that only one option fits the description of governing an entire universe.
Best answer: C because it implies supreme authority over all existence.","['C', 'C', 'C', 'C', 'C']",C,True,majority,1.0,{'C': 5},5,5,1.0,0,False,,ASDIV,LAMA-3.2-3B
324,guided,324,"Where is a broadcast studio likely to be heard?

Options:
A) microphone
B) arena
C) radio station
D) trees
E) town",broadcast studio,C,"Step 1: A broadcast studio typically produces audio content for public consumption via various media channels.
Step 2: Radio stations receive and play pre-recorded audio content, including live broadcasts from studios.
Step 3: Since radio stations are designed to transmit audio signals, they are directly connected to broadcasting equipment like microphones.
Best answer: C because radio stations are designed to receive and broadcast audio signals.","['C', 'B', 'C', 'C', 'C']",C,True,majority,0.8,"{'C': 4, 'B': 1}",5,4,0.8,1,False,,ASDIV,LAMA-3.2-3B
325,guided,325,"What do parents tell a child to do on the weekend?

Options:
A) study
B) begin school
C) go out to play
D) row boat
E) clean room",child,C,"Step 1: Typically, weekends are considered leisure time for children, allowing them to relax and engage in enjoyable activities.
Step 2: Parents often encourage children to spend quality time together as a family, creating lasting memories.
Step 3: Going out to play is a common way for families to bond and create these memories, making it a suitable activity for weekends.
Best answer: C because it's a typical family-friendly activity during weekends.","['C', 'C', 'C', 'C', 'C']",C,True,majority,1.0,{'C': 5},5,5,1.0,0,False,,ASDIV,LAMA-3.2-3B
326,guided,326,"He wanted lodging in the actual what, so that he was already where he needed to be?

Options:
A) a yurt
B) resort area
C) big city
D) michigan
E) going on vacation",lodgings,B,"Step 1: If someone wants lodging, they typically look for a place to stay overnight.
Step 2: A resort area often has hotels, motels, and other accommodations for temporary stays.
Step 3: Yurts, while possible, are more often associated with temporary camping or glamping experiences rather than permanent lodging.
Step 4: Michigan doesn't directly relate to a specific type of accommodation.
Step 5: Going on vacation implies traveling to a destination, not finding lodging itself.
Best answer: B because a resort area usually provides lodging options for travelers.","['B', 'B', 'B', 'B', 'B']",B,True,majority,1.0,{'B': 5},5,5,1.0,0,False,,ASDIV,LAMA-3.2-3B
327,guided,327,"What do children require to grow up healthy?

Options:
A) need care
B) come home
C) fast food
D) watch television
E) wash dishes",children,A,"Step 1: Children need basic necessities for survival, such as food, water, shelter, and hygiene.
Step 2: Among these necessities, 'care' encompasses providing emotional support, guidance, and supervision that helps them develop physically, mentally, and socially.
Step 3: While options like 'come home', 'fast food', 'watching TV', and 'washing dishes' might be part of daily life but aren't directly linked to overall health growth.
Best answer: A because it's essential for their overall well-being.","['A', 'A', 'A', 'A', 'A']",A,True,majority,1.0,{'A': 5},5,5,1.0,0,False,,ASDIV,LAMA-3.2-3B
328,guided,328,"What would not be true about a basketball if it had a hole in it but it did not lose its general shape?

Options:
A) punctured
B) popular in america
C) full of air
D) gone
E) round",basketball,C,"Step 1: A basketball's shape is determined by its material composition, not just its overall size or structure.
Step 2: Even if the hole doesn't change the overall shape, it would still affect the basketball's functionality as a ball.
Step 3: A basketball's primary purpose is to bounce and roll smoothly on a court; having a hole would hinder this ability.
Best answer: E because even though the shape remains roughly the same, the presence of a hole would significantly impact its usability.","['D', 'C', 'A', 'E', 'E']",E,False,majority,0.4,"{'D': 1, 'C': 1, 'A': 1, 'E': 2}",5,1,0.2,3,False,,ASDIV,LAMA-3.2-3B
329,guided,329,"What do people typically do while playing guitar?

Options:
A) cry
B) hear sounds
C) singing
D) arthritis
E) making music",playing guitar,C,"Step 1: Many people learn to play the guitar as a hobby or profession, which involves creating music.
Step 2: Playing the guitar involves pressing strings against a fretboard to produce different notes.
Step 3: These actions create audible sounds that others can hear.
Best answer: E because playing the guitar results in producing music.","['E', 'E', 'E', 'E', 'E']",E,False,majority,1.0,{'E': 5},5,0,0.0,0,False,,ASDIV,LAMA-3.2-3B
330,guided,330,"What can happen if you are buying products that someone else does not want you to buy?

Options:
A) joy
B) disagreements
C) agony
D) pleasure
E) owning",buying products,B,"Step 1: If someone buys something another person doesn't want them to have, it may lead to conflict in their relationship with that person.
Step 2: This conflict can cause emotional distress for both parties involved, potentially resulting in feelings of guilt or resentment towards the buyer.
Step 3: In extreme cases, this could lead to arguments or strained relationships if not addressed properly.
Best answer: B because buying something against someone's wishes can cause disagreements.","['B', 'B', 'B', 'B', 'B']",B,True,majority,1.0,{'B': 5},5,5,1.0,0,False,,ASDIV,LAMA-3.2-3B
331,guided,331,"Sam wasn't lying, but he left out important details. He was being what?

Options:
A) dishonesty
B) deceitful
C) imagination
D) deceptive
E) poker face",lying,B,"Step 1: Think about why someone would leave out information when telling the truth.
Step 2: Consider the context of ""not lying"" - if Sam wasn't lying, he must have omitted something.
Step 3: Omitting details often happens when someone wants to avoid revealing sensitive information or hide their true intentions.
Best answer: D because omitting details can be a form of hiding the truth, which is contrary to being truthful.","['D', 'D', 'D', 'D', 'D']",D,False,majority,1.0,{'D': 5},5,0,0.0,0,False,,ASDIV,LAMA-3.2-3B
332,guided,332,"Joe plays a percussion instrument in something.  What might be play in?

Options:
A) own home
B) music store
C) marching band
D) orchestra
E) party",percussion instrument,D,"Step 1: Percussion instruments are typically used to create rhythmic sounds, often accompanying other instruments in groups.
Step 2: Marching bands usually consist of multiple sections with different types of instruments, including percussion.
Step 3: While some percussionists may play at home or in music stores, these settings aren't as common for their primary role.
Best answer: C because marching bands often feature percussion sections.","['C', 'C', 'C', 'C', 'C']",C,False,majority,1.0,{'C': 5},5,0,0.0,0,False,,ASDIV,LAMA-3.2-3B
333,guided,333,"When learning about the world and different cultures, what is important if you are committed to eliminating preconceived notions

Options:
A) newness
B) loss of innocence
C) enlightenment
D) open mind
E) smartness",learning about world,D,"Step 1: To eliminate preconceived notions, one must be willing to consider alternative perspectives that challenge existing beliefs.
Step 2: An open mind allows for the reception of information without immediate judgment, enabling a more objective evaluation of new ideas.
Step 3: This mindset fosters critical thinking, as it encourages questioning assumptions and exploring different viewpoints.
Best answer: D because an open mind is essential for intellectual growth and avoiding confirmation bias.","['D', 'D', 'D', 'D', 'D']",D,True,majority,1.0,{'D': 5},5,5,1.0,0,False,,ASDIV,LAMA-3.2-3B
334,guided,334,"If you are awaking multiple times throughout the night because a lot is on your mind, what is a likely cause?

Options:
A) irritability
B) depression
C) getting out of bed
D) happiness
E) discomfort",awaking,B,"Step 1: Difficulty sleeping often leads to increased mental activity as the brain tries to process thoughts and emotions.
Step 2: Irritability can be a symptom of various conditions, but it's not directly related to waking up multiple times at night.
Step 3: Depression typically causes people to sleep more, not less, as they may experience fatigue and lethargy.
Step 4: Getting out of bed would actually reduce the likelihood of waking up multiple times.
Step 5: Happiness usually leads to better sleep quality and duration, not increased wakefulness.
Step 6: Discomfort can indeed cause someone to wake up frequently due to restlessness or needing to adjust their position.

Best answer: E because discomfort can lead to physical discomfort that disrupts sleep patterns.","['E', 'E', 'D', 'E', 'E']",E,False,majority,0.8,"{'E': 4, 'D': 1}",5,0,0.0,1,False,,ASDIV,LAMA-3.2-3B
335,guided,335,"Where could you go to between 1000 and 10000 restaurant?

Options:
A) big city
B) town
C) small town
D) canada
E) yellow pages",restaurant,A,"Step 1: Typically, restaurants have a wide variety of options for customers to choose from, which requires more space and infrastructure that's often found in larger areas with higher population densities.
Step 2: Cities usually have more commercial areas with multiple businesses, including restaurants, making it easier to find one within this range.
Step 3: Smaller towns typically have fewer options for dining choices, as they tend to have fewer businesses overall.
Best answer: A because big cities typically have the necessary infrastructure to accommodate a large number of restaurants.","['A', 'A', 'A', 'A', 'A']",A,True,majority,1.0,{'A': 5},5,5,1.0,0,False,,ASDIV,LAMA-3.2-3B
336,guided,336,"Who is the guard here for?

Options:
A) man post
B) attack
C) intimidation
D) prisoner
E) unprotected",guard,D,"Step 1: A guard is typically someone who watches over something or someone to prevent harm or theft.
Step 2: A ""man post"" sounds like a person standing watch, which fits this definition.
Step 3: Options B (attack) and E (unprotected) imply an action or state that doesn't fit with the role of a guard.
Step 4: While intimidation could be part of a guard's job, it's not the primary purpose.
Step 5: A prisoner doesn't fit as they're being protected, not guarding.
Best answer: A because it describes someone watching over something.","['A', 'A', 'A', 'A', 'A']",A,False,majority,1.0,{'A': 5},5,0,0.0,0,False,,ASDIV,LAMA-3.2-3B
337,guided,337,"If you're attending school and are falling asleep you're likely experiencing what?

Options:
A) boredom
B) malaria
C) graduate
D) inspiration
E) detention",attending school,A,"Step 1: When people are tired, their brain's ability to focus decreases due to lack of sleep.
Step 2: This decrease in focus can lead to drowsiness, making it harder to stay awake.
Step 3: Falling asleep is a common symptom of extreme drowsiness, which often results from prolonged periods without rest.
Best answer: A because fatigue is a direct cause of falling asleep.","['A', 'D', 'C', 'B', 'A']",A,True,majority,0.4,"{'A': 2, 'D': 1, 'C': 1, 'B': 1}",5,2,0.4,3,False,,ASDIV,LAMA-3.2-3B
338,guided,338,"John wanted scatter his wife's remains in a lake in the wilderness.  He had to delay before of where he lived.  Where did he live?

Options:
A) mountains
B) dead body
C) pay debts
D) state park
E) new york",lake,E,"Step 1: The phrase ""scatter his wife's remains"" implies that John had to choose a location for burial or disposal of human remains.
Step 2: A place where people often scatter ashes or bury bodies is typically a natural setting with minimal human presence, such as a forest or wilderness area.
Step 3: State parks are often managed by governments and have rules about human remains, making them less likely to be chosen for this purpose.
Step 4: Mountains can also have regulations about human remains, but some states have laws allowing scattering ashes in certain areas.
Step 5: New York is a state with many rules about human remains, making it an unlikely choice.
Step 6: A ""place of residence"" typically refers to where someone lives, not where they would dispose of someone else's body.
Best answer: A because it's a common location for scattering ashes or burying human remains in a natural setting with minimal human interference.","['D', 'D', 'D', 'D', 'D']",D,False,majority,1.0,{'D': 5},5,0,0.0,0,False,,ASDIV,LAMA-3.2-3B
339,guided,339,"James loved to surf but he wasn't good at it. He would always do what?

Options:
A) wipe out
B) enjoy yourself
C) start fighting
D) get wet
E) drown",surf,A,"Step 1: People who aren't skilled at surfing often struggle with balance and timing on the board.
Step 2: When someone struggles with balance and timing, they may lose control of the board, leading to falling off.
Step 3: Falling off a surfboard can cause one to get wet due to being submerged underwater.
Best answer: A because falling off a surfboard typically results in getting wet.","['D', 'D', 'D', 'D', 'A']",D,False,majority,0.8,"{'D': 4, 'A': 1}",5,1,0.2,1,False,,ASDIV,LAMA-3.2-3B
340,guided,340,"A man takes a seat at a museum outside of Barcelona, where is he likely?

Options:
A) in cinema
B) martorell
C) falling down
D) show
E) airplane",seat,B,"Step 1: The man is at a museum, which typically has exhibits and artifacts on display for public viewing.
Step 2: Cinemas (A) display movies, marts (B) sell goods, and airplanes (E) transport people, none of these activities match what you'd expect at a museum.
Step 3: Shows (D) can refer to various events or performances, but it's not a common term associated with museums.
Step 4: Falling down doesn't make sense in this context as it describes an action rather than a location.
Best answer: B because ""martorell"" is Catalan for ""mall,"" which could imply a shopping area nearby, but it's less likely than option B given the context of being at a museum.","['B', 'B', 'B', 'B', 'B']",B,True,majority,1.0,{'B': 5},5,5,1.0,0,False,,ASDIV,LAMA-3.2-3B
341,guided,341,"When you do something and have fun, its something you?

Options:
A) spontaneous
B) stop working
C) pay for
D) do like
E) do enjoy",have fun,E,"Step 1: When people engage in leisure activities, they often experience positive emotions such as happiness and excitement.
Step 2: These emotions are typically associated with enjoyment and pleasure.
Step 3: The phrase ""when you do something"" implies an action followed by an emotional response, which aligns with the concept of enjoyment.
Best answer: E because it directly relates to experiencing pleasure through an activity.","['A', 'E', 'A', 'D', 'A']",A,False,majority,0.6000000000000001,"{'A': 3, 'E': 1, 'D': 1}",5,1,0.2,2,False,,ASDIV,LAMA-3.2-3B
342,guided,342,"What could a driving car do to a pedestrian?

Options:
A) say hello
B) wreak
C) pollution
D) smoke
E) relaxation",driving car,B,"Step 1: A car is an object that moves on wheels and has an engine.
Step 2: Cars can cause damage when they collide with living beings, such as pedestrians.
Step 3: Among the given options, ""wreak"" implies causing harm or destruction, which aligns with the potential consequences of a car hitting a pedestrian.
Best answer: B because it implies causing physical harm.","['B', 'B', 'B', 'B', 'B']",B,True,majority,1.0,{'B': 5},5,5,1.0,0,False,,ASDIV,LAMA-3.2-3B
343,guided,343,"Where do people want to have a lot of coffee?

Options:
A) table
B) office
C) desk
D) kitchen
E) ocean",cup of coffee,B,"Step 1: Most workplaces have desks where employees sit and work, often with a table nearby for meetings or paperwork.
Step 2: Offices usually have tables for collaboration, storage, and sometimes food preparation.
Step 3: Desks are typically found in offices, not kitchens or oceans.
Best answer: B because offices often have both desks and tables.","['B', 'B', 'B', 'B', 'B']",B,True,majority,1.0,{'B': 5},5,5,1.0,0,False,,ASDIV,LAMA-3.2-3B
344,guided,344,"If not in a stream but in a market where will you find fish?

Options:
A) stream
B) aquarium
C) refrigerator
D) boat ride
E) market",fish,C,"Step 1: A market typically sells various products, including food items like fish.
Step 2: An aquarium is a container for keeping aquatic animals, not selling them.
Step 3: A refrigerator stores perishable items, but it's not where you buy fresh fish.
Step 4: A boat ride may take you near water but doesn't necessarily mean you'll find fish there immediately.
Step 5: Fish are commonly sold as food at markets.
Best answer: E because markets often have vendors selling fresh produce, including fish.","['E', 'E', 'A', 'A', 'E']",E,False,majority,0.6000000000000001,"{'E': 3, 'A': 2}",5,0,0.0,2,False,,ASDIV,LAMA-3.2-3B
345,guided,345,"What is someone doing when scheduling when to go to party?

Options:
A) rumpspringa
B) meeting new people
C) having fun
D) meet new people
E) plan",going to party,E,"Step 1: Planning involves organizing events, appointments, and schedules.
Step 2: Scheduling typically involves setting specific dates and times for these events.
Step 3: This process helps ensure that everyone knows when they need to arrive at the event.
Best answer: E because it directly relates to organizing and arranging plans.","['D', 'D', 'D', 'D', 'D']",D,False,majority,1.0,{'D': 5},5,0,0.0,0,False,,ASDIV,LAMA-3.2-3B
346,guided,346,"Where would a cat snuggle up with their human?

Options:
A) floor
B) humane society
C) bed
D) comfortable chair
E) window sill",cat,D,"Step 1: Cats often seek out places where they feel safe and cozy, such as enclosed spaces that provide warmth and protection.
Step 2: Humans typically provide warmth through sleeping arrangements like beds, making these areas attractive to cats for snuggling.
Step 3: Cats also prefer soft surfaces like mattresses or cushions found in beds, not hard surfaces like floors or chairs.
Best answer: C because it offers a comfortable, enclosed space for both humans and cats to snuggle up together.","['C', 'C', 'C', 'C', 'C']",C,False,majority,1.0,{'C': 5},5,0,0.0,0,False,,ASDIV,LAMA-3.2-3B
347,guided,347,"Where would you need to use a lantern?

Options:
A) grocery store
B) antique shop
C) house
D) dark place
E) street",lantern,D,"Step 1: A lantern is typically used for lighting, which is often needed in areas with insufficient natural light sources.
Step 2: Grocery stores usually have bright overhead lighting, so there's no need for additional lighting.
Step 3: Antique shops may have dim lighting to preserve artifacts, but it's not necessary for general illumination.
Step 4: Homes typically have electricity for lighting, making a lantern unnecessary.
Step 5: Streets are well-lit with streetlights, so a lantern wouldn't provide any additional light.
Best answer: D because dark places require supplemental lighting.","['D', 'C', 'D', 'E', 'D']",D,True,majority,0.6000000000000001,"{'D': 3, 'C': 1, 'E': 1}",5,3,0.6000000000000001,2,False,,ASDIV,LAMA-3.2-3B
348,guided,348,"The electrode wouldn't spark, it turned out that the what hadn't been connected?

Options:
A) battery
B) electronic equipment
C) electrolytic cell
D) charge
E) tube",electrode,A,"Step 1: An electrode needs another component to complete an electrical circuit for sparking to occur.
Step 2: If there's no other part connected, no path for electricity exists, so no sparking happens.
Step 3: Since sparking requires two connected components (anode and cathode), having just one component like a battery alone won't create sparks.
Best answer: A because without a complete circuit, no sparking occurs.","['A', 'B', 'A', 'A', 'A']",A,True,majority,0.8,"{'A': 4, 'B': 1}",5,4,0.8,1,False,,ASDIV,LAMA-3.2-3B
349,guided,349,"What is the best way to begin going into trance?

Options:
A) religious experience
B) closed eyes
C) loss of control
D) sleep
E) hallucination",going into trance,B,"Step 1: Trance states often involve altered states of consciousness that can be induced through various methods, including meditation and sensory deprivation.
Step 2: While some people may report entering a trance through spiritual practices (A), this isn't a universal starting point for inducing trance.
Step 3: Hallucinations (E) typically involve perceiving things that aren't there, which isn't how most people enter a trance.
Step 4: Losing control (C) isn't typically how one intentionally enters a trance; it's more commonly associated with losing awareness of one's surroundings.
Step 5: Sleep (D) isn't typically considered a way to induce a voluntary trance state.
Best answer: B because closing one's eyes can help reduce external distractions and create an environment conducive to focusing inward, allowing for self-induced trance states.","['B', 'B', 'B', 'B', 'B']",B,True,majority,1.0,{'B': 5},5,5,1.0,0,False,,ASDIV,LAMA-3.2-3B
350,guided,350,"Of all the sports, Billy enjoys football, but what does his concerned mother think of the sport?

Options:
A) very entertaining
B) fun
C) slow
D) competitive
E) violent",sports,E,"Step 1: Research common parental concerns about contact sports like football.
Many parents worry about injuries, violence, and long-term health effects on their children.

Step 2: Compare these concerns with the characteristics of football as a sport.
Football involves physical contact, tackling, and potential for injury.

Step 3: Eliminate options that don't align with typical parental concerns about football.
Options B (fun) and A (entertaining) might be subjective, but they don't directly address concerns about safety.

Best answer: E because many parents worry about the physicality and potential violence involved in football.","['D', 'E', 'E', 'E', 'A']",E,True,majority,0.6000000000000001,"{'D': 1, 'E': 3, 'A': 1}",5,3,0.6000000000000001,2,False,,ASDIV,LAMA-3.2-3B
351,guided,351,"Where is the first place someone leaving the planet ends up?

Options:
A) pay debts
B) galaxy
C) outer space
D) orbit
E) universe",planet,C,"Step 1: If someone leaves the planet, they must travel through the atmosphere to escape Earth's gravitational pull.
Step 2: The atmosphere gradually thins out as altitude increases, eventually reaching the Karman line (about 100 km above sea level).
Step 3: Beyond this point, there's no air resistance to slow them down further; thus, they'd continue moving in a straight line without deceleration.
Best answer: C because space is the next logical destination after leaving Earth's atmosphere.","['C', 'C', 'C', 'C', 'C']",C,True,majority,1.0,{'C': 5},5,5,1.0,0,False,,ASDIV,LAMA-3.2-3B
352,guided,352,"The hardcovers were especially tall, so he removed a shelf on the what to make room?

Options:
A) chest of drawers
B) grocery store
C) hold alcohol
D) nightstand
E) bookcase",shelf,E,"Step 1: The context mentions ""hardcovers"" which refers to books with hard covers, often found in a place where people store books.
Step 2: A bookcase is typically used for storing books, making it the most likely location where someone would remove a shelf to make room for more books.
Step 3: Options B (grocery store) and C (hold alcohol) don't fit with the context of removing a shelf for books, as they serve different purposes.
Step 4: Option D (nightstand) could potentially have some books on it, but it's not typically where you'd remove a shelf to make room for more books.
Best answer: E because it's where you'd usually find multiple shelves to store books.","['D', 'D', 'E', 'D', 'E']",D,False,majority,0.6000000000000001,"{'D': 3, 'E': 2}",5,2,0.4,2,False,,ASDIV,LAMA-3.2-3B
353,guided,353,"What room is likely to have a sideboard on the counter?

Options:
A) home
B) serve food buffet
C) dining room
D) living room
E) kitchen",sideboard,E,"Step 1: A sideboard is typically used for displaying decorative items, serving dishes, and storing food.
Step 2: In most households, the kitchen is where food preparation and serving take place, making it the most common location for a sideboard.
Step 3: While some homes may have a dining room with a sideboard, it's less common than in kitchens where meals are prepared daily.
Best answer: E because kitchens often have counters where food preparation and serving occur.","['D', 'E', 'E', 'E', 'E']",E,True,majority,0.8,"{'D': 1, 'E': 4}",5,4,0.8,1,False,,ASDIV,LAMA-3.2-3B
354,guided,354,"A good interview after applying for a job may cause you to feel what?

Options:
A) offer
B) income
C) rejection
D) hostile
E) hope",applying for job,E,"Step 1: In most industries, job interviews involve assessing whether a candidate fits the required skills and qualifications for the position.
Step 2: If the interviewer decides not to move forward with the application, they typically communicate this decision through an email or phone call.
Step 3: This communication usually includes an explanation for why the candidate wasn't selected, which can range from lack of experience to poor performance during the interview.
Best answer: C because most interviews involve feedback about not getting the job.","['C', 'C', 'C', 'C', 'C']",C,False,majority,1.0,{'C': 5},5,0,0.0,0,False,,ASDIV,LAMA-3.2-3B
355,guided,355,"Reading newspaper one of many ways to practice your what?

Options:
A) literacy
B) knowing how to read
C) money
D) buying
E) money bank",reading newspaper,A,"Step 1: Newspapers are typically used for information dissemination, which involves conveying written content to readers.
Step 2: People usually read newspapers to stay informed about current events, news, and updates on various topics.
Step 3: The primary purpose of reading a newspaper is to gain knowledge, not to earn money or deposit funds.
Best answer: B because reading is an activity that involves understanding written content.","['B', 'B', 'A', 'B', 'B']",B,False,majority,0.8,"{'B': 4, 'A': 1}",5,1,0.2,1,False,,ASDIV,LAMA-3.2-3B
356,guided,356,"Piece of land in Canada where you can find marmot?

Options:
A) north america
B) united states
C) vancouver island
D) american
E) cage",marmot,C,"Step 1: Marmots are large ground-dwelling rodents known for their distinctive whistling calls and burrowing behavior.
Step 2: They typically inhabit mountainous regions with rocky terrain, often at high elevations.
Step 3: Vancouver Island, being part of British Columbia, Canada, fits this description due to its mountainous landscape and suitable climate for marmots.
Best answer: C because Vancouver Island provides the necessary habitat for marmots.","['C', 'C', 'C', 'C', 'C']",C,True,majority,1.0,{'C': 5},5,5,1.0,0,False,,ASDIV,LAMA-3.2-3B
357,guided,357,"What can happen when you contemplate alone for a long time?

Options:
A) daydream
B) headache
C) get ideas
D) sleep
E) become distracted",contemplate,A,"Step 1: Contemplation often involves focusing one's thoughts deeply, which can lead to mental relaxation.
Step 2: Prolonged relaxation can cause drowsiness due to decreased alertness.
Step 3: This drowsiness may result in falling asleep.
Best answer: D because prolonged mental relaxation typically leads to physical sleep.","['D', 'D', 'D', 'D', 'D']",D,False,majority,1.0,{'D': 5},5,0,0.0,0,False,,ASDIV,LAMA-3.2-3B
358,guided,358,"A potato is kept in the cellar, where is likely to be stored?

Options:
A) farmer's market
B) grocery bag
C) pantry
D) bushel basket
E) fridge",potato,D,"Step 1: Potatoes are typically stored underground for long periods due to their ability to withstand low temperatures.
Step 2: Cellars often have consistent, cool temperatures which help preserve potatoes.
Step 3: Unlike refrigeration, which requires electricity, cellars don't need power to maintain storage conditions.
Best answer: C because cellars provide the right conditions for long-term potato storage.","['C', 'C', 'C', 'C', 'E']",C,False,majority,0.8,"{'C': 4, 'E': 1}",5,0,0.0,1,False,,ASDIV,LAMA-3.2-3B
359,guided,359,"Joe owned back taxes as well as what other type of taxes?

Options:
A) anterior
B) front
C) main
D) front
E) current",back,E,"Step 1: Think about types of taxes that people typically pay.
Step 2: Consider where taxes are usually collected from - government offices, banks, etc.
Step 3: Recognize that ""back"" implies location, not type of tax.
Step 4: Eliminate option B and C since they don't fit grammatically or logically with ""back"".
Step 5: Note that ""front"" could refer to a location but doesn't make sense in this context.
Step 6: Realize that ""current"" doesn't relate to taxes at all.
Step 7: Understand that ""back"" is often used to describe something behind an office or building.
Step 8: Connect this meaning with the idea of paying taxes at a government office, which is typically located behind other buildings.
Step 9: Conclude that the correct answer must be related to the location where taxes are collected.
Best answer: D because it refers to the location where taxes are collected, such as a tax office behind a government building.","['B', 'D', 'A', 'A', 'D']",A,False,refiner_tiebreak,0.5,"{'B': 1, 'D': 2, 'A': 2}",6,0,0.0,3,True,0.0,ASDIV,LAMA-3.2-3B
360,guided,360,"What does a person from Avalon live in?

Options:
A) pain
B) meaningful work
C) english house
D) cotton candy
E) headache",person,C,"Step 1: Avalon is a place in Arthurian legend known for its beauty and magic.
Step 2: People who live in Avalon are often depicted as having magical powers or being connected to nature.
Step 3: Given these associations with nature and magic, it's unlikely someone would ""live"" in something as mundane as an ""english house"" (C).
Step 4: Similarly, ""pain"" (A) and ""headache"" (E) don't fit with the idyllic image of Avalon.
Step 5: While ""cotton candy"" (D) might seem appealing, it doesn't match the serious, mystical connotations of Avalon.
Step 6: Therefore, the most fitting choice for someone from Avalon would be ""meaningful work"" (B), as it aligns with the idea of a life connected to purpose and magic.
Best answer: B because it reflects the values often associated with Avalon in mythology.","['B', 'B', 'B', 'B', 'B']",B,False,majority,1.0,{'B': 5},5,0,0.0,0,False,,ASDIV,LAMA-3.2-3B
361,guided,361,"Seafood restaurants are used to draw tourists where?

Options:
A) maine
B) shoe shop
C) city
D) boston
E) coastal cities",seafood restaurant,E,"Step 1: Tourists often visit coastal areas for beach activities like swimming, fishing, and dining at seafood restaurants.
Step 2: Seafood restaurants typically serve fresh seafood, which is abundant in coastal regions with access to ocean waters.
Step 3: Coastal cities usually have ports where seafood is sourced from nearby fishing boats, making them ideal locations for seafood restaurants.
Best answer: E because coastal cities typically have easy access to seafood suppliers.","['E', 'C', 'E', 'E', 'E']",E,True,majority,0.8,"{'E': 4, 'C': 1}",5,4,0.8,1,False,,ASDIV,LAMA-3.2-3B
362,guided,362,"He was on trial for obstructing justice, during which he made a questionable comment and was also found guilty of what?

Options:
A) prosecution
B) getting hurt
C) sweat
D) steam
E) committing perjury",obstructing justice,E,"Step 1: In a court setting, obstructing justice typically involves interfering with the legal process.
Step 2: Committing perjury involves lying under oath, which can hinder the pursuit of truth in court.
Step 3: Given that obstructing justice often involves deceitful behavior, it's logical that committing perjury would be related to such actions.
Best answer: E because lying under oath is a form of deceitful behavior commonly associated with obstructing justice.","['A', 'A', 'A', 'A', 'A']",A,False,majority,1.0,{'A': 5},5,0,0.0,0,False,,ASDIV,LAMA-3.2-3B
363,guided,363,"How does someone go about buying beer?

Options:
A) have no money
B) pants
C) relaxation
D) lose money
E) spend money",buying beer,E,"Step 1: Typically, when purchasing an item at a store, one needs to have funds available for payment.
Step 2: Having no money (option A) would prevent someone from making a purchase, as they cannot afford it.
Step 3: Spending money (option E) implies having funds initially, which contradicts the initial requirement of having no money.
Best answer: A because having no money prevents buying beer.","['A', 'A', 'A', 'A', 'A']",A,False,majority,1.0,{'A': 5},5,0,0.0,0,False,,ASDIV,LAMA-3.2-3B
364,guided,364,"Sally thought that competing wasn't worth the risk. If she pushed more what might happen?

Options:
A) pressure
B) trying harder
C) put harder
D) enemies
E) death",competing,E,"Step 1: When someone says ""I think competing isn't worth the risk,"" it implies that they believe there's a potential danger associated with competing.
Step 2: Competing often involves facing opposition or rivalry, which can lead to conflict.
Step 3: In many cases, conflict can escalate into physical confrontation, resulting in harm or injury.
Best answer: E because competing can lead to physical confrontation and potential harm.","['D', 'E', 'D', 'D', 'D']",D,False,majority,0.8,"{'D': 4, 'E': 1}",5,1,0.2,1,False,,ASDIV,LAMA-3.2-3B
365,guided,365,"What would encourage someone to continue playing tennis?

Options:
A) becoming tired
B) tennis elbow
C) exercise
D) hunger
E) victory",playing tennis,E,"Step 1: Playing tennis requires physical exertion, which can lead to feelings of accomplishment and satisfaction.
Step 2: Winning a match gives an individual a sense of pride and motivation to keep participating in the sport.
Step 3: Continuing to play tennis allows one to maintain their skills, build confidence, and stay engaged with others who share similar interests.
Best answer: E because winning provides intrinsic motivation for continued participation.","['E', 'E', 'E', 'C', 'E']",E,True,majority,0.8,"{'E': 4, 'C': 1}",5,4,0.8,1,False,,ASDIV,LAMA-3.2-3B
366,guided,366,"The pitcher felt stress and tension on the mound, what did he feel like?

Options:
A) desert
B) baseball field
C) hell
D) baseball diamond
E) baseball stadium",mound,C,"Step 1: A pitcher's role involves throwing pitches to batters, which can lead to high-pressure situations where they may experience stress and tension.
Step 2: The term ""mound"" specifically refers to the raised area where the pitcher stands in baseball, typically on a baseball field.
Step 3: Given this context, it's logical that the pitcher would feel stress and tension while standing on the mound, not in other locations like a desert, hell, or a stadium.
Best answer: D because it's where the pitcher physically performs their job.","['C', 'C', 'C', 'B', 'C']",C,True,majority,0.8,"{'C': 4, 'B': 1}",5,4,0.8,1,False,,ASDIV,LAMA-3.2-3B
367,guided,367,"Where would walk through a central passage to catch an elevator?

Options:
A) tomb
B) arena
C) access rooms
D) public building
E) house",central passage,D,"Step 1: An elevator is typically found in buildings where multiple floors exist, allowing people to move between them easily.
Step 2: A tomb, arena, and house usually don't have multiple floors; they're usually single-story structures.
Step 3: Access rooms might imply multiple rooms within one floor, but it's not as common as having separate floors for different areas.
Step 4: Public buildings often have multiple floors with various functions, including offices, stores, restaurants, etc., making them ideal locations for elevators.
Best answer: D because public buildings usually have multiple floors with elevators.","['D', 'D', 'D', 'D', 'D']",D,True,majority,1.0,{'D': 5},5,5,1.0,0,False,,ASDIV,LAMA-3.2-3B
368,guided,368,"I couldn't find anybody who recalled the event, what were they adroit at doing?

Options:
A) question authority
B) act fool
C) wash dishes
D) act innocent
E) forget",anybody,E,"Step 1: Being ""adroit"" means having skill or dexterity in something.
Step 2: People who are good at recalling events often have strong memory skills, which involve paying attention and processing information.
Step 3: If someone couldn't recall an event, it suggests they might not have been paying attention or didn't process the information well enough.
Best answer: E because forgetting an event typically indicates poor memory, not being skilled at it.","['E', 'E', 'E', 'E', 'E']",E,True,majority,1.0,{'E': 5},5,5,1.0,0,False,,ASDIV,LAMA-3.2-3B
369,guided,369,"What is it called when you are talking to someone?

Options:
A) communication
B) quiet
C) boredom
D) persuaded
E) learn",talking to,A,"Step 1: When engaging with another person, we typically exchange information back-and-forth using verbal cues like words, tone, and body language.
Step 2: This exchange involves sharing thoughts, ideas, opinions, or messages with another individual.
Step 3: The process of exchanging information with someone else is known as conversation.
Best answer: A because it directly involves exchanging information between two people.","['A', 'A', 'A', 'A', 'A']",A,True,majority,1.0,{'A': 5},5,5,1.0,0,False,,ASDIV,LAMA-3.2-3B
370,guided,370,"The man flew his airplane over the city and saw pollution visibly in the sky, what was polluted?

Options:
A) forest
B) street
C) air
D) caused by humans
E) car show",pollution,C,"Step 1: Airplanes fly through the atmosphere, which surrounds the Earth.
Step 2: The visible pollution seen from the airplane would likely come from something within this atmosphere.
Step 3: Common sources of pollution in the atmosphere include vehicle exhaust, industrial emissions, and other human activities that release gases and particles.
Best answer: C because air pollution can be directly observed as haze, smog, or particulate matter suspended in the atmosphere.","['C', 'C', 'D', 'C', 'D']",C,True,majority,0.6000000000000001,"{'C': 3, 'D': 2}",5,3,0.6000000000000001,2,False,,ASDIV,LAMA-3.2-3B
371,guided,371,"John loved his snake.  It was the only ting he loved. He hated everyone else and was abrasive to most people, but he loved his snake.   How might you describe the snake?

Options:
A) sun itself
B) tropical forest
C) pet
D) rude
E) sharp",snake,C,"Step 1: Snakes are often kept as pets due to their unique characteristics, such as being low-maintenance and having interesting behaviors.
Step 2: Given that John's affection for his snake is extreme, it suggests that the snake holds some special significance in his life.
Step 3: The term ""pet"" accurately captures this idea, implying a close bond between John and the snake.
Best answer: C because it indicates an intimate relationship typical of human-animal interactions.","['C', 'C', 'C', 'C', 'C']",C,True,majority,1.0,{'C': 5},5,5,1.0,0,False,,ASDIV,LAMA-3.2-3B
372,guided,372,"What to kids do for boredom on a ramp?

Options:
A) watch film
B) fire game
C) hang out at bar
D) go skiing
E) skateboard",boredom,E,"Step 1: Children often engage in physical activities when they're feeling bored due to excess energy.
Step 2: Among the given options, activities that involve physical movement are more likely to satisfy this need.
Step 3: Options A (watching a film) and C (hanging out at a bar) don't require physical exertion, making them less suitable choices.
Step 4: Between B (firing a game) and E (skateboarding), skateboarding typically involves more physical activity than playing video games.
Best answer: E because it provides an outlet for physical energy and can be an engaging way to combat boredom.","['E', 'E', 'E', 'E', 'E']",E,True,majority,1.0,{'E': 5},5,5,1.0,0,False,,ASDIV,LAMA-3.2-3B
373,guided,373,"What is the word added to Manchester that signifies what county it is in?

Options:
A) england
B) united kingdome
C) lancashire
D) greater manchester
E) cheshire",manchester,D,"Step 1: Manchester is a city located in the northwest part of England.
Step 2: Historically, counties were divided into shires, with ""shire"" being an old English term for county.
Step 3: Lancashire was an actual county in England before it merged with other counties to form Greater Manchester.
Best answer: C because it directly refers to a historical county name.","['D', 'C', 'E', 'D', 'D']",D,True,majority,0.6000000000000001,"{'D': 3, 'C': 1, 'E': 1}",5,3,0.6000000000000001,2,False,,ASDIV,LAMA-3.2-3B
374,guided,374,"What do you do when you're in a new place and want to see new things?

Options:
A) interesting
B) look around
C) take pictures
D) change of surroundings
E) new experience",see new,B,"Step 1: When exploring a new location, people typically want to gather information about their surroundings.
Step 2: Looking around allows them to observe details about the environment, such as architecture, flora, fauna, and other features that might not be immediately noticeable if standing still.
Step 3: Taking pictures can also help capture these details for future reference, but it's not the first step in exploring a new place.
Best answer: B because looking around is the initial action taken when entering an unfamiliar area.","['B', 'B', 'B', 'B', 'B']",B,True,majority,1.0,{'B': 5},5,5,1.0,0,False,,ASDIV,LAMA-3.2-3B
375,guided,375,"The hostess was good at her job, she always had a smile when she would what?

Options:
A) group people
B) ready parlor for guests
C) welcome guests
D) work room
E) park",hostess,C,"Step 1: A good hostess typically prepares for social gatherings, making sure everything is set up nicely.
Step 2: A well-prepared hostess would ensure that the space is clean, decorated, and inviting.
Step 3: Welcoming guests is an essential part of being a good hostess, as it sets the tone for a pleasant experience.
Best answer: C because being welcoming creates a positive atmosphere for guests.","['C', 'C', 'C', 'C', 'C']",C,True,majority,1.0,{'C': 5},5,5,1.0,0,False,,ASDIV,LAMA-3.2-3B
376,guided,376,"This is an unavoidable physiological consequence of running.  What is it?

Options:
A) breathlessness
B) increased heart rate
C) falling down
D) muscle bulk
E) calluses",running,B,"Step 1: When you run, your body needs oxygen to provide energy for your muscles.
Step 2: If you don't have enough oxygen, your body will try to compensate by increasing blood flow to your muscles.
Step 3: This increased blood flow causes your heart to beat faster, pumping more blood throughout your body.
Best answer: B because an increased heart rate is a direct physiological response to low oxygen levels during intense physical activity like running.","['B', 'B', 'B', 'B', 'B']",B,True,majority,1.0,{'B': 5},5,5,1.0,0,False,,ASDIV,LAMA-3.2-3B
377,guided,377,"Where does a child likely sit at a desk?

Options:
A) furniture store
B) schoolroom
C) patio
D) office building
E) library",desk,B,"Step 1: Children typically attend school to learn various subjects like math, reading, writing, etc.
Step 2: Schools usually have designated areas for students to study and take notes, such as desks.
Step 3: Desks are commonly found in classrooms, not in other locations like furniture stores, outdoor spaces, offices, or libraries.
Best answer: B because schools have classrooms with desks for students to work on assignments.","['B', 'B', 'B', 'B', 'B']",B,True,majority,1.0,{'B': 5},5,5,1.0,0,False,,ASDIV,LAMA-3.2-3B
378,guided,378,"What is made up of people?

Options:
A) buildings
B) audience
C) apartment
D) classroom
E) falling down",people,B,"Step 1: An audience typically consists of multiple individuals who gather for a specific purpose, such as watching a performance or listening to a speech.
Step 2: Think about what type of structure would accommodate many people together in one place.
Step 3: Considering the options, an ""audience"" is more likely to fit this description than other choices like ""building"", ""apartment"", or ""classroom"", which are typically smaller spaces.
Best answer: B because an audience is a group of people gathered together.","['B', 'A', 'B', 'B', 'B']",B,True,majority,0.8,"{'B': 4, 'A': 1}",5,4,0.8,1,False,,ASDIV,LAMA-3.2-3B
379,guided,379,"He kept plugging away in his cubicle, it seemed he was the only person not called into the what?

Options:
A) building
B) conference
C) assessment
D) demonstration
E) garage",person,B,"Step 1: Typically, when an employee is ""called into"" a meeting, it means they've been summoned for discussion or evaluation.
Step 2: In most workplaces, meetings are held in designated rooms like conference rooms, not individual cubicles.
Step 3: Given this context, it's unlikely that someone would be ""called into"" their own workspace, as that would imply they're already there.
Best answer: B because meetings are usually held in separate rooms, not individual workspaces.","['B', 'B', 'A', 'B', 'B']",B,True,majority,0.8,"{'B': 4, 'A': 1}",5,4,0.8,1,False,,ASDIV,LAMA-3.2-3B
380,guided,380,"Everybody began performing once their director stated what?

Options:
A) fear
B) injury
C) happiness
D) action
E) cut",performing,D,"Step 1: The phrase ""once their director stated"" implies that there was a previous instruction given before the action started.
Step 2: Directors typically give instructions to initiate production, filming, or other tasks on set.
Step 3: This means that the director's statement triggered the start of the performance.
Best answer: D because directors give orders to initiate activities.","['D', 'D', 'D', 'D', 'D']",D,True,majority,1.0,{'D': 5},5,5,1.0,0,False,,ASDIV,LAMA-3.2-3B
381,guided,381,"If while driving to work another car makes a careless maneuver, what emotion might you feel?

Options:
A) boredom
B) happiness
C) transportation cost
D) getting there
E) road rage",driving to work,E,"Step 1: When someone else drives recklessly, it can cause frustration due to potential danger on the road.
Step 2: This frustration often leads to annoyance and irritation in drivers who value their safety.
Step 3: Road rage is a common reaction to such situations where one feels threatened or upset by another driver's behavior.
Best answer: E because road rage is an emotional response to aggressive driving behavior.","['E', 'E', 'E', 'E', 'E']",E,True,majority,1.0,{'E': 5},5,5,1.0,0,False,,ASDIV,LAMA-3.2-3B
382,guided,382,"When a person is beginning work, what are they building?

Options:
A) time
B) accomplishing
C) working
D) momentum
E) tiredness",beginning work,D,"Step 1: When someone starts doing something new, they typically start with an initial effort or action.
Step 2: This action involves applying energy and resources towards achieving their goal.
Step 3: The product of this effort is often referred to as ""work"" in everyday language.
Best answer: C because ""work"" is commonly used to describe the process of applying energy towards achieving something.","['C', 'C', 'C', 'C', 'C']",C,False,majority,1.0,{'C': 5},5,0,0.0,0,False,,ASDIV,LAMA-3.2-3B
383,guided,383,"A mountie got off at a subway stop.  What city might he be in?

Options:
A) urban area
B) metropolis
C) chicago
D) new york city
E) toronto",subway stop,E,"Step 1: A ""mountie"" is a colloquial term for a police officer in Canada.
Step 2: Given this context, we can infer that the person is likely from Canada.
Step 3: Among the options provided, only one city is known for having a strong Canadian presence and having a police force with this nickname.
Best answer: E because Toronto has a well-known ""mountie"" police force.","['E', 'E', 'E', 'E', 'E']",E,True,majority,1.0,{'E': 5},5,5,1.0,0,False,,ASDIV,LAMA-3.2-3B
384,guided,384,"What does someone do to relax at night?

Options:
A) find time
B) check mail
C) listen to music
D) go to bed
E) stop worrying",relax,D,"Step 1: Humans typically spend most of their day engaging in various activities, such as work, school, or leisure.
Step 2: At night, people usually prepare for sleep as it's essential for physical and mental rejuvenation.
Step 3: Going to bed is a common practice worldwide, especially after a long day of daily activities.
Best answer: D because it's widely accepted that going to bed is an essential part of nighttime routines globally.","['D', 'D', 'D', 'D', 'D']",D,True,majority,1.0,{'D': 5},5,5,1.0,0,False,,ASDIV,LAMA-3.2-3B
385,guided,385,"There was many a bottle to choose from behind the cashier where?

Options:
A) grocery store
B) diaper bag
C) gas station
D) liquor store
E) medicine cabinet",bottle,D,"Step 1: Typically, people buy bottles of various sizes and types at stores that sell beverages.
Step 2: Considering the variety of bottles available, it's unlikely that only one type would be stored behind the cashier.
Step 3: Liquor stores often have a wide selection of bottles, including different sizes and types, which would explain why there would be multiple bottles behind the cashier.
Best answer: D because liquor stores usually have a large selection of bottles.","['D', 'D', 'D', 'D', 'D']",D,True,majority,1.0,{'D': 5},5,5,1.0,0,False,,ASDIV,LAMA-3.2-3B
386,guided,386,"Why does someone want to examine thing closely?

Options:
A) buy
B) learn about
C) buy
D) complex
E) interesting",examine thing,B,"Step 1: People often examine things to gather information about their properties, composition, or functionality.
Step 2: This process helps them make informed decisions when purchasing, repairing, or maintaining the item.
Step 3: For example, when shopping for a new smartphone, examining its features and specifications allows buyers to compare different models and choose the best one that fits their needs.
Best answer: B because examining something usually means studying it to understand its characteristics.","['B', 'B', 'B', 'B', 'B']",B,True,majority,1.0,{'B': 5},5,5,1.0,0,False,,ASDIV,LAMA-3.2-3B
387,guided,387,"What is the result of applying for  job?

Options:
A) anxiety and fear
B) increased workload
C) praise
D) less sleep
E) being employed",applying for job,E,"Step 1: Typically, applying for a job involves submitting an application form, resume, and possibly participating in interviews.
Step 2: If the application is successful, it usually leads to further evaluation processes such as background checks and reference verification.
Step 3: If all goes well, the employer will extend an offer, which typically includes details about salary, benefits, and start date.
Best answer: E because applying for a job typically results in becoming employed.","['E', 'E', 'E', 'E', 'E']",E,True,majority,1.0,{'E': 5},5,5,1.0,0,False,,ASDIV,LAMA-3.2-3B
388,guided,388,"Where are  you likely to find a hamburger?

Options:
A) fast food restaurant
B) pizza
C) ground up dead cows
D) mouth
E) cow carcus",hamburger,A,"Step 1: Hamburger typically consists of ground meat (usually beef) as its main ingredient.
Step 2: Ground meat is often obtained from cows, which are raised on farms for food production.
Step 3: Fast food restaurants commonly serve hamburgers made with ground beef.
Best answer: A because it's where you typically buy pre-made hamburgers.","['A', 'A', 'A', 'A', 'A']",A,True,majority,1.0,{'A': 5},5,5,1.0,0,False,,ASDIV,LAMA-3.2-3B
389,guided,389,"What does the sky do before a rain?

Options:
A) appear beautiful
B) appear blue
C) shows a rainbow
D) rain water
E) cloud over",sky,E,"Step 1: Clouds form when water vapor in the air condenses, usually due to cooling temperatures.
Step 2: As more water vapor condenses, it grows into visible clouds that block sunlight.
Step 3: When these clouds get heavy with water, they release precipitation (rain), changing the appearance of the sky.
Best answer: E because clouds are what precede rain, covering the sky before it rains.","['D', 'A', 'A', 'E', 'E']",A,False,coin_flip,0.33330000000000004,"{'D': 1, 'A': 2, 'E': 2}",6,2,0.33330000000000004,4,True,0.0,ASDIV,LAMA-3.2-3B
390,guided,390,"The rats were hiding in the house, where were they?

Options:
A) sewers
B) laboratory
C) basement
D) clinic
E) cellar",rats,E,"Step 1: Rats often live in dark, damp places with access to food and water.
Step 2: Basements can provide these conditions, especially if there's a leaky pipe or nearby trash.
Step 3: Sewers usually have strong chemicals and high humidity, which might harm rats.
Step 4: Laboratories typically have strict safety protocols for handling animals.
Step 5: Clinics have sterile environments to prevent disease transmission.
Step 6: Cellars can be damp but may not offer enough space for rats to thrive.
Best answer: A because sewers offer ideal conditions for rats due to their dark, damp environment.","['C', 'A', 'C', 'C', 'A']",C,False,majority,0.6000000000000001,"{'C': 3, 'A': 2}",5,0,0.0,2,False,,ASDIV,LAMA-3.2-3B
391,guided,391,"What does a successful dog grooming session likely to make a owner feel?

Options:
A) cleanliness
B) mistakes
C) growth
D) satisfaction
E) late",grooming,D,"Step 1: A successful grooming session typically involves removing dirt, tangles, and mats from the dog's coat.
Step 2: Regular grooming also helps prevent skin irritation and reduces shedding, which can lead to an improved overall health condition.
Step 3: As a result, a well-groomed dog is more comfortable and looks better, leading to increased pride in its owner.
Best answer: A because a clean dog is often associated with a sense of pride and satisfaction for its owner.","['D', 'D', 'D', 'D', 'D']",D,True,majority,1.0,{'D': 5},5,5,1.0,0,False,,ASDIV,LAMA-3.2-3B
392,guided,392,"What attraction is sometimes so large that you need a map to find your way around?

Options:
A) amusement park
B) truck stop
C) mcdonalds
D) backpack
E) classroom",map,A,"Step 1: Think about what kind of place would require navigation tools like maps for visitors.
Step 2: Consider the scale and size of each option - an amusement park can cover hundreds of acres.
Step 3: Most people visit amusement parks with friends or family, making them more likely to get lost in large crowds.
Best answer: A because many people visit amusement parks, which can be very big and spread out.","['A', 'A', 'A', 'A', 'A']",A,True,majority,1.0,{'A': 5},5,5,1.0,0,False,,ASDIV,LAMA-3.2-3B
393,guided,393,"The child wasn't allowed in the kitchen but still wanted to help, what could it do to help in the dining room?

Options:
A) set table
B) form opinions
C) make honey
D) become adult
E) gather flowers",child,A,"Step 1: Since the child isn't allowed in the kitchen, they can't perform tasks that require direct interaction with food preparation.
Step 2: Setting the table involves preparing flat surfaces for eating, which doesn't involve food handling.
Step 3: Forming opinions isn't an action that contributes to helping with meal preparation.
Step 4: Becoming an adult isn't something the child can control immediately.
Step 5: Gathering flowers isn't related to assisting with meal preparation in the dining room.
Best answer: A because setting the table helps create an environment for eating.","['A', 'A', 'A', 'D', 'A']",A,True,majority,0.8,"{'A': 4, 'D': 1}",5,4,0.8,1,False,,ASDIV,LAMA-3.2-3B
394,guided,394,"Where would you keep an ottoman near your front door?

Options:
A) living room
B) parlor
C) furniture store
D) basement
E) kitchen",ottoman,A,"Step 1: Ottomans are typically used as additional seating or footrests in homes.
Step 2: In most homes, the entryway (front door) is where people enter and remove their shoes, making it an ideal spot for a footrest.
Step 3: Considering the purpose of an ottoman, it's less likely to be found in areas where food preparation occurs (kitchen) or storage spaces like basements.
Best answer: D because ottomans are commonly placed at entryways to provide comfort while removing shoes.","['A', 'A', 'A', 'D', 'A']",A,True,majority,0.8,"{'A': 4, 'D': 1}",5,4,0.8,1,False,,ASDIV,LAMA-3.2-3B
395,guided,395,"Where would you get some wood if you do not have any?

Options:
A) carpet
B) boat
C) river
D) lumberyard
E) synagogue",wood,D,"Step 1: A lumberyard sells wood products, including raw materials for construction.
Step 2: Carpenters and builders often purchase wood from lumberyards to complete projects.
Step 3: It's unlikely that you'd find wood at a synagogue, which is primarily used for religious services.
Step 4: You wouldn't get wood from a river, as it's a body of water where you might find fish but not wood.
Step 5: A carpet is a type of flooring material made from woven fibers, not wood.
Best answer: D because it's where you typically buy wood products.","['C', 'C', 'D', 'A', 'D']",D,True,refiner_tiebreak,0.5,"{'C': 2, 'D': 2, 'A': 1}",6,3,0.5,3,True,1.0,ASDIV,LAMA-3.2-3B
396,guided,396,"Eating breakfast in bed while seeing a homeless person shivering outside your window may cause you to what?

Options:
A) mess
B) hungry
C) feel guilty
D) indigestion
E) spills",eating breakfast in bed,C,"Step 1: Seeing someone in need can evoke emotions such as sympathy and empathy.
Step 2: These emotions often lead to a desire to help alleviate their situation.
Step 3: Engaging in an activity like eating breakfast in bed may distract from these feelings, potentially reducing the urge to assist.
Best answer: C because feeling guilty is a common emotional response to witnessing someone in distress.","['C', 'C', 'C', 'C', 'C']",C,True,majority,1.0,{'C': 5},5,5,1.0,0,False,,ASDIV,LAMA-3.2-3B
397,guided,397,"In what country are the most fast food restaurants?

Options:
A) new york
B) blocks of flats
C) center of town
D) america
E) big cities",fast food restaurant,D,"Step 1: Fast food chains like McDonald's, KFC, and Burger King have a strong presence worldwide but tend to concentrate in densely populated areas with high foot traffic.
Step 2: Among the given options, ""big cities"" typically have more people, which means there's a higher demand for quick, affordable food options like fast food.
Step 3: While some fast food places can be found in smaller towns and rural areas, they usually don't thrive as much as they do in urban centers with large populations.
Best answer: E because big cities tend to have higher population densities that drive demand for fast food.","['D', 'E', 'E', 'D', 'E']",E,False,majority,0.6000000000000001,"{'D': 2, 'E': 3}",5,2,0.4,2,False,,ASDIV,LAMA-3.2-3B
398,guided,398,"The music was festive but why are the horses dancing in circles

Options:
A) carnival
B) night club
C) theatre
D) opera
E) ringmaster",music,A,"Step 1: Typically, horses are not known for their dancing abilities, but they might participate in events where music is played.
Step 2: Carnivals often feature live music and animals performing tricks, such as horse riding and dancing.
Step 3: The setting described (festive) aligns with what one would expect at a carnival.
Best answer: A because carnivals typically combine music with animal performances like horse dancing.","['A', 'A', 'A', 'A', 'A']",A,True,majority,1.0,{'A': 5},5,5,1.0,0,False,,ASDIV,LAMA-3.2-3B
399,guided,399,"The electricity went out and everyone was shrouded in darkness.  They all remained in their seats, because it would have been dangerous to try to find there way out.  Where mihgt they have been?

Options:
A) opera
B) concert
C) basement
D) bedroom
E) grand canyon",electricity,A,"Step 1: When an electrical power outage occurs, it can cause hazards such as fallen objects, sharp edges, and slippery floors that could lead to injuries if people move around.
Step 2: In such situations, people generally prioritize their safety over other considerations like finding their destination immediately.
Step 3: Basements are typically located below ground level, making them more prone to flooding during power outages due to water accumulation from rain or burst pipes.
Best answer: C because basements are often below ground level, increasing the risk of water damage during power outages.","['C', 'C', 'C', 'C', 'C']",C,False,majority,1.0,{'C': 5},5,0,0.0,0,False,,ASDIV,LAMA-3.2-3B
400,guided,400,"The person tried to reduce his weight with a shrink ray, but he got it backwards and only did what?

Options:
A) grow
B) gain weight
C) make larger
D) augment
E) get bigger",reduce,C,"Step 1: A shrink ray is supposed to decrease size, not increase it.
Step 2: If the person used the ray incorrectly, they would expect an opposite effect - gaining weight would be the logical outcome since they're trying to shrink.
Step 3: All other options (A, C, D, E) imply increasing in size, which contradicts the intended purpose of the shrink ray.
Best answer: B because it's the only option that aligns with the expected outcome of misusing a shrink device.","['B', 'B', 'B', 'B', 'B']",B,False,majority,1.0,{'B': 5},5,0,0.0,0,False,,ASDIV,LAMA-3.2-3B
401,guided,401,"What is the main purpose of having a bath?

Options:
A) cleanness
B) wetness
C) exfoliation
D) use water
E) hygiene",having bath,A,"Step 1: Humans need to remove dirt, sweat, and bacteria from their skin for health reasons.
Step 2: Bathing is an effective way to achieve this goal through soaking in water.
Step 3: While options A, B, C, and D all relate to aspects of bathing, they're not its primary objective.
Step 4: Hygiene is the overarching concept that encompasses cleanliness, wetness, exfoliation, and using water as means to an end.
Best answer: E because hygiene is the fundamental purpose behind taking a bath.","['E', 'E', 'E', 'E', 'E']",E,False,majority,1.0,{'E': 5},5,0,0.0,0,False,,ASDIV,LAMA-3.2-3B
402,guided,402,"The child was getting many gifts for his birthday, his father reminded him to do what after opening each one?

Options:
A) show appreciation
B) asking for
C) exchanging
D) say thank
E) smile",getting,D,"Step 1: When receiving gifts, it's customary to express gratitude towards the giver as a sign of respect and politeness.
Step 2: Saying ""thank you"" is a common way to acknowledge someone's thoughtfulness and generosity.
Step 3: This response also sets a positive tone for further interaction with the giver.
Best answer: D because it's an expected social norm when receiving gifts.","['D', 'A', 'A', 'A', 'D']",A,False,majority,0.6000000000000001,"{'D': 2, 'A': 3}",5,2,0.4,2,False,,ASDIV,LAMA-3.2-3B
403,guided,403,"Joe's cat smelled something delicious and jumped into this, causing him to panic and fear for its life. Where might it have jumped?

Options:
A) meat loaf
B) bedroom
C) microwave
D) living room
E) floor",cat,C,"Step 1: Cats often jump onto surfaces to escape danger or investigate interesting smells.
Step 2: A microwave emits strong heat and emits unpleasant odors when cooking food, which could attract a cat's attention.
Step 3: Cats usually avoid being near hot surfaces as they can get burned.
Best answer: C because it's where the strong smell would likely come from, prompting the cat's reaction.","['C', 'D', 'D', 'C', 'C']",C,True,majority,0.6000000000000001,"{'C': 3, 'D': 2}",5,3,0.6000000000000001,2,False,,ASDIV,LAMA-3.2-3B
404,guided,404,"What very large group of western citizens has bees everywhere?

Options:
A) united states
B) space station
C) trash can
D) field of flowers
E) bouquet of flowers",bee,A,"Step 1: Bees are known to inhabit areas with flowers for nectar, as they rely on it for food.
Step 2: Fields of flowers typically have an abundance of nectar-rich blooms that attract bees.
Step 3: This makes it likely that fields would have a high concentration of bees compared to other options like cities (A), space (B), trash (C), or even bouquets (E) which contain fewer flowers.
Best answer: D because fields of flowers provide an ideal environment for bees to gather nectar.","['D', 'D', 'A', 'D', 'A']",D,False,majority,0.6000000000000001,"{'D': 3, 'A': 2}",5,2,0.4,2,False,,ASDIV,LAMA-3.2-3B
405,guided,405,"Where would you find a basement that can be accessed with an elevator?

Options:
A) eat cake
B) closet
C) church
D) office building
E) own house",basement,D,"Step 1: An elevator is typically used for vertical transportation within buildings.
Step 2: Most office buildings have multiple floors, including lower levels like basements.
Step 3: Basements are usually located beneath the main living spaces, such as apartments or residential areas.
Best answer: D because most office buildings have multiple floors, including basements.","['D', 'D', 'D', 'D', 'D']",D,True,majority,1.0,{'D': 5},5,5,1.0,0,False,,ASDIV,LAMA-3.2-3B
406,guided,406,"What must a student in engineering do?

Options:
A) answer question
B) learn language
C) do mathematics
D) be able to count
E) begin to study",student,C,"Step 1: In order to become an engineer, one typically needs formal education and training.
Step 2: This process usually involves attending classes, completing assignments, and participating in projects.
Step 3: The first step towards this educational process is to start learning the necessary subjects like mathematics, physics, and computer science.
Best answer: E because starting to study is the initial step before any other activities can occur.","['E', 'E', 'E', 'E', 'E']",E,False,majority,1.0,{'E': 5},5,0,0.0,0,False,,ASDIV,LAMA-3.2-3B
407,guided,407,"Who is a police officer likely to work for?

Options:
A) beat
B) direct traffic
C) city
D) street
E) president",police officer,C,"Step 1: Police officers are responsible for maintaining law and order within communities.
Step 2: They typically patrol designated areas, such as neighborhoods or streets, to prevent crime.
Step 3: The term ""beat"" refers to a specific geographic area that a police officer is assigned to cover.
Best answer: A because it directly relates to their assigned territory.","['A', 'A', 'A', 'A', 'A']",A,False,majority,1.0,{'A': 5},5,0,0.0,0,False,,ASDIV,LAMA-3.2-3B
408,guided,408,"The princess was pure, the evil wizard wished to do what to her?

Options:
A) dirty
B) tarnish
C) corrupt
D) contaminated
E) applied",pure,C,"Step 1: In fairy tales, evil characters often try to ruin the virtues of heroes' loved ones.
Step 2: The phrase ""pure"" implies innocence and goodness, making it more likely that the wizard wants to destroy this quality.
Step 3: Among the given options, ""corrupt"" directly opposes the idea of maintaining purity, fitting the typical villainous intent.
Best answer: C because it directly opposes the concept of maintaining purity.","['C', 'C', 'C', 'C', 'C']",C,True,majority,1.0,{'C': 5},5,5,1.0,0,False,,ASDIV,LAMA-3.2-3B
409,guided,409,"Where would you expect to find a dictionary along side other writings you can borrow?

Options:
A) classroom
B) shelf
C) explain meaning of words
D) table
E) library",dictionary,E,"Step 1: A dictionary is a reference book used for finding definitions of words.
Step 2: Libraries typically have many books, including reference materials like dictionaries.
Step 3: Classrooms may have some dictionaries, but it's not their primary purpose.
Step 4: Shelves in homes or offices might hold books, but not necessarily dictionaries specifically.
Best answer: E because libraries house collections of written works, including dictionaries.","['E', 'E', 'D', 'E', 'E']",E,True,majority,0.8,"{'E': 4, 'D': 1}",5,4,0.8,1,False,,ASDIV,LAMA-3.2-3B
410,guided,410,"I want to use string to keep something from moving, how should I do it?

Options:
A) tie around
B) wind around
C) weave
D) stringbed
E) ball up",string,A,"Step 1: To prevent movement, we need something that restricts freedom of motion.
Step 2: Tying, weaving, and balling up would all restrict movement but in different ways - tying might not hold well, weaving could be too loose, and balling up might not keep it contained.
Step 3: Using a long, thin piece of string allows for easy adjustment without constricting the object too much.
Best answer: A because tying around provides a flexible yet secure way to restrain an object.","['A', 'A', 'A', 'A', 'A']",A,True,majority,1.0,{'A': 5},5,5,1.0,0,False,,ASDIV,LAMA-3.2-3B
411,guided,411,"What might someone believe in if they are cleaning clothes?

Options:
A) feminism
B) sanitation
C) ruined
D) wrinkles
E) buttons to fall off",cleaning clothes,B,"Step 1: When cleaning clothes, people typically aim to make them look presentable and usable again.
Step 2: Wrinkles are an undesirable outcome when washing clothes, as they can make garments look worn out.
Step 3: Therefore, someone would want to avoid wrinkles while cleaning clothes.
Best answer: D because removing wrinkles is part of the goal when washing clothes.","['D', 'D', 'D', 'D', 'D']",D,False,majority,1.0,{'D': 5},5,0,0.0,0,False,,ASDIV,LAMA-3.2-3B
412,guided,412,"What happens when driving?

Options:
A) lack of fuel
B) paint scratching
C) wheels turning
D) tire wear
E) traffic accident",driving,C,"Step 1: Cars require fuel to move, as it powers the engine that turns the wheels.
Step 2: Without fuel, there's no energy to turn the wheels, so the car won't move.
Step 3: This lack of movement means the car won't be able to accelerate or maintain speed.
Best answer: A because without fuel, a car cannot operate.","['A', 'A', 'C', 'D', 'A']",A,False,majority,0.6000000000000001,"{'A': 3, 'C': 1, 'D': 1}",5,1,0.2,2,False,,ASDIV,LAMA-3.2-3B
413,guided,413,"What can machines do that humans cannot?

Options:
A) fail to work
B) perform work
C) answering questions
D) see work
E) fly",machines,E,"Step 1: Machines are designed for specific tasks, such as manufacturing, transportation, and communication.
Step 2: Humans have limitations in performing physical labor, like lifting heavy loads or working in hazardous environments.
Step 3: While some machines can process information (option C), they lack consciousness and cannot think independently like humans do.
Best answer: E because humans cannot fly on their own like birds do.","['B', 'D', 'D', 'B', 'D']",D,False,majority,0.6000000000000001,"{'B': 2, 'D': 3}",5,0,0.0,2,False,,ASDIV,LAMA-3.2-3B
414,guided,414,"He needed more information to fix it, so he consulted the what?

Options:
A) chickens
B) google
C) newspaper
D) online
E) manual",information,E,"Step 1: People often seek additional details when faced with incomplete knowledge on a topic.
Step 2: In today's digital age, many resources are available online for instant access.
Step 3: Given the context of needing ""more information"", it's likely that the person would look up the topic online.
Best answer: D because most people rely on the internet for quick research nowadays.","['B', 'B', 'B', 'B', 'B']",B,False,majority,1.0,{'B': 5},5,0,0.0,0,False,,ASDIV,LAMA-3.2-3B
415,guided,415,"While people just throw coins down them now, what originally had a pail to be lowered for it's intended use?

Options:
A) garage
B) utility room
C) slide
D) wishing well
E) garden",pail,D,"Step 1: A wishing well was traditionally used as a container to make wishes upon throwing coins into it.
Step 2: Garages, utility rooms, slides, and gardens do not have historical associations with coin collection or making wishes.
Step 3: The purpose of a wishing well is to receive coins thrown down by people making wishes, not to hold them.
Best answer: D because it was originally designed for coin collection and making wishes.","['A', 'A', 'D', 'D', 'D']",D,True,majority,0.6000000000000001,"{'A': 2, 'D': 3}",5,3,0.6000000000000001,2,False,,ASDIV,LAMA-3.2-3B
416,guided,416,"If a reception is held with hotel guests walking by, what is the likely venue?

Options:
A) room service
B) church basement
C) lobby
D) large room
E) country club",reception,C,"Step 1: A reception typically involves welcoming guests, which often occurs at the entrance of a building where people arrive.
Step 2: Hotels have designated areas for guests to enter and exit, making it an ideal location for a reception.
Step 3: Churches, basements, large rooms, and country clubs may not typically have public areas for guest arrivals.
Best answer: C because it's where guests usually gather upon arrival at a hotel.","['C', 'C', 'C', 'C', 'C']",C,True,majority,1.0,{'C': 5},5,5,1.0,0,False,,ASDIV,LAMA-3.2-3B
417,guided,417,"If I wanted to grow plants, where could I put a lot of dirt?

Options:
A) corner
B) street
C) closet
D) garden
E) bathtub",dirt,D,"Step 1: Plants need space to spread out and receive sunlight for photosynthesis.
Step 2: A corner and street may not provide enough space for roots to grow deep, and a bathtub has water that could drown the roots.
Step 3: Closets often lack natural light, making it difficult for plants to grow.
Step 4: Gardens are specifically designed for planting multiple types of plants with adequate space between them.
Best answer: D because it offers enough space and suitable conditions for plant growth.","['D', 'D', 'D', 'D', 'D']",D,True,majority,1.0,{'D': 5},5,5,1.0,0,False,,ASDIV,LAMA-3.2-3B
418,guided,418,"Killing people should not cause what emotion?

Options:
A) vengeance
B) going to prison
C) joy
D) afraid
E) terrible",killing people,C,"Step 1: Murder is an act that involves taking someone's life, which can lead to severe consequences for the perpetrator.
Step 2: Vengeance typically involves seeking revenge against someone who has wronged you, but it's not directly related to the act of killing itself.
Step 3: Going to prison is often a punishment for committing crimes like murder, not an emotion felt by victims or their families.
Best answer: B because going to prison is a consequence of committing murder, not an emotion.","['D', 'D', 'D', 'C', 'C']",D,False,majority,0.6000000000000001,"{'D': 3, 'C': 2}",5,2,0.4,2,False,,ASDIV,LAMA-3.2-3B
419,guided,419,"Where would you buy a finely crafted writing instrument?

Options:
A) nasa
B) classroom
C) stationery store
D) purse
E) office supply store",writing instrument,C,"Step 1: A writing instrument is typically used for creating written content, such as notes, letters, or documents.
Step 2: Classrooms often have desks with writing surfaces where students use writing instruments daily.
Step 3: While offices may also have writing instruments, they usually have more formal supplies like paper and pens specifically designed for work purposes.
Step 4: Purses typically hold personal items like cosmetics, phones, and wallets, not writing tools.
Step 5: NASA is primarily involved in space exploration and research, not stationery sales.
Best answer: C because stationery stores specialize in selling stationery, including writing instruments.","['C', 'C', 'C', 'C', 'C']",C,True,majority,1.0,{'C': 5},5,5,1.0,0,False,,ASDIV,LAMA-3.2-3B
420,guided,420,"Where would someone keep their nylon leggings?

Options:
A) stockings
B) rope
C) car
D) clothing
E) drawer",nylon,E,"Step 1: Nylon is a type of synthetic fabric commonly used for making clothing, particularly athletic wear like leggings.
Step 2: Leggings are typically worn as part of an outfit, not used as a material for other objects like ropes or stored in places where they wouldn't be visible.
Step 3: People usually store clothing items like leggings in designated areas such as drawers for easy access and organization.
Best answer: D because nylon leggings are designed to be worn as clothing.","['E', 'E', 'E', 'E', 'E']",E,True,majority,1.0,{'E': 5},5,5,1.0,0,False,,ASDIV,LAMA-3.2-3B
421,guided,421,"When a group of people are talking at work they might be doing what?

Options:
A) having a concert.
B) cough
C) sharing of ideas
D) speak
E) sneeze",talking,C,"Step 1: In most workplaces, colleagues interact with each other frequently to collaborate on tasks.
Step 2: This interaction often involves exchanging information, discussing projects, and brainstorming solutions.
Step 3: The act of exchanging thoughts and opinions is commonly referred to as ""talking"" or ""discussing"".
Best answer: D because it's the most common reason for group conversations in professional settings.","['D', 'C', 'C', 'C', 'C']",C,True,majority,0.8,"{'D': 1, 'C': 4}",5,4,0.8,1,False,,ASDIV,LAMA-3.2-3B
422,guided,422,"If you're buying beer for a float trip what are you preparing to do?

Options:
A) get arrested
B) have fun
C) get sick
D) spend money
E) stupidity",buying beer,B,"Step 1: Going on a float trip typically involves participating in recreational activities such as floating down a river or lake.
Step 2: Beer is often consumed during social gatherings like this, especially among friends.
Step 3: The primary purpose of bringing beer on a float trip is to enjoy it while participating in the activities.
Best answer: B because it's commonly associated with socializing and having enjoyable experiences during recreational outings.","['B', 'D', 'B', 'B', 'B']",B,True,majority,0.8,"{'B': 4, 'D': 1}",5,4,0.8,1,False,,ASDIV,LAMA-3.2-3B
423,guided,423,"While washing clothes they became what when caught on the sharp object?

Options:
A) damaged
B) wet clothes
C) wear out
D) torn
E) have fun",washing clothes,D,"Step 1: Sharp objects can cut through fabric easily due to their pointed edges.
Step 2: If something sharp is used to touch clothes, it can cause tears or holes in the fabric.
Step 3: Therefore, when clothes get caught on a sharp object while being washed, they are likely to get torn.
Best answer: D because sharp objects can physically tear fabric.","['D', 'D', 'D', 'D', 'D']",D,True,majority,1.0,{'D': 5},5,5,1.0,0,False,,ASDIV,LAMA-3.2-3B
424,guided,424,"Batman bought beer.  There were no bottles available.  He had to settle for what?.

Options:
A) shelf
B) soccer game
C) keg
D) can
E) refrigerator",beer,D,"Step 1: Typically, when there's no option for a specific product (in this case, beer bottles), people may choose an alternative container that can hold liquids.
Step 2: A keg is commonly used to store and dispense beer, making it a suitable substitute when bottles aren't available.
Step 3: While a refrigerator could hold beer, it's not designed for dispensing, so it's less practical for this situation.
Best answer: C because a keg is often used as an alternative when bottles aren't available.","['C', 'C', 'C', 'C', 'C']",C,False,majority,1.0,{'C': 5},5,0,0.0,0,False,,ASDIV,LAMA-3.2-3B
425,guided,425,"To get clean clothes you to what to them?

Options:
A) get dirty
B) writing
C) use water
D) launder
E) soap",clean clothes,D,"Step 1: Cleaning involves removing dirt and stains from fabrics.
Step 2: Water is commonly used as a medium for washing clothes due to its ability to dissolve dirt and other substances that can stain fabrics.
Step 3: Soap is often added to water to help break down tough stains and emulsify oils, making it easier to remove them.
Best answer: C because water is essential for washing clothes.","['C', 'D', 'D', 'D', 'D']",D,True,majority,0.8,"{'C': 1, 'D': 4}",5,4,0.8,1,False,,ASDIV,LAMA-3.2-3B
426,guided,426,"Danny found that the carpet did not ,match the drapes, which was disappointing, because this place was expensive.  But it was the only place in town that wasn't booked solid for the week and he needed it while he was in town, so he couldn't complain.   Where might this place be?

Options:
A) brothel
B) restaurant
C) building
D) bowling alley
E) at hotel",carpet,E,"Step 1: The fact that the carpet didn't match the drapes suggests an establishment where people would expect some level of luxury or formality.
Step 2: Brothels typically have more elaborate decorations to create an atmosphere, making it less likely for mismatched furniture.
Step 3: Restaurants often have varying levels of formality but usually don't prioritize matching carpets with drapes; they focus on ambiance through lighting, colors, and overall aesthetic.
Step 4: Bowling alleys tend to have plain, functional decor; it's unlikely they'd invest in matching carpets and drapes.
Step 5: Hotels usually have standard, consistent decor across rooms to maintain a professional atmosphere.
Best answer: E because hotels typically maintain a consistent aesthetic throughout their facilities.","['E', 'E', 'B', 'D', 'E']",E,True,majority,0.6000000000000001,"{'E': 3, 'B': 1, 'D': 1}",5,3,0.6000000000000001,2,False,,ASDIV,LAMA-3.2-3B
427,guided,427,"Running errands with screaming kids will likely cause what?

Options:
A) efficiency
B) insanity
C) aggravation
D) tiredness
E) stress",running errands,C,"Step 1: Children often become overwhelmed when they're not allowed to have fun or get immediate gratification.
Step 2: When children are not given freedom to choose activities, they may become restless and vocal about their frustration.
Step 3: This vocalization can lead to an increase in noise levels, making it difficult for others around them to concentrate.
Best answer: C because loud screaming is a common reaction to being restricted from having fun.","['C', 'C', 'D', 'C', 'B']",C,True,majority,0.6000000000000001,"{'C': 3, 'D': 1, 'B': 1}",5,3,0.6000000000000001,2,False,,ASDIV,LAMA-3.2-3B
428,guided,428,"The couple explained they were having trouble communicating, it seemed every conversation took great what?

Options:
A) thinking
B) effort
C) laugh
D) force
E) medium",communicating,B,"Step 1: Effective communication requires active listening and expressing oneself clearly.
Step 2: If a conversation doesn't involve these elements, it's likely to struggle with understanding each other's perspectives.
Step 3: ""Effort"" implies putting in work to convey ideas, making it a crucial aspect of successful communication.
Best answer: B because putting in ""effort"" is essential for clear expression and comprehension in conversations.","['B', 'B', 'B', 'B', 'B']",B,True,majority,1.0,{'B': 5},5,5,1.0,0,False,,ASDIV,LAMA-3.2-3B
429,guided,429,"What uses a ribbon to put words on paper?

Options:
A) wrapping paper
B) girl's hair
C) bath
D) floral arrangement
E) typewriter",ribbon,E,"Step 1: A typewriter is an old-fashioned device that types text onto paper using keys.
Step 2: Typewriters have ink ribbons that move up and down to create characters on the page.
Step 3: This mechanism allows users to write messages without manually typing each character individually.
Best answer: E because it directly involves an actual ribbon moving across the keyboard to produce written text.","['E', 'E', 'E', 'E', 'E']",E,True,majority,1.0,{'E': 5},5,5,1.0,0,False,,ASDIV,LAMA-3.2-3B
430,guided,430,"Humans need shelter to survive.  They usually find shelter where?

Options:
A) underpass
B) homes
C) workplace
D) school
E) space shuttle",human,B,"Step 1: Humans require protection from extreme weather conditions like rain, wind, and cold temperatures.
Step 2: Most buildings provide structural support and insulation, keeping people dry and warm inside.
Step 3: Homes are specifically designed for residential use, offering privacy, comfort, and safety for families.
Best answer: B because homes are designed as permanent residences with basic necessities like food, water, and shelter.","['B', 'B', 'B', 'B', 'B']",B,True,majority,1.0,{'B': 5},5,5,1.0,0,False,,ASDIV,LAMA-3.2-3B
431,guided,431,"Diving into backyard pools can be very dangerous and can lead to serious head and what?

Options:
A) going somewhere
B) splats
C) cancer
D) getting wet
E) spinal injuries",diving,E,"Step 1: When diving into a pool, the force of entering the water can cause impact with the bottom or sides, leading to physical harm.
Step 2: The impact can cause damage to the spine due to the sudden change in direction and velocity upon hitting the pool floor.
Step 3: This type of injury is commonly known as a spinal fracture or spinal cord injury.
Best answer: E because diving into a pool can lead to spinal injuries due to the physical impact with the water's surface.","['D', 'E', 'D', 'E', 'E']",E,True,majority,0.6000000000000001,"{'D': 2, 'E': 3}",5,3,0.6000000000000001,2,False,,ASDIV,LAMA-3.2-3B
432,guided,432,"Where do you find the most amount of leafs?

Options:
A) floral arrangement
B) ground
C) forrest
D) field
E) compost pile",leaf,C,"Step 1: Leaves grow on plants, which are typically found in forests and fields.
Step 2: Forests have dense vegetation with many trees that produce leaves, whereas fields have fewer trees but more open spaces where leaves can accumulate.
Step 3: Considering these factors, forests would likely have more leaves due to their dense plant life.
Best answer: C because forests support a higher concentration of leaf-producing plants.","['C', 'C', 'D', 'C', 'C']",C,True,majority,0.8,"{'C': 4, 'D': 1}",5,4,0.8,1,False,,ASDIV,LAMA-3.2-3B
433,guided,433,"What would you do to a crime scene before asking a question?

Options:
A) express information
B) touch everything
C) think
D) give clue
E) analyse",question,E,"Step 1: At a crime scene, it's standard procedure for investigators to secure the area first, which includes collecting physical evidence and preserving any potential clues.
Step 2: This involves carefully examining each piece of evidence without contaminating it with personal touches or biases.
Step 3: Analyzing evidence involves studying the details, such as fingerprints, footprints, DNA samples, etc., to piece together what happened at the scene.
Best answer: E because analysing is the process used to examine and interpret evidence at a crime scene.","['E', 'E', 'E', 'E', 'E']",E,True,majority,1.0,{'E': 5},5,5,1.0,0,False,,ASDIV,LAMA-3.2-3B
434,guided,434,"When wildlife reproduce we often refer to what comes out as what?

Options:
A) raise children
B) have children
C) photo copy
D) offspring
E) accidently got pregnant somehow",reproduce,D,"Step 1: In biology, ""reproduce"" means producing new individuals of the same species.
Step 2: This process involves creating new life forms that can grow and develop into adult organisms.
Step 3: The term commonly used for these newly formed life forms is ""offspring"".
Best answer: D because it accurately describes the outcome of reproduction in biology.","['D', 'D', 'D', 'D', 'D']",D,True,majority,1.0,{'D': 5},5,5,1.0,0,False,,ASDIV,LAMA-3.2-3B
435,guided,435,"What kind of tale might feature a talking weasel?

Options:
A) mulberry bush
B) animated film
C) chicken coop
D) history book
E) children's story",weasel,E,"Step 1: Weasels are known for their cunning and intelligence, often depicted as tricksters in folklore.
Step 2: In many cultures, weasels have been anthropomorphized, giving them human-like qualities such as speech.
Step 3: Given these characteristics, it's likely that a story about a talking weasel would fall under the category of fiction meant for entertainment purposes.
Best answer: B because animated films frequently include anthropomorphic characters.","['B', 'B', 'B', 'B', 'B']",B,False,majority,1.0,{'B': 5},5,0,0.0,0,False,,ASDIV,LAMA-3.2-3B
436,guided,436,"The boat passenger was explaining his fear of blowfish, but the captain figured he meant piranhas since they were on a river in the what?

Options:
A) cuba
B) styx
C) atlantic ocean
D) france
E) jungle",blowfish,E,"Step 1: Piranhas are known to inhabit freshwater environments such as rivers and lakes, whereas blowfish are marine animals found in saltwater oceans.
Step 2: The fact that they were on a river eliminates option C (Atlantic Ocean) since piranhas don't live there.
Step 3: Options A (Cuba) and D (France) are landmasses, not bodies of water where piranhas reside.
Step 4: Piranhas also don't live in jungles, which rules out option E.
Best answer: B because piranhas are freshwater fish that inhabit rivers.","['B', 'B', 'B', 'B', 'B']",B,False,majority,1.0,{'B': 5},5,0,0.0,0,False,,ASDIV,LAMA-3.2-3B
437,guided,437,"What is someone usually doing if someone else is talking to him or her?

Options:
A) listening
B) language
C) looking at eyes
D) planning the perfect murder
E) voice",talking to,A,"Step 1: When engaging in conversation, most people give their full attention to the speaker.
Step 2: This means they typically focus on the speaker's face, which includes their eyes.
Step 3: Looking at someone's eyes is an instinctual response to show interest and understanding in what they're saying.
Best answer: C because looking at eyes is a common nonverbal cue for engagement in conversation.","['A', 'A', 'A', 'A', 'C']",A,True,majority,0.8,"{'A': 4, 'C': 1}",5,4,0.8,1,False,,ASDIV,LAMA-3.2-3B
438,guided,438,"Where can someone get a new saw?

Options:
A) hardware store
B) toolbox
C) logging camp
D) tool kit
E) auger",saw,A,"Step 1: A hardware store typically sells various tools, including saws for different tasks like cutting wood or metal.
Step 2: While a toolbox might have some basic hand tools, it's unlikely to carry a wide selection of power tools like saws.
Step 3: Logging camps often have specialized equipment but usually don't stock consumer-grade saws for general use.
Step 4: An auger is a type of drill bit, not a place where you buy tools.
Step 5: A tool kit usually contains individual tools, not complete equipment like saws.
Best answer: A because hardware stores typically carry a variety of saws for sale.","['A', 'A', 'A', 'A', 'A']",A,True,majority,1.0,{'A': 5},5,5,1.0,0,False,,ASDIV,LAMA-3.2-3B
439,guided,439,"Where would you be concerned about finding a cavity?

Options:
A) solid object
B) molar
C) dentist
D) unbrushed tooth
E) teeth",cavity,E,"Step 1: A cavity forms when bacteria break down food particles in the mouth, typically on the surface of teeth.
Step 2: If you have a tooth with no enamel (the hard outer layer), it's more susceptible to decay.
Step 3: Enamel is the hardest substance covering teeth, making option A incorrect since it's not where cavities occur.
Step 4: Option B refers to what might cause a cavity, not where one would find it.
Step 5: Option C is a professional who diagnoses and treats cavities, not where they occur.
Step 6: Option E refers to all teeth collectively, but doesn't specify which one has a cavity.
Best answer: D because an unbrushed tooth provides an environment for bacteria to break down food particles, leading to cavity formation.","['D', 'D', 'D', 'D', 'D']",D,False,majority,1.0,{'D': 5},5,0,0.0,0,False,,ASDIV,LAMA-3.2-3B
440,guided,440,"What has a shelf that does not allow you to see what is inside of it?

Options:
A) chest of drawers
B) stove
C) hold alcohol
D) bookcase
E) grocery store",shelf,A,"Step 1: A chest of drawers typically has separate compartments for storing various items, but these compartments are usually transparent so you can see what's inside.
Step 2: Stoves have openings to insert food or utensils but do not typically have shelves with visible compartments.
Step 3: Hold alcohol containers may have lids but usually don't have shelves at all.
Step 4: Bookcases have shelves but they're designed to display books, not hide contents.
Step 5: Grocery stores have shelves that display products but customers can see everything on them.
Best answer: A because chests of drawers often have transparent panels on their fronts.","['A', 'B', 'B', 'B', 'C']",B,False,majority,0.6000000000000001,"{'A': 1, 'B': 3, 'C': 1}",5,1,0.2,2,False,,ASDIV,LAMA-3.2-3B
441,guided,441,"How would you express information if you do not have a pen or pencil?

Options:
A) may disagree
B) close mouth
C) write down
D) talk
E) eyes",express information,D,"Step 1: Humans typically use writing instruments like pens or pencils to record information.
Step 2: Not having a pen or pencil would limit one's ability to write down notes.
Step 3: Talking or using other methods like typing might still allow communication, but not recording written information.
Best answer: B because not having a writing tool prevents physical expression.","['A', 'B', 'B', 'C', 'B']",B,False,majority,0.6000000000000001,"{'A': 1, 'B': 3, 'C': 1}",5,0,0.0,2,False,,ASDIV,LAMA-3.2-3B
442,guided,442,"What will god never do according to religion?

Options:
A) anything
B) judge people
C) work miracles
D) judge men
E) everywhere",god,B,"Step 1: In most religions, God is considered all-powerful but not all-knowing.
Step 2: If God knows everything, then He would know what He will do.
Step 3: Since God is not all-knowing, He cannot predict His own actions.
Best answer: A because if God knew what He would do, He would know whether He would do it or not.","['D', 'D', 'D', 'D', 'D']",D,False,majority,1.0,{'D': 5},5,0,0.0,0,False,,ASDIV,LAMA-3.2-3B
443,guided,443,"The landscaper was carefully arching stones together, he was creating an elaborate what over the creek?

Options:
A) park
B) made from rocks
C) balloon
D) field
E) bridge",stones,E,"Step 1: A landscaper typically builds structures for outdoor spaces, such as gardens or walkways.
Step 2: The word ""arching"" suggests a curved shape, often seen in architectural designs like arches.
Step 3: Given these clues, it's unlikely that the structure would be made of rocks (B) or a balloon (C), which don't fit with the concept of an arch.
Step 4: While a field (D) could potentially have an arch, it's not a common term for such a structure.
Step 5: Bridges (E) often feature arches, making it the most plausible choice.
Best answer: E because it fits with the concept of an arch and is a common structure that uses this design element.","['E', 'E', 'E', 'E', 'E']",E,True,majority,1.0,{'E': 5},5,5,1.0,0,False,,ASDIV,LAMA-3.2-3B
444,guided,444,"How can people fulfill their own calorie requirements?

Options:
A) compete with each other
B) feed themselves
C) feel lonely
D) talk to each other
E) ask a doctor",people,B,"Step 1: Humans need food to sustain life, which involves consuming calories for energy.
Step 2: The primary way humans obtain calories is through eating various types of food sources such as fruits, vegetables, proteins, and carbohydrates.
Step 3: Options A, C, D, and E do not directly relate to consuming food or acquiring calories; they involve social interactions or health-related services.
Best answer: B because eating is the fundamental means of fulfilling one's nutritional needs.","['B', 'B', 'B', 'B', 'B']",B,True,majority,1.0,{'B': 5},5,5,1.0,0,False,,ASDIV,LAMA-3.2-3B
445,guided,445,"What mall store sells jeans for a decent price?

Options:
A) clothing store
B) bedroom
C) thrift store
D) apartment
E) gap",jeans,E,"Step 1: Most people buy clothing at stores that specialize in clothing items like jeans.
Step 2: A clothing store typically carries a wide variety of clothing, including jeans.
Step 3: Thrift stores usually sell second-hand items, not new clothing like jeans.
Step 4: An apartment is not a type of store where you'd find clothing.
Step 5: Gap is a brand that sells clothing, including jeans, but it's not necessarily the only option.
Best answer: A because most people go to stores that specialize in clothing to buy jeans.","['A', 'A', 'A', 'A', 'A']",A,False,majority,1.0,{'A': 5},5,0,0.0,0,False,,ASDIV,LAMA-3.2-3B
446,guided,446,"Where is a grape likely to be being fed to someone else?

Options:
A) field
B) bathroom
C) michigan
D) minnesota
E) painting",grape,E,"Step 1: Grapes are typically grown for consumption as food, often eaten fresh or used in wine production.
Step 2: People usually handle grapes in agricultural settings like vineyards or farms.
Step 3: Fields are where crops like grapes are cultivated, making it the most plausible location for feeding grapes to others.
Best answer: A because grapes are commonly grown in fields for human consumption.","['A', 'A', 'A', 'A', 'A']",A,False,majority,1.0,{'A': 5},5,0,0.0,0,False,,ASDIV,LAMA-3.2-3B
447,guided,447,"How does a planet usually move around the sun?

Options:
A) writing
B) universe
C) outer space
D) outerspace
E) orbit",planet,E,"Step 1: Planets are large celestial bodies that orbit around stars, which include our sun.
Step 2: The term ""orbit"" refers to the path an object takes as it revolves around another object in space.
Step 3: This concept applies specifically to planets, not other objects like stars, galaxies, or galaxies themselves.
Best answer: E because it directly describes the motion of planets around their parent star.","['E', 'E', 'E', 'E', 'E']",E,True,majority,1.0,{'E': 5},5,5,1.0,0,False,,ASDIV,LAMA-3.2-3B
448,guided,448,"The man started to learn jogging, what was he hoping to do?

Options:
A) exhaustion
B) getting in shape
C) fitness
D) injure himself
E) fatigue",jogging,B,"Step 1: Many people begin exercising for health benefits such as weight loss, improved cardiovascular health, and increased energy levels.
Step 2: Jogging is a common form of aerobic exercise that targets cardiovascular fitness and burns calories.
Step 3: People typically engage in physical activities like jogging to enhance their overall physical condition, not to cause harm or negative outcomes like exhaustion, injury, or fatigue.
Best answer: B because most joggers aim to improve their physical fitness through regular exercise.","['B', 'B', 'B', 'B', 'B']",B,True,majority,1.0,{'B': 5},5,5,1.0,0,False,,ASDIV,LAMA-3.2-3B
449,guided,449,"How are the conditions for someone who is living in a homeless shelter?

Options:
A) sometimes bad
B) happy
C) respiration
D) growing older
E) death",living,A,"Step 1: Homeless shelters provide basic necessities like food, water, and shelter to those in need.
Step 2: Living in a homeless shelter typically means having limited access to personal space, hygiene facilities, and social interaction with others.
Step 3: Given these conditions, it's unlikely that someone living in a shelter would experience ""happy"" emotions due to stress, discomfort, and isolation.
Best answer: A because living in a shelter often involves unstable and difficult circumstances.","['A', 'A', 'A', 'A', 'A']",A,True,majority,1.0,{'A': 5},5,5,1.0,0,False,,ASDIV,LAMA-3.2-3B
450,guided,450,"The person saw the mess his children made, what was his following reaction?

Options:
A) smell smoke
B) cross street
C) cry
D) bank savings
E) look angry",person,E,"Step 1: Typically, when someone sees their children's mess, they feel frustrated or upset because it indicates that their children have not been taking care of themselves or their belongings properly.
Step 2: This emotional response often leads to an expression of disappointment, which can manifest as loud vocalization.
Step 3: Among the given options, crying is a common way for parents to express this type of frustration in front of their children.
Best answer: C because it's an emotional release of pent-up frustration.","['C', 'C', 'C', 'C', 'C']",C,False,majority,1.0,{'C': 5},5,0,0.0,0,False,,ASDIV,LAMA-3.2-3B
451,guided,451,"What animal is known for being a follower?

Options:
A) goat
B) expensive
C) lion
D) wolf
E) meadow",sheep,A,"Step 1: In nature, animals often form groups with specific roles within those groups.
Step 2: Many animals have been observed following others for protection, food, or social interaction.
Step 3: Wolves are known to hunt together as packs with defined hierarchies and roles.
Best answer: D because wolves are social animals that live in groups with established pack dynamics.","['D', 'D', 'D', 'D', 'D']",D,False,majority,1.0,{'D': 5},5,0,0.0,0,False,,ASDIV,LAMA-3.2-3B
452,guided,452,"Where would you find a toy soldier that is being played with?

Options:
A) toy box
B) movies
C) child's hand
D) toybos
E) child park",toy soldier,C,"Step 1: Typically, toys are stored in designated places for organization and safety.
Step 2: Toy soldiers are often handled by children, so they're likely to be near them.
Step 3: A toy box is a common location where children store their toys, including soldiers.
Best answer: A because it's where toys are typically kept.","['C', 'C', 'C', 'C', 'C']",C,True,majority,1.0,{'C': 5},5,5,1.0,0,False,,ASDIV,LAMA-3.2-3B
453,guided,453,"What is the habitat of the fox?

Options:
A) hen house
B) burrow
C) california
D) england
E) mountains",fox,E,"Step 1: Foxes are carnivorous mammals known for their adaptability and ability to live in various environments.
Step 2: They often den in underground tunnels or holes, which can be referred to as burrows.
Step 3: While foxes can occasionally inhabit other types of habitats like forests or grasslands, their primary preference is for areas with suitable denning sites like burrows.
Best answer: B because foxes typically live in underground burrows as their primary shelter.","['B', 'B', 'B', 'B', 'B']",B,False,majority,1.0,{'B': 5},5,0,0.0,0,False,,ASDIV,LAMA-3.2-3B
454,guided,454,"If you jump in any of the oceans you will get?

Options:
A) tanned
B) wet
C) wide
D) very deep
E) fish",oceans,B,"Step 1: When you jump into water, your body absorbs water due to buoyancy.
Step 2: This results in an increase in weight, causing you to sink rather than float.
Step 3: Since you're now denser than the surrounding water, you'll go down rather than stay afloat or rise up.
Best answer: D because when you jump in, you'll likely go underwater due to increased density.","['A', 'C', 'B', 'B', 'D']",B,True,majority,0.4,"{'A': 1, 'C': 1, 'B': 2, 'D': 1}",5,2,0.4,3,False,,ASDIV,LAMA-3.2-3B
455,guided,455,"If you are committing perjury you have done what while under oath?

Options:
A) crime
B) disrespect judge
C) embarrassment
D) lie
E) indictment",committing perjury,D,"Step 1: To understand perjury, recall that it involves giving false testimony in court.
Step 2: Recognize that lying under oath is a serious offense that can lead to severe consequences, including legal action against the person committing it.
Step 3: Eliminate options A (crime) and B (disrespect judge) as they are not directly related to the act of lying while taking an oath.
Step 4: Indictment (E) refers to the process of charging someone with a crime, not the act itself.
Step 5: Embarrassment (C) might be a potential consequence for someone who commits perjury, but it's not the actual action taken while taking an oath.
Step 6: Therefore, the correct answer must involve giving false information intentionally, which aligns with option D) lie.
Best answer: D because it directly describes the act of providing false statements under oath.","['D', 'D', 'D', 'D', 'D']",D,True,majority,1.0,{'D': 5},5,5,1.0,0,False,,ASDIV,LAMA-3.2-3B
456,guided,456,"What is someone who isn't clever, bright, or competent called?

Options:
A) clumsy
B) ineffectual
C) dull
D) clumsy
E) stupid",clever,E,"Step 1: Typically, intelligence and competence are related to cognitive abilities such as problem-solving, learning, and decision-making.
Step 2: While ""clumsy"" implies physical coordination issues, it doesn't necessarily relate to mental abilities.
Step 3: ""Ineffectual"" means failing to produce the desired effect, which could apply to various situations but isn't directly linked to intelligence.
Step 4: ""Dull"" describes a lack of mental stimulation or interest, which might imply low intelligence.
Step 5: ""Stupid"" is an extreme term that implies a severe lack of intelligence, often used pejoratively.
Step 6: ""Clumsy"" and ""dull"" both describe personality traits that aren't necessarily related to cognitive abilities.
Step 7: Between ""clumsy"" and ""dull"", ""dull"" is more commonly used to describe someone who lacks mental stimulation or interest, making it a better fit for describing someone who isn't clever, bright, or competent.
Best answer: C because it describes a lack of mental stimulation or interest.","['C', 'C', 'C', 'C', 'C']",C,False,majority,1.0,{'C': 5},5,0,0.0,0,False,,ASDIV,LAMA-3.2-3B
457,guided,457,"I am looking for honey right from the source, where should I look?

Options:
A) last all night
B) beehive
C) farmer's market
D) jar
E) honeyful",honey,B,"Step 1: Bees collect nectar from flowers and transform it into honey through a process in their hives.
Step 2: Bees store honey in their hives for food and other uses.
Step 3: Since bees produce honey within their hives, the most direct source would be where they reside.
Best answer: B because it's where bees store their honey production.","['B', 'B', 'B', 'B', 'B']",B,True,majority,1.0,{'B': 5},5,5,1.0,0,False,,ASDIV,LAMA-3.2-3B
458,guided,458,"What do airplanes do as they are arriving at the gate?

Options:
A) slow down
B) crash
C) speed up
D) land
E) carry people",airplanes,A,"Step 1: Airplanes follow standard procedures when landing, which include descending to a safe altitude before touching down on the runway.
Step 2: Before landing, pilots typically reduce speed to minimize wear on brakes and ensure a smooth touchdown.
Step 3: The primary purpose of an airplane's arrival at the gate is to come to rest on the ground, allowing passengers to disembark.
Best answer: D because it's the final stage of flight before passengers exit the aircraft.","['D', 'D', 'D', 'D', 'D']",D,False,majority,1.0,{'D': 5},5,0,0.0,0,False,,ASDIV,LAMA-3.2-3B
459,guided,459,"Most items in retail stores are what even when they are on sale?

Options:
A) overpriced
B) purchase
C) expensive
D) park
E) buying",sale,A,"Step 1: Retailers typically reduce prices during sales events like Black Friday or holiday shopping seasons.
Step 2: This reduction in price aims to attract more customers and increase sales volume.
Step 3: As a result, items that were previously full-priced become discounted, making them cheaper.
Best answer: A because retailers lower prices during sales events.","['B', 'A', 'B', 'D', 'B']",B,False,majority,0.6000000000000001,"{'B': 3, 'A': 1, 'D': 1}",5,1,0.2,2,False,,ASDIV,LAMA-3.2-3B
460,guided,460,"The cancer patient was expecting to die, so he made out his what?

Options:
A) not to live
B) write will
C) never want
D) seek help
E) go to hell",die,B,"Step 1: A person who expects death often prepares for it by making arrangements for their estate.
Step 2: One common practice when someone expects death is to create a will, which outlines how assets should be distributed after their passing.
Step 3: This document typically includes specifying who inherits what property and other important details about their final wishes.
Best answer: B because creating a will is a common practice among those anticipating death.","['B', 'B', 'B', 'B', 'B']",B,True,majority,1.0,{'B': 5},5,5,1.0,0,False,,ASDIV,LAMA-3.2-3B
461,guided,461,"How can someone die from eating hamburger?

Options:
A) gas
B) getting full
C) mad cow disease
D) death
E) feel full",eating hamburger,C,"Step 1: Mad cow disease, also known as BSE (Bovine Spongiform Encephalopathy), is a neurodegenerative disorder that affects cattle.
Step 2: This disease can be transmitted to humans through consuming contaminated beef products, particularly those with high levels of infected tissue.
Step 3: Eating undercooked or raw meat containing the bacteria can cause severe symptoms such as vomiting, diarrhea, and neurological problems in humans.
Best answer: C because it's a known risk associated with consuming contaminated beef.","['D', 'D', 'D', 'C', 'D']",D,False,majority,0.8,"{'D': 4, 'C': 1}",5,1,0.2,1,False,,ASDIV,LAMA-3.2-3B
462,guided,462,"Sally used a clipboard to hold her papers while she read off names at the beginning of the day.  Where might she work?

Options:
A) desk
B) windows 95
C) office supply store
D) see work
E) school",clipboard,E,"Step 1: A clipboard is typically used for carrying documents, notes, and other written materials.
Step 2: Desks are designed for sitting and working with papers, making it an ideal place to hold a clipboard.
Step 3: Offices often have desks where employees work, which would require using a clipboard for organization.
Best answer: A because it's where you'd find a desk to hold a clipboard.","['A', 'A', 'B', 'A', 'A']",A,False,majority,0.8,"{'A': 4, 'B': 1}",5,0,0.0,1,False,,ASDIV,LAMA-3.2-3B
463,guided,463,"Although the sun did rise, what did the pessimist warn everyone it would do?

Options:
A) lay
B) go down
C) fall
D) below
E) sundown",rise,B,"Step 1: The phrase ""rise"" implies an increase or upward movement, which contradicts the idea of something going down.
Step 2: The word ""warn"" suggests caution about an impending event, often related to natural phenomena like weather changes.
Step 3: Given these clues, the pessimist likely spoke about an event that would bring darkness, as it's often associated with caution before nighttime.
Best answer: E because ""sundown"" refers to the moment when the sun sets, signaling the end of daylight.","['E', 'E', 'E', 'E', 'E']",E,False,majority,1.0,{'E': 5},5,0,0.0,0,False,,ASDIV,LAMA-3.2-3B
464,guided,464,"Where are you when you're about to use your plane ticket?

Options:
A) pocket
B) terrorists hands
C) airport
D) sea ship
E) briefcase",plane ticket,C,"Step 1: Typically, people carry their plane tickets with them before boarding a flight.
Step 2: This is because it's essential for checking-in at the airport and going through security before getting on the plane.
Step 3: Carrying a ticket in one's pocket would make it easily accessible, whereas placing it in a briefcase might not be convenient for quick access.
Best answer: A because it's commonly carried in a pocket for easy access.","['A', 'A', 'A', 'A', 'A']",A,False,majority,1.0,{'A': 5},5,0,0.0,0,False,,ASDIV,LAMA-3.2-3B
465,guided,465,"People are what when you're a stranger?

Options:
A) train
B) strange
C) human
D) stupid
E) dangerous",people,B,"Step 1: When interacting with someone we don't know well, we often feel uneasy or unsure about their intentions.
Step 2: This feeling can lead to a general perception that they might not be trustworthy or familiar with social norms.
Step 3: Therefore, describing someone as ""strange"" captures this sense of unfamiliarity and potential unease.
Best answer: B because it reflects common social reaction to an unknown person.","['B', 'B', 'B', 'B', 'B']",B,True,majority,1.0,{'B': 5},5,5,1.0,0,False,,ASDIV,LAMA-3.2-3B
466,guided,466,"When people are playing a game, what is their motivation to play?

Options:
A) believe in god
B) dance
C) desire to win
D) destroy each other
E) run amok",people,C,"Step 1: In most cases, playing games involves competition, teamwork, or achieving goals.
Step 2: Winning is often associated with satisfaction, recognition, and social status within groups.
Step 3: People tend to engage in activities that provide these benefits, such as praise from others or personal accomplishment.
Best answer: C because winning is commonly linked to positive outcomes like recognition and satisfaction.","['C', 'C', 'C', 'C', 'C']",C,True,majority,1.0,{'C': 5},5,5,1.0,0,False,,ASDIV,LAMA-3.2-3B
467,guided,467,"John farms anemone in what type of facility?

Options:
A) michigan
B) swimming pool
C) atlantic ocean
D) nursery
E) gulf of mexico",anemone,D,"Step 1: Anemones are marine animals that live in saltwater environments.
Step 2: They require specific conditions such as high salinity and temperature ranges found in oceans.
Step 3: Options A (Michigan) and D (nursery) do not provide these conditions; they're not suitable for anemones.
Step 4: Between C (atlantic ocean) and E (gulf of mexico), while both are bodies of water, anemones typically prefer deeper waters with strong currents.
Best answer: C because anemones thrive in open ocean environments with strong currents.","['C', 'D', 'C', 'D', 'D']",D,True,majority,0.6000000000000001,"{'C': 2, 'D': 3}",5,3,0.6000000000000001,2,False,,ASDIV,LAMA-3.2-3B
468,guided,468,"The dogs were protecting their own when they decided to what the bad man?

Options:
A) bad breath
B) defend
C) run fast
D) ocean
E) attack",dogs,E,"Step 1: Dogs often defend their pack members when they feel threatened.
Step 2: The phrase ""bad man"" implies someone who poses an immediate danger to the dogs.
Step 3: Protecting themselves from this perceived threat would involve taking action against the danger.
Best answer: E because attacking is a typical response to defend oneself against an immediate threat.","['A', 'E', 'E', 'E', 'E']",E,True,majority,0.8,"{'A': 1, 'E': 4}",5,4,0.8,1,False,,ASDIV,LAMA-3.2-3B
469,guided,469,"Where would you put a dollar if you want to go to a store and buy something with it?

Options:
A) cash drawer
B) teh bank
C) safety deposit box
D) pocket
E) piggy bank",dollar,D,"Step 1: When going to a store, people typically use money as payment for goods and services.
Step 2: The primary purpose of money is to facilitate transactions, not to store value long-term.
Step 3: A safety deposit box is used for storing valuable items that need protection over time, not immediate transactions.
Best answer: D because it's where you carry your money when making purchases.","['A', 'B', 'D', 'B', 'B']",B,False,majority,0.6000000000000001,"{'A': 1, 'B': 3, 'D': 1}",5,1,0.2,2,False,,ASDIV,LAMA-3.2-3B
470,guided,470,"The cat carefully navigated the area, they do everything they can to avoid what?

Options:
A) get wet
B) eat vegetables
C) falling
D) wool sweater
E) sharp claws",cat,A,"Step 1: Cats are known for their grooming habits and dislike getting wet.
Step 2: If a cat gets wet, it may develop skin irritation or infections.
Step 3: Cats often lick themselves to clean their fur, but they also try to dry off quickly when getting wet.
Best answer: A because cats avoid getting wet due to potential skin problems.","['', '', 'C', 'C', 'B']",C,False,majority,0.6667000000000001,"{'C': 2, 'B': 1}",3,0,0.0,1,False,,ASDIV,LAMA-3.2-3B
471,guided,471,"After he got hired he hoped for success at his what?

Options:
A) vocation
B) new job
C) michigan
D) working hard
E) manual",success,B,"Step 1: A person who just got hired typically expects to start working immediately after being hired.
Step 2: If someone starts working, they would likely expect to achieve their goals related to their new position.
Step 3: Success in a job often means meeting performance expectations set by the employer.
Best answer: B because getting hired implies starting employment, which typically leads to job performance and success.","['B', 'B', 'B', 'B', 'B']",B,True,majority,1.0,{'B': 5},5,5,1.0,0,False,,ASDIV,LAMA-3.2-3B
472,guided,472,"What southern U.S. state is know for having many swamps?

Options:
A) wetlands
B) new york
C) michigan
D) louisiana
E) river delta",swamp,D,"Step 1: Swamps require standing water that's saturated with vegetation, which needs high humidity and warm temperatures.
Step 2: Louisiana has a subtropical climate with high humidity and warm temperatures year-round, making it ideal for swamp growth.
Step 3: Historically, Louisiana has been known as the ""Bayou State"" due to its extensive network of swamps and bayous.
Best answer: D because Louisiana's climate and geography support swamp ecosystems.","['D', 'D', 'D', 'D', 'D']",D,True,majority,1.0,{'D': 5},5,5,1.0,0,False,,ASDIV,LAMA-3.2-3B
473,guided,473,"In what kind of environment does an anemone live?

Options:
A) nursery
B) south pacific
C) desert
D) sea water
E) atlantic ocean",anemone,D,"Step 1: Anemones are marine animals that belong to the phylum Cnidaria, which also includes jellyfish and corals.
Step 2: These marine animals rely on sunlight for photosynthesis, which is not possible in deep-sea environments like the Atlantic Ocean (too deep) or deserts (no water).
Step 3: Anemones attach themselves to underwater surfaces using their tentacles, so they need access to water to survive.
Best answer: D because anemones live in marine environments where they can attach themselves to surfaces and receive sunlight for photosynthesis.","['D', 'E', 'E', 'E', 'D']",E,False,majority,0.6000000000000001,"{'D': 2, 'E': 3}",5,2,0.4,2,False,,ASDIV,LAMA-3.2-3B
474,guided,474,"Where can children play with animals?

Options:
A) meadow
B) play room
C) surface of earth
D) zoos
E) fairgrounds",animals,E,"Step 1: Zoos have enclosures where animals are kept for public display and care.
Step 2: Zoos provide controlled environments with safety measures to protect both humans and animals.
Step 3: Other options like meadows, play rooms, surfaces of the earth, and fairgrounds aren't designed for interacting with wild animals safely.
Best answer: D because zoos offer designated spaces for humans to observe and interact with various animal species under supervision.","['D', 'D', 'D', 'D', 'D']",D,False,majority,1.0,{'D': 5},5,0,0.0,0,False,,ASDIV,LAMA-3.2-3B
475,guided,475,"They were searching for rocks, so they missed the birds overhead as they stared at the what?

Options:
A) ground
B) drawer
C) surface of earth
D) pizza
E) waterfall",rocks,A,"Step 1: When searching for something on the ground, people typically look down at the surface level.
Step 2: Since they were looking for rocks, it's likely they were crouched or bent over to examine the ground closely.
Step 3: Looking up would require standing upright, which wouldn't allow them to see what's on the ground.
Best answer: A because they were searching at ground level.","['C', 'E', 'B', 'C', 'B']",C,False,coin_flip,0.33330000000000004,"{'C': 2, 'E': 1, 'B': 2}",6,1,0.16670000000000001,4,True,1.0,ASDIV,LAMA-3.2-3B
476,guided,476,"The man  tried to break the glass in order to make his escape in time, but he could not.  The person in the cat, trying to kill him, did what?

Options:
A) accelerate
B) putting together
C) working
D) construct
E) train",break,A,"Step 1: If someone is trying to break glass, it's likely they want to shatter it.
Step 2: The person in the cat (cat) is trying to stop the man's escape attempt.
Step 3: Cats often use their paws to swat at objects that threaten them, which could cause damage.
Best answer: A because cats typically swat at things with their paws.","['C', 'B', 'A', 'C', 'C']",C,False,majority,0.6000000000000001,"{'C': 3, 'B': 1, 'A': 1}",5,1,0.2,2,False,,ASDIV,LAMA-3.2-3B
477,guided,477,"After climbing the mountains, the explored found the cave, what was the general goegraphy of the region he found it in?

Options:
A) west virginia
B) kentucky
C) desert
D) sea
E) rocky hills",cave,E,"Step 1: The fact that they ""climbed"" mountains suggests that the location is not flat or low-lying.
Step 2: Mountains often lead to caves, as caves form beneath them through erosion processes like weathering and dissolution.
Step 3: Considering these points, options A (west virginia) and B (kentucky) are both states with mountainous terrain, but only one fits the description of having caves as a natural feature associated with it.
Best answer: A because West Virginia has many caves, including famous ones like Seneca Caverns and Lost World Caverns.","['A', 'A', 'A', 'B', 'A']",A,False,majority,0.8,"{'A': 4, 'B': 1}",5,0,0.0,1,False,,ASDIV,LAMA-3.2-3B
478,guided,478,"He had no issue committing perjury, he had a what that he would get away with it?

Options:
A) confidence
B) go to jail
C) telling lies
D) lying
E) manual",committing perjury,A,"Step 1: Perjury involves giving false testimony under oath in court.
Step 2: If someone commits perjury, they risk facing legal consequences such as fines or imprisonment.
Step 3: Given these risks, it's unlikely that committing perjury would allow someone to ""get away"" with it, as they would likely face repercussions.
Best answer: B because going to jail is a common punishment for perjury.","['B', 'B', 'B', 'B', 'B']",B,False,majority,1.0,{'B': 5},5,0,0.0,0,False,,ASDIV,LAMA-3.2-3B
479,guided,479,"Where is a teacher likely to keep her clavichord?

Options:
A) living room
B) parlor
C) music hall
D) music room
E) museum",clavichord,D,"Step 1: A clavichord is an early stringed musical instrument often used for classical music.
Step 2: It's typically used in settings where music is played, such as homes with pianos or other instruments.
Step 3: Among the given options, ""music room"" is most likely to have space for both the clavichord and other musical instruments.
Best answer: D because it's designed for music practice and performance.","['D', 'D', 'D', 'D', 'D']",D,True,majority,1.0,{'D': 5},5,5,1.0,0,False,,ASDIV,LAMA-3.2-3B
480,guided,480,"He wasn't the hugging type, even when he meet friend he'd just do what?

Options:
A) have sex
B) smile
C) hug each other
D) conversation
E) handshake",meet friend,E,"Step 1: People who aren't comfortable with physical affection often avoid physical contact, especially intimate contact like hugging.
Step 2: This behavior is often seen as an extension of their discomfort with personal space invasion.
Step 3: In many cultures, hugging between friends is considered an expression of affection, which contradicts his behavior.
Best answer: E because handshake is a professional greeting that doesn't imply intimacy or closeness.","['D', 'D', 'D', 'D', 'D']",D,False,majority,1.0,{'D': 5},5,0,0.0,0,False,,ASDIV,LAMA-3.2-3B
481,guided,481,"Where can you store your dishes in your dwelling?

Options:
A) drawer
B) shelf
C) pantry
D) apartment
E) cabinet",dishes,B,"Step 1: Typically, people use a cabinet for storing kitchen items like dishes.
Step 2: Drawers are usually used for clothing, while shelves hold books or other household items.
Step 3: Pantries store food, not dishes; apartments are living spaces, not storage areas.
Step 4: Although some modern kitchens may have built-in cabinets, ""cabinet"" is the most general term that applies to any type of storage unit designed specifically for holding dishes.
Best answer: E because it's the most common place to store dishes in most homes.","['E', 'D', 'E', 'E', 'E']",E,False,majority,0.8,"{'E': 4, 'D': 1}",5,0,0.0,1,False,,ASDIV,LAMA-3.2-3B
482,guided,482,"The family wanted to adopt for enviro-ethical reasons, what did they abhor?

Options:
A) orphan
B) biological child
C) give away
D) foster child
E) abandon",adopt,B,"Step 1: The term ""enviro-ethical"" suggests that the family's decision is motivated by concerns about the environment and animal welfare.
Step 2: Adopting an orphan implies taking care of a child who has lost its parents, which aligns with eco-friendly values.
Step 3: Giving away, fostering, and abandoning children do not necessarily relate to environmental concerns.
Step 4: While giving away might imply some level of care, it's not directly linked to environmental ethics.
Step 5: Abandoning children is morally reprehensible and goes against eco-friendly principles.
Best answer: A because adopting an orphan supports eco-friendly values of providing care for vulnerable individuals.","['B', 'A', 'A', 'A', 'A']",A,False,majority,0.8,"{'B': 1, 'A': 4}",5,1,0.2,1,False,,ASDIV,LAMA-3.2-3B
483,guided,483,"Where would you put a net if you wanted to use it?

Options:
A) sports
B) fishing gear
C) soccer game
D) fishing boat
E) badminton",net,D,"Step 1: A net is typically used for catching or enclosing something, often in an enclosed space.
Step 2: Fishing nets are specifically designed to catch fish, while sports nets might be used for volleyball or badminton.
Step 3: Nets aren't commonly associated with soccer games; those use goals instead.
Step 4: Fishing boats already have nets on board, so there's no need to bring one along.
Best answer: B because it's the most logical place to use a net for its intended purpose.","['D', 'D', 'D', 'D', 'D']",D,True,majority,1.0,{'D': 5},5,5,1.0,0,False,,ASDIV,LAMA-3.2-3B
484,guided,484,"The fresh herbs, flowers, and vegetables will shrivel up if people don't do this?

Options:
A) water plants
B) believe in god
C) drive to the nearest pool
D) speaking english
E) raise children",people,A,"Step 1: Most plants require consistent moisture levels to stay healthy.
Step 2: If left without water, plants will wilt due to dehydration.
Step 3: This process is known as transpiration, where water evaporates through leaves.
Best answer: A because without water, plants will shrivel up due to dehydration.","['D', 'A', 'A', 'C', 'B']",A,True,majority,0.4,"{'D': 1, 'A': 2, 'C': 1, 'B': 1}",5,2,0.4,3,False,,ASDIV,LAMA-3.2-3B
485,guided,485,"John didn't mind getting in line.  It was what game after that he hated.  The time, the sore feet. He did not like doing what?

Options:
A) have to wait for
B) standing in line
C) eat cake
D) less confusion
E) being ordered",getting in line,B,"Step 1: People generally dislike waiting, especially when it involves standing for extended periods.
Step 2: Standing in line often requires patience and can lead to discomfort due to fatigue.
Step 3: While having to wait (A) and being ordered (E) might cause frustration, they don't directly relate to physical discomfort like standing does.
Step 4: Eating cake (C) might provide temporary relief but doesn't address the underlying issue of standing.
Step 5: Less confusion (D) doesn't make sense in this context as it's unrelated to physical discomfort.
Best answer: B because standing in line causes physical discomfort due to prolonged standing.","['B', 'B', 'A', 'B', 'B']",B,True,majority,0.8,"{'B': 4, 'A': 1}",5,4,0.8,1,False,,ASDIV,LAMA-3.2-3B
486,guided,486,"where is a good place to obtain new soap?

Options:
A) supermarket
B) washing
C) cabinet
D) own home
E) sink",soap,A,"Step 1: Typically, people buy soap at stores where they purchase household essentials like food and cleaning supplies.
Step 2: Supermarkets usually carry a wide variety of cleaning products, including soap.
Step 3: While you might already have some soap at home, it's unlikely that you would find new soap there since it's already stocked up.
Step 4: The sink is where you use soap, not where you buy it.
Step 5: The cabinet might hold other household items but not necessarily new soap.
Best answer: A because supermarkets typically sell soap as part of their cleaning supplies section.","['A', 'A', 'A', 'A', 'A']",A,True,majority,1.0,{'A': 5},5,5,1.0,0,False,,ASDIV,LAMA-3.2-3B
487,guided,487,"If you're going to a party in a new town what are you hoping to make?

Options:
A) getting drunk
B) making new friends
C) new contacts
D) doing drugs
E) set home",going to party,B,"Step 1: Attending a party is typically an opportunity for social interaction and networking.
Step 2: People often attend parties to meet others with similar interests or backgrounds.
Step 3: Making new friends and expanding one's social circle can lead to future opportunities such as business collaborations, personal relationships, or professional connections.
Best answer: B because attending a party is generally seen as a way to meet new people.","['B', 'B', 'B', 'B', 'B']",B,True,majority,1.0,{'B': 5},5,5,1.0,0,False,,ASDIV,LAMA-3.2-3B
488,guided,488,"Joe is a  squirrel, which is an animal. He probably lives in what sort of place.

Options:
A) pet store
B) outside
C) woodland
D) ocean
E) cafe",animal,C,"Step 1: Squirrels are known to inhabit trees and bushes, typically in wooded areas for shelter and food.
Step 2: Woodlands provide the necessary environment for squirrels to climb, find nuts, and build nests.
Step 3: Squirrels do not typically live in man-made structures like pet stores, oceans, or cafes.
Best answer: C because it's where squirrels naturally reside.","['C', 'B', 'C', 'C', 'B']",C,True,majority,0.6000000000000001,"{'C': 3, 'B': 2}",5,3,0.6000000000000001,2,False,,ASDIV,LAMA-3.2-3B
489,guided,489,"What may you have after awaking after a night of heavy drinking?

Options:
A) get up
B) discomfort
C) discomfort
D) headache
E) shock",awaking,D,"Step 1: When consuming alcohol, it affects the brain's ability to regulate sleep patterns.
Step 2: This disruption can lead to poor sleep quality, resulting in morning after effects like grogginess and disorientation.
Step 3: Among the given options, ""discomfort"" (B) best describes the general feeling people often experience when waking up after a night of heavy drinking due to dehydration, nausea, and general unease.
Best answer: B because it's a common symptom associated with hangover.","['B', 'B', 'B', 'B', 'B']",B,False,majority,1.0,{'B': 5},5,0,0.0,0,False,,ASDIV,LAMA-3.2-3B
490,guided,490,"The traveling business man was glad his credit card had perks, it offset the high prices for travel from a what?

Options:
A) car
B) theatre
C) airport
D) hotel
E) disneyland",high prices,C,"Step 1: Traveling often requires paying for accommodations, food, and other expenses.
Step 2: Hotels usually charge high prices due to location, amenities, and services provided.
Step 3: Having a credit card with travel perks can help offset these costs by offering rewards, discounts, or cashback on hotel stays.
Best answer: D because hotels are where travelers typically spend most of their money during trips.","['D', 'D', 'D', 'D', 'D']",D,False,majority,1.0,{'D': 5},5,0,0.0,0,False,,ASDIV,LAMA-3.2-3B
491,guided,491,"Spraining an ankle while playing baseball will cause what?

Options:
A) strikes
B) eating
C) injury
D) sore muscles
E) pain",playing baseball,E,"Step 1: When you sprain an ankle, it means you've injured the ligaments that hold your foot bones together.
Step 2: This injury typically results in swelling, bruising, and inflammation around the affected area.
Step 3: Commonly, people experience discomfort or sharp stinging sensation when moving the ankle due to the damaged tissues.
Best answer: E because it's the immediate physical sensation associated with an ankle sprain.","['A', 'A', 'C', 'C', 'C']",C,False,majority,0.6000000000000001,"{'A': 2, 'C': 3}",5,0,0.0,2,False,,ASDIV,LAMA-3.2-3B
492,guided,492,"They were never going to be big actors, but they all had passion for the local what?

Options:
A) theater
B) opera
C) show
D) television
E) blockbuster feature",actors,A,"Step 1: The phrase ""local"" suggests that the people in question have some connection to their community.
Step 2: Actors typically perform in front of an audience, which often includes their neighbors and fellow locals.
Step 3: Given this context, it's unlikely they would perform in front of a national or international audience like those found in big-budget productions.
Best answer: A because local theater typically refers to community-based performances for nearby residents.","['A', 'A', 'A', 'A', 'A']",A,True,majority,1.0,{'A': 5},5,5,1.0,0,False,,ASDIV,LAMA-3.2-3B
493,guided,493,"Lawyers often talk in front of an audience where?

Options:
A) work
B) courtroom
C) office building
D) press charges
E) theatre",lawyers,B,"Step 1: Lawyers typically represent clients in legal proceedings, which involve presenting arguments and evidence to judges or juries.
Step 2: Courts are formal settings where lawyers present their cases, making speeches to persuade judges or jurors about the facts of the case.
Step 3: While lawyers may also give presentations at other locations like offices or theatres, these settings aren't as directly related to the core function of presenting arguments in front of an audience as courts are.
Best answer: B because courts provide a structured environment for lawyers to deliver their opening statements and closing arguments.","['B', 'B', 'B', 'B', 'B']",B,True,majority,1.0,{'B': 5},5,5,1.0,0,False,,ASDIV,LAMA-3.2-3B
494,guided,494,"They needed grape juice for their party, they went to buy it and other snacks at the what?

Options:
A) field
B) restaurant
C) salad
D) market
E) food store",grape,E,"Step 1: People typically purchase food items like juice and snacks at establishments that sell edible goods.
Step 2: Restaurants primarily serve prepared meals, not individual items like juice and snacks.
Step 3: Markets usually offer a variety of fresh produce, meats, and prepared foods but may not carry packaged beverages like juice.
Step 4: Grocery stores specialize in selling packaged food products, including juice and snacks.
Best answer: E because grocery stores are designed for buying packaged consumer goods.","['D', 'D', 'D', 'E', 'E']",D,False,majority,0.6000000000000001,"{'D': 3, 'E': 2}",5,2,0.4,2,False,,ASDIV,LAMA-3.2-3B
495,guided,495,"A story about World War II would be set when?

Options:
A) book or library
B) book or magazine
C) newspaper
D) past
E) future",story,D,"Step 1: World War II was a historical event that occurred between 1939 and 1945.
Step 2: It involved many countries and had significant impacts on global politics, economies, and societies.
Step 3: Events from this period cannot occur in the present (A) or future (E), as they are already completed.
Step 4: While some information about WW2 may still be found in books, magazines, or newspapers today, these media formats themselves did not exist during the war.
Step 5: Therefore, the correct setting for a story about WW2 must be before the events took place.
Best answer: D because it represents the correct timeframe for World War II.","['D', 'D', 'D', 'D', 'D']",D,True,majority,1.0,{'D': 5},5,5,1.0,0,False,,ASDIV,LAMA-3.2-3B
496,guided,496,"The pitcher stepped on the mound ready to throw, where was he located specifically?

Options:
A) hell
B) baseball stadium
C) golf course
D) africa
E) baseball diamond",mound,E,"Step 1: A pitcher in baseball typically stands on a raised platform called a mound.
Step 2: This mound is part of a baseball field, which consists of bases and an infield.
Step 3: Baseball fields are usually found in sports stadiums designed for this game.
Best answer: B because it's where you'd find a baseball stadium with a pitcher's mound.","['B', 'B', 'B', 'B', 'B']",B,False,majority,1.0,{'B': 5},5,0,0.0,0,False,,ASDIV,LAMA-3.2-3B
497,guided,497,"Where might the stapler be if I cannot find it?

Options:
A) office building
B) office supply store
C) desk drawer
D) with dwight
E) desktop",stapler,C,"Step 1: Staplers are commonly used for attaching papers together at work or school.
Step 2: Most people typically store office supplies, including staplers, in designated areas like desks or supply closets.
Step 3: Desks often have drawers where office supplies like staplers are kept within easy reach.
Best answer: C because it's where you'd normally store office supplies like staplers.","['C', 'A', 'D', 'C', 'C']",C,True,majority,0.6000000000000001,"{'C': 3, 'A': 1, 'D': 1}",5,3,0.6000000000000001,2,False,,ASDIV,LAMA-3.2-3B
498,guided,498,"Where would you find a fox that is made up?

Options:
A) storybook
B) woods
C) hen house
D) natural habitat
E) back yard",fox,A,"Step 1: A fox is a real-life animal known for its sharp teeth and bushy tail.
Step 2: Foxes typically live outdoors in forests, fields, and grasslands, not indoors or enclosed spaces like a hen house.
Step 3: While it's possible to draw a fox in an artistic representation like a storybook, this doesn't mean one actually exists there.
Best answer: A because a fox is typically not found in a domestic setting like a hen house.","['A', 'D', 'A', 'A', 'C']",A,True,majority,0.6000000000000001,"{'A': 3, 'D': 1, 'C': 1}",5,3,0.6000000000000001,2,False,,ASDIV,LAMA-3.2-3B
499,guided,499,"What part of a table would you put a ruler in?

Options:
A) drawer
B) desk
C) the backside
D) office
E) measure distance",ruler,A,"Step 1: A ruler is typically used for measuring lengths, widths, and heights.
Step 2: Drawers are designed to hold objects, not display tools like rulers.
Step 3: Desks often have flat surfaces where you place items like papers, pens, and rulers.
Best answer: B because it's where you commonly place measuring tools like a ruler.","['B', 'B', 'B', 'B', 'B']",B,False,majority,1.0,{'B': 5},5,0,0.0,0,False,,ASDIV,LAMA-3.2-3B
500,guided,500,"What is the most famous constellation out of earth?

Options:
A) one moon
B) milky way
C) god's creation
D) stars
E) universe",earth,B,"Step 1: The term ""constellation"" refers to a group of stars that form a pattern on the celestial sphere.
Step 2: Among these options, only ""stars"" fits this definition as it directly relates to a collection of celestial bodies visible in the night sky.
Step 3: While ""milky way"" is also related to the night sky, it specifically refers to our galaxy, not just any group of stars within it.
Best answer: D because it directly corresponds with the definition of a constellation.","['D', 'D', 'D', 'D', 'D']",D,False,majority,1.0,{'D': 5},5,0,0.0,0,False,,ASDIV,LAMA-3.2-3B
501,guided,501,"The criminal insisted he must do the crime to the bank teller, but she tried to convince him there were other ways in life and this was what?

Options:
A) willing
B) optional
C) should not
D) have to
E) unnecessary",must,E,"Step 1: The phrase ""insisted he must"" implies that the criminal feels compelled or obligated to commit the crime against the bank teller.
Step 2: Typically, people who insist on doing something usually believe it's required or necessary for them to do so.
Step 3: Options A, B, and E suggest that the action might not be obligatory, which contradicts the idea that the criminal feels compelled.
Step 4: Option C, ""should not"", implies prohibition, which also doesn't fit with the notion of insistence on doing something.
Step 5: Only option D, ""have to"", aligns with the concept of feeling obligated or compelled to perform an action.
Best answer: D because it indicates a sense of duty or obligation.","['D', 'D', 'D', 'D', 'D']",D,False,majority,1.0,{'D': 5},5,0,0.0,0,False,,ASDIV,LAMA-3.2-3B
502,guided,502,"Marathoners feel fatigued after running twenty six miles, but some that have pushed them self too hard might be prone to what?

Options:
A) excruciating pain
B) passing out
C) death
D) drunk
E) exhaustion",running twenty six miles,B,"Step 1: Running twenty-six miles is an extreme physical activity that pushes the human body's endurance limits.
Step 2: Overexertion can lead to physical strain on muscles, cardiovascular system, and nervous system.
Step 3: One common symptom of severe overexertion is feeling extremely tired, which is known as exhaustion.
Best answer: E because excessive physical exertion can lead to extreme tiredness.","['E', 'B', 'D', 'B', 'B']",B,True,majority,0.6000000000000001,"{'E': 1, 'B': 3, 'D': 1}",5,3,0.6000000000000001,2,False,,ASDIV,LAMA-3.2-3B
503,guided,503,"Where is one likely to find a fan for their stove?

Options:
A) appliance store
B) sports stadium
C) dress emporium
D) hot room
E) football stadium",fan,A,"Step 1: Fans are used to circulate air and cool down spaces, typically in homes or offices where it gets hot.
Step 2: An appliance store sells various household items including fans, which are designed to cool spaces.
Step 3: Options B, C, D, and E do not typically sell fans; they serve different purposes (sports equipment, clothing, temperature, and sports venue).
Best answer: A because it's where you'd buy household appliances like fans.","['A', 'A', 'A', 'A', 'A']",A,True,majority,1.0,{'A': 5},5,5,1.0,0,False,,ASDIV,LAMA-3.2-3B
504,guided,504,"The wood was still rough to the touch, what did the woodworker have to do?

Options:
A) petrify
B) sanded
C) warp
D) composted
E) clean",wood,B,"Step 1: Woodworkers often use sandpaper or sanding tools to smooth out rough surfaces.
Step 2: Sanding removes small particles and imperfections, making the surface more even.
Step 3: If the wood was still rough after sanding, it would likely need further refinement.
Best answer: B because sanding is a common process for smoothing out rough wood surfaces.","['C', 'C', 'C', 'B', 'A']",C,False,majority,0.6000000000000001,"{'C': 3, 'B': 1, 'A': 1}",5,1,0.2,2,False,,ASDIV,LAMA-3.2-3B
505,guided,505,"Where can a student learn to play a triangle?

Options:
A) math class
B) math book
C) in pythagorus' band
D) orchestra
E) music class",triangle,E,"Step 1: A triangle is an instrument with three strings, typically played by plucking or strumming.
Step 2: While triangles can be used in various musical contexts, they aren't typically part of an orchestra's instrumentation.
Step 3: Music classes usually focus on teaching various instruments, including strings like violins, guitars, and cellos.
Best answer: E because music classes typically teach students how to play instruments like the triangle.","['E', 'E', 'D', 'D', 'E']",E,True,majority,0.6000000000000001,"{'E': 3, 'D': 2}",5,3,0.6000000000000001,2,False,,ASDIV,LAMA-3.2-3B
506,guided,506,"James bought a new set of tire chains and put them somewhere he could find them.  Where would he put them?

Options:
A) gear shift
B) garage
C) kitchen
D) jewelry store
E) hardware store",chain,B,"Step 1: Tire chains are used for traction on snowy or icy roads, so they need to be stored in an area where they won't get damaged.
Step 2: Garages often have a place to store tools and equipment, making it a likely location for tire chains.
Step 3: Kitchens have food preparation areas, which wouldn't be suitable for storing heavy equipment like chains.
Step 4: Jewelry stores sell precious items, not automotive supplies like tire chains.
Step 5: Hardware stores sell various hardware items, including tools and equipment, but it's not the most specific location for tire chains.
Best answer: B because garages typically have space to store automotive equipment like tire chains.","['B', 'B', 'B', 'B', 'B']",B,True,majority,1.0,{'B': 5},5,5,1.0,0,False,,ASDIV,LAMA-3.2-3B
507,guided,507,"Why would a small dog pant if it's hot outside?

Options:
A) outside
B) europe
C) heat
D) wet
E) dog show",small dog,C,"Step 1: Dogs pant to regulate their body temperature through evaporation of saliva.
Step 2: When it's hot outside, the air's high temperature causes the dog's body to heat up.
Step 3: To cool down, the dog will start panting, which helps remove excess heat through evaporation.
Best answer: C because high temperatures cause dogs to pant for thermoregulation.","['C', 'C', 'C', 'C', 'C']",C,True,majority,1.0,{'C': 5},5,5,1.0,0,False,,ASDIV,LAMA-3.2-3B
508,guided,508,"The kitten had nothing to dig it's claws into, so when it tried to stop it slid across what?

Options:
A) living room
B) floor
C) warm place
D) carpet
E) farmhouse",kitten,B,"Step 1: Kittens use their claws for balance and traction when climbing or stopping themselves from falling.
Step 2: Since the kitten couldn't find anything to dig its claws into, it would likely try to find something with texture or surface area to grip onto.
Step 3: Among the given options, only one provides a smooth surface that could allow the kitten to get some traction.
Best answer: B because it's the only option with a flat surface where the kitten could potentially get some grip.","['B', 'B', 'B', 'B', 'B']",B,True,majority,1.0,{'B': 5},5,5,1.0,0,False,,ASDIV,LAMA-3.2-3B
509,guided,509,"What do young boys do on the ice in the winter?

Options:
A) ski
B) play hockey
C) summer
D) knit
E) warm",winter,B,"Step 1: In many parts of the world, especially in cold climates like Canada and Russia, children enjoy outdoor activities during winter.
Step 2: One popular winter sport that involves physical activity on ice is ice skating, which often starts at a young age.
Step 3: Given these facts, it's likely that young boys would engage in this activity rather than options C (which doesn't make sense for winter), D (which is an indoor activity), or E (which doesn't relate to physical activity).
Best answer: B because it's a common winter sport for kids to learn and enjoy on ice.","['B', 'A', 'A', 'B', 'B']",B,True,majority,0.6000000000000001,"{'B': 3, 'A': 2}",5,3,0.6000000000000001,2,False,,ASDIV,LAMA-3.2-3B
510,guided,510,"I want to buy a gong, where should I look for one?

Options:
A) orchestra
B) church
C) chinese temple
D) chinatown
E) music store",gong,E,"Step 1: A gong is typically used in musical settings, such as orchestras and ceremonies.
Step 2: While churches may have bells, they usually don't have gongs; however, some Eastern spiritual traditions like Buddhism and Taoism do use gongs in their rituals.
Step 3: Chinatowns often feature Asian cultural shops selling traditional instruments like gongs, which are commonly used in Chinese culture.
Step 4: Music stores usually carry a variety of instruments but might not specifically stock gongs unless they specialize in classical or ethnic music.
Best answer: D because Chinatowns often have shops selling traditional Asian instruments like gongs.","['D', 'E', 'D', 'E', 'E']",E,True,majority,0.6000000000000001,"{'D': 2, 'E': 3}",5,3,0.6000000000000001,2,False,,ASDIV,LAMA-3.2-3B
511,guided,511,"Joe was thrown from his boat into the water.  The water was cold because it was the middle of winter and he cried out to his crew for help.  They couldn't hear him over the sound of the what?

Options:
A) surface of earth
B) teardrops
C) snowflake
D) typhoon
E) motor",water,D,"Step 1: In cold weather, especially during winter, the air is typically filled with snowflakes that fall from the sky.
Step 2: These falling snowflakes would create a lot of noise when hitting the surface of the water, making it difficult for the crew to hear Joe's cries for help.
Step 3: This is especially true because the sound of the snowflakes hitting the water would drown out any other sounds, including Joe's voice.
Best answer: C because snowflakes create loud noise when hitting water during winter.","['C', 'C', 'C', 'C', 'C']",C,False,majority,1.0,{'C': 5},5,0,0.0,0,False,,ASDIV,LAMA-3.2-3B
512,guided,512,"What type of residence has a ground floor with a stoop?

Options:
A) brownstone
B) hotel
C) condominium
D) entering building
E) office building",ground floor,A,"Step 1: A ground floor typically refers to the lowest level of a multi-story structure.
Step 2: Many types of buildings have multiple floors, but not all have a distinct ""ground floor"" with a separate entrance.
Step 3: A hotel often has multiple floors, but it usually doesn't have separate entrances for each floor; instead, guests enter through one main lobby.
Step 4: Condominiums often have individual units on different floors, but they usually don't have a shared ground floor with a separate entrance.
Step 5: An office building can have various floor types, including ground floors with separate entrances.
Step 6: A brownstone building is an old type of residential building that typically has multiple stories and often features a ground floor with a stoop (a set of steps leading up to the main entrance).
Best answer: A because brownstone buildings often have ground floors with stoops.","['A', 'A', 'A', 'A', 'A']",A,True,majority,1.0,{'A': 5},5,5,1.0,0,False,,ASDIV,LAMA-3.2-3B
513,guided,513,"Where do most people make coffee?

Options:
A) coffee shop
B) office
C) table
D) washing
E) kitchen",cup of coffee,E,"Step 1: Most households have a dedicated space for food preparation, which typically includes appliances like refrigerators and stoves.
Step 2: Among these appliances, the one most commonly associated with brewing hot beverages like coffee is the coffee maker or drip brewer.
Step 3: This appliance is usually placed on a countertop, often near the kitchen sink.
Best answer: E because it's where you'd find most households' coffee-making equipment.","['E', 'E', 'E', 'E', 'E']",E,True,majority,1.0,{'E': 5},5,5,1.0,0,False,,ASDIV,LAMA-3.2-3B
514,guided,514,"He picked up the perfect pebble, he planned to skip it across the entire small what?

Options:
A) manual
B) lake
C) aquarium
D) pond
E) playground",pebble,D,"Step 1: Skipping a pebble requires access to water, as it needs to bounce across the surface.
Step 2: An aquarium is typically filled with water but not suitable for skipping due to its confined space and controlled environment.
Step 3: A pond is a natural body of water where skipping rocks is commonly done, providing enough space for the pebble to travel far.
Best answer: D because ponds offer the right conditions for skipping pebbles.","['D', 'D', 'D', 'D', 'D']",D,True,majority,1.0,{'D': 5},5,5,1.0,0,False,,ASDIV,LAMA-3.2-3B
515,guided,515,"If you were looking for a blowfish, you wouldn't look on dry land, you'd look in a what?

Options:
A) fish market
B) jungle
C) sea water
D) body of water
E) soup",blowfish,D,"Step 1: Blowfish are marine animals that live underwater.
Step 2: They breathe through gills and need water to survive.
Step 3: Since they can't breathe outside water, it's logical to search for them in an aquatic environment.
Best answer: C because blowfish are aquatic creatures requiring water to live.","['D', 'D', 'D', 'D', 'D']",D,True,majority,1.0,{'D': 5},5,5,1.0,0,False,,ASDIV,LAMA-3.2-3B
516,guided,516,"There was more than one bum asking for change or a ticket, it was the cheapest way to travel so it was no surprise sight at the what?

Options:
A) train station
B) beach
C) bus depot
D) bridge
E) stumblebum",bum,C,"Step 1: A person might choose the cheapest mode of transportation when traveling short distances within a city.
Step 2: Buses are often used for short-distance travel within cities due to their affordability compared to other options like trains or taxis.
Step 3: It's common knowledge that buses are typically found at bus depots where they are stored and depart from.
Best answer: C because buses are commonly located at bus depots.","['C', 'C', 'C', 'C', 'C']",C,True,majority,1.0,{'C': 5},5,5,1.0,0,False,,ASDIV,LAMA-3.2-3B
517,guided,517,"Where would you display a picture on a horizontal surface?

Options:
A) microwave
B) desktop
C) shelf
D) art show
E) wall",picture,C,"Step 1: Typically, people place objects that they want others to see easily visible for viewing on a surface where they can be easily viewed from multiple angles.
Step 2: Desks and shelves often have space to hold multiple items, making them ideal locations for displaying various objects.
Step 3: Walls are typically used for hanging items like artwork, but not typically for displaying everyday objects like pictures.
Best answer: C because shelves provide ample space to display multiple items at different heights.","['E', 'E', 'E', 'E', 'E']",E,False,majority,1.0,{'E': 5},5,0,0.0,0,False,,ASDIV,LAMA-3.2-3B
518,guided,518,"Despite the large crowds, how did the depressed man feel?

Options:
A) small group
B) alone
C) solitary
D) solitude
E) panic",crowd,C,"Step 1: A person with depression often experiences feelings of isolation and disconnection from others.
Step 2: While being in a large crowd might seem like it would alleviate loneliness, for someone with depression, social interactions can actually increase anxiety and stress.
Step 3: Therefore, being surrounded by many people wouldn't necessarily improve his mood; in fact, it could make him feel overwhelmed.
Best answer: E because being in a crowded space can exacerbate anxiety in individuals with depression.","['E', 'B', 'B', 'C', 'B']",B,False,majority,0.6000000000000001,"{'E': 1, 'B': 3, 'C': 1}",5,1,0.2,2,False,,ASDIV,LAMA-3.2-3B
519,guided,519,"What does every person want?

Options:
A) life partner
B) larger house
C) second chances
D) money
E) headache",person,A,"Step 1: Humans are social creatures that form relationships with others for companionship and emotional support.
Step 2: Having a life partner provides emotional stability, shared responsibilities, and mutual care.
Step 3: While having a larger house might provide more space, it doesn't necessarily fulfill an inherent human need for connection.
Best answer: A because humans have an innate desire for social interaction and companionship.","['A', 'A', 'B', 'A', 'A']",A,True,majority,0.8,"{'A': 4, 'B': 1}",5,4,0.8,1,False,,ASDIV,LAMA-3.2-3B
520,guided,520,"The woman is watching television and trying to forget her day, what is her goal?

Options:
A) entertainment
B) falling asleep
C) getting fat
D) crying
E) relaxation",watching television,E,"Step 1: People often watch TV as a way to unwind and relax after a long day.
Step 2: Relaxation typically involves reducing stress and calming one's mind, which can lead to drowsiness.
Step 3: Falling asleep is a common outcome when engaging in activities meant for relaxation.
Best answer: B because watching TV is commonly associated with preparing for sleep.","['A', 'B', 'B', 'B', 'B']",B,False,majority,0.8,"{'A': 1, 'B': 4}",5,0,0.0,1,False,,ASDIV,LAMA-3.2-3B
521,guided,521,"Where could you get some knives if you are planning to bring them outside with you?

Options:
A) sporting goods store
B) backpack
C) kitchen
D) sharp edges
E) dog house",knives,C,"Step 1: Knives are typically used for cutting various materials like food, plants, or objects.
Step 2: A sporting goods store sells equipment for outdoor activities that often require sharp tools like knives.
Step 3: Bringing knives outside would require them to be in a secure container to prevent accidents.
Best answer: A because sporting goods stores usually carry knives designed for outdoor use.","['A', 'A', 'A', 'A', 'A']",A,False,majority,1.0,{'A': 5},5,0,0.0,0,False,,ASDIV,LAMA-3.2-3B
522,guided,522,"What is the animal trying to accomplish?

Options:
A) sand trap
B) live long
C) leave home
D) feel pain
E) eating",animal,B,"Step 1: Snakes shed their skin as part of their growth process, which allows them to increase in size.
Step 2: This process is necessary for their development, as it replaces old skin with new skin that provides better protection and flexibility.
Step 3: Without shedding, snakes would not be able to continue growing and adapting to their environment.
Best answer: B because snakes shed their skin to grow larger.","['A', 'B', 'B', 'B', 'B']",B,True,majority,0.8,"{'A': 1, 'B': 4}",5,4,0.8,1,False,,ASDIV,LAMA-3.2-3B
523,guided,523,"James tore the antenna off of his boat due to bad reception as he was crossing the channel from France.  Where was he going?

Options:
A) river
B) television
C) india
D) england
E) europe",channel,D,"Step 1: James needed to fix the antenna to receive better signals for communication purposes, likely for navigation or emergency contact.
Step 2: Since he was crossing a body of water (channel), it's reasonable to assume he was traveling by boat.
Step 3: Given that he was in Europe, crossing a channel typically implies traveling between two European countries, such as England and France.
Best answer: D because crossing a channel usually involves traveling between two countries in Europe.","['D', 'D', 'D', 'D', 'D']",D,True,majority,1.0,{'D': 5},5,5,1.0,0,False,,ASDIV,LAMA-3.2-3B
524,guided,524,"As he looked out the window, he knew the landing was happening soon, and it made him nervous, but where would he be soon?

Options:
A) apartment building
B) disembark
C) stairwell
D) deplane
E) airport",landing,E,"Step 1: Airports have multiple levels of security checks before allowing passengers to exit the plane.
Step 2: Before exiting the plane, passengers typically go through customs and immigration before proceeding to other areas within the airport.
Step 3: The term ""disembark"" refers specifically to leaving a ship or boat, not an airplane.
Step 4: An apartment building is not typically associated with airport procedures.
Step 5: A stairwell is a part of an apartment building, not an airport.
Step 6: While ""deplane"" is related to an airplane, it's more about boarding than exiting.
Best answer: E because it's the correct term for leaving an airplane.","['B', 'D', 'B', 'E', 'D']",B,False,refiner_tiebreak,0.5,"{'B': 2, 'D': 2, 'E': 1}",6,1,0.16670000000000001,3,True,0.0,ASDIV,LAMA-3.2-3B
525,guided,525,"If you want to learn about the world and understand the real reasons behind cultural norms and mores, you have achieved a sense of what?

Options:
A) enlightenment
B) open mind
C) confusion
D) smartness
E) anger",learning about world,A,"Step 1: Understanding cultural norms involves recognizing patterns in human behavior, values, and traditions that vary across different societies.
Step 2: This process requires analyzing how people interact with each other, their environment, and social institutions to grasp the underlying causes of these norms.
Step 3: It also involves considering historical context, power dynamics, and social structures that shape individual and collective behavior.
Best answer: B because an open mind allows for flexibility in considering diverse perspectives and adapting to new information.","['B', 'B', 'B', 'B', 'B']",B,False,majority,1.0,{'B': 5},5,0,0.0,0,False,,ASDIV,LAMA-3.2-3B
526,guided,526,"What will happen if you inject water into yourself?

Options:
A) dilute
B) thin blood
C) take several forms
D) wet clothes
E) move mountains",water,B,"Step 1: Injecting water into the body would increase the amount of liquid inside the bloodstream.
Step 2: This could lead to swelling due to increased blood volume, potentially causing discomfort and even organ damage if not treated promptly.
Step 3: The human body has mechanisms like the lymphatic system to remove excess fluids, but immediate action is necessary to prevent serious complications.
Best answer: A because injecting water would dilute the blood.","['A', 'A', 'A', 'A', 'A']",A,False,majority,1.0,{'A': 5},5,0,0.0,0,False,,ASDIV,LAMA-3.2-3B
527,guided,527,"Kramer wrote a self-referential book.  What might that book be about?

Options:
A) counter
B) coffee table
C) school room
D) backpack
E) bedside table",book,B,"Step 1: A self-referential book refers to a book that talks about itself, often exploring its own structure, content, or author's intentions.
Step 2: Considering the options, a book about itself would not typically discuss physical objects like ""backpack"" (D) or ""bedside table"" (E), as these are inanimate objects.
Step 3: Similarly, it's unlikely to be about a ""school room"" (C), as this would imply the book is about an educational setting rather than itself.
Step 4: The term ""counter"" (A) could potentially fit, but it's still an object, not something that would write a book about itself.
Step 5: Therefore, the most plausible choice is ""coffee table"" (B), as it's an object that people often place books on, making it a fitting subject for a self-referential exploration.
Best answer: B because it's an object commonly associated with holding books.","['B', 'B', 'B', 'B', 'B']",B,True,majority,1.0,{'B': 5},5,5,1.0,0,False,,ASDIV,LAMA-3.2-3B
528,guided,528,"Where would you get jeans and other wearable items to take home with you?

Options:
A) shopping mall
B) museum
C) laundromat
D) clothing store
E) bedroom",jeans,D,"Step 1: People typically buy clothing at stores where they can try on items before purchasing.
Step 2: Shopping malls have multiple stores selling various products, including clothing.
Step 3: Clothing stores usually have a wide selection of jeans and other wearable items for sale.
Best answer: A because shopping malls offer a variety of stores where you can buy clothing.","['A', 'A', 'A', 'A', 'A']",A,False,majority,1.0,{'A': 5},5,0,0.0,0,False,,ASDIV,LAMA-3.2-3B
529,guided,529,"Riding a bike for a long time can cause what?

Options:
A) enjoyment
B) fatigue
C) falling down
D) getting lost
E) thirst",riding bike,B,"Step 1: Prolonged physical activity like riding a bike requires sustained energy expenditure.
Step 2: The human body's energy stores are depleted over time, leading to decreased physical performance.
Step 3: This decline in physical performance results in feelings of tiredness or exhaustion, commonly referred to as fatigue.
Best answer: B because excessive physical exertion leads to mental and physical exhaustion.","['B', 'B', 'B', 'B', 'B']",B,True,majority,1.0,{'B': 5},5,5,1.0,0,False,,ASDIV,LAMA-3.2-3B
530,guided,530,"A revolving door is convenient for two direction travel, but it also serves as a security measure at a what?

Options:
A) bank
B) library
C) department store
D) mall
E) new york",revolving door,A,"Step 1: Revolving doors are often used in public spaces where multiple people enter and exit simultaneously, reducing congestion.
Step 2: These spaces typically have high foot traffic and need to control access to prevent loitering or unauthorized entry.
Step 3: Malls have long hallways with many entrances and exits, making them ideal locations for revolving doors to manage crowd flow while maintaining security.
Best answer: D because malls have high foot traffic and require crowd control measures like revolving doors.","['D', 'D', 'D', 'D', 'D']",D,False,majority,1.0,{'D': 5},5,0,0.0,0,False,,ASDIV,LAMA-3.2-3B
531,guided,531,"Sally was afraid of danger and always double checked what?

Options:
A) fight enemy
B) secure
C) being safe
D) safety
E) vicinity",danger,D,"Step 1: Sally's fear indicates she values avoiding harm, which often involves assessing potential risks before taking action.
Step 2: ""Double checking"" implies verifying information to minimize uncertainty about potential threats.
Step 3: Among the options, ""vicinity"" directly relates to the concept of surrounding areas where dangers might exist, making it most relevant for her behavior.
Best answer: E because it directly ties to assessing surroundings for potential threats.","['E', 'E', 'E', 'E', 'E']",E,False,majority,1.0,{'E': 5},5,0,0.0,0,False,,ASDIV,LAMA-3.2-3B
532,guided,532,"During a shark filled tornado where should you not be?

Options:
A) marine museum
B) pool hall
C) noodle house
D) bad movie
E) outside",shark,E,"Step 1: Sharks are dangerous marine animals known for their sharp teeth and powerful jaws.
Step 2: A tornado is a rotating column of air that can pick up objects and cause destruction.
Step 3: Combining these two concepts, it's clear that being outside would put you at risk of being swept away by the tornado while sharks might still be present in the water nearby.
Best answer: E because being outside increases your exposure to both the tornado and sharks.","['C', 'E', 'D', 'E', 'A']",E,True,majority,0.4,"{'C': 1, 'E': 2, 'D': 1, 'A': 1}",5,2,0.4,3,False,,ASDIV,LAMA-3.2-3B
533,guided,533,"Billy lived in the capital of his country, then he moved.  Where might he move to?

Options:
A) small town
B) jail
C) lower case
D) contain governmental activities
E) lowercase",capital,A,"Step 1: If Billy moved from the capital, it implies he left the center of power and governance.
Step 2: Capitals typically have more governmental institutions, laws, and infrastructure.
Step 3: Options A (small town) and E (lowercase) don't fit with these characteristics; they're too far removed from central authority.
Step 4: Between B (jail) and D (contain governmental activities), jails house prisoners who break laws, not relocate people.
Step 5: Therefore, the most logical choice for someone moving away from the capital would be somewhere with ongoing governmental functions.
Best answer: D because it directly relates to governmental presence.","['B', 'D', 'D', 'D', 'D']",D,False,majority,0.8,"{'B': 1, 'D': 4}",5,0,0.0,1,False,,ASDIV,LAMA-3.2-3B
534,guided,534,"Where does a maid empty a trash can?

Options:
A) bus stop
B) corner
C) hockey game
D) motel
E) alley",trash can,D,"Step 1: A maid typically cleans rooms in hotels and other establishments where guests stay.
Step 2: An alleyway is often behind buildings where waste disposal occurs.
Step 3: It's common for maids to dispose of trash in designated areas like alleys for easy collection.
Best answer: E because it's where trash is usually taken out for disposal.","['D', 'E', 'E', 'D', 'E']",E,False,majority,0.6000000000000001,"{'D': 2, 'E': 3}",5,2,0.4,2,False,,ASDIV,LAMA-3.2-3B
535,guided,535,"If i were to spit a lot without noticing i may have extra what?

Options:
A) phlegm
B) saliva nd mouth
C) disease
D) germs
E) spittle",spitting,B,"Step 1: When you spit, you expel saliva through your mouth.
Step 2: If you spit frequently without realizing it, it's likely due to an involuntary action, which could lead to excessive production of saliva in your mouth.
Step 3: Excess saliva can accumulate as phlegm, especially if not swallowed immediately.
Best answer: A because excessive saliva can form phlegm.","['A', 'B', 'A', 'A', 'B']",A,False,majority,0.6000000000000001,"{'A': 3, 'B': 2}",5,2,0.4,2,False,,ASDIV,LAMA-3.2-3B
536,guided,536,"I picked from an apple tree outside of Fort Wayne, where am I?

Options:
A) woods
B) illinois
C) indiana
D) washington state
E) tampa",apple tree,C,"Step 1: Fort Wayne is located in the state of Indiana, which has many apple orchards nearby.
Step 2: Apple trees typically grow in rural areas with suitable climate conditions for agriculture.
Step 3: Given that apples are commonly grown in Indiana, it's likely that an apple would be found near Fort Wayne.
Best answer: C because Indiana has suitable climate for apple cultivation near Fort Wayne.","['C', 'A', 'B', 'D', 'C']",C,True,majority,0.4,"{'C': 2, 'A': 1, 'B': 1, 'D': 1}",5,2,0.4,3,False,,ASDIV,LAMA-3.2-3B
537,guided,537,"Blowfish require what specific thing to live?

Options:
A) sea water
B) hatred
C) fish market
D) body of water
E) jungle",blowfish,A,"Step 1: Blowfish are marine animals that live underwater, so they need an aquatic environment.
Step 2: Among the options given, only one directly relates to water, which is essential for blowfish survival.
Step 3: Options B (hatred) and C (fish market) don't make sense as requirements for blowfish survival; hatred isn't something that provides oxygen or shelter, and a fish market isn't an ecosystem.
Step 4: Between A (sea water) and D (body of water), while both seem plausible, ""sea water"" more accurately describes the specific type of water where blowfish typically reside.
Best answer: A because sea water is the specific type of water where blowfish live.","['A', 'A', 'A', 'A', 'A']",A,True,majority,1.0,{'A': 5},5,5,1.0,0,False,,ASDIV,LAMA-3.2-3B
538,guided,538,"What happens at soon as a living being is born?

Options:
A) expiration
B) growing older
C) sometimes bad
D) death
E) start reproduction",living,B,"Step 1: All living organisms undergo a biological process called birth, which involves new life emerging from an egg, womb, or spore.
Step 2: This process typically marks the beginning of an individual's life cycle, allowing it to grow and develop further.
Step 3: The primary purpose of birth is for the continuation of the species through genetic continuation.
Best answer: E because birth is essential for the continuation of an organism's genetic lineage.","['D', 'D', 'D', 'D', 'E']",D,False,majority,0.8,"{'D': 4, 'E': 1}",5,0,0.0,1,False,,ASDIV,LAMA-3.2-3B
539,guided,539,"What type of demands to the unions need to be making to go off strike?

Options:
A) reasonable
B) more money
C) not go to work
D) return to work
E) union",go off strike,A,"Step 1: Unions typically negotiate with employers over working conditions, wages, benefits, and job security.
Step 2: Strikes are often used as a last resort when negotiations break down, and workers feel their demands aren't being met.
Step 3: Going on strike means refusing to perform job duties until certain conditions are met, such as higher pay or improved benefits.
Best answer: C because going on strike is an action taken when negotiations fail, not an end goal itself.","['D', 'B', 'D', 'D', 'D']",D,False,majority,0.8,"{'D': 4, 'B': 1}",5,0,0.0,1,False,,ASDIV,LAMA-3.2-3B
540,guided,540,"If one needed the bathroom they needed a key, to get it they had to also buy something from the what?

Options:
A) school
B) convenience store
C) rest area
D) mall
E) theater",bathroom,B,"Step 1: Most public restrooms require payment for access, especially in places like malls or theaters where they're not part of the basic facilities.
Step 2: Convenience stores often have restrooms that people can use without needing an admission ticket or membership.
Step 3: Buying something from a convenience store would allow access to their restroom facilities.
Best answer: B because convenience stores typically offer free restroom access with purchases.","['B', 'B', 'B', 'B', 'B']",B,True,majority,1.0,{'B': 5},5,5,1.0,0,False,,ASDIV,LAMA-3.2-3B
541,guided,541,"If you spend a long time running after a ball how are you likely to feel?

Options:
A) laughter
B) sweating
C) embarrassed
D) breathing heavily
E) tiredness",running after ball,E,"Step 1: When engaging in physical activity like running, the body's heart rate increases to supply more oxygen to muscles.
Step 2: This increased heart rate causes blood pressure to rise, leading to increased blood flow throughout the body.
Step 3: As a result, the body loses heat through sweating, which helps regulate temperature.
Best answer: D because physical exertion causes increased heart rate and sweating.","['E', 'D', 'E', 'E', 'B']",E,True,majority,0.6000000000000001,"{'E': 3, 'D': 1, 'B': 1}",5,3,0.6000000000000001,2,False,,ASDIV,LAMA-3.2-3B
542,guided,542,"At the new comic store he found himself making friends, it was nice to meet people with what?

Options:
A) smiling
B) smile
C) open mind
D) common interests
E) laughter",making friends,D,"Step 1: Making friends often involves finding common ground and shared experiences.
Step 2: Having open-mindedness allows for more effective communication and understanding of others' perspectives.
Step 3: While smiling, laughing, and shared interests can contribute to building rapport, an open mind is essential for deeper connections.
Best answer: C because an open mind facilitates meaningful interactions with others.","['C', 'C', 'C', 'C', 'C']",C,False,majority,1.0,{'C': 5},5,0,0.0,0,False,,ASDIV,LAMA-3.2-3B
543,guided,543,"If I was watching TV on the couch and the air was stuffy, I might turn the fan on to make the what more comfortable?

Options:
A) hockey game
B) living room
C) bathroom
D) football stadium
E) hot room",fan,B,"Step 1: Turning on a fan typically cools down the surrounding air through airflow.
Step 2: A stuffy environment often results from poor ventilation, which can lead to discomfort and heat buildup.
Step 3: Therefore, using a fan would help alleviate this issue by circulating air and reducing temperature.
Best answer: A because turning on the fan would improve airflow, making the environment more comfortable.","['B', 'B', 'B', 'B', 'B']",B,True,majority,1.0,{'B': 5},5,5,1.0,0,False,,ASDIV,LAMA-3.2-3B
544,guided,544,"What type of non-vegetarian soup is one likely to find a potato?

Options:
A) beef stew
B) own kitchen
C) clam chowder
D) kitchen cabinet
E) pantry",potato,C,"Step 1: Potatoes are often used as an ingredient in soups, particularly those with seafood flavors.
Step 2: Clam chowder typically contains potatoes as a thickening agent and flavor component.
Step 3: While other options may contain potatoes, they're not typically associated with being a type of soup.
Best answer: C because clam chowder is a known potato-based soup with seafood flavors.","['C', 'C', 'C', 'C', 'C']",C,True,majority,1.0,{'C': 5},5,5,1.0,0,False,,ASDIV,LAMA-3.2-3B
545,guided,545,"Bill puts meat on the scale, where does Bill work?

Options:
A) music store
B) assay office
C) tidal wave
D) butcher shop
E) bathroom",scale,D,"Step 1: An assayer weighs objects to determine their purity, often metals.
Step 2: Butchers weigh meat for inventory purposes.
Step 3: An assay office typically deals with testing samples, not physical goods like meat.
Step 4: A tidal wave is a natural disaster, unrelated to weighing.
Step 5: You wouldn't find someone weighing in the bathroom.
Best answer: B because an assayer works in an assay office where they weigh samples.","['D', 'B', 'D', 'D', 'D']",D,True,majority,0.8,"{'D': 4, 'B': 1}",5,4,0.8,1,False,,ASDIV,LAMA-3.2-3B
546,guided,546,"The man often made smart remarks, like that any restaurant is a mexican restaurant where?

Options:
A) city
B) mexica
C) san diego
D) spain
E) mexico",mexican restaurant,E,"Step 1: The phrase ""any restaurant is"" suggests a generalization about all restaurants in that location.
Step 2: The word ""mexican"" implies a specific type of cuisine, which is commonly associated with Mexican culture.
Step 3: Many cities have Mexican restaurants, but not all cities have Mexican restaurants; however, Mexico is known for its rich Mexican culture and cuisine.
Best answer: E because Mexico is the country where Mexican cuisine originated.","['B', 'B', 'E', 'A', 'B']",B,False,majority,0.6000000000000001,"{'B': 3, 'E': 1, 'A': 1}",5,1,0.2,2,False,,ASDIV,LAMA-3.2-3B
547,guided,547,"Where would you put pans if you want to bring them with you?

Options:
A) cooking
B) cook food
C) kitchen
D) backpack
E) drawer",pans,D,"Step 1: Pans are typically made of metal and used for cooking food over heat.
Step 2: Since they require heat, they cannot fit in a backpack or drawer where temperatures are not controlled.
Step 3: Kitchens have countertops where pans can be stored when not in use.
Best answer: C because kitchens have designated space for storing cooking utensils like pans.","['A', 'D', 'D', 'D', 'D']",D,True,majority,0.8,"{'A': 1, 'D': 4}",5,4,0.8,1,False,,ASDIV,LAMA-3.2-3B
548,guided,548,"when communicating with my boss what should i do

Options:
A) misunderstandings
B) transfer of information
C) learning
D) confusion
E) silence",communicating,B,"Step 1: Effective communication involves clarifying any doubts or misconceptions that may arise during discussion.
Step 2: If there's a lack of clear understanding, it's essential to ask questions to ensure both parties are on the same page.
Step 3: Silence can lead to further confusion and hinder productivity, making it harder to resolve issues later on.
Best answer: B because clear transfer of information ensures that all parties involved have a shared understanding.","['B', 'B', 'B', 'B', 'B']",B,True,majority,1.0,{'B': 5},5,5,1.0,0,False,,ASDIV,LAMA-3.2-3B
549,guided,549,"Where is a good place to store pamphlets in your home or office?

Options:
A) library
B) health department
C) mail box
D) drawer
E) bookstore",pamphlets,D,"Step 1: A library typically contains many books, documents, and other written materials that people read for information.
Step 2: A mailbox is used to receive incoming mail, not store outgoing documents.
Step 3: A drawer is used to store personal items like clothes, papers, but not usually large quantities of printed materials like pamphlets.
Step 4: A bookstore primarily sells new books, not stores other types of printed materials.
Step 5: Considering these uses, none of the above options seem ideal for storing pamphlets, but if I had to choose, I'd say none because none are suitable for storing pamphlets.
However, since I need to select one, I'll choose D because it's the least inappropriate option among those listed.

Best answer: D because it's the least unsuitable option among those listed.","['C', 'C', 'C', 'A', 'C']",C,False,majority,0.8,"{'C': 4, 'A': 1}",5,0,0.0,1,False,,ASDIV,LAMA-3.2-3B
550,guided,550,"The pencil sharpener was broken in the classroom, where did the teacher recommend the student go?

Options:
A) home
B) library
C) stationery store
D) cabinet
E) desk drawer",pencil sharpener,B,"Step 1: A pencil sharpener is used to sharpen pencils, so it's likely that the teacher would suggest getting another one.
Step 2: A stationery store sells new supplies, including pencil sharpeners, making it a logical choice for replacing a broken one.
Step 3: Going to the library (B) wouldn't help with getting a new sharpener, and the cabinet (D) is where the broken one was located, not where you buy new ones.
Step 4: The home (A) might have other household items but isn't typically where you'd find stationery supplies.
Best answer: C because it's where you buy new supplies like pencil sharpeners.","['A', 'B', 'A', 'B', 'B']",B,True,majority,0.6000000000000001,"{'A': 2, 'B': 3}",5,3,0.6000000000000001,2,False,,ASDIV,LAMA-3.2-3B
551,guided,551,"What will happen to animals after eating food?

Options:
A) bite
B) digestion
C) feel pleasure
D) pass water
E) listen to each other",animals,C,"Step 1: When animals consume food, their body breaks it down using enzymes for energy.
Step 2: This process involves breaking down large molecules into smaller ones that can be absorbed and utilized by cells.
Step 3: The broken-down nutrients then travel through the digestive system before being distributed throughout the body.
Best answer: B because digestion is the biological process that breaks down food into nutrients for energy.","['B', 'B', 'B', 'B', 'B']",B,False,majority,1.0,{'B': 5},5,0,0.0,0,False,,ASDIV,LAMA-3.2-3B
552,guided,552,"What geographic area is a lizard likely to be?

Options:
A) ball stopped
B) west texas
C) arid regions
D) garden
E) warm place",lizard,B,"Step 1: Lizards are known for their ability to regulate their body temperature through basking in sunlight.
Step 2: Lizards typically live in areas with plenty of direct sunlight, which often means dry and hot environments.
Step 3: Among the given options, ""arid regions"" best fits this description as it implies dryness and heat, making it suitable for lizards' thermal regulation needs.
Best answer: C because it describes an environment conducive to lizard survival.","['C', 'C', 'C', 'C', 'C']",C,False,majority,1.0,{'C': 5},5,0,0.0,0,False,,ASDIV,LAMA-3.2-3B
553,guided,553,"Nature creates more beautiful structures than those that are what?

Options:
A) artificial
B) indoors
C) city
D) man made
E) eat cake",nature,D,"Step 1: Nature has been creating structures like mountains, canyons, and waterfalls over millions of years through geological processes like erosion and plate tectonics.
Step 2: These natural formations often require little to no human intervention, unlike structures built by humans which need planning, materials, and labor.
Step 3: Examples include the Grand Canyon (formed by river carving) and Victoria Falls (created by waterfall erosion).
Best answer: A because natural formations don't need human creation or maintenance like artificial structures do.","['D', 'A', 'D', 'D', 'D']",D,True,majority,0.8,"{'D': 4, 'A': 1}",5,4,0.8,1,False,,ASDIV,LAMA-3.2-3B
554,guided,554,"The chief saw his entire tribe wiped out, he was a leader with a single what?

Options:
A) peon
B) indian
C) minister
D) follower
E) employee",chief,D,"Step 1: A leader typically has people under their command, not just one person following them.
Step 2: A peon is a low-ranking worker, not someone in charge.
Step 3: An employee can refer to anyone working for an organization, not necessarily a leader.
Step 4: An Indian refers to a person from that country, not necessarily a position of authority.
Step 5: A minister is often a high-ranking official with significant power and influence.
Best answer: C because a minister typically holds a high-ranking position with authority.","['C', 'D', 'E', 'C', 'D']",C,False,coin_flip,0.33330000000000004,"{'C': 2, 'D': 2, 'E': 1}",6,2,0.33330000000000004,4,True,0.0,ASDIV,LAMA-3.2-3B
555,guided,555,"When a human is earning money, where are they often found?

Options:
A) deep thought
B) park
C) friend's house
D) place of work
E) school",human,D,"Step 1: People typically engage in work-related activities to earn money.
Step 2: Places where most jobs take place include offices, factories, stores, etc.
Step 3: Among these locations, ""place of work"" directly correlates with earning money as it's where one goes to perform job duties for pay.
Best answer: D because it's where most employment occurs.","['D', 'D', 'D', 'D', 'D']",D,True,majority,1.0,{'D': 5},5,5,1.0,0,False,,ASDIV,LAMA-3.2-3B
556,guided,556,"John got his tax refund back.  He treated it like it was what?

Options:
A) candy
B) death and
C) free money
D) discount
E) credit",tax,C,"Step 1: Typically, people celebrate receiving money they didn't have to pay, like getting a tax refund.
Step 2: Getting a refund often means having extra funds available for spending or saving.
Step 3: Treating it as if it were free or extra cash is common behavior when receiving unexpected income.
Best answer: C because receiving a refund feels like getting something for nothing.","['C', 'C', 'C', 'C', 'C']",C,True,majority,1.0,{'C': 5},5,5,1.0,0,False,,ASDIV,LAMA-3.2-3B
557,guided,557,"If I have a modern light source in my living room, what is it likely to be?

Options:
A) sky
B) house
C) lamp
D) match
E) candle",light source,C,"Step 1: A modern light source typically provides illumination for a specific area, such as a room.
Step 2: Lamps are designed to emit light, whereas the sky, house, and candle do not emit light on their own.
Step 3: Matches can produce light when used with a flame but are not a self-contained light source like a lamp.
Best answer: C because lamps are commonly used as modern light sources in homes.","['C', 'C', 'C', 'C', 'C']",C,True,majority,1.0,{'C': 5},5,5,1.0,0,False,,ASDIV,LAMA-3.2-3B
558,guided,558,"Jenny enjoyed helping people.  It brought her a great deal of what?

Options:
A) satisfaction
B) complications
C) train
D) feel good about yourself
E) enjoyment",helping,A,"Step 1: Helping others often results in positive emotions such as happiness and contentment.
Step 2: Satisfaction typically refers to a feeling of being pleased with something, which aligns with Jenny's positive experience of helping others.
Step 3: While options B, C, D, and E could potentially relate to various contexts, they don't directly connect to the emotional outcome of Jenny's actions.
Best answer: A because helping others often leads to feelings of satisfaction.","['A', 'A', 'A', 'A', 'A']",A,True,majority,1.0,{'A': 5},5,5,1.0,0,False,,ASDIV,LAMA-3.2-3B
559,guided,559,"Which group of states is Louisiana part of?

Options:
A) deep south
B) 98 of world's crayfish
C) united states
D) gulf states
E) bible belt",louisiana,D,"Step 1: Louisiana shares borders with Texas to the west and Mississippi to the north, indicating it's part of North America.
Step 2: The term ""United States"" specifically refers to a country, not just a region within the country.
Step 3: While Louisiana is often associated with the Gulf of Mexico, being in the Gulf doesn't automatically classify it as just one specific subgroup of states.
Best answer: C because it's the only option that accurately represents a broad geographical classification for Louisiana.","['C', 'C', 'C', 'C', 'C']",C,False,majority,1.0,{'C': 5},5,0,0.0,0,False,,ASDIV,LAMA-3.2-3B
560,guided,560,"Because John was first violin, he had to bring something important to work ever day. What did he need to bring to work?

Options:
A) music store
B) obesity
C) symphony orchestra
D) ochestra
E) violin case",first violin,E,"Step 1: As a violinist, John likely needs his instrument for work.
Step 2: A violin is an instrument, not a place or condition (obesity), so options B can be eliminated.
Step 3: An orchestra consists of multiple instruments, not something that John would carry himself, so option C can also be ruled out.
Step 4: While an orchestra might be related to John's job, it's not something he would physically transport to work, eliminating option D.
Step 5: A violin case protects and transports the instrument, making it essential for daily use.
Best answer: E because it's necessary for transporting the instrument.","['E', 'E', 'E', 'E', 'E']",E,True,majority,1.0,{'E': 5},5,5,1.0,0,False,,ASDIV,LAMA-3.2-3B
561,guided,561,"Where is the ideal location for a post office?

Options:
A) building
B) business district
C) above ground
D) most towns
E) center of town",post office,E,"Step 1: A post office typically serves as a hub for mail delivery and collection.
Step 2: It needs to be easily accessible to receive and send mail, which requires proximity to residents and businesses.
Step 3: While it could theoretically be in any type of building (A), being ""above ground"" (C) would make it difficult for people to access.
Step 4: Being in the center of town (E) would ensure equal access for all areas within the town.
Best answer: E because it provides equal accessibility to all parts of the town.","['E', 'E', 'E', 'E', 'E']",E,True,majority,1.0,{'E': 5},5,5,1.0,0,False,,ASDIV,LAMA-3.2-3B
562,guided,562,"They had a theory of what they could do in t he big game, so over and over they would what?

Options:
A) park
B) practice
C) fact
D) practical
E) practise",theory,B,"Step 1: In sports, especially team games like basketball, players often rehearse their skills before actual matches.
Step 2: Rehearsal involves repeating actions multiple times to improve performance.
Step 3: The word ""practice"" is commonly used to describe this repetitive process.
Best answer: B because it's the standard term for repeated exercise in preparation for an event.","['B', 'B', 'B', 'B', 'B']",B,True,majority,1.0,{'B': 5},5,5,1.0,0,False,,ASDIV,LAMA-3.2-3B
563,guided,563,"Where are you likely to find much more than a drop of blood on the floor?

Options:
A) crime scene
B) vein
C) blood bank
D) slaughter house
E) needle",drop of blood,D,"Step 1: A crime scene typically involves violent acts such as fights, murders, or accidents that could result in bodily injury leading to blood being present.
Step 2: Blood banks store blood for medical purposes, not typically for collection from an accident or injury.
Step 3: Slaughterhouses handle animal carcasses, not human remains with blood.
Step 4: Needles are medical tools used to inject substances like vaccines or medications, not sources of blood.
Step 5: Veins carry blood throughout the body, but they don't contain blood themselves.
Best answer: A because crime scenes often involve violent incidents resulting in blood spills.","['B', 'A', 'A', 'E', 'A']",A,False,majority,0.6000000000000001,"{'B': 1, 'A': 3, 'E': 1}",5,0,0.0,2,False,,ASDIV,LAMA-3.2-3B
564,guided,564,"The ball was hit over a boundary and struck an audience member.  What kind of game were they playing?

Options:
A) sporting event
B) sporting
C) basketball
D) society
E) ranch country",boundary,A,"Step 1: In most sports, players wear protective gear such as helmets to prevent injury when hitting objects like balls.
Step 2: The fact that someone got hit by the ball suggests contact occurred during gameplay.
Step 3: Given that the ball was hit over a boundary, it's likely part of a structured game with rules and designated playing areas.
Best answer: A because most organized sports involve hitting balls over boundaries with teammates or opponents.","['A', 'A', 'A', 'B', 'A']",A,True,majority,0.8,"{'A': 4, 'B': 1}",5,4,0.8,1,False,,ASDIV,LAMA-3.2-3B
565,guided,565,"The poor girls needed a light to see, what was the relationship between that light and finishing her homework?

Options:
A) darkness
B) cumbersome
C) obesity
D) forceful
E) crucial",light,E,"Step 1: Finishing homework typically requires concentration and understanding of material.
Step 2: Without proper lighting, it's difficult to focus on reading and completing tasks accurately.
Step 3: A lack of light can lead to mistakes in work quality and completion time.
Best answer: E because without the light, she wouldn't be able to see what she's doing.","['A', 'E', 'A', 'B', 'E']",A,False,refiner_tiebreak,0.5,"{'A': 2, 'E': 2, 'B': 1}",6,2,0.33330000000000004,3,True,0.0,ASDIV,LAMA-3.2-3B
566,guided,566,"In a horror movie victims usually trip when the run in order to do what in regards to the killer?

Options:
A) frightened
B) run up stairs
C) get away from
D) go quickly
E) go faster",run,C,"Step 1: In horror movies, characters often try to escape from the killer.
Step 2: When trying to escape, they usually move away from danger, not towards it.
Step 3: Tripping would hinder their ability to move away from the killer, making it harder for them to escape.
Best answer: C because tripping would impede escape efforts.","['B', 'C', 'C', 'C', 'B']",C,True,majority,0.6000000000000001,"{'B': 2, 'C': 3}",5,3,0.6000000000000001,2,False,,ASDIV,LAMA-3.2-3B
567,guided,567,"If I keep getting crumbs under my table, what should I put under it?

Options:
A) conference
B) neighbor's house
C) rug
D) net
E) card room",table,C,"Step 1: Crumbs are small pieces of food that fall on the floor when eating.
Step 2: A rug is typically placed on the floor for comfort and decoration, making it an ideal surface to catch falling objects like crumbs.
Step 3: Using a rug under the table would prevent crumbs from getting lost or scattered elsewhere in the room.
Best answer: C because rugs are designed to absorb and contain spills and debris.","['C', 'C', 'C', 'C', 'C']",C,True,majority,1.0,{'C': 5},5,5,1.0,0,False,,ASDIV,LAMA-3.2-3B
568,guided,568,"Mandy lived in a train station.  She longed to see distant places. Where might she imagine going?

Options:
A) downtown area
B) centre of town
C) bedroom
D) europe
E) big city",train station,D,"Step 1: Trains typically travel between cities, so Mandy might think about places she could reach by train.
Step 2: The term ""distant"" implies a long-distance journey, which is more likely for intercity travel rather than local travel within the same town or city.
Step 3: Between options A (downtown) and B (centre of town), both could be considered local, but ""downtown"" often implies a larger, more extensive area than just the city centre.
Best answer: D because it suggests an even greater distance and multiple cities, fitting for long-distance travel.","['D', 'E', 'D', 'D', 'D']",D,True,majority,0.8,"{'D': 4, 'E': 1}",5,4,0.8,1,False,,ASDIV,LAMA-3.2-3B
569,guided,569,"The gimmicky low brow TV show was about animals when they what?

Options:
A) sick
B) mammals
C) males
D) bite
E) attack",animals,E,"Step 1: The show's title suggests it involves animals, so we're looking for a word related to animals that fits grammatically with ""gimmicky low brow"".
Step 2: Considering the context of a TV show about animals, ""attack"" implies aggression, which could make for entertaining viewing.
Step 3: While ""sick"" could also imply illness, it doesn't necessarily fit as well with the idea of a TV show about animals.
Step 4: ""Mammals"" is too broad and doesn't add any specific meaning to the phrase ""gimmicky low brow"".
Step 5: ""Males"" doesn't relate to the content of an animal-themed TV show.
Best answer: E because ""attack"" implies action and conflict, typical of sensationalized entertainment.","['D', 'E', 'E', 'D', 'E']",E,True,majority,0.6000000000000001,"{'D': 2, 'E': 3}",5,3,0.6000000000000001,2,False,,ASDIV,LAMA-3.2-3B
570,guided,570,"The low trickle of water revealed a stone, where was the stone found?

Options:
A) ocean
B) gallbladder
C) driveway
D) river bed
E) creek bed",stone,E,"Step 1: A stone can be exposed when water erodes soil or rock, creating a small opening.
Step 2: Rivers often have fast-moving water that can erode the riverbed over time.
Step 3: Creeks also have flowing water, which could potentially expose underlying rocks.
Best answer: E because creeks typically have slower-moving water compared to rivers, increasing the likelihood of erosion.","['D', 'D', 'D', 'D', 'D']",D,False,majority,1.0,{'D': 5},5,0,0.0,0,False,,ASDIV,LAMA-3.2-3B
571,guided,571,"Something had the nerve to break into the garbage last night, what did it?

Options:
A) eyes
B) animal
C) fingertips
D) brainstem
E) human body",nerve,B,"Step 1: Breaking into the garbage typically involves physical action, such as opening latches or tearing apart containers.
Step 2: Animals are known for their ability to manipulate objects using their hands or paws, which could potentially fit this description.
Step 3: Humans do not have the physical dexterity or ability to break into garbage without tools, nor do they have limbs that can perform such an action.
Step 4: The brainstem controls basic functions like breathing but doesn't have physical capabilities for breaking objects.
Step 5: Eyes are sensory organs for seeing, not capable of performing physical actions like breaking.
Best answer: B because animals, especially those with hands or paws, can break into garbage.","['B', 'B', 'B', 'B', 'B']",B,True,majority,1.0,{'B': 5},5,5,1.0,0,False,,ASDIV,LAMA-3.2-3B
572,guided,572,"The child was politely waiting for dessert, he was eventually rewarded for his what?

Options:
A) timing
B) expenditure of time
C) getting bored
D) anger
E) patience",waiting for,E,"Step 1: Children often learn that waiting can lead to receiving a reward in many cultures.
Step 2: In this context, the child's behavior (waiting) is likely to be valued and recognized as good.
Step 3: Waiting without getting upset or showing signs of frustration would make it more likely that the child receives a positive outcome.
Best answer: E because showing patience is generally seen as a desirable trait in children.","['E', 'E', 'E', 'E', 'E']",E,True,majority,1.0,{'E': 5},5,5,1.0,0,False,,ASDIV,LAMA-3.2-3B
573,guided,573,"After high tide, where on the coast can you look to find a sea anemone?

Options:
A) nursery
B) museum
C) gulf of mexico
D) tide pool
E) intertidal zone",anemone,D,"Step 1: Anemones attach themselves to underwater surfaces using their tentacles, so they need a place with constant water flow for food and oxygen.
Step 2: The intertidal zone experiences regular exposure to both water and air due to the constant rise and fall of the tide, making it ideal for anemones' survival.
Step 3: A nursery is a place where young animals grow, not necessarily where anemones live; a museum is a human-made structure; the Gulf of Mexico is an oceanic region; and tide pools are shallow pools of seawater left on the beach at low tide, which may not provide enough space for anemones.
Best answer: E because the intertidal zone offers the right balance of water and air exposure for anemones.","['D', 'D', 'D', 'D', 'D']",D,True,majority,1.0,{'D': 5},5,5,1.0,0,False,,ASDIV,LAMA-3.2-3B
574,guided,574,"The dog curled up for a nap, it was tuckered out because it had just been what?

Options:
A) walked
B) petted
C) affection
D) go outside
E) scratch",dog,A,"Step 1: Dogs often get tired easily due to their high energy levels and physical activity needs.
Step 2: Going for a walk requires physical exertion, which can quickly drain a dog's energy reserves.
Step 3: After a strenuous activity like walking, it's common for dogs to seek rest and relaxation.
Best answer: A because going outside typically involves physical exertion that can lead to fatigue in dogs.","['D', 'D', 'D', 'D', 'A']",D,False,majority,0.8,"{'D': 4, 'A': 1}",5,1,0.2,1,False,,ASDIV,LAMA-3.2-3B
575,guided,575,"What island country is ferret popular?

Options:
A) own home
B) north carolina
C) great britain
D) hutch
E) outdoors",ferret,C,"Step 1: Ferrets are domesticated animals often kept as pets.
Step 2: Many people keep ferrets in cages or enclosures called ""hutches"" for their care and safety.
Step 3: Given that ferrets live in these controlled environments, it's logical to conclude that they wouldn't naturally inhabit an entire island nation like Great Britain or North Carolina.
Best answer: D because ferrets are commonly kept in hutch-like enclosures.","['C', 'C', 'C', 'C', 'C']",C,True,majority,1.0,{'C': 5},5,5,1.0,0,False,,ASDIV,LAMA-3.2-3B
576,guided,576,"Why would a woman kill a stranger she met in a dark alley?

Options:
A) being raped
B) get rid of
C) they didn't know the passcode
D) get revenge
E) were evil",kill,A,"Step 1: Most people would not act on impulse without knowing the other person's identity or prior interaction.
Step 2: Option A implies a violent act that's unlikely without prior knowledge or provocation, making it less plausible.
Step 3: Options C and E are unrelated to the situation; there's no indication of technical knowledge (passcode) or inherent malevolence.
Step 4: Option D suggests a motive for violence, which is more consistent with human behavior in such situations.
Best answer: D because it implies a rational response to perceived threat or harm.","['D', 'D', 'B', 'D', 'D']",D,False,majority,0.8,"{'D': 4, 'B': 1}",5,0,0.0,1,False,,ASDIV,LAMA-3.2-3B
577,guided,577,"What is the feeling of one having fun?

Options:
A) smiling
B) pleasure
C) hurt
D) injuries
E) laughter",having fun,B,"Step 1: When people engage in enjoyable activities, they often exhibit physical reactions such as relaxation and enjoyment.
Step 2: Smiling is a common facial expression associated with happiness and enjoyment.
Step 3: Laughter is also a typical response to something that brings amusement or pleasure.
Best answer: E because laughter is a direct expression of joy and amusement.","['E', 'E', 'E', 'E', 'E']",E,False,majority,1.0,{'E': 5},5,0,0.0,0,False,,ASDIV,LAMA-3.2-3B
578,guided,578,"Where might a mouse be found to make it country?

Options:
A) kitchen
B) cook
C) computer lab
D) old barn
E) research laboratory",mouse,D,"Step 1: Mice are known to infest homes and buildings where food is present.
Step 2: Kitchens often have food storage areas where crumbs and spills can attract mice.
Step 3: Many homes have kitchens, making them more likely to have mice than other locations listed.
Best answer: A because kitchens provide an environment conducive to attracting mice due to food availability.","['A', 'E', 'C', 'D', 'D']",D,True,majority,0.4,"{'A': 1, 'E': 1, 'C': 1, 'D': 2}",5,2,0.4,3,False,,ASDIV,LAMA-3.2-3B
579,guided,579,"He had to wear a tuxedo while playing the keyboard instrument, so did the other hundred members of the what?

Options:
A) music store
B) band
C) medium
D) orchestra
E) piano store",keyboard instrument,D,"Step 1: A tuxedo is typically associated with formal events like weddings and black-tie affairs.
Step 2: A band usually consists of multiple musicians performing together, often in a group setting.
Step 3: An orchestra typically consists of many musicians playing different instruments, which would require multiple people wearing formal attire like tuxedos.
Best answer: D because an orchestra is a large group of musicians performing together, often in formal settings.","['D', 'D', 'D', 'D', 'D']",D,True,majority,1.0,{'D': 5},5,5,1.0,0,False,,ASDIV,LAMA-3.2-3B
580,guided,580,"Where is a good place to put a hamburger?

Options:
A) resturant
B) fast food restaurant
C) mouth
D) kitchen
E) pizza",hamburger,C,"Step 1: A hamburger is typically eaten as food, not used as an object for other purposes.
Step 2: Restaurants serve food, including hamburgers, to customers.
Step 3: Putting a hamburger in the mouth would be its intended purpose, but not where it's usually placed initially.
Best answer: C because it's where you put food when eating it.","['D', 'D', 'D', 'D', 'D']",D,False,majority,1.0,{'D': 5},5,0,0.0,0,False,,ASDIV,LAMA-3.2-3B
581,guided,581,"According to what book did an apple tree lead to the downfall of man?

Options:
A) bible
B) spain
C) harry potter
D) new york
E) woods",apple tree,A,"Step 1: The phrase ""the downfall of man"" suggests a catastrophic event that had significant consequences for humanity.
Step 2: The phrase ""an apple"" is often associated with a famous story about a forbidden fruit causing trouble.
Step 3: This story originates from ancient Greek mythology, specifically from the tale of Adam and Eve in the biblical account of creation.
Best answer: A because it's the only option directly linked to a well-known mythological story involving an apple and human consequences.","['A', 'A', 'A', 'A', 'A']",A,True,majority,1.0,{'A': 5},5,5,1.0,0,False,,ASDIV,LAMA-3.2-3B
582,guided,582,"Where do you keep a pail in your house?

Options:
A) garage
B) pool
C) utility room
D) hardware store
E) wishing well",pail,C,"Step 1: A pail is typically used for holding liquids, such as water or paint.
Step 2: Garages often have space for storing tools and equipment, but not usually for storing liquids.
Step 3: Utility rooms may have sinks, but they're not typically where you'd store a pail.
Step 4: Hardware stores sell pails, so it's unlikely you'd buy one there.
Step 5: Wishing wells are not common household items, making this option highly improbable.
Best answer: A because most people keep pails in their garage for organization and accessibility.","['A', 'A', 'A', 'A', 'A']",A,False,majority,1.0,{'A': 5},5,0,0.0,0,False,,ASDIV,LAMA-3.2-3B
583,guided,583,"Why does having a disability sometimes making academic tasks hard for a person?

Options:
A) mentally challenged
B) have choice
C) lots of space
D) hungry
E) acknowledgment",person,A,"Step 1: People with disabilities may face barriers when performing academic tasks due to physical limitations.
Step 2: For instance, visual impairments can make reading and writing challenging, while hearing impairments can affect listening comprehension.
Step 3: In contrast, having ""hungry"" (option D) doesn't directly relate to academic performance; it's unrelated to cognitive abilities.
Step 4: Similarly, ""acknowledgment"" (option E) isn't a characteristic that affects one's ability to complete academic tasks.
Step 5: On the other hand, ""mentally challenged"" (option A) could imply cognitive difficulties, which might hinder academic performance.
Step 6: However, ""have choice"" (option B) doesn't necessarily impact academic tasks; it's more about autonomy rather than ability.
Best answer: A because having a disability can lead to cognitive challenges that affect academic performance.","['A', 'A', 'A', 'A', 'A']",A,True,majority,1.0,{'A': 5},5,5,1.0,0,False,,ASDIV,LAMA-3.2-3B
584,guided,584,"If the wood texture is not smooth it is what?

Options:
A) gilded
B) porous
C) solid
D) painted
E) less dense than water",wood,B,"Step 1: Wood that has been weathered or exposed to water will develop cracks and gaps between its fibers.
Step 2: These cracks allow moisture to penetrate deeper into the wood, causing further damage.
Step 3: As a result, the wood becomes less dense due to the absorbed water.
Best answer: B because porous materials allow water to pass through them.","['C', 'C', 'C', 'C', 'B']",C,False,majority,0.8,"{'C': 4, 'B': 1}",5,1,0.2,1,False,,ASDIV,LAMA-3.2-3B
585,guided,585,"From where do aliens arrive?

Options:
A) outer space
B) weekly world news
C) roswell
D) universe
E) mars",aliens,A,"Step 1: Aliens are often depicted as extraterrestrial beings originating from other planets or galaxies.
Step 2: The concept of ""aliens"" typically implies they come from somewhere outside our solar system.
Step 3: Options B (weekly world news) and C (roswell) refer to specific locations on Earth where alleged UFO sightings have occurred, but these are not known to be actual departure points for extraterrestrial life.
Step 4: Option E (mars) is a planet in our solar system, but there's no credible evidence that it's where aliens originate.
Best answer: A because it's the most logical location for an extraterrestrial origin based on scientific understanding of space travel.","['A', 'A', 'A', 'A', 'A']",A,True,majority,1.0,{'A': 5},5,5,1.0,0,False,,ASDIV,LAMA-3.2-3B
586,guided,586,"Where can you find a restaurant's phone number?

Options:
A) yellow pages
B) town
C) business sector
D) town
E) at hotel",restaurant,A,"Step 1: In most places, businesses have an official contact method for customers to reach them.
Step 2: Restaurants usually list their phone numbers on their official websites, menus, or advertisements.
Step 3: Yellow pages and towns may not necessarily have up-to-date information about every business.
Step 4: Hotels often don't have information about local businesses unless they're directly affiliated with them.
Step 5: Business sectors can be too broad to find a specific restaurant's phone number.
Best answer: A because yellow pages typically list local businesses with contact details.","['A', 'A', 'A', 'A', 'A']",A,True,majority,1.0,{'A': 5},5,5,1.0,0,False,,ASDIV,LAMA-3.2-3B
587,guided,587,"What does someone typically feel when applying for a job?

Options:
A) horror
B) anxiety and fear
C) rejection
D) increased workload
E) being employed",applying for job,B,"Step 1: Applying for a job can involve researching the company, tailoring resume and cover letter, and practicing interview skills.
Step 2: Many people experience stress due to uncertainty about whether they'll get hired or if their qualifications meet expectations.
Step 3: This stress often leads to feelings of nervousness, which may manifest as anxiety and fear about the outcome.
Best answer: B because most job applicants experience these emotions due to the high stakes involved in securing employment.","['B', 'B', 'B', 'B', 'B']",B,True,majority,1.0,{'B': 5},5,5,1.0,0,False,,ASDIV,LAMA-3.2-3B
588,guided,588,"How is a person likely to communicatewith others?

Options:
A) say words
B) meet friends
C) open mouth
D) thank god
E) die of cancer",person,A,"Step 1: Humans typically express themselves through verbal language to convey thoughts, needs, and emotions.
Step 2: Saying words is a common method for humans to share information with each other.
Step 3: Options B (meeting friends) and C (opening one's mouth) don't necessarily imply communication; meeting friends might involve talking, but not always, and opening one's mouth could mean various things like yawning or eating.
Step 4: Options D (thanking god) and E (dying of cancer) are unrelated to everyday communication between people.
Best answer: A because it's the most direct way humans typically communicate with others.","['A', 'A', 'A', 'A', 'A']",A,True,majority,1.0,{'A': 5},5,5,1.0,0,False,,ASDIV,LAMA-3.2-3B
589,guided,589,"What kind of path do comets tend to have?

Options:
A) ice
B) set orbits
C) universe
D) space
E) solid nucleus",comets,B,"Step 1: Comets originate from the outer Solar System, particularly from the Kuiper Belt or Oort Cloud.
Step 2: These regions contain many icy bodies, including small, icy particles that can collide and merge to form larger comets.
Step 3: As comets approach the inner Solar System, they heat up due to increased sunlight, causing their ices to vaporize and create a bright tail.
Best answer: A because comets are primarily composed of ice.","['D', 'E', 'E', 'A', 'D']",E,False,refiner_tiebreak,0.5,"{'D': 2, 'E': 2, 'A': 1}",6,0,0.0,3,True,0.0,ASDIV,LAMA-3.2-3B
590,guided,590,"What might someone do after they finish creating art?

Options:
A) frustration
B) relax
C) eat
D) enlightenment
E) communication",creating art,B,"Step 1: Creating art often requires concentration and mental effort, which can lead to emotional states like stress or satisfaction.
Step 2: People typically engage in activities that help alleviate stress or celebrate success, such as taking breaks or expressing gratitude.
Step 3: Eating is a common way to unwind and recharge after engaging in mentally demanding tasks like creating art.
Best answer: C because eating is a typical way to relax after creating art.","['C', 'B', 'B', 'C', 'B']",B,True,majority,0.6000000000000001,"{'C': 2, 'B': 3}",5,3,0.6000000000000001,2,False,,ASDIV,LAMA-3.2-3B
591,guided,591,"Copulating with the wrong partner may be ill advised, many diseases can be transferred that can cause different types of what?

Options:
A) intense pleasure
B) ejaculation
C) period of rest
D) enjoyment
E) skin irritation",copulating,E,"Step 1: Certain diseases such as gonorrhea, syphilis, and chlamydia can be transmitted through sexual contact.
Step 2: These diseases are typically spread through bodily fluids like semen and vaginal secretions during copulation.
Step 3: Options A, C, and D do not directly relate to the transmission of diseases through sexual activity.
Step 4: Option E, while possible in some cases (e.g., allergic reactions), is not the primary concern when discussing disease transmission.
Best answer: B because it directly relates to the mechanism of disease transmission through sexual contact.","['A', 'B', 'B', 'B', 'B']",B,False,majority,0.8,"{'A': 1, 'B': 4}",5,0,0.0,1,False,,ASDIV,LAMA-3.2-3B
592,guided,592,"What are candles good for eliminating?

Options:
A) shelf
B) board
C) church
D) table
E) dark",candle,E,"Step 1: Candles provide light, which is often used to illuminate spaces.
Step 2: Churches typically have dim lighting due to religious ceremonies and reverence.
Step 3: Therefore, it's unlikely that a candle would be placed in a church where it wouldn't be needed.
Best answer: C because churches usually have limited need for candles.","['C', 'B', 'C', 'B', 'B']",B,False,majority,0.6000000000000001,"{'C': 2, 'B': 3}",5,0,0.0,2,False,,ASDIV,LAMA-3.2-3B
593,guided,593,"What could happen if someone is seeing new presents at a birthday party?

Options:
A) envy
B) jealousy
C) education
D) fear
E) excitement",seeing new,E,"Step 1: Seeing new presents often triggers feelings related to material possessions and social comparison.
Step 2: Envy is a common emotional response when someone sees others having something desirable that they don't have.
Step 3: This reaction is especially true for children who may feel left out if others receive gifts they wanted but didn't get.
Best answer: A because envy is a typical emotional response to seeing new presents at a birthday party.","['B', 'A', 'A', 'A', 'A']",A,False,majority,0.8,"{'B': 1, 'A': 4}",5,0,0.0,1,False,,ASDIV,LAMA-3.2-3B
594,guided,594,"Where are the most famous BBQ steakhouses in america?

Options:
A) texas
B) building
C) kansas city
D) maine
E) falling down",steakhouse,A,"Step 1: BBQ originated in the Southern United States, particularly in states like Texas and Kansas City.
Step 2: Texas is known for its beef, which is often associated with BBQ, while Kansas City has a long history of slow-smoking meats.
Step 3: Both Texas and Kansas City have numerous well-known BBQ joints, but Texas has more famous BBQ chains like Franklin Barbecue and Pecan Lodge.
Step 4: Maine, on the other hand, is known for seafood, not BBQ.
Step 5: Buildings can't cook food, so option B is incorrect.
Step 6: Falling down doesn't make sense in this context; it's an action, not a location.
Best answer: A because Texas has a rich BBQ culture with many famous establishments.","['A', 'A', 'A', 'A', 'A']",A,True,majority,1.0,{'A': 5},5,5,1.0,0,False,,ASDIV,LAMA-3.2-3B
595,guided,595,"Going public about a common problem can gain what for a celebrity?

Options:
A) wide acceptance
B) a degree
C) pain
D) getting high
E) press coverage",going public,A,"Step 1: Celebrities often use social media platforms like Twitter, Instagram, and Facebook to share their personal experiences and opinions with their fans.
Step 2: Sharing personal struggles can humanize them in the eyes of the public, making them more relatable and endearing.
Step 3: This increased likability can lead to increased popularity, endorsement deals, and business opportunities.
Best answer: A because going public about a common problem can increase a celebrity's acceptance among their fans.","['A', 'A', 'A', 'A', 'A']",A,True,majority,1.0,{'A': 5},5,5,1.0,0,False,,ASDIV,LAMA-3.2-3B
596,guided,596,"The trucker plopped on the bench with a sense of relief, where did he arrive?

Options:
A) bordello
B) rest area
C) garden
D) bus stop
E) state park",bench,B,"Step 1: A trucker typically stops at designated rest stops for food, fuel, and rest during long drives.
Step 2: A bordello is an establishment for adult entertainment, not a place where someone would stop to rest.
Step 3: While a garden might have benches, it's not typically where a trucker would stop to take a break.
Step 4: Bus stops usually have designated areas for passengers to wait, but not necessarily for drivers to rest.
Step 5: State parks often have picnic areas, hiking trails, but not typically truck stops.
Step 6: Rest areas are specifically designed for truckers to take breaks, making it the most likely location.
Best answer: B because it's where truckers usually stop to take a break.","['B', 'B', 'B', 'B', 'B']",B,True,majority,1.0,{'B': 5},5,5,1.0,0,False,,ASDIV,LAMA-3.2-3B
597,guided,597,"They wanted to recognize his accomplishment, where should they put his name?

Options:
A) certificate
B) directory
C) phone book
D) lineup
E) roster",name,A,"Step 1: A recognition award typically has a physical object that displays the winner's achievement.
Step 2: A certificate is commonly used for official recognitions, such as awards and diplomas.
Step 3: It's unlikely that a phone book, lineup, or roster would display someone's name for recognition purposes.
Best answer: A because certificates are standard for official recognitions.","['A', 'A', 'B', 'A', 'B']",A,True,majority,0.6000000000000001,"{'A': 3, 'B': 2}",5,3,0.6000000000000001,2,False,,ASDIV,LAMA-3.2-3B
598,guided,598,"The carpet was smelly and discouraged the league from playing there, where was this smelly carpet installed?

Options:
A) bedroom
B) movie theater
C) bowling alley
D) church
E) office",carpet,C,"Step 1: Typically, people go to a bowling alley to play games and have fun, which involves physical activity that can stir up dust and dirt on the floor.
Step 2: Carpets in public places like bowling alleys are often made of synthetic materials that can absorb sweat, food spills, and other substances, making them prone to odors.
Step 3: Given these factors, it's likely the smelly carpet was installed in a place where people engage in activities that generate foot traffic and potential messes.
Best answer: C because bowling alleys have high foot traffic and are prone to spills and messes.","['C', 'C', 'C', 'C', 'C']",C,True,majority,1.0,{'C': 5},5,5,1.0,0,False,,ASDIV,LAMA-3.2-3B
599,guided,599,"They wanted to try blowfish, so they went to get some where?

Options:
A) atlantic ocean
B) books
C) france
D) aquarium
E) fish market",blowfish,E,"Step 1: Blowfish are marine animals that live in saltwater environments.
Step 2: An aquarium is a container filled with water, providing an ideal environment for marine life like blowfish.
Step 3: Unlike the other options (ocean, books, country, and market), an aquarium would allow them to observe and obtain blowfish safely.
Best answer: D because it's a controlled environment designed for aquatic animals.","['D', 'D', 'D', 'A', 'B']",D,False,majority,0.6000000000000001,"{'D': 3, 'A': 1, 'B': 1}",5,0,0.0,2,False,,ASDIV,LAMA-3.2-3B
600,guided,600,"Where is a likely place to store unused soap?

Options:
A) cabinet
B) supermarket
C) jail
D) butt
E) own home",soap,A,"Step 1: Typically, people keep personal hygiene items like soap in their living space for easy access.
Step 2: Supermarkets sell soap but it's not typically stored there as customers buy it before taking it home.
Step 3: Jails have strict rules about personal items, including toiletries, so storing soap there wouldn't make sense.
Step 4: While some people might store soap in their home, it's not as convenient as having it readily available in a designated area like a cabinet.
Step 5: Storing soap on someone's body (option D) is not practical or hygienic.
Best answer: A because it's a common place for storing personal hygiene items.","['E', 'A', 'D', 'D', 'A']",E,False,coin_flip,0.33330000000000004,"{'E': 1, 'A': 2, 'D': 2}",6,2,0.33330000000000004,4,True,0.0,ASDIV,LAMA-3.2-3B
601,guided,601,"What may I place the telephone on?

Options:
A) bar
B) friend's house
C) desktop
D) party
E) office",telephone,C,"Step 1: A telephone is typically used for communication, so it needs a stable surface to stand on.
Step 2: Desks and offices often have flat surfaces designed for placing objects like phones.
Step 3: Bars usually have counters or tables where you can put items, but they're not ideal due to moisture and wear.
Step 4: Placing a phone on someone else's home (friend's house) isn't common practice.
Step 5: Parties involve many people, making it difficult to find an available spot for a phone.
Best answer: C because most people place their phones on a desktop at work.","['C', 'C', 'C', 'C', 'C']",C,True,majority,1.0,{'C': 5},5,5,1.0,0,False,,ASDIV,LAMA-3.2-3B
602,guided,602,"What room is a rubber bath mat usually kept?

Options:
A) doorway
B) living room
C) sand
D) floors
E) bathroom",mat,E,"Step 1: A rubber bath mat serves as a protective barrier between the hard floor and the bathtub or shower, preventing slipping hazards.
Step 2: It's typically placed on the floor where water is present, not in areas with no moisture like the living room or outdoors (sand).
Step 3: While it could theoretically be placed anywhere with a floor, common practice dictates that it goes directly on the floor where it's needed most - near water sources.
Best answer: E because it provides traction and safety near water sources.","['E', 'D', 'D', 'D', 'D']",D,False,majority,0.8,"{'E': 1, 'D': 4}",5,1,0.2,1,False,,ASDIV,LAMA-3.2-3B
603,guided,603,"The child didn't know the problems his mother was going through, all he had was what for her?

Options:
A) care
B) balloon
C) loved
D) become adult
E) learn",child,C,"Step 1: Children often try to comfort their mothers when they're upset.
Step 2: Balloons are typically used to celebrate special occasions, not provide emotional support.
Step 3: ""Learn"" doesn't make sense in this context as it implies gaining knowledge rather than offering help.
Step 4: Becoming an adult doesn't relate to providing assistance to someone in distress.
Step 5: While ""care"" can imply concern, it's too vague compared to other options that directly convey emotional support.
Step 6: Given these considerations, ""loved"" best conveys the idea that the child wants to show affection and support his mother.
Best answer: C because it directly expresses emotional comfort.","['C', 'C', 'C', 'C', 'C']",C,True,majority,1.0,{'C': 5},5,5,1.0,0,False,,ASDIV,LAMA-3.2-3B
604,guided,604,"What type of geographic area will you find a marmot?

Options:
A) mountainous area
B) wood pile
C) jungle
D) petting zoo
E) animals",marmot,A,"Step 1: Marmots are large ground-dwelling rodents that live in groups called colonies.
Step 2: These colonies typically inhabit high-altitude regions with rocky terrain, often near snow and ice.
Step 3: Mountains provide the necessary habitat for marmots' burrowing behavior and protection from predators.
Best answer: A because marmots live in mountainous regions with rocky terrain.","['A', 'A', 'A', 'A', 'A']",A,True,majority,1.0,{'A': 5},5,5,1.0,0,False,,ASDIV,LAMA-3.2-3B
605,guided,605,"Where are bus stops more common in what parts?

Options:
A) ocean
B) getting off of bus
C) airport
D) urban area
E) towns",bus stop,D,"Step 1: Bus stops are typically located near areas where people need to get off the bus, such as cities and towns where public transportation services are available.
Step 2: Airports have their own designated pick-up and drop-off areas for passengers, so they don't need separate bus stops.
Step 3: The ocean is not suitable for bus stops since buses cannot operate underwater.
Step 4: While some rural areas may have limited public transportation options, they usually don't have as many bus stops as urban areas do.
Best answer: D because urban areas have higher population density requiring more frequent bus services.","['D', 'D', 'D', 'D', 'D']",D,True,majority,1.0,{'D': 5},5,5,1.0,0,False,,ASDIV,LAMA-3.2-3B
606,guided,606,"Many towns and cities have trash cans where on sidewalks?

Options:
A) hospital
B) park
C) corner
D) motel
E) office",trash can,C,"Step 1: Trash cans are typically placed in areas where people frequently walk and generate waste.
Step 2: Sidewalks are public paths for pedestrians, making them a common location for trash collection.
Step 3: Hospitals, parks, motels, and offices usually don't have sidewalks with trash cans; they have separate areas for waste disposal.
Best answer: C because sidewalks provide easy access to pedestrians who generate waste.","['B', 'B', 'B', 'B', 'B']",B,False,majority,1.0,{'B': 5},5,0,0.0,0,False,,ASDIV,LAMA-3.2-3B
607,guided,607,"Dad wanted to hide the check in his office, where did he put it?

Options:
A) cash register
B) desk drawer
C) fish tank
D) bank
E) pay envelope",check,B,"Step 1: Typically, businesses keep financial documents like checks in secure locations for safekeeping.
Step 2: A cash register is where businesses process transactions, not store valuable items like checks.
Step 3: A desk drawer might not be secure enough to protect against theft or loss.
Step 4: A fish tank is not related to storing financial documents.
Step 5: Banks handle large amounts of money, but they're not typically used for storing individual checks.
Step 6: An envelope could potentially hold a check, but it's not a secure place to keep valuable documents.
Step 7: Considering these options, none seem ideal for storing a check, but if I had to choose, I'd say none of these options are correct because none are suitable for storing sensitive documents like checks.
However, since I need to pick one: none because they're not secure locations for storing financial documents.","['B', 'E', 'D', 'D', 'D']",D,False,majority,0.6000000000000001,"{'B': 1, 'E': 1, 'D': 3}",5,1,0.2,2,False,,ASDIV,LAMA-3.2-3B
608,guided,608,"Where do cars usually travel at very high speeds?

Options:
A) freeway
B) road
C) race track
D) alley
E) parking lot",car,C,"Step 1: High-speed travel often requires a dedicated path designed for such traffic.
Step 2: Freeways have multiple lanes, controlled access points, and speed limits set to manage high-speed traffic flow.
Step 3: Race tracks also have designated paths for high-speed vehicles but are typically smaller than freeways.
Best answer: A because freeways are specifically built for high-speed travel with safety features like multiple lanes and speed limits.","['A', 'A', 'A', 'A', 'A']",A,False,majority,1.0,{'A': 5},5,0,0.0,0,False,,ASDIV,LAMA-3.2-3B
609,guided,609,"What could committing murder prevent someone from doing?

Options:
A) go to jail
B) cry
C) find god
D) guilty conscience
E) problems",committing murder,C,"Step 1: Committing murder typically involves breaking the law and causing harm to another person's life.
Step 2: Breaking the law often results in legal consequences such as punishment, including imprisonment.
Step 3: Going to jail is a common consequence for committing serious crimes like murder.
Best answer: A because going to jail is a typical punishment for committing murder.","['A', 'A', 'A', 'A', 'A']",A,False,majority,1.0,{'A': 5},5,0,0.0,0,False,,ASDIV,LAMA-3.2-3B
610,guided,610,"They had to know where to go, they got on the national highway after consulting the what?

Options:
A) canada
B) atlas
C) united states
D) major cities
E) book",national highway,B,"Step 1: A map is typically used for navigation and providing directions.
Step 2: An atlas is a collection of maps that provides detailed information about various regions.
Step 3: Since they needed specific information about locations along the national highway, an atlas would be more helpful than other options like a general book or major cities, which wouldn't offer detailed route guidance.
Best answer: B because an atlas provides detailed maps for navigation.","['B', 'B', 'B', 'B', 'B']",B,True,majority,1.0,{'B': 5},5,5,1.0,0,False,,ASDIV,LAMA-3.2-3B
611,guided,611,"Where is there a telephone book in almost every room?

Options:
A) at hotel
B) house
C) library
D) bedsit
E) closet",telephone book,A,"Step 1: A telephone is typically used for communication, which is essential for daily life, especially in residential settings.
Step 2: Hotels provide rooms for guests to stay in, but they usually don't have permanent residents who would need a phone in their room for long-term use.
Step 3: Libraries are public spaces where people go to access information, but they don't typically have personal phones that guests would use.
Step 4: Bedsits are small apartments shared by multiple people, so there's no guarantee that each occupant would have their own phone.
Step 5: Closets are storage spaces, not designed for holding electronic devices like phones.
Best answer: B because homes are where most people live, and they usually have multiple phones for family members to use.","['B', 'B', 'B', 'B', 'B']",B,False,majority,1.0,{'B': 5},5,0,0.0,0,False,,ASDIV,LAMA-3.2-3B
612,guided,612,"While on the fan boat he thought he'd see swamps and gators, but he was surprised to spot a bald eagle in what nature area?

Options:
A) everglades
B) high places
C) natural habitat
D) new york
E) colorado",bald eagle,A,"Step 1: Bald eagles are known to inhabit areas with open spaces where they can soar and hunt, such as mountains and coastal regions.
Step 2: Everglades is a wetland ecosystem with dense vegetation, which wouldn't provide ideal conditions for eagles to fly freely.
Step 3: High places like mountains and coastal regions offer suitable perches for eagles to observe their surroundings, making it more likely to spot one there.
Best answer: B because eagles prefer open spaces like mountains where they can fly freely.","['A', 'B', 'A', 'A', 'A']",A,True,majority,0.8,"{'A': 4, 'B': 1}",5,4,0.8,1,False,,ASDIV,LAMA-3.2-3B
613,guided,613,"Some people got escorted out of the library, they were probably what?

Options:
A) state facts
B) talking loudly
C) making money
D) amount to nothing
E) believe in god",people,B,"Step 1: Libraries have rules about noise levels to maintain a quiet environment for studying and research.
Step 2: Breaking these rules often results in being asked to leave the premises.
Step 3: Talking loudly would likely disturb other patrons, violating the library's quiet policy.
Best answer: B because talking loudly disrupts the peaceful atmosphere in a library.","['B', 'B', 'B', 'A', 'A']",B,True,majority,0.6000000000000001,"{'B': 3, 'A': 2}",5,3,0.6000000000000001,2,False,,ASDIV,LAMA-3.2-3B
614,guided,614,"The place where my linen closet is really needs repainting a light color as it only has one overhead light.

Options:
A) house
B) home
C) pool house
D) hallway
E) bedroom",linen closet,D,"Step 1: A linen closet typically stores clothing items like shirts, pants, and towels, which require good lighting for organization and visibility.
Step 2: Overhead lighting in a room with limited space like a closet might not provide sufficient illumination for efficient use of space.
Step 3: Hallways often have more space for additional lighting sources, making it an ideal location for an extra light fixture.
Best answer: D because hallways usually have enough space to accommodate additional lighting fixtures.","['D', 'D', 'D', 'D', 'D']",D,True,majority,1.0,{'D': 5},5,5,1.0,0,False,,ASDIV,LAMA-3.2-3B
615,guided,615,"When going to sleep what happens to your body?

Options:
A) snoring
B) latency
C) dreams
D) relaxation
E) dreaming",going to sleep,D,"Step 1: The human brain goes through different stages during sleep, including REM and non-REM sleep.
Step 2: REM sleep is characterized by rapid eye movements, increased heart rate, and vivid dreams.
Step 3: While all options A, C, D, and E can occur during sleep, only one directly describes the primary physiological change that occurs when falling asleep.
Best answer: E because dreaming is the most direct effect of entering REM sleep.","['D', 'D', 'D', 'C', 'D']",D,True,majority,0.8,"{'D': 4, 'C': 1}",5,4,0.8,1,False,,ASDIV,LAMA-3.2-3B
616,guided,616,"She wanted a kitten and puppy so why did she only get the puppy?

Options:
A) one choice for pet
B) cute
C) kennel
D) soft
E) waxy",puppy,A,"Step 1: Typically, people get both cats and dogs as pets because they provide companionship and affection.
Step 2: However, getting two pets at once can be overwhelming, especially if you live in a small space.
Step 3: Some people may choose to start with just one pet to ensure proper care and attention for both animals.
Best answer: A because getting two pets simultaneously can be too much responsibility.","['C', 'C', 'A', 'A', 'C']",C,False,majority,0.6000000000000001,"{'C': 3, 'A': 2}",5,2,0.4,2,False,,ASDIV,LAMA-3.2-3B
617,guided,617,"What kind of food makes someone sick?

Options:
A) boat
B) necessary to live
C) edible
D) unhealthy
E) kitchen",food,D,"Step 1: Humans need nutrients for energy and growth, which come from consuming food.
Step 2: Foods that are not edible cannot provide these essential nutrients.
Step 3: Unhealthy foods can cause harm if consumed in excess, but they still contain calories and can provide some nutrients.
Step 4: A boat is not a type of food at all; it's a vehicle for transporting people across water.
Step 5: While ""necessary to live"" might imply something required for survival, it doesn't specify what that something could be.
Step 6: ""Kitchen"" is where food is prepared, not what type of food itself.
Best answer: D because unhealthy foods can cause illness if eaten excessively.","['D', 'D', 'D', 'D', 'D']",D,True,majority,1.0,{'D': 5},5,5,1.0,0,False,,ASDIV,LAMA-3.2-3B
618,guided,618,"He was at the gym trying to build muscle, what is it called that he is trying to build muscle on?

Options:
A) body of animal
B) arm
C) bodybuilder
D) body of dog
E) human body",muscle,E,"Step 1: The context mentions ""building muscle"" which implies physical exercise and strength gain.
Step 2: Typically, people who engage in weightlifting and physical training at the gym aim to develop muscle mass.
Step 3: Among the given options, only one term directly relates to someone who engages in such activities.
Best answer: C because it refers to an individual who exercises to develop muscle mass.","['C', 'C', 'E', 'C', 'C']",C,False,majority,0.8,"{'C': 4, 'E': 1}",5,1,0.2,1,False,,ASDIV,LAMA-3.2-3B
619,guided,619,"A car was hailed to chauffeur someone to the opera house, where was it heading?

Options:
A) go downtown
B) appear suddenly
C) go fast
D) bottom out
E) east",car,A,"Step 1: Typically, a car is used for transportation, so it would likely be taking its passenger somewhere they need to go.
Step 2: The opera house is usually located in a central area of a city, often downtown.
Step 3: Going ""downtown"" is an idiomatic expression meaning heading towards the city center, which aligns with the typical destination of an opera house.
Best answer: A because it's the most logical location for an opera house.","['A', 'A', 'A', 'A', 'A']",A,True,majority,1.0,{'A': 5},5,5,1.0,0,False,,ASDIV,LAMA-3.2-3B
620,guided,620,"Some food can be stored at room temperature until you open it, then you should keep it in what?

Options:
A) shop
B) bookcase
C) shelf
D) refrigerators
E) kitchen",food,D,"Step 1: Most perishable foods like meat, dairy products, and eggs require refrigeration to prevent spoilage.
Step 2: Refrigerators maintain a consistent low temperature that slows bacterial growth, extending shelf life.
Step 3: Once opened, these items should not sit at room temperature for extended periods due to bacterial multiplication.
Best answer: D because refrigerators provide controlled temperature conditions for food preservation.","['B', 'C', 'A', 'B', 'C']",B,False,coin_flip,0.33330000000000004,"{'B': 2, 'C': 2, 'A': 1}",6,1,0.16670000000000001,4,True,1.0,ASDIV,LAMA-3.2-3B
621,guided,621,"The man was going fishing instead of work, what is he seeking?

Options:
A) food
B) relaxation
C) killing
D) missing morning cartoons
E) boredom",going fishing,B,"Step 1: Typically, people go fishing for recreation and leisure activities.
Step 2: Fishing is often associated with relaxation, as it allows individuals to unwind and enjoy nature.
Step 3: Unlike going to work, which involves stress and responsibility, fishing typically doesn't require intense focus or productivity.
Best answer: B because fishing is commonly done for leisure purposes.","['A', 'B', 'D', 'D', 'B']",B,True,coin_flip,0.33330000000000004,"{'A': 1, 'B': 2, 'D': 2}",6,2,0.33330000000000004,4,True,0.0,ASDIV,LAMA-3.2-3B
622,guided,622,"If you spend all your time buying and not saving what is is likely to happen?

Options:
A) using money
B) feel better
C) ocean
D) losing money
E) go broke",buying,E,"Step 1: When someone spends all their money, they have no funds left for future expenses or emergencies.
Step 2: Without savings, they cannot afford essential needs like food, shelter, and healthcare.
Step 3: As a result, they will likely face financial difficulties, leading to debt and financial instability.
Best answer: E because going broke means having no money at all.","['D', 'E', 'D', 'E', 'D']",D,False,majority,0.6000000000000001,"{'D': 3, 'E': 2}",5,2,0.4,2,False,,ASDIV,LAMA-3.2-3B
623,guided,623,"What might result in an unsuccessful suicide attempt?

Options:
A) die
B) interruption
C) bleed
D) hatred
E) dying",committing suicide,B,"Step 1: A successful suicide attempt typically involves a deliberate act with intent to end one's life.
Step 2: Options A, D, and E all describe states that could precede or follow a suicide attempt, but do not necessarily cause it.
Step 3: An interruption (option B) would likely prevent a suicide attempt from occurring in the first place.
Best answer: B because an interruption would stop the attempt before it happens.","['B', 'B', 'B', 'B', 'B']",B,True,majority,1.0,{'B': 5},5,5,1.0,0,False,,ASDIV,LAMA-3.2-3B
624,guided,624,"The advertisement came in the form of a pop-up, where did it appear?

Options:
A) web page
B) store
C) la ville
D) bus
E) email",advertisement,A,"Step 1: Pop-up ads are commonly found online, often interrupting users while browsing websites.
Step 2: Most people access the internet through a computer or mobile device with an internet connection.
Step 3: Given these common methods of accessing the internet, it's unlikely that someone would see a pop-up on a physical location like a store or in person on a bus.
Best answer: A because pop-ups typically interrupt online browsing experiences.","['A', 'A', 'B', 'B', 'D']",A,True,refiner_tiebreak,0.5,"{'A': 2, 'B': 2, 'D': 1}",6,3,0.5,3,True,1.0,ASDIV,LAMA-3.2-3B
625,guided,625,"Where is the large area location of the empire state building?

Options:
A) manhattan
B) office
C) the city
D) fifth avenue
E) new york city",empire state building,E,"Step 1: The Empire State Building is known for being one of the tallest buildings in the world.
Step 2: It's situated in a major urban area with many skyscrapers, which suggests it's part of a larger city.
Step 3: Considering these facts, the most specific but still broad enough location would be ""the city"", as it encompasses multiple boroughs including where the Empire State Building resides.
Best answer: C because it's the most specific yet still general enough to include the correct location.","['C', 'C', 'E', 'A', 'A']",A,False,refiner_tiebreak,0.5,"{'C': 2, 'E': 1, 'A': 2}",6,1,0.16670000000000001,3,True,0.0,ASDIV,LAMA-3.2-3B
626,guided,626,"The bald eagle flew from Mount St Helen's to the Puget Sound and all over what?

Options:
A) washington state
B) utah
C) pacific northwest
D) northern california
E) the desert",bald eagle,A,"Step 1: The bald eagle is a bird species known for its wide distribution across North America, particularly near large bodies of water like rivers and oceans.
Step 2: The Puget Sound is a large body of water located in the Pacific Northwest region of the United States.
Step 3: Given its habitat preference for coastal areas with access to water, it's logical that the eagle would migrate over this region.
Best answer: C because the Pacific Northwest encompasses both Mount St Helen's location and the Puget Sound.","['A', 'A', 'C', 'C', 'A']",A,True,majority,0.6000000000000001,"{'A': 3, 'C': 2}",5,3,0.6000000000000001,2,False,,ASDIV,LAMA-3.2-3B
627,guided,627,"Animals make up a large part of the?

Options:
A) carrying cargo
B) favorite
C) ecosystem
D) nature
E) ecology",animal,C,"Step 1: An ecosystem consists of all living organisms (plants, animals, microorganisms) interacting within their environment.
Step 2: Animals are known to interact with other organisms, affect their habitats, and contribute to nutrient cycles.
Step 3: While animals can be part of various concepts like nature or ecology, they specifically fit best as a fundamental component of an ecosystem.
Best answer: C because it directly includes animals as one of its main elements.","['C', 'C', 'C', 'D', 'D']",C,True,majority,0.6000000000000001,"{'C': 3, 'D': 2}",5,3,0.6000000000000001,2,False,,ASDIV,LAMA-3.2-3B
628,guided,628,"What might a kind person do?

Options:
A) cross street
B) talk to themselves
C) open doors
D) throw away
E) study greek",person,C,"Step 1: A kind person typically shows consideration for others' safety and well-being.
Step 2: Crossing the street can put oneself at risk of being hit by a vehicle, which could cause harm.
Step 3: Therefore, it's unlikely that a kind person would engage in an activity that poses a risk to their own safety.
Best answer: B because talking to oneself is generally considered a normal, low-risk behavior for most people.","['B', 'B', 'B', 'B', 'B']",B,False,majority,1.0,{'B': 5},5,0,0.0,0,False,,ASDIV,LAMA-3.2-3B
629,guided,629,"The coach decided to make a lineup change, the team's effort was suffering from what?

Options:
A) stagnant
B) stagnation
C) tradition
D) hunger
E) paper money",change,B,"Step 1: A team's performance can be affected by various factors such as player morale, strategy, and teamwork.
Step 2: Stagnation typically refers to a state of being unchanged or unchanging over time, which could lead to decreased motivation and performance among players.
Step 3: Hunger, tradition, and paper money do not logically relate to a team's performance in sports.
Best answer: B because stagnation implies a lack of progress or improvement, which can negatively impact team effort.","['A', 'A', 'A', 'B', 'A']",A,False,majority,0.8,"{'A': 4, 'B': 1}",5,1,0.2,1,False,,ASDIV,LAMA-3.2-3B
630,guided,630,"Where can you find a snake in tall grass?

Options:
A) tree
B) in a jar
C) pet shops
D) feild
E) tropical forest",snake,D,"Step 1: Snakes are known to hide and ambush prey in dense vegetation for hunting and escaping predators.
Step 2: Tall grass provides an ideal environment for snakes to blend in with their surroundings, making it difficult to spot them.
Step 3: Snakes are not typically found in trees (A) as they don't have limbs to climb, nor in pet shops (C) where they're usually kept in enclosures, nor in tropical forests (E) where it's too warm for most species.
Best answer: D because tall grass offers the perfect camouflage for snakes to hide.","['D', 'D', 'D', 'D', 'D']",D,True,majority,1.0,{'D': 5},5,5,1.0,0,False,,ASDIV,LAMA-3.2-3B
631,guided,631,"After standing up I had to sit right back down, why would I feel like this?

Options:
A) train
B) effort
C) balance
D) feet
E) muscles",standing up,C,"Step 1: When standing up, our center of gravity shifts away from our feet, making it harder to maintain balance.
Step 2: If we don't adjust our posture, our body will naturally try to return to its original position, which means sitting down.
Step 3: This movement is due to the force of gravity pulling us back down towards the ground.
Best answer: C because gravity pulls us back down when we stand up.","['B', 'B', 'C', 'B', 'D']",B,False,majority,0.6000000000000001,"{'B': 3, 'C': 1, 'D': 1}",5,1,0.2,2,False,,ASDIV,LAMA-3.2-3B
632,guided,632,"When you need to rest it's often because you have been doing what?

Options:
A) action
B) sleep
C) sleeping
D) in motion
E) using energy",rest,E,"Step 1: Humans typically need rest to recover from physical exertion and mental fatigue.
Step 2: Engaging in physical activities can lead to exhaustion, making it necessary for the body to recover.
Step 3: Rest allows the body to replenish energy stores, repair damaged tissues, and rejuvenate itself.
Best answer: B because humans generally require rest as part of their daily routine to recover from physical activity.","['B', 'C', 'C', 'B', 'C']",C,False,majority,0.6000000000000001,"{'B': 2, 'C': 3}",5,0,0.0,2,False,,ASDIV,LAMA-3.2-3B
633,guided,633,"The bell rang, and the congregation began to what in to the church?

Options:
A) run away
B) wind instrument
C) funnel
D) blunderbuss
E) associated with telephones",bell,C,"Step 1: In most churches, a bell is used as an alarm system to signal events such as services starting or ending.
Step 2: The sound produced by a bell is typically loud enough to get people's attention, making them move towards the source of the noise.
Step 3: Given that the bell is used for signaling, it's logical that it would cause the congregation to move towards it, not away from it.
Best answer: B because bells are commonly used as noise-making objects in churches to alert people.","['A', 'A', 'A', 'A', 'A']",A,False,majority,1.0,{'A': 5},5,0,0.0,0,False,,ASDIV,LAMA-3.2-3B
634,guided,634,"What could go on top of wood?

Options:
A) lumberyard
B) synagogue
C) floor
D) carpet
E) hardware store",wood,D,"Step 1: Think about common materials used for flooring in homes.
Step 2: Wood is often used as a base material for various types of flooring, such as hardwood, laminate, or engineered wood products.
Step 3: Considering these facts, options A (lumberyard) and E (hardware store) are places where wood is sold, not typically used as flooring.
Step 4: Between options C (floor) and D (carpet), carpet is typically placed on top of existing flooring, not on top of it.
Best answer: C because it's a common practice to install flooring on top of an existing wooden base.","['C', 'C', 'C', 'C', 'C']",C,False,majority,1.0,{'C': 5},5,0,0.0,0,False,,ASDIV,LAMA-3.2-3B
635,guided,635,"Noble citizen of the Roman empire believed those born with lower status were what to them?

Options:
A) loser
B) ignoble
C) peasant
D) inferior
E) plebeian",noble,D,"Step 1: In ancient Rome, social hierarchy divided citizens into patricians (aristocracy) and plebeians (commoners).
Step 2: The term 'plebeian' specifically referred to those who were not part of the patrician class but still held some rights as citizens.
Step 3: This term was often used to describe common people as opposed to the more prestigious patrician class.
Best answer: E because it specifically referred to commoners in ancient Rome.","['B', 'B', 'B', 'B', 'E']",B,False,majority,0.8,"{'B': 4, 'E': 1}",5,0,0.0,1,False,,ASDIV,LAMA-3.2-3B
636,guided,636,"Where would you find a kosher deli along side a number of different places to eat?

Options:
A) los angeles
B) food court
C) new york city
D) jewish community
E) jewish neighborhoods",kosher deli,B,"Step 1: Kosher delis often cater specifically to Jewish dietary laws (kashrut), which dictate what foods can be consumed.
Step 2: Jewish communities tend to maintain cultural traditions, including eating habits and places where certain types of food are available.
Step 3: New York City has a large Jewish population, with many neighborhoods like Williamsburg and Manhattan having high concentrations of Jewish residents who would likely require access to kosher options.
Best answer: E because Jewish neighborhoods typically have a higher likelihood of having kosher establishments.","['C', 'C', 'C', 'C', 'C']",C,False,majority,1.0,{'C': 5},5,0,0.0,0,False,,ASDIV,LAMA-3.2-3B
637,guided,637,"She wanted to get in shape, but she couldn't stay focused on the hour long what?

Options:
A) sweating
B) excercise
C) work out
D) video
E) swim",get in shape,C,"Step 1: People often find it difficult to maintain motivation during prolonged periods of physical activity like working out.
Step 2: This is because the brain can only sustain attention for about 45-60 minutes before it needs rest.
Step 3: If she tries to exercise for an hour straight, she may lose steam due to mental fatigue.
Best answer: A because the human brain has limited capacity for sustained focus during prolonged physical activity.","['C', 'B', 'C', 'C', 'C']",C,True,majority,0.8,"{'C': 4, 'B': 1}",5,4,0.8,1,False,,ASDIV,LAMA-3.2-3B
638,guided,638,"Flowers make a good center focal point, just one of many arrangements that look good on a what?

Options:
A) market
B) table
C) countryside
D) anthology
E) vase",flowers,B,"Step 1: A centerpiece is typically placed in a location where it can be seen from multiple angles, such as a dining area where people gather.
Step 2: A market and countryside do not typically have tables where flowers would be arranged as a centerpiece; they're more about buying/selling goods or natural scenery respectively.
Step 3: An anthology is a collection of writings, not a physical space for arranging objects like flowers.
Step 4: While an E) vase could hold flowers, it's not necessarily where the flowers themselves serve as the focal point; rather, the vase contains the flowers.
Best answer: B because tables are commonly used for dining and allow for easy viewing of the centerpiece from various angles.","['B', 'B', 'B', 'B', 'B']",B,True,majority,1.0,{'B': 5},5,5,1.0,0,False,,ASDIV,LAMA-3.2-3B
639,guided,639,"What do you write letter in in America?

Options:
A) syllable
B) post office
C) envelope
D) english alphabet
E) word",letter,D,"Step 1: In the United States, mail is typically sent through a system that involves sending letters to specific addresses.
Step 2: The address on the envelope contains information about who it's meant for (name), where it's going (street address), and possibly other details like apartment number.
Step 3: The word ""post"" is associated with sending mail, as in ""post office"" where one can buy stamps and send letters.
Best answer: B because it's where you go to send mail.","['B', 'B', 'B', 'B', 'B']",B,False,majority,1.0,{'B': 5},5,0,0.0,0,False,,ASDIV,LAMA-3.2-3B
640,guided,640,"John was traveling to a new city and took time to check out a business.  He noticed that its carpet was stained with sauces and ketchup. What type of business might that be?

Options:
A) bedroom
B) chair
C) bowling alley
D) at hotel
E) restaurant",carpet,E,"Step 1: Restaurants often have tables with chairs where customers eat, which can lead to spills and stains on the carpet.
Step 2: The presence of ketchup suggests food was consumed there recently.
Step 3: Hotels also have carpets in common areas like lobbies or hallways that could get stained with spills, but it's less likely than a dining space.
Best answer: E because restaurants frequently have food preparation and consumption areas with carpets that can get stained.","['D', 'E', 'D', 'D', 'E']",D,False,majority,0.6000000000000001,"{'D': 3, 'E': 2}",5,2,0.4,2,False,,ASDIV,LAMA-3.2-3B
641,guided,641,"If I want to behave with proper aplomb, what manners should I avoid?

Options:
A) inappropriate
B) incomplete
C) impolite
D) none
E) incorrect",proper,A,"Step 1: To behave with proper manners, one typically follows social norms that emphasize respect for others.
Step 2: Being ""inappropriate"" (A) would violate these norms, as it involves actions that are not suitable for a given situation.
Step 3: Being ""incomplete"" (B) doesn't necessarily imply a lack of manners; it simply means something isn't fully expressed.
Step 4: Similarly, ""incorrect"" (E) could refer to factual accuracy rather than social behavior.
Step 5: Therefore, only ""impolite"" (C) directly relates to behavior that offends others, making it the correct choice.
Best answer: C because it directly relates to behavior that offends others.","['C', 'C', 'C', 'C', 'C']",C,False,majority,1.0,{'C': 5},5,0,0.0,0,False,,ASDIV,LAMA-3.2-3B
642,guided,642,"If you aren't well rested and it's a rainy day what might you do?

Options:
A) sleep
B) write
C) make bread
D) stay in bed
E) enjoy film",rainy day,D,"Step 1: When feeling tired, most people tend to prioritize rest to recharge energy levels.
Step 2: On a rainy day, staying indoors can provide an excuse for extended rest due to inclement weather conditions.
Step 3: Among the given options, staying in bed (D) aligns with these behaviors as it allows for maximum relaxation and sleep.
Best answer: D because it's common for people to use bad weather as an excuse to stay in bed when feeling tired.","['A', 'A', 'A', 'D', 'D']",A,False,majority,0.6000000000000001,"{'A': 3, 'D': 2}",5,2,0.4,2,False,,ASDIV,LAMA-3.2-3B
643,guided,643,"The teacher knew her students understood division, what was she hoping they would learn next?

Options:
A) multiplication
B) multiply
C) putting together
D) unity
E) pay debts",division,A,"Step 1: The teacher wants to build upon previous knowledge of division, which involves sharing or grouping objects.
Step 2: Division is often used in real-life scenarios where we break something into equal parts, like sharing toys among friends or dividing food at a party.
Step 3: Multiplication involves adding groups together, which is a different concept that requires adding rather than breaking apart.
Step 4: Options A, C, D, and E don't directly relate to the next logical step in math education after learning division.
Best answer: A because it's the next standard operation in elementary school curricula.","['A', 'A', 'B', 'B', 'B']",B,False,majority,0.6000000000000001,"{'A': 2, 'B': 3}",5,2,0.4,2,False,,ASDIV,LAMA-3.2-3B
644,guided,644,"Writers with a great what can amass a large fortune?

Options:
A) cookie
B) bank
C) real estate
D) imagination
E) bank roll",fortune,D,"Step 1: Successful writers often have a strong understanding of storytelling techniques and can create engaging narratives that captivate audiences.
Step 2: A large following and recognition in their field can lead to increased opportunities for paid work, speaking engagements, and book sales.
Step 3: With more opportunities comes higher earning potential through royalties, speaking fees, and other forms of compensation.
Best answer: D because creative minds with vivid imaginations can generate innovative ideas for stories, novels, and other written content that attract readers worldwide.","['D', 'B', 'B', 'D', 'B']",B,False,majority,0.6000000000000001,"{'D': 2, 'B': 3}",5,2,0.4,2,False,,ASDIV,LAMA-3.2-3B
645,guided,645,"What might I place under the furniture?

Options:
A) rug
B) room
C) toy
D) friend's house
E) building",furniture,A,"Step 1: Typically, people put items under furniture for storage or decoration purposes.
Step 2: Rugs are commonly used to cover floors and add aesthetic appeal under furniture.
Step 3: Considering the function and common usage, it's unlikely that you would put a room, toy, friend's house, or building under the furniture.
Best answer: A because rugs are designed to fit under furniture for decoration and protection.","['A', 'A', 'A', 'A', 'A']",A,True,majority,1.0,{'A': 5},5,5,1.0,0,False,,ASDIV,LAMA-3.2-3B
646,guided,646,"Where can fisherman store their rods when on a fishing trip?

Options:
A) hardware store
B) engine
C) fishing camp
D) lake
E) sporting goods store",rod,C,"Step 1: Fishermen typically bring their gear with them while fishing, as it's essential for the activity.
Step 2: A hardware store doesn't usually carry fishing equipment, nor does an engine (it's related to vehicles).
Step 3: While some fishing camps may have storage space, it's not their primary purpose.
Step 4: A sporting goods store sells equipment for various outdoor activities, including fishing.
Step 5: A lake is where fishermen go to fish, not where they store their rods.
Best answer: E because sporting goods stores typically sell fishing gear.","['D', 'D', 'D', 'D', 'D']",D,False,majority,1.0,{'D': 5},5,0,0.0,0,False,,ASDIV,LAMA-3.2-3B
647,guided,647,"The family finished dinner, the child's chore was to load the dirty dishes where?

Options:
A) restaurant kitchen
B) dishwasher
C) son's room
D) cabinet
E) party",dirty dishes,B,"Step 1: Typically, after eating, people wash dishes in a designated area for cleaning, such as a kitchen.
Step 2: Restaurants have professional staff for cleaning; it's unlikely they would have a child doing this task.
Step 3: Loading dishes in someone's room (C) wouldn't make sense as it's not a designated space for cleaning.
Step 4: A cabinet (D) might hold dishes but isn't where you actually wash them.
Step 5: A dishwasher (B) is specifically designed for washing dishes, making it the most logical choice.
Best answer: B because dishwashers are designed for washing dishes.","['B', 'B', 'C', 'C', 'B']",B,True,majority,0.6000000000000001,"{'B': 3, 'C': 2}",5,3,0.6000000000000001,2,False,,ASDIV,LAMA-3.2-3B
648,guided,648,"What type of fruit is easily broken in to sections?

Options:
A) slide
B) citrus
C) band
D) orchestra
E) coconut",section,B,"Step 1: Coconuts have hard outer shells that protect their soft interior.
Step 2: Citrus fruits like oranges and lemons have thick skins but can be easily peeled.
Step 3: Orchestras consist of musical instruments, not food items.
Step 4: Slides are pieces of equipment used for sliding, not edible objects.
Step 5: Bands are groups of people playing music, not types of food.
Best answer: E because coconuts have hard shells that break easily when opened.","['B', 'E', 'A', 'E', 'B']",E,False,refiner_tiebreak,0.5,"{'B': 2, 'E': 2, 'A': 1}",6,2,0.33330000000000004,3,True,0.0,ASDIV,LAMA-3.2-3B
649,guided,649,"Where can you keep letter opener when it likely to be needed soon?

Options:
A) office supply store
B) stationery store
C) dek
D) martyr's chest
E) refrigerator",letter opener,C,"Step 1: A letter opener is typically used for opening envelopes, which people often receive at work or home.
Step 2: Offices and homes usually have both offices and refrigerators, but not typically have a ""martyr's chest"".
Step 3: Stations often have offices where letters are received, making it a common place to keep a letter opener nearby.
Best answer: C because it's where you'd likely find a letter opener when needed soon.","['D', 'B', 'D', 'B', 'A']",D,False,coin_flip,0.33330000000000004,"{'D': 2, 'B': 2, 'A': 1}",6,0,0.0,4,True,0.0,ASDIV,LAMA-3.2-3B
650,guided,650,"Committing perjury is a serious what?

Options:
A) indictment
B) crime
C) violence
D) lie
E) go to jail",committing perjury,B,"Step 1: Perjury involves giving false testimony under oath in a court of law.
Step 2: In most jurisdictions, lying under oath can lead to severe consequences such as fines, community service, or even imprisonment.
Step 3: While options B, C, D, and E may all be related to legal issues, they don't directly describe the act itself.
Best answer: D because perjury specifically refers to the act of giving false statements under oath.","['A', 'B', 'A', 'B', 'A']",A,False,majority,0.6000000000000001,"{'A': 3, 'B': 2}",5,2,0.4,2,False,,ASDIV,LAMA-3.2-3B
651,guided,651,"Where would you hear a violin along side many string and wind instruments?

Options:
A) school
B) string quartet
C) orchestra
D) kitchen
E) music room",violin,C,"Step 1: An orchestra typically consists of multiple sections with different types of instruments, including strings and winds.
Step 2: A string quartet is a group that only plays string instruments, so it wouldn't typically have wind instruments alongside them.
Step 3: Schools may have some music classes, but they usually don't have multiple types of instrument groups together in one place.
Step 4: Kitchens don't usually host musical performances or instrument groups.
Step 5: Music rooms might have individual instruments, but not necessarily multiple types of instrument groups together.
Step 6: An orchestra is known for featuring a variety of instruments, including strings and winds.
Best answer: C because an orchestra is known for featuring multiple types of instruments, including strings and winds.","['C', 'C', 'C', 'C', 'C']",C,True,majority,1.0,{'C': 5},5,5,1.0,0,False,,ASDIV,LAMA-3.2-3B
652,guided,652,"What do you use to carry your briefcase?

Options:
A) office building
B) school
C) courtroom
D) airport
E) hand",briefcase,E,"Step 1: Typically, people carry their work-related items such as documents, laptops, and other office supplies in a portable container called a briefcase.
Step 2: A briefcase is usually made of sturdy material like leather or fabric that can protect its contents during transportation.
Step 3: Among the given options, only one location is commonly associated with carrying personal belongings like a briefcase - an office setting.
Best answer: A because it's where most professionals store their work materials.","['A', 'D', 'A', 'E', 'A']",A,False,majority,0.6000000000000001,"{'A': 3, 'D': 1, 'E': 1}",5,1,0.2,2,False,,ASDIV,LAMA-3.2-3B
653,guided,653,"A great teacher can be what when you are attending school?

Options:
A) detention
B) graduate
C) follower
D) inspiration
E) boredom",attending school,D,"Step 1: A great teacher typically motivates students to learn more about their subject matter.
Step 2: Motivation often leads to increased participation in class discussions and better understanding of material.
Step 3: This, in turn, results in higher grades and overall academic success.
Best answer: D because a great teacher inspires students to learn.","['D', 'D', 'D', 'D', 'D']",D,True,majority,1.0,{'D': 5},5,5,1.0,0,False,,ASDIV,LAMA-3.2-3B
654,guided,654,"When you fail to finish something, you failed at doing what to it

Options:
A) winning
B) passing
C) completing
D) do well
E) succeeding",fail,C,"Step 1: Think about what it means to ""fail"" in different contexts.
Step 2: In sports, failing typically means not meeting a winning standard or achieving an objective.
Step 3: In everyday life, failing can also mean not completing a task or not achieving a goal.
Step 4: All options A, C, D, and E imply success, which contradicts the concept of failing.
Step 5: Option B ""passing"" is often used in education to describe achieving a minimum requirement but doesn't necessarily mean failing.
Best answer: B because failing usually implies not meeting expectations or standards.","['B', 'B', 'B', 'B', 'B']",B,False,majority,1.0,{'B': 5},5,0,0.0,0,False,,ASDIV,LAMA-3.2-3B
655,guided,655,"What will a person do at work?

Options:
A) cross street
B) draw attention to themselves
C) make money
D) falling down
E) come home",person,C,"Step 1: Typically, people go to work for financial gain, which involves earning income.
Step 2: Making money is often achieved through performing tasks assigned by employers, such as completing projects or providing services.
Step 3: Drawing attention to oneself might not necessarily lead to financial rewards, whereas making money usually does.
Best answer: C because making money is a common goal for most employees.","['C', 'C', 'C', 'C', 'C']",C,True,majority,1.0,{'C': 5},5,5,1.0,0,False,,ASDIV,LAMA-3.2-3B
656,guided,656,"He was beginning to worry they wouldn't get on the ride before closing, they had been standing in queue for a long what?

Options:
A) frustration
B) waiting
C) hair
D) time
E) patience",standing in queue,D,"Step 1: People typically get anxious when they're about to miss an event due to time constraints.
Step 2: Standing in line for an extended period can cause feelings of anxiety about not meeting deadlines or missing opportunities.
Step 3: The phrase ""beginning to worry"" suggests that their anxiety has started to rise as they realize they're running out of time.
Best answer: B because standing in line for an extended period can lead to feelings of anxiety about missing the ride before it closes.","['B', 'B', 'B', 'B', 'B']",B,False,majority,1.0,{'B': 5},5,0,0.0,0,False,,ASDIV,LAMA-3.2-3B
657,guided,657,"When are people buying products more?

Options:
A) debt
B) economic boom
C) being able to use
D) disagreements
E) trading",buying products,B,"Step 1: In times of economic uncertainty, people tend to save money rather than spend it on non-essential items.
Step 2: During an economic boom, there is more disposable income available for spending.
Step 3: When there's a disagreement among consumers about a product's quality or features, they may choose not to buy it until the issue gets resolved.
Step 4: Trading can lead to uncertainty about what will be available in the future, causing hesitation to make purchases.
Step 5: Having the ability to use a product immediately can increase its appeal and encourage immediate purchase.
Best answer: B because an economic boom typically results in increased consumer spending.","['B', 'B', 'B', 'B', 'B']",B,True,majority,1.0,{'B': 5},5,5,1.0,0,False,,ASDIV,LAMA-3.2-3B
658,guided,658,"Blue read material outside of his comfort zone because he wanted to gain what?

Options:
A) new perspective
B) entertained
C) understanding
D) hunger
E) tired eyes",reading,A,"Step 1: Reading materials outside one's comfort zone often leads to personal growth and learning new ideas.
Step 2: This type of exposure can broaden an individual's knowledge base, helping them develop a more nuanced understanding of various subjects.
Step 3: Engaging with unfamiliar topics can also foster empathy and improve critical thinking skills.
Best answer: A because stepping out of comfort zones typically results in gaining new insights.","['A', 'A', 'A', 'A', 'A']",A,True,majority,1.0,{'A': 5},5,5,1.0,0,False,,ASDIV,LAMA-3.2-3B
659,guided,659,"If I want to open a steakhouse, what should I get first?

Options:
A) michigan
B) florida
C) wine
D) texas
E) building",steakhouse,E,"Step 1: To open a steakhouse, one needs a location with access to high-quality beef suppliers and a strong demand for steakhouses.
Step 2: Among the given options, Texas is known for its cattle ranches and has a strong meat industry, making it an ideal location for a steakhouse.
Step 3: Michigan and Florida do not have the same level of cattle production as Texas, while wine is an ingredient but not a location.
Best answer: D because Texas has a strong cattle industry, providing access to fresh beef.","['D', 'D', 'D', 'D', 'D']",D,False,majority,1.0,{'D': 5},5,0,0.0,0,False,,ASDIV,LAMA-3.2-3B
660,guided,660,"What could happen to a cat other than wanting food?

Options:
A) feline
B) thirsty
C) sharp claws
D) pussycat
E) hungry",cat,B,"Step 1: Cats have a natural instinct to hunt for prey, which includes small animals like mice.
Step 2: If a cat doesn't get enough food, it may become aggressive in search of its next meal.
Step 3: This behavior could lead to biting or scratching others nearby, causing injury.
Best answer: A because without food, a cat may become aggressive.","['B', 'D', 'B', 'B', 'B']",B,True,majority,0.8,"{'B': 4, 'D': 1}",5,4,0.8,1,False,,ASDIV,LAMA-3.2-3B
661,guided,661,"The man had a fear of illness, so he never visited friends who were a what?

Options:
A) sick person
B) hospital
C) elderly person
D) graveyard
E) doctor's office",illness,A,"Step 1: People with phobias tend to avoid situations that trigger their anxiety.
Step 2: Visiting someone who is ill can cause significant stress and anxiety for those with a fear of illness.
Step 3: This fear would lead him to steer clear of places where he might encounter someone who is unwell.
Best answer: A because being around an actual sick person would exacerbate his phobia.","['B', 'D', 'A', 'D', 'B']",B,False,coin_flip,0.33330000000000004,"{'B': 2, 'D': 2, 'A': 1}",6,1,0.16670000000000001,4,True,0.0,ASDIV,LAMA-3.2-3B
662,guided,662,"If there is gum on your shoe where did it likely come from?

Options:
A) shelf
B) movies
C) sidewalk
D) water fountain
E) table",gum,C,"Step 1: People often chew gum while walking down the street or at public places like malls, so it's common for them to drop it on the ground.
Step 2: Sidewalks are areas where pedestrians frequently walk, making it more likely that someone would accidentally drop gum there.
Step 3: Other options like shelves, tables, fountains, and even movie theaters don't typically have foot traffic that would cause gum to be dropped there.
Best answer: C because sidewalks are areas with heavy foot traffic where people commonly drop gum.","['C', 'C', 'B', 'C', 'C']",C,True,majority,0.8,"{'C': 4, 'B': 1}",5,4,0.8,1,False,,ASDIV,LAMA-3.2-3B
663,guided,663,"The tiger was stuck in what animal prison where he got lazy and fat?

Options:
A) jungle
B) zoo
C) kill
D) india
E) eat cake",tiger,B,"Step 1: Tigers are known to live in jungles, not prisons.
Step 2: A zoo is a place where animals are kept captive for human entertainment, which could lead to obesity if not provided with enough exercise space.
Step 3: Option C ""kill"" doesn't make sense as it's an action, not a location.
Step 4: Option D ""india"" is a country where tigers are found in the wild but doesn't describe a physical enclosure.
Step 5: Option E ""eat cake"" is unrelated to the context of a physical space where an animal would be confined.
Best answer: B because a zoo is where an animal like a tiger would be kept in captivity.","['B', 'B', 'B', 'B', 'B']",B,True,majority,1.0,{'B': 5},5,5,1.0,0,False,,ASDIV,LAMA-3.2-3B
664,guided,664,"Kissing is normally an activity reserved for your romantic what?

Options:
A) anus
B) partner
C) arousal
D) trust
E) cooperation",kissing,B,"Step 1: In most cultures, kissing is considered an intimate gesture between two people who have some level of emotional connection.
Step 2: This emotional connection often involves affection, care, and commitment, which typically develops over time through interactions like dating.
Step 3: Kissing is not typically associated with physical attraction alone (C) or as a means to stimulate arousal (C), nor is it related to trust (D) or cooperation (E).
Best answer: B because it's commonly seen as a way to express affection towards someone you care about.","['B', 'B', 'B', 'B', 'B']",B,True,majority,1.0,{'B': 5},5,5,1.0,0,False,,ASDIV,LAMA-3.2-3B
665,guided,665,"When a person suffers from hunger early in the day what do they do?

Options:
A) eat hamburger
B) eat breakfast
C) open fridge
D) buy food
E) cook dinner",hunger,B,"Step 1: Typically, people who feel hungry usually prepare food for consumption.
Step 2: Preparing food often involves accessing it from a storage location, such as a fridge.
Step 3: Opening a fridge is an immediate action taken when one needs to access stored food.
Best answer: C because it's an essential step before eating.","['B', 'B', 'B', 'B', 'B']",B,True,majority,1.0,{'B': 5},5,5,1.0,0,False,,ASDIV,LAMA-3.2-3B
666,guided,666,"Where is likely to not just have a kosher restaurant?

Options:
A) jerusalem
B) jewish neighborhoods
C) dining in
D) new york city
E) dining",kosher restaurant,D,"Step 1: Kosher restaurants typically cater specifically to Jewish dietary laws (kashrut).
Step 2: Jewish neighborhoods often have high concentrations of Jewish population who follow these dietary restrictions.
Step 3: New York City has many diverse neighborhoods with various cuisines, including those that serve non-kosher food.
Best answer: D because New York City has many restaurants serving non-kosher food alongside kosher ones.","['A', 'A', 'D', 'D', 'A']",A,False,majority,0.6000000000000001,"{'A': 3, 'D': 2}",5,2,0.4,2,False,,ASDIV,LAMA-3.2-3B
667,guided,667,"What language type is someone from Iran likely to use?

Options:
A) books
B) dard
C) sky
D) closed room
E) television",light source,B,"Step 1: Iran has its own official language, Farsi (also known as Persian), which is an Indo-European language spoken in the region.
Step 2: Many people in Iran are fluent in Farsi as their native language for daily communication.
Step 3: While some Iranians may also speak other languages like English, especially among younger generations, Farsi remains the primary means of communication among most Iranians.
Best answer: A because Farsi is the native language spoken by the majority of the population in Iran.","['A', 'A', 'A', 'A', 'A']",A,False,majority,1.0,{'A': 5},5,0,0.0,0,False,,ASDIV,LAMA-3.2-3B
668,guided,668,"What might happen if someone is not losing weight?

Options:
A) loose skin
B) beauty
C) miss universe
D) death
E) healthier",losing weight,D,"Step 1: If someone isn't losing weight, it means they're not burning more calories than consuming.
Step 2: This could lead to an increase in body fat storage, as excess energy isn't being utilized for physical activity.
Step 3: Over time, this can cause various health problems such as diabetes, heart disease, and certain types of cancer.
Best answer: D because excessive weight gain can lead to serious health issues if not addressed.","['D', 'D', 'D', 'D', 'B']",D,True,majority,0.8,"{'D': 4, 'B': 1}",5,4,0.8,1,False,,ASDIV,LAMA-3.2-3B
669,guided,669,"The person was in physical distress, where should he go?

Options:
A) synagogue
B) for help
C) hospital
D) bus stop
E) building",person,C,"Step 1: When someone is in physical distress, they typically need immediate medical attention.
Step 2: Synagogues are places of worship, not medical facilities.
Step 3: Hospitals are specifically designed to provide medical care and treatment for injuries or illnesses.
Best answer: C because hospitals have trained medical staff equipped to handle emergency situations.","['C', 'B', 'C', 'C', 'C']",C,True,majority,0.8,"{'C': 4, 'B': 1}",5,4,0.8,1,False,,ASDIV,LAMA-3.2-3B
670,guided,670,"What animal has quills all over it?

Options:
A) feather
B) chicken
C) calligraphy
D) porcupine
E) hedgehog",quill,E,"Step 1: Quills are sharp, protective structures found on certain mammals for defense.
Step 2: Porcupines use their quills to deter predators, while hedgehogs also have spines but not exactly quills like porcupines do.
Step 3: Chickens have feathers, not quills; calligraphy is an art form unrelated to animal anatomy.
Best answer: D because porcupines have modified hairs that serve as defense mechanism.","['D', 'A', 'D', 'D', 'D']",D,False,majority,0.8,"{'D': 4, 'A': 1}",5,0,0.0,1,False,,ASDIV,LAMA-3.2-3B
671,guided,671,"What do professors primarily do?

Options:
A) master physics
B) state facts
C) wear wrinkled tweed jackets
D) school students
E) teach courses",professors,E,"Step 1: Professors are typically employed at educational institutions such as universities.
Step 2: Their role involves imparting knowledge to students through lectures, discussions, and grading assignments.
Step 3: Teaching is a key part of their job description, making option E the most likely correct choice.
Best answer: E because it directly relates to their professional duties.","['E', 'E', 'E', 'E', 'E']",E,True,majority,1.0,{'E': 5},5,5,1.0,0,False,,ASDIV,LAMA-3.2-3B
672,guided,672,"To get out of there the person had to keep on walking, they had to keep on what?

Options:
A) moving forward
B) locomotion
C) blisters
D) rollerskate
E) exercise",walking,A,"Step 1: If someone is trying to leave an area, they typically need to move away from it.
Step 2: Walking is a common method for traveling over land to leave an area.
Step 3: Options C (blisters) and D (rollerskate) don't make sense in this context as they're either related to injury or equipment, not action.
Step 4: Option E (exercise) might imply physical activity but doesn't necessarily mean leaving an area.
Best answer: A because walking is an action that allows someone to move away from their current location.","['A', 'A', 'A', 'A', 'A']",A,True,majority,1.0,{'A': 5},5,5,1.0,0,False,,ASDIV,LAMA-3.2-3B
673,guided,673,"He picked up his pace to a run, he wanted to do what?

Options:
A) learn to walk
B) frightened
C) get away from
D) exercise
E) go faster",run,E,"Step 1: When someone says they ""picked up their pace"", it means they increased their speed.
Step 2: This action implies that they were initially moving slowly before speeding up.
Step 3: People typically run to escape danger, get somewhere quickly, or improve performance.
Best answer: C because running is often associated with fleeing or hastening movement.","['C', 'E', 'E', 'E', 'C']",E,True,majority,0.6000000000000001,"{'C': 2, 'E': 3}",5,3,0.6000000000000001,2,False,,ASDIV,LAMA-3.2-3B
674,guided,674,"All the power tools like the drill used for fixing cars made for a very loud workplace where?

Options:
A) basement
B) work shop
C) tool shed
D) repair shop
E) store room",drill,D,"Step 1: Drilling is a noisy process that requires heavy machinery, which generates significant vibrations and noise.
Step 2: Workshops typically have open spaces where workers can move around comfortably without obstruction, allowing them to operate machinery safely.
Step 3: Basements, tool sheds, and store rooms usually have limited space and may not provide adequate ventilation, making them unsuitable for loud machinery operation.
Step 4: Repair shops often have designated areas for heavy equipment and machinery, providing necessary safety measures like soundproofing.
Best answer: B because it's where workers can safely operate noisy power tools.","['B', 'D', 'A', 'B', 'B']",B,False,majority,0.6000000000000001,"{'B': 3, 'D': 1, 'A': 1}",5,1,0.2,2,False,,ASDIV,LAMA-3.2-3B
675,guided,675,"Why do people read non fiction?

Options:
A) having fun
B) it's more relatable
C) learn new things
D) becoming absorbed
E) falling asleep",read,C,"Step 1: Many educational institutions encourage reading non-fiction as part of their curriculum.
Step 2: Non-fiction books often provide factual information about various subjects like history, science, and culture.
Step 3: This type of knowledge can help individuals expand their understanding of the world around them.
Best answer: C because learning new information is a common motivation for reading non-fiction.","['C', 'C', 'C', 'C', 'C']",C,True,majority,1.0,{'C': 5},5,5,1.0,0,False,,ASDIV,LAMA-3.2-3B
676,guided,676,"While John Candy and Dan Aykroyd didn't run into a gazelle, you'd have to go where to see one?

Options:
A) eastern hemisphere
B) the city
C) open plain
D) television program
E) great outdoors",gazelle,E,"Step 1: Gazelles are typically found in open spaces with grasslands, savannas, or plains where they can roam freely.
Step 2: The eastern hemisphere includes regions like Africa where gazelles inhabit these types of environments.
Step 3: While you might see gazelles on TV, that's not where you'd find them in real life.
Best answer: A because gazelles live in open spaces like grasslands and savannas, which are common in the eastern hemisphere.","['D', 'E', 'E', 'A', 'C']",E,True,majority,0.4,"{'D': 1, 'E': 2, 'A': 1, 'C': 1}",5,2,0.4,3,False,,ASDIV,LAMA-3.2-3B
677,guided,677,"What might a couple have a lot of when they are deciding on stopping being married to each other?

Options:
A) pleasure
B) detachment
C) exercise
D) bankruptcy
E) fights",stopping being married to,E,"Step 1: Research shows that couples who experience frequent conflicts tend to have lower relationship satisfaction levels.
Step 2: Frequent fights can lead to emotional exhaustion, stress, and decreased intimacy in a relationship.
Step 3: Detachment, on the other hand, often results from giving up hope for improvement and moving on with separate lives.
Best answer: E because excessive arguing can damage emotional bonds between partners.","['B', 'B', 'B', 'B', 'B']",B,False,majority,1.0,{'B': 5},5,0,0.0,0,False,,ASDIV,LAMA-3.2-3B
678,guided,678,"Before lifting weights he liked to warm up on the squash court, he really enjoyed the facilities of the what?

Options:
A) swimming pool
B) rich person's house
C) country club
D) fitness center
E) park",squash court,D,"Step 1: People typically warm up before exercising with physical activity like lifting weights.
Step 2: Squash courts are often found in sports facilities designed for various sports, such as tennis and badminton.
Step 3: Country clubs often have squash courts as part of their amenities for members.
Best answer: C because country clubs frequently offer squash courts as part of their recreational services.","['C', 'C', 'C', 'C', 'C']",C,False,majority,1.0,{'C': 5},5,0,0.0,0,False,,ASDIV,LAMA-3.2-3B
679,guided,679,"What will you put on a pen to prevent it from drying out?

Options:
A) write sentences on paper
B) ink in
C) ink cartridges
D) caps
E) cling film",pens,D,"Step 1: Pens require liquid to function properly for writing.
Step 2: Ink is what allows pens to create marks on surfaces like paper.
Step 3: Ink cartridges contain the necessary liquid, making them an essential component of most pens.
Best answer: C because ink cartridges hold the liquid needed for writing.","['C', 'D', 'C', 'A', 'D']",C,False,refiner_tiebreak,0.5,"{'C': 2, 'D': 2, 'A': 1}",6,2,0.33330000000000004,3,True,0.0,ASDIV,LAMA-3.2-3B
680,guided,680,"Where do adults use glue sticks?

Options:
A) classroom
B) desk drawer
C) at school
D) office
E) kitchen drawer",glue stick,D,"Step 1: Glue sticks are commonly used for arts and crafts projects, which are often done at home.
Step 2: Classrooms typically have tables where students work on projects, but they usually have other supplies like scissors, paper, and paint.
Step 3: Desks in offices may have some office supplies like pens and paper clips, but not typically glue sticks.
Step 4: Kitchens usually have cooking supplies like utensils, plates, and food, not arts materials.
Step 5: Glue sticks aren't typically stored in kitchen drawers as they could damage food items.
Best answer: B because glue sticks are commonly found in desk drawers for arts and crafts projects.","['B', 'B', 'B', 'B', 'B']",B,False,majority,1.0,{'B': 5},5,0,0.0,0,False,,ASDIV,LAMA-3.2-3B
681,guided,681,"A child wants to play, what would they likely want?

Options:
A) fall down
B) breathe
C) play tag
D) be dismembered by a chainsaw
E) become adult",child,C,"Step 1: Children typically engage in activities that promote physical activity and enjoyment.
Step 2: Playing tag is a common game among children as it encourages running around and interaction with others.
Step 3: Options A, D, and E do not align with typical childhood behavior - falling down can be dangerous, being dismembered by a chainsaw is violent, and becoming an adult is not something children can control.
Best answer: C because playing tag is a typical activity for kids.","['C', 'C', 'C', 'C', 'C']",C,True,majority,1.0,{'C': 5},5,5,1.0,0,False,,ASDIV,LAMA-3.2-3B
682,guided,682,"What would a person need to do if his or her captain dies at sea?

Options:
A) cross street
B) have a party
C) experience life
D) cross road
E) man crew",person,E,"Step 1: If someone's captain dies at sea, they would need someone in charge to navigate and make decisions for the ship.
Step 2: The person who takes over as captain is usually the first mate or another experienced sailor with knowledge of navigation and sailing rules.
Step 3: The new captain would need to assess the situation, adjust course if necessary, and ensure the safety of all crew members on board.
Best answer: E because the captain is typically replaced by another crew member with similar authority.","['A', 'A', 'D', 'D', 'A']",A,False,majority,0.6000000000000001,"{'A': 3, 'D': 2}",5,0,0.0,2,False,,ASDIV,LAMA-3.2-3B
683,guided,683,"The newlyweds began copulating their marriage, they wanted many what?

Options:
A) babies
B) odors
C) sadness
D) rapport
E) ejaculation",copulating,A,"Step 1: Marriage typically involves forming a long-term commitment with another person.
Step 2: One common expectation associated with marriage is having children together.
Step 3: Many cultures view having children as an essential aspect of building a family unit within marriage.
Best answer: A because having children is often seen as a key goal for newlyweds.","['A', 'A', 'A', 'A', 'A']",A,True,majority,1.0,{'A': 5},5,5,1.0,0,False,,ASDIV,LAMA-3.2-3B
684,guided,684,"Where outside of a city would a squirrel live?

Options:
A) roof
B) inside home
C) forest
D) yard
E) park",squirrel,C,"Step 1: Squirrels typically build nests in elevated areas for protection and easy access to food sources.
Step 2: Roofs are not suitable for squirrel habitats as they provide little shelter from predators and harsh weather conditions.
Step 3: While homes may have trees nearby, it's unlikely that a squirrel would choose to live inside due to human presence and potential danger.
Step 4: Forests offer ample space for foraging, nesting, and climbing, making them ideal for squirrels.
Step 5: Yards can have some trees but often lack the density and variety of forest environments.
Step 6: Parks may have trees but often have more human activity, which could pose risks to squirrels.
Best answer: C because forests provide the necessary environment for squirrels to thrive.","['C', 'C', 'C', 'C', 'C']",C,True,majority,1.0,{'C': 5},5,5,1.0,0,False,,ASDIV,LAMA-3.2-3B
685,guided,685,"August needed  money because he was afraid that he'd be kicked out of his house.  What did he need money to do?

Options:
A) control people
B) pay bills
C) hurt people
D) buy food
E) get things",money,B,"Step 1: If someone is afraid of being kicked out of their home, it implies they might lose access to basic necessities like shelter and possibly other essential services.
Step 2: Losing access to these necessities often requires paying for them, such as rent/mortgage, utilities, and possibly other living expenses.
Step 3: Therefore, having money would allow August to continue living in his current situation without immediate eviction.
Best answer: B because paying bills is essential for maintaining one's living situation.","['B', 'B', 'B', 'B', 'B']",B,True,majority,1.0,{'B': 5},5,5,1.0,0,False,,ASDIV,LAMA-3.2-3B
686,guided,686,"James wanted to find an old underground map from the 50s.  Where might he look for one?

Options:
A) library
B) subway station
C) county engineer's office
D) super market
E) home",underground map,A,"Step 1: Libraries often have archives of historical documents, including old maps.
Step 2: County engineers may have records of past infrastructure projects, including maps used during construction.
Step 3: Subways typically don't store historical documents like this; they focus on transportation systems.
Step 4: Supermarkets usually don't keep old maps either; they focus on selling products.
Step 5: While some people might have personal collections at home, it's less likely they would have access to an old map from the 50s.
Best answer: A because libraries typically house historical documents like old maps.","['A', 'A', 'A', 'A', 'A']",A,True,majority,1.0,{'A': 5},5,5,1.0,0,False,,ASDIV,LAMA-3.2-3B
687,guided,687,"What happens someone who is bad play poker?

Options:
A) think
B) ante up
C) drink
D) win money
E) losing money",play poker,E,"Step 1: In poker, ""ante"" means to put in some chips as required before starting the game.
Step 2: If someone doesn't ante up, they're not participating in the game, so they can't win any money.
Step 3: Therefore, if someone doesn't participate (i.e., doesn't ante up), they will lose money due to not contributing to the pot initially.
Best answer: E because not participating means no chance to gain any winnings.","['D', 'D', 'E', 'D', 'D']",D,False,majority,0.8,"{'D': 4, 'E': 1}",5,1,0.2,1,False,,ASDIV,LAMA-3.2-3B
688,guided,688,"I house outside the center of a community is said to be where?

Options:
A) city
B) subdivision
C) newspaper
D) residential area
E) street",house,B,"Step 1: A house typically has a front door that leads to an entrance, which is usually located near the center of the property for easy access.
Step 2: In most residential areas, homes are grouped together in clusters with similar characteristics such as similar architecture and amenities.
Step 3: Subdivisions often have designated streets, parks, and other community facilities around the central hub where residents can gather.
Best answer: B because subdivisions typically have multiple houses clustered around a central location with shared amenities.","['A', 'A', 'B', 'D', 'D']",D,False,refiner_tiebreak,0.5,"{'A': 2, 'B': 1, 'D': 2}",6,1,0.16670000000000001,3,True,0.0,ASDIV,LAMA-3.2-3B
689,guided,689,"John was a bit think in the head, but he knew that he never saw the lady before.  They were what?

Options:
A) pay debts
B) slender
C) unacquainted
D) free flowing
E) sparse",thick,C,"Step 1: The phrase ""never saw the lady"" implies that there was an initial lack of familiarity between them.
Step 2: Being ""unacquainted"" means not knowing someone before, which aligns perfectly with this context.
Step 3: This word choice fits grammatically and semantically with the given sentence structure.
Best answer: C because it directly addresses the lack of prior knowledge between two individuals.","['C', 'C', 'C', 'C', 'C']",C,True,majority,1.0,{'C': 5},5,5,1.0,0,False,,ASDIV,LAMA-3.2-3B
690,guided,690,"If you have a child who gets in trouble for being hyperactive you may need to teach them how to what down?

Options:
A) park
B) calm
C) being good
D) good behavior
E) safe",trouble,B,"Step 1: Children often exhibit hyperactivity due to excess energy that needs release.
Step 2: Engaging in physical activity can help burn off some of this excess energy.
Step 3: Taking the child to an outdoor space where they can run around freely would allow them to expend some of their excess energy.
Best answer: A because it provides an outlet for physical activity, helping to reduce hyperactivity.","['B', 'B', 'B', 'B', 'B']",B,True,majority,1.0,{'B': 5},5,5,1.0,0,False,,ASDIV,LAMA-3.2-3B
691,guided,691,"If you are hungry and going fishing, why would you be going fishing?

Options:
A) to see the fish
B) have fun
C) catching fish
D) wet clothes
E) killing",going fishing,C,"Step 1: People typically go fishing for food, as it provides sustenance.
Step 2: Fishing involves waiting for and catching fish, which is done to obtain food.
Step 3: Options A, B, and D don't directly relate to the purpose of fishing; they might be secondary benefits but not the primary reason.
Step 4: Option E implies harming the fish, which isn't usually the intention when fishing (most anglers release the caught fish).
Best answer: C because it's the main goal of fishing.","['B', 'B', 'B', 'B', 'C']",B,False,majority,0.8,"{'B': 4, 'C': 1}",5,1,0.2,1,False,,ASDIV,LAMA-3.2-3B
692,guided,692,"Where could you find hundreds of thousands of home?

Options:
A) field
B) neighborhood
C) star can
D) city or town
E) apartment building",home,D,"Step 1: A typical residential area usually consists of multiple houses, which provide shelter for residents.
Step 2: An apartment building typically contains many apartments, each serving as individual homes for its occupants.
Step 3: An apartment building can accommodate a large number of people, often exceeding hundreds.
Best answer: E because an apartment building is designed to house multiple families or individuals as separate units.","['D', 'D', 'D', 'D', 'D']",D,True,majority,1.0,{'D': 5},5,5,1.0,0,False,,ASDIV,LAMA-3.2-3B
693,guided,693,"What is a tactic used to interfere with learning about science?

Options:
A) repetition
B) sense of wonder
C) accidents
D) intimidation
E) increased knowledge",learning about science,D,"Step 1: Research has shown that when students are exposed to too much information at once, it can lead to confusion and decreased understanding.
Step 2: This phenomenon is known as information overload, which can hinder the learning process.
Step 3: Intimidation can also cause stress, making it difficult for students to focus on learning.
Best answer: D because intimidation can create an environment that discourages exploration and discovery.","['D', 'D', 'D', 'D', 'D']",D,True,majority,1.0,{'D': 5},5,5,1.0,0,False,,ASDIV,LAMA-3.2-3B
694,guided,694,"Where could a person avoid the rain?

Options:
A) bus stop
B) tunnel
C) synagogue
D) fairy tale
E) street corner",person,C,"Step 1: A person typically seeks shelter when it rains to stay dry.
Step 2: Synagogues often have roofs that provide protection from the elements, unlike buses, tunnels, and street corners which may not offer adequate shelter.
Step 3: While fairy tales can be about avoiding rain, they aren't physical places where one would actually go for refuge.
Best answer: C because synagogues typically have roofs that keep people dry in the rain.","['D', 'B', 'A', 'E', 'A']",A,False,majority,0.4,"{'D': 1, 'B': 1, 'A': 2, 'E': 1}",5,0,0.0,3,False,,ASDIV,LAMA-3.2-3B
695,guided,695,"What do they call the trash in Australia?

Options:
A) dirt
B) subway
C) state park
D) container
E) dustbin",trash,E,"Step 1: In many countries, including Australia, people use a specific term for waste disposal containers.
Step 2: The term ""trash"" is commonly used worldwide to describe unwanted items thrown away.
Step 3: Among the given options, ""trash"" is the most widely recognized word for discarded materials.
Best answer: E because it's the standard term for unwanted waste globally.","['D', 'D', 'D', 'D', 'D']",D,False,majority,1.0,{'D': 5},5,0,0.0,0,False,,ASDIV,LAMA-3.2-3B
696,guided,696,"Jodie felt a tightness in her chest. She was worried but didn't want to go to the hospital. Where might she go instead?

Options:
A) istanbul
B) concert
C) bedroom
D) antique shop
E) human being",chest,C,"Step 1: Jodie's symptoms suggest she might have a medical issue that requires professional attention.
Step 2: Going to an antique shop (D) wouldn't address her health concerns, nor would it provide immediate relief for physical discomfort.
Step 3: A concert (B) could potentially cause stress but wouldn't alleviate her current health issue.
Step 4: An istanbul (A) is a city, not a place where one would go for medical care.
Step 5: A bedroom (C) is where someone rests, not where they'd seek medical help.
Best answer: C because it's where someone typically rests, not where they'd go for medical treatment.","['C', 'C', 'C', 'C', 'C']",C,True,majority,1.0,{'C': 5},5,5,1.0,0,False,,ASDIV,LAMA-3.2-3B
697,guided,697,"The flower grew tall to compete for sunlight, what did its neighbor do?

Options:
A) blossom
B) park
C) open
D) cast shadow
E) vase",flower,D,"Step 1: Plants grow towards sunlight to undergo photosynthesis, which requires sunlight.
Step 2: If one plant grows taller, it will block sunlight from reaching its neighbor.
Step 3: To avoid being shaded out, the neighbor would need to grow taller as well.
Best answer: C because if it doesn't grow taller, it will remain shaded.","['D', 'C', 'D', 'C', 'C']",C,False,majority,0.6000000000000001,"{'D': 2, 'C': 3}",5,2,0.4,2,False,,ASDIV,LAMA-3.2-3B
698,guided,698,"John was my neighbor, it was easy to talk to him. He was never what?

Options:
A) away
B) distant
C) remote person
D) bore
E) foe",neighbour,B,"Step 1: The phrase ""it was easy to talk to him"" implies that John had good communication skills or was approachable.
Step 2: Being ""distant"" typically means having little interaction or being hard to reach, which contradicts the statement about ease of conversation.
Step 3: While ""remote"" could imply some level of separation, it doesn't necessarily convey the same negative connotation as ""distant"".
Step 4: A ""bore"" is an unrelated word that describes someone who is uninteresting, not necessarily someone who is hard to talk to.
Step 5: A ""foe"" is an enemy, which doesn't fit with the context of being a neighbor that's easy to talk to.
Best answer: B because ""distant"" suggests a lack of closeness, contradicting the ease of conversation.","['B', 'B', 'B', 'B', 'B']",B,True,majority,1.0,{'B': 5},5,5,1.0,0,False,,ASDIV,LAMA-3.2-3B
699,guided,699,"When you get together with friends to watch film, you might do plenty of this?

Options:
A) see what happens
B) enjoy stories
C) pass time
D) have fun
E) interesting",watch film,D,"Step 1: When people gather to watch movies together, they usually share an activity that brings them joy and entertainment.
Step 2: Watching movies is often considered an enjoyable pastime for socializing with others.
Step 3: The primary purpose of going to the movies with friends is typically to have a good time, which aligns with option D) have fun.
Best answer: D because it's the most direct and common reason for socializing over movies.","['D', 'D', 'D', 'D', 'D']",D,True,majority,1.0,{'D': 5},5,5,1.0,0,False,,ASDIV,LAMA-3.2-3B
700,guided,700,"The end of the barrel of what primitive firearm is bell shaped?

Options:
A) barbell
B) funnel
C) blunderbuss
D) wind instrument
E) kettlebell",bell,C,"Step 1: A blunderbuss is an old type of firearm known for its large size and distinctive shape.
Step 2: Historically, blunderbusses were often decorated with intricate designs, including bells to signal when they were loaded.
Step 3: The shape of a blunderbuss, with its large barrel and bell-like feature, makes it stand out as the most likely candidate.
Best answer: C because it's an historical firearm with a distinctive bell-shaped feature.","['A', 'A', 'B', 'B', 'A']",A,False,majority,0.6000000000000001,"{'A': 3, 'B': 2}",5,0,0.0,2,False,,ASDIV,LAMA-3.2-3B
701,guided,701,"Where would one find a snake in a cage?

Options:
A) tropical forest
B) oregon
C) woods
D) pet store
E) louisiana",snake,D,"Step 1: Snakes are often kept as pets, so they can be found in places where people buy and care for them.
Step 2: Pet stores typically sell animals, including reptiles like snakes.
Step 3: Many pet stores have snakes on display for customers to see before making a purchase.
Best answer: D because pet stores commonly sell snakes to customers.","['D', 'D', 'D', 'D', 'D']",D,True,majority,1.0,{'D': 5},5,5,1.0,0,False,,ASDIV,LAMA-3.2-3B
702,guided,702,"What are our bodies doing after having food?

Options:
A) falling down
B) digesting
C) gas
D) weight gain
E) not hungry",having food,B,"Step 1: When we eat, our teeth break down the food into smaller pieces for easier swallowing.
Step 2: The broken-down food then goes into our stomach where digestive juices break it further.
Step 3: The resulting mixture is then absorbed into the bloodstream, providing energy and nutrients to our cells.
Best answer: B because that's what happens immediately after consuming food in the human digestive system.","['B', 'B', 'B', 'B', 'B']",B,True,majority,1.0,{'B': 5},5,5,1.0,0,False,,ASDIV,LAMA-3.2-3B
703,guided,703,"She had an interest in the man, what did she want to do with him?

Options:
A) see particular program
B) see exhibits
C) see people play game
D) have conversation
E) watch film",interest,D,"Step 1: If someone has an interest in a person, it's likely they want to spend time with them.
Step 2: Having a conversation is a common way for people to interact and get to know each other better.
Step 3: Watching a movie or seeing exhibits might not allow for two-way interaction, which wouldn't facilitate getting to know someone well.
Best answer: D because having a conversation enables two-way communication and deeper connection.","['D', 'D', 'D', 'D', 'D']",D,True,majority,1.0,{'D': 5},5,5,1.0,0,False,,ASDIV,LAMA-3.2-3B
704,guided,704,"The weasel was becoming a problem, it kept getting into the chicken eggs kept in the what?

Options:
A) forrest
B) barn
C) public office
D) out of doors
E) freezer",weasel,B,"Step 1: Weasels are known to be skilled hunters that often target small animals like chickens for food.
Step 2: Weasels can fit through small openings and climb up ladders, making them capable of accessing enclosed spaces like coops where chickens are kept.
Step 3: Given their hunting behavior and physical abilities, it's logical that the weasel would seek out a secure location where it could easily access the chicken eggs.
Best answer: B because weasels can climb and fit through small openings, making a barn an accessible target for them.","['B', 'B', 'B', 'B', 'B']",B,True,majority,1.0,{'B': 5},5,5,1.0,0,False,,ASDIV,LAMA-3.2-3B
705,guided,705,"Why do people play chess on the weekends?

Options:
A) satisfaction
B) have fun
C) thrilling
D) made
E) smart",play chess,B,"Step 1: Many people engage in leisure activities during weekends to relax and unwind after work.
Step 2: Playing chess requires strategy and mental focus, which can help reduce stress.
Step 3: Chess has been a popular pastime for centuries, often associated with intellectual enjoyment.
Best answer: B because playing chess is commonly seen as an enjoyable recreational activity.","['B', 'B', 'B', 'B', 'B']",B,True,majority,1.0,{'B': 5},5,5,1.0,0,False,,ASDIV,LAMA-3.2-3B
706,guided,706,"His phone was dead and they couldn't find the expressway, he opened up the glove compartment and handed his passenger the what to navigate?

Options:
A) eastern united states
B) michigan
C) map
D) choppers
E) american city",expressway,C,"Step 1: The phrase ""glove compartment"" typically refers to a small storage space in a vehicle for keeping small items like tools, snacks, or navigation tools.
Step 2: Given that it's a vehicle, it's likely that the item in the glove compartment would be something used for navigation within that vehicle.
Step 3: Maps are commonly found in glove compartments to help drivers find their way while driving.
Best answer: C because it's a typical item stored in a glove compartment for navigation purposes.","['C', 'C', 'C', 'C', 'C']",C,True,majority,1.0,{'C': 5},5,5,1.0,0,False,,ASDIV,LAMA-3.2-3B
707,guided,707,"What would you do if your date does not show up?

Options:
A) wait for
B) bathe
C) go for haircut
D) plan revenge
E) dress nice",date,A,"Step 1: Typically, when someone doesn't show up on a date, it's considered impolite and may indicate they're not interested in seeing you again.
Step 2: Waiting (option A) would prolong the awkwardness and make you appear desperate.
Step 3: Going for a haircut (option C) doesn't relate to the situation at all; it's unrelated to the missed date.
Step 4: Planning revenge (option D) is an extreme reaction that could escalate the situation unnecessarily.
Step 5: Dressing nicely (option E) shows you're trying to make the best of the situation, but it won't change the fact that they didn't show up.
Best answer: A because waiting would prolong the awkwardness and make you appear desperate.","['A', 'A', 'A', 'A', 'A']",A,True,majority,1.0,{'A': 5},5,5,1.0,0,False,,ASDIV,LAMA-3.2-3B
708,guided,708,"What emotion leads to punching?

Options:
A) fists
B) hitting
C) boxing gloves
D) anger
E) hands",punching,D,"Step 1: Punching typically involves using one's hands as the striking tool.
Step 2: While fists (A) and boxing gloves (C) are related to punching, they're not the primary cause of punching itself.
Step 3: Hitting (B) is an action that results from an emotional state, such as anger.
Step 4: Anger (D) is a common emotional trigger for aggressive behavior like punching.
Best answer: D because anger often precedes physical aggression like punching.","['D', 'D', 'D', 'D', 'D']",D,True,majority,1.0,{'D': 5},5,5,1.0,0,False,,ASDIV,LAMA-3.2-3B
709,guided,709,"What was the man encouraged to do after he expressed his anger violently?

Options:
A) cool off
B) punch
C) illustrate point
D) fight
E) release energy",anger,A,"Step 1: When someone expresses anger, they often need time to calm down before making rational decisions.
Step 2: Physical violence like punching (B) would escalate the situation further, leading to more harm.
Step 3: Cooling off (A) allows the person to regain control over their emotions and think clearly about what they want to achieve.
Best answer: A because cooling off helps manage anger effectively.","['B', 'B', 'B', 'B', 'B']",B,False,majority,1.0,{'B': 5},5,0,0.0,0,False,,ASDIV,LAMA-3.2-3B
710,guided,710,"Working on the elaborate task was taxing, it require extreme what?

Options:
A) holding
B) concentration
C) energy
D) job
E) energh",working,B,"Step 1: Elaboration involves breaking down information into detailed explanations, analyzing data, and organizing thoughts.
Step 2: This process can be mentally demanding as it requires processing multiple pieces of information simultaneously.
Step 3: The need for coherence and logical connections between ideas can lead to mental fatigue if not managed properly.
Best answer: B because excessive mental effort is needed for detailed breakdowns.","['C', 'C', 'C', 'C', 'C']",C,False,majority,1.0,{'C': 5},5,0,0.0,0,False,,ASDIV,LAMA-3.2-3B
711,guided,711,"If I wanted to eat something that is made from plants and needs to be washed, what would it be?

Options:
A) roots
B) millions of cells
C) see work
D) leaves to gather light
E) flowers on",plants,A,"Step 1: Plants are typically grown for food, such as fruits, vegetables, and grains.
Step 2: Many edible plants require water to grow, like fruits and vegetables that need watering.
Step 3: Leaves are often washed before consumption to remove dirt and bacteria.
Best answer: A because roots aren't typically eaten raw, millions of cells refer to microorganisms, ""see work"" doesn't make sense in this context, gathering light is an action, not an object that can be eaten, and flowers aren't usually eaten whole.","['A', 'A', 'A', 'D', 'A']",A,True,majority,0.8,"{'A': 4, 'D': 1}",5,4,0.8,1,False,,ASDIV,LAMA-3.2-3B
712,guided,712,"Where could a personal ficus live?

Options:
A) cabin in the woods
B) california
C) front yard
D) conservatory
E) tropical forest",ficus,C,"Step 1: Ficus plants prefer well-drained soil and partial shade, which is often found in tropical regions with high humidity.
Step 2: Options A (cabin in the woods) and E (tropical forest) have high humidity but may not provide enough shade for a ficus plant.
Step 3: A conservatory provides controlled conditions with filtered sunlight, making it an ideal place for a ficus to thrive.
Best answer: D because it offers the right amount of light and humidity for a ficus plant.","['D', 'D', 'D', 'C', 'D']",D,False,majority,0.8,"{'D': 4, 'C': 1}",5,1,0.2,1,False,,ASDIV,LAMA-3.2-3B
713,guided,713,"Because of his anger he couldn't clearly explain or what?

Options:
A) cool off
B) write letter
C) get mad
D) illustrate point
E) destroy enemy",anger,D,"Step 1: When someone is angry, they often need time to calm down before talking about their feelings.
Step 2: Getting angry usually involves strong emotions that can make it hard to think clearly.
Step 3: Writing a letter might help him process his thoughts, but it won't necessarily make him less angry immediately.
Step 4: Getting mad is an action that matches the immediate state of being angry.
Step 5: Destroying something isn't directly related to calming down from anger.
Best answer: C because getting mad is an immediate expression of anger.","['C', 'D', 'B', 'D', 'D']",D,True,majority,0.6000000000000001,"{'C': 1, 'D': 3, 'B': 1}",5,3,0.6000000000000001,2,False,,ASDIV,LAMA-3.2-3B
714,guided,714,"Where do people get beer after a bit of gambling?

Options:
A) bottle
B) grocery store
C) casino
D) spaceship
E) hockey game",beer,C,"Step 1: Casinos often have bars where patrons can purchase alcoholic beverages, including beer.
Step 2: Many people visit casinos for entertainment purposes, such as playing games of chance like slots or poker.
Step 3: It's common for gamblers to enjoy a drink while engaging in these activities.
Best answer: C because casinos typically offer on-site bars serving beverages to patrons.","['C', 'C', 'C', 'C', 'C']",C,True,majority,1.0,{'C': 5},5,5,1.0,0,False,,ASDIV,LAMA-3.2-3B
715,guided,715,"I was apprehensive to buy the expensive equipment to play a game with so much walking and swinging around in grass, but now I understand why people what?

Options:
A) care less
B) play golf
C) shake hands
D) believe in god
E) trip over",people,B,"Step 1: The question mentions ""expensive equipment"" which implies that the activity requires special gear, such as golf clubs.
Step 2: Golfing typically involves walking and swinging around in open spaces like grass courses.
Step 3: Given this context, it's logical to conclude that the person initially hesitated due to concerns about the cost of purchasing necessary equipment for this specific activity.
Best answer: B because golfing requires specialized equipment that can be pricey.","['B', 'A', 'B', 'B', 'B']",B,True,majority,0.8,"{'B': 4, 'A': 1}",5,4,0.8,1,False,,ASDIV,LAMA-3.2-3B
716,guided,716,"Where can I find a stapler in many places?

Options:
A) desk drawer
B) office building
C) manual
D) office supply store
E) desktop",stapler,B,"Step 1: A stapler is typically used for attaching papers together, which is common office work.
Step 2: Desks are where people usually work on documents and papers, making it likely that a stapler would be nearby.
Step 3: While you could also buy a stapler at an office supply store (option D), it's less likely that you'd find one there if you already have one already.
Best answer: A because it's where most people keep their office supplies.","['D', 'D', 'D', 'D', 'D']",D,False,majority,1.0,{'D': 5},5,0,0.0,0,False,,ASDIV,LAMA-3.2-3B
717,guided,717,"How is riding a bike getting it to move?

Options:
A) practice
B) sense of balance
C) driving
D) good balance
E) pedalling",riding bike,E,"Step 1: Riding a bike requires physical interaction with the vehicle.
Step 2: Pedalling involves pushing down on pedals with feet, which turns the wheels and propels the bike forward.
Step 3: Without pedalling, there's no mechanical advantage to make the bike move.
Best answer: E because pedalling is the action that initiates movement in a bicycle.","['E', 'E', 'E', 'E', 'E']",E,True,majority,1.0,{'E': 5},5,5,1.0,0,False,,ASDIV,LAMA-3.2-3B
718,guided,718,"What can you use to store a book while traveling?

Options:
A) library of congress
B) pocket
C) backpack
D) suitcase
E) synagogue",book,D,"Step 1: When considering options for storing a book while traveling, we need something portable and accessible.
Step 2: A library of congress is not portable, as it's a large institution with many books.
Step 3: A synagogue is not typically used for storing personal items like books on-the-go.
Step 4: While a suitcase can hold many things, it's usually too large for just one book.
Step 5: A pocket is too small to hold an entire book.
Best answer: B because a pocket is designed for carrying small, personal items like a book.","['B', 'B', 'B', 'B', 'D']",B,False,majority,0.8,"{'B': 4, 'D': 1}",5,1,0.2,1,False,,ASDIV,LAMA-3.2-3B
719,guided,719,"Danny is having fun just dancing and singing with his friends. He wasn't concerned with things that weren't fun. For him having fun is the same as what?

Options:
A) injuries
B) smiling
C) being happy
D) glee
E) jump",having fun,C,"Step 1: Having fun typically involves enjoying oneself, often accompanied by positive emotions like happiness.
Step 2: All options A, C, D, and E can be associated with having fun - injuries might occur while having fun, smiling is an expression of happiness, being happy is the state itself, and jumping is an action often done while having fun.
Step 3: However, option B ""smiling"" directly describes an action that results from having fun, rather than being synonymous with it.
Best answer: B because smiling is an expression that results from having fun.","['C', 'C', 'C', 'C', 'C']",C,True,majority,1.0,{'C': 5},5,5,1.0,0,False,,ASDIV,LAMA-3.2-3B
720,guided,720,"Where might someone store a reusable shopping bag?

Options:
A) supermarket
B) home
C) mart
D) obesity
E) closet",shopping bag,E,"Step 1: People typically buy reusable bags at stores where they purchase groceries.
Step 2: Supermarkets usually provide bags for customers to carry their items in.
Step 3: Other options like homes, marts, and closets aren't places where one would typically purchase bags initially.
Best answer: A because supermarkets provide shopping bags for customers.","['A', 'A', 'A', 'A', 'A']",A,False,majority,1.0,{'A': 5},5,0,0.0,0,False,,ASDIV,LAMA-3.2-3B
721,guided,721,"They were making sauerkraut, the instructor explained the liquid should be above the cabbage in the what?

Options:
A) jar
B) drinking glass
C) pot
D) container
E) can",liquid,A,"Step 1: Sauerkraut fermentation requires anaerobic conditions, meaning no oxygen, for proper lactic acid production.
Step 2: In order to maintain this condition, the liquid (brine) needs to be submerged under the food (cabbage), not on top of it.
Step 3: A jar is typically used for storing food, allowing the liquid to cover the cabbage completely.
Best answer: A because jars have lids that seal, keeping the liquid below the contents.","['A', 'C', 'A', 'A', 'D']",A,True,majority,0.6000000000000001,"{'A': 3, 'C': 1, 'D': 1}",5,3,0.6000000000000001,2,False,,ASDIV,LAMA-3.2-3B
722,guided,722,"Where would there be an auditorium with only a single person speaking?

Options:
A) lights
B) crowd
C) university campus
D) theater
E) park",auditorium,C,"Step 1: An auditorium typically has multiple seats for people to sit in, allowing them to watch performances or presentations.
Step 2: A single person wouldn't need an entire auditorium; they could simply speak in front of an audience at various locations such as a conference room, office, or even outdoors.
Step 3: While some small meeting spaces might have seating for one, it's less common than in a dedicated performance venue like a theater.
Best answer: E because most people wouldn't feel the need for an entire auditorium just for one speaker.","['D', 'D', 'B', 'B', 'D']",D,False,majority,0.6000000000000001,"{'D': 3, 'B': 2}",5,0,0.0,2,False,,ASDIV,LAMA-3.2-3B
723,guided,723,"Where would you find many varieties of plants including a rosebush?

Options:
A) kew gardens
B) garder
C) backyard
D) shop
E) beautiful garden",rosebush,E,"Step 1: A kew garden is known for having many different types of plants, including flowers and trees.
Step 2: Kew gardens are typically maintained by professionals who cultivate various plant species for display and research purposes.
Step 3: This environment allows for diverse plant species to thrive under controlled conditions, making it an ideal location for showcasing multiple varieties of plants like a rosebush.
Best answer: A because kew gardens are famous for their extensive plant collections.","['A', 'A', 'A', 'A', 'A']",A,False,majority,1.0,{'A': 5},5,0,0.0,0,False,,ASDIV,LAMA-3.2-3B
724,guided,724,"Where can one obtain a bass fiddle?

Options:
A) jazz band
B) string quartet
C) group band
D) nursery rhyme
E) music store",bass fiddle,E,"Step 1: A bass fiddle is a type of musical instrument with four strings, typically used in classical music.
Step 2: While it's possible for a jazz band (A) or group band (C) to have a bass fiddle, these genres often use electric instruments instead.
Step 3: Bass fiddles are commonly found in orchestras, which are usually composed of multiple instruments including violins, violas, cellos, and sometimes a double bass.
Step 4: A nursery rhyme (D) doesn't typically involve musical instruments, so it's unlikely to have a bass fiddle.
Step 5: Music stores (E) may carry various instruments, including bass fiddles, but they're not the primary place where you'd find one being played.
Best answer: E because music stores sell musical instruments, including bass fiddles.","['E', 'E', 'E', 'E', 'E']",E,True,majority,1.0,{'E': 5},5,5,1.0,0,False,,ASDIV,LAMA-3.2-3B
725,guided,725,"What is a very unlikely side effect of becoming inebriated?

Options:
A) fights
B) drunkenness
C) staggering
D) puke
E) paralysis",becoming inebriated,E,"Step 1: Inebriation refers to the state of being intoxicated, typically due to excessive alcohol consumption.
Step 2: While excessive drinking can lead to various physical reactions, such as stumbling (staggering) and vomiting (puke), these effects are relatively common and well-known consequences.
Step 3: Paralysis, however, is not typically associated with acute alcohol intoxication; it's more commonly linked to neurological conditions like stroke, spinal cord injury, or certain medications.
Best answer: E because paralysis is not a typical immediate reaction to intoxication.","['E', 'E', 'E', 'D', 'D']",E,True,majority,0.6000000000000001,"{'E': 3, 'D': 2}",5,3,0.6000000000000001,2,False,,ASDIV,LAMA-3.2-3B
726,guided,726,"Where would you borrow furniture if you do not have any?

Options:
A) sewer
B) neighbor's house
C) apartment
D) room
E) floor",furniture,B,"Step 1: Typically, people borrow items from others when they need something temporarily.
Step 2: Borrowing usually occurs within the same household or among friends and family members.
Step 3: An apartment is a self-contained living space where one resides, making it an unlikely place to borrow items.
Step 4: A sewer is not a suitable location for borrowing furniture as it's not designed for human habitation.
Step 5: A neighbor's house might have items that could be borrowed, but it's not as convenient as taking something from within your own home.
Step 6: The floor is not a physical surface where items are stored or kept, so it's not possible to borrow furniture from there.
Best answer: B because it's the most likely location where someone would have access to borrowed items.","['D', 'A', 'D', 'B', 'C']",D,False,majority,0.4,"{'D': 2, 'A': 1, 'B': 1, 'C': 1}",5,1,0.2,3,False,,ASDIV,LAMA-3.2-3B
727,guided,727,"The artist was sitting quietly pondering, then suddenly he began to paint when what struck him?

Options:
A) sadness
B) anxiety
C) inspiration
D) discomfort
E) insights",sitting quietly,C,"Step 1: Many famous artists have reported experiencing emotional states that trigger their creativity, such as sadness or anxiety.
Step 2: While sadness and anxiety might seem counterintuitive as motivators for art creation, some artists have indeed found solace in expressing their negative emotions through their work.
Step 3: Inspiration is often cited as a common trigger for artistic creation, but it's not necessarily tied to a specific emotional state like sadness or anxiety.
Best answer: B because some artists have used their art to cope with anxiety and other mental health issues.","['B', 'B', 'A', 'B', 'C']",B,False,majority,0.6000000000000001,"{'B': 3, 'A': 1, 'C': 1}",5,1,0.2,2,False,,ASDIV,LAMA-3.2-3B
728,guided,728,"What is a person called who doesn't have immortality?

Options:
A) mortal
B) dying
C) death
D) dead
E) mortal",immortality,E,"Step 1: Immortality means living forever without dying.
Step 2: If someone doesn't die, they cannot be considered dead (D) or deceased.
Step 3: Options B, C, and E all describe states related to death, not living beings.
Step 4: Only option A describes someone who has not yet died, fitting the definition of immortality.
Best answer: A because it describes someone who hasn't died yet.","['A', 'A', 'A', 'A', 'A']",A,False,majority,1.0,{'A': 5},5,0,0.0,0,False,,ASDIV,LAMA-3.2-3B
729,guided,729,"Printing on a printer can get expensive because it does what?

Options:
A) explode
B) use paper
C) store information
D) queue
E) noise",printing on printer,B,"Step 1: Printing involves physical interaction with a device that produces output.
Step 2: Most printers require consumable supplies like ink or toner to function.
Step 3: These supplies can run out over time, leading to repeated purchases.
Best answer: B because printing requires paper as a necessary resource.","['B', 'B', 'B', 'B', 'B']",B,True,majority,1.0,{'B': 5},5,5,1.0,0,False,,ASDIV,LAMA-3.2-3B
730,guided,730,"Where would you sit in a chair while working toward an advanced degree?

Options:
A) aeroport
B) church
C) furniture store
D) university
E) living room",chair,D,"Step 1: To work toward an advanced degree, one typically needs access to educational resources such as books, computers, and internet connectivity.
Step 2: A university provides these resources, whereas an airport (A) is for traveling, a church (B) is for worship, and a furniture store (C) sells household items.
Step 3: Sitting in a living room (E) might be comfortable but not ideal for focused study due to distractions like TV and family members.
Best answer: D because universities offer necessary resources for academic pursuits.","['D', 'D', 'D', 'D', 'D']",D,True,majority,1.0,{'D': 5},5,5,1.0,0,False,,ASDIV,LAMA-3.2-3B
731,guided,731,"The weasel ran up away from danger, somebody joked only our first president could get him down from the what?

Options:
A) washington dc
B) ladder
C) natural history museum
D) cherry tree
E) chicken coop",weasel,D,"Step 1: We know that George Washington was the first president of the United States.
Step 2: The phrase ""cherry tree"" is associated with an old legend about George Washington's honesty as a child, where he confessed to cutting down a cherry tree.
Step 3: Given this historical context, it's logical to assume that someone would make a joke about getting the weasel down from a cherry tree, referencing this famous story.
Best answer: D because it references the well-known anecdote about George Washington's honesty.","['D', 'D', 'D', 'A', 'A']",D,True,majority,0.6000000000000001,"{'D': 3, 'A': 2}",5,3,0.6000000000000001,2,False,,ASDIV,LAMA-3.2-3B
732,guided,732,"What would you need if you want to smoke?

Options:
A) you're stupid
B) kill yourself
C) roll joint
D) cigarette
E) lighter fluid.",smoke,D,"Step 1: Smoking requires an object that produces smoke as a byproduct.
Step 2: Cigarettes are commonly used for smoking due to their design and widespread availability.
Step 3: Lighter fluid is not typically used for smoking; it's used to ignite fires.
Best answer: D because cigarettes contain tobacco, which is burned to produce smoke when smoked.","['D', 'D', 'D', 'A', 'D']",D,True,majority,0.8,"{'D': 4, 'A': 1}",5,4,0.8,1,False,,ASDIV,LAMA-3.2-3B
733,guided,733,"The lock kept the steering wheel from moving, but the thief still took his chances and began to work on the what?

Options:
A) keep cloesd
B) train
C) ignition switch
D) drawer
E) firearm",lock,C,"Step 1: A car's steering wheel is connected to the steering system, which controls direction while driving.
Step 2: If the lock prevents the steering wheel from moving, it wouldn't allow the driver to steer the vehicle.
Step 3: Since the thief couldn't steer, they likely tried to bypass this restriction to continue driving.
Best answer: C because an ignition switch controls engine power, allowing the car to move despite the locked steering wheel.","['C', 'C', 'C', 'C', 'C']",C,True,majority,1.0,{'C': 5},5,5,1.0,0,False,,ASDIV,LAMA-3.2-3B
734,guided,734,"If a person is working a lot, what are they likely trying to earn?

Options:
A) much money
B) own house
C) creativity
D) new car
E) caregiver",person,A,"Step 1: Typically, people work to support themselves financially.
Step 2: Most jobs involve exchanging labor for payment, usually in the form of money.
Step 3: Earning money allows individuals to purchase essential goods and services, including housing.
Best answer: A because working typically leads to financial gain.","['A', 'A', 'A', 'A', 'B']",A,True,majority,0.8,"{'A': 4, 'B': 1}",5,4,0.8,1,False,,ASDIV,LAMA-3.2-3B
735,guided,735,"Where does one store fabric in their own home?

Options:
A) sewing room
B) clothing store
C) tailor shop
D) clothes store
E) cotton mill",fabric,A,"Step 1: People typically buy and use fabrics for various purposes like making clothes, upholstery, or crafting projects.
Step 2: A sewing room is often where people work with fabrics, as it usually has space for sewing machines and other textile tools.
Step 3: While a tailor shop might have fabrics, it's primarily focused on altering existing garments rather than storing them.
Step 4: Clothing stores sell pre-made items, not fabric itself; cotton mills produce raw materials, not finished products.
Step 5: Storing fabric at a clothes store would take up valuable space for merchandise.
Best answer: A because it's commonly used for fabric storage and working with textiles.","['A', 'A', 'D', 'A', 'A']",A,True,majority,0.8,"{'A': 4, 'D': 1}",5,4,0.8,1,False,,ASDIV,LAMA-3.2-3B
736,guided,736,"I'm having some food at my party, what will I need to serve it?

Options:
A) zoo
B) pan
C) bowl
D) kitchen
E) spoon",food,E,"Step 1: Serving food typically involves placing it on a flat surface for easy access.
Step 2: A zoo is not a common place to serve food, as it's primarily for housing animals.
Step 3: While a bowl can hold food, it's not necessarily the most practical choice for serving multiple types of dishes.
Step 4: Kitchens are designed for food preparation and serving, making them ideal locations for serving food.
Step 5: A spoon is an eating utensil, not a serving vessel.
Best answer: D because kitchens have countertops and tables where you can display and serve food.","['D', 'D', 'D', 'D', 'D']",D,False,majority,1.0,{'D': 5},5,0,0.0,0,False,,ASDIV,LAMA-3.2-3B
737,guided,737,"Why did the heavy metal band need electricity at the stadium?

Options:
A) concert
B) bedroom
C) make person sick
D) building
E) church",electricity,A,"Step 1: Heavy metal bands typically perform live music shows, which require sound equipment.
Step 2: Electricity powers the sound system for these performances.
Step 3: Without electricity, the band wouldn't be able to produce music, so they wouldn't perform.
Best answer: A because it's where heavy metal bands give live concerts.","['D', 'D', 'A', 'D', 'D']",D,False,majority,0.8,"{'D': 4, 'A': 1}",5,1,0.2,1,False,,ASDIV,LAMA-3.2-3B
738,guided,738,"A beaver is know for building prowess, their supplies come from where?

Options:
A) british columbia
B) body of water
C) wooded area
D) pay debts
E) zoo",beaver,C,"Step 1: Beavers are semi-aquatic animals that live in freshwater environments.
Step 2: They use branches, sticks, mud, and other materials found near water sources to construct their homes (lodges).
Step 3: Given their reliance on aquatic resources, it's logical that they gather these materials from nearby bodies of water.
Best answer: B because beavers collect building materials from water sources.","['B', 'B', 'B', 'B', 'B']",B,False,majority,1.0,{'B': 5},5,0,0.0,0,False,,ASDIV,LAMA-3.2-3B
739,guided,739,"I listened to lecture intensely, what is my goal?

Options:
A) gain confidence
B) concentrate
C) get attention
D) pay attention
E) stop talking",listen,B,"Step 1: When someone says ""I listened to lecture intensely,"" it implies that they were giving their full attention to the speaker.
Step 2: Intense listening usually means being fully engaged and focused on what's being said.
Step 3: Therefore, the most likely reason for intense listening is to absorb information, which aligns with option A) gain confidence.
Best answer: A because intense listening often leads to better understanding and retention of information, which can boost confidence.","['A', 'D', 'A', 'D', 'A']",A,False,majority,0.6000000000000001,"{'A': 3, 'D': 2}",5,0,0.0,2,False,,ASDIV,LAMA-3.2-3B
740,guided,740,"How is a child eager to be going to play likely to get there?

Options:
A) slowly
B) rush
C) being entertained
D) have fun
E) enjoyment",going to play,B,"Step 1: Children often have limited attention spans and need stimulation to maintain interest.
Step 2: Playing is typically considered an enjoyable activity for kids, which can increase their motivation.
Step 3: Rushing to get to play would likely lead to excitement and eagerness, as it implies that they don't want to miss out on the fun.
Best answer: B because rushing creates anticipation and eagerness for the enjoyable experience.","['B', 'B', 'B', 'B', 'B']",B,True,majority,1.0,{'B': 5},5,5,1.0,0,False,,ASDIV,LAMA-3.2-3B
741,guided,741,"When a main artery is used to expedite travel what would it be referred to as?

Options:
A) neck
B) busy city
C) own brain
D) thruway
E) food",main artery,D,"Step 1: A main artery is typically associated with blood circulation in the human body.
Step 2: In this context, ""expedite"" implies making something faster or quicker.
Step 3: Therefore, the term ""artery"" should relate to transportation, not biology.
Step 4: Among the options, only one term is commonly used for highways or roads that facilitate fast travel.
Best answer: D because ""thruway"" is slang for a highway or expressway.","['D', 'D', 'D', 'D', 'D']",D,True,majority,1.0,{'D': 5},5,5,1.0,0,False,,ASDIV,LAMA-3.2-3B
742,guided,742,"At a shop what can you buy to put your spare unused things?

Options:
A) basement
B) cardboard box
C) ocean floor
D) high school
E) container",shop,E,"Step 1: People typically store items they no longer need in a designated area for organization and accessibility.
Step 2: Basements are often used for storage due to their lower temperature and humidity levels, making them ideal for preserving items over time.
Step 3: Cardboard boxes can be used as temporary storage solutions but may not provide long-term protection against pests or moisture damage.
Step 4: The ocean floor is not suitable for storing personal belongings as it's underwater and inaccessible.
Step 5: High schools are educational institutions where students learn, not places to store personal items.
Step 6: Containers can hold various items but may not necessarily provide the necessary protection or organization that a dedicated storage space offers.
Best answer: B because cardboard boxes are commonly used as temporary storage solutions in homes and offices.","['B', 'B', 'B', 'B', 'B']",B,False,majority,1.0,{'B': 5},5,0,0.0,0,False,,ASDIV,LAMA-3.2-3B
743,guided,743,"What is performing a type of?

Options:
A) singing
B) act
C) feat
D) smile
E) acting",performing,B,"Step 1: An ""act"" typically involves pretending to be someone else, doing something fake, or participating in a play.
Step 2: While ""singing"" and ""smiling"" can also involve performance, they don't necessarily imply pretending or participation in a scripted event like an ""act"".
Step 3: A ""feat"" usually refers to an impressive achievement, not necessarily related to performance.
Step 4: ""Acting"" can refer to both performing on stage and participating in a role, but it's more general than what we're looking for here.
Step 5: Given these distinctions, ""act"" seems like the most fitting choice because it commonly involves pretending or participating in a scripted event.
Best answer: B because it's the option that best matches the concept of pretending or participating in a performance.","['B', 'B', 'B', 'B', 'B']",B,True,majority,1.0,{'B': 5},5,5,1.0,0,False,,ASDIV,LAMA-3.2-3B
744,guided,744,"Why do most people take a quick rest during the day?

Options:
A) need to
B) hungry
C) feel more energetic
D) weak
E) regenerate",rest,C,"Step 1: Humans have an internal biological clock that regulates sleep-wake cycles, known as circadian rhythms.
Step 2: This cycle typically peaks in the late afternoon, causing drowsiness.
Step 3: Taking a short rest during this time allows individuals to recharge before resuming daily activities.
Best answer: A because most people experience natural drowsiness in the late afternoon due to their internal biological clock.","['A', 'A', 'A', 'A', 'A']",A,False,majority,1.0,{'A': 5},5,0,0.0,0,False,,ASDIV,LAMA-3.2-3B
745,guided,745,"WHat leads to an early death?

Options:
A) poisonous gas
B) homicide
C) cinder
D) nuclear weapons
E) cyanide",death,B,"Step 1: Poisonous substances like cyanide and cinder can cause immediate harm due to their toxic nature.
Step 2: Homicide involves human intent, which may not necessarily lead to an immediate death unless it's severe enough to cause fatal injuries.
Step 3: Nuclear weapons release massive amounts of energy that can cause widespread destruction but may not directly cause death instantly unless they explode close proximity.
Step 4: While some gases can be deadly, not all poisonous gases lead to an early death; some may cause long-term health issues.
Step 5: Among these options, only cyanide is known for its rapid onset of symptoms, making it particularly deadly quickly.
Best answer: E because cyanide is a highly toxic substance known for its rapid toxicity.","['E', 'E', 'A', 'E', 'E']",E,False,majority,0.8,"{'E': 4, 'A': 1}",5,0,0.0,1,False,,ASDIV,LAMA-3.2-3B
746,guided,746,"If you're celebrating with too many cocktails what may you have in the morning?

Options:
A) drunkenness
B) have fun
C) headache
D) hang over
E) intimacy",celebrating,D,"Step 1: Excessive drinking can impair judgment and lead to poor decision-making.
Step 2: Consuming multiple cocktails before bedtime can disrupt sleep patterns and lead to dehydration.
Step 3: Dehydration often causes headaches, making it more likely that someone who drank too many cocktails would experience a headache in the morning.
Best answer: C because dehydration is a common consequence of excessive drinking.","['D', 'D', 'D', 'D', 'C']",D,True,majority,0.8,"{'D': 4, 'C': 1}",5,4,0.8,1,False,,ASDIV,LAMA-3.2-3B
747,guided,747,"What do the feathers look like on birds found in the rainforest?

Options:
A) pretty smart
B) singing
C) dark
D) very colorful
E) light",birds,D,"Step 1: Many birds that live in the rainforest have adaptations to blend in with their surroundings for camouflage.
Step 2: This means their feathers often have colors that match the dappled light filtering through the dense foliage.
Step 3: Examples include macaws, toucans, and quetzals, which have vibrant plumage to attract mates or warn off predators.
Best answer: D because these birds have bright, striking colors to communicate and hide in the rainforest environment.","['D', 'D', 'D', 'D', 'D']",D,True,majority,1.0,{'D': 5},5,5,1.0,0,False,,ASDIV,LAMA-3.2-3B
748,guided,748,"The lady would eat and eat, and because of mental issues would then make herself what?

Options:
A) wash dishes
B) throwing up
C) drinking
D) throw up
E) turn inside out",eat,D,"Step 1: People with mental health conditions like anorexia often restrict their food intake due to emotional distress.
Step 2: This restriction can lead to severe malnutrition, causing physical symptoms such as weakness and dizziness.
Step 3: In extreme cases, the body may react by attempting to compensate for the lack of nutrients, resulting in vomiting.
Best answer: D because it's a common physical response to severe malnutrition caused by restrictive eating habits.","['B', 'B', 'B', 'B', 'B']",B,False,majority,1.0,{'B': 5},5,0,0.0,0,False,,ASDIV,LAMA-3.2-3B
749,guided,749,"Where is a likely place for an ivy plant?

Options:
A) flower pot
B) shelf
C) windowsill
D) outside
E) sill",plant,D,"Step 1: Ivy is known to grow on surfaces that receive sunlight and have moisture.
Step 2: A flower pot typically has limited space for ivy roots to spread out, making it less ideal.
Step 3: An outside location provides more room for ivy's extensive root system to grow.
Step 4: A windowsill may not receive enough direct sunlight for ivy to thrive.
Step 5: A sill is usually too small for ivy's extensive growth.
Best answer: D because it offers ample space for ivy's roots to expand.","['C', 'C', 'C', 'D', 'D']",C,False,majority,0.6000000000000001,"{'C': 3, 'D': 2}",5,2,0.4,2,False,,ASDIV,LAMA-3.2-3B
750,guided,750,"John felt that his actions were fate.   Harry said that he could have always made a different what?

Options:
A) free will
B) choice
C) will
D) alcohol
E) freedom",fate,B,"Step 1: If John believes his actions were predetermined, it implies he thinks they were not under his control.
Step 2: This lack of control suggests that his decisions were not based on personal agency.
Step 3: The concept closely related to the idea of being able to make choices independently is ""free will"".
Best answer: A because if John thinks his actions were predetermined, he doesn't have free will.","['A', 'A', 'C', 'C', 'C']",C,False,majority,0.6000000000000001,"{'A': 2, 'C': 3}",5,0,0.0,2,False,,ASDIV,LAMA-3.2-3B
751,guided,751,"Where would you run in to a niece you only see every one and a while?

Options:
A) family reunion
B) brother's house
C) family picture book
D) family tree
E) party",niece,A,"Step 1: A niece is typically someone's younger female relative, often seen at family gatherings.
Step 2: Family reunions usually involve multiple generations and relatives, including children.
Step 3: A family picture book would contain photos of various family members, but not necessarily just one niece.
Best answer: A because family reunions are events where multiple family members meet up, including nieces.","['B', 'E', 'A', 'A', 'B']",B,False,coin_flip,0.33330000000000004,"{'B': 2, 'E': 1, 'A': 2}",6,2,0.33330000000000004,4,True,0.0,ASDIV,LAMA-3.2-3B
752,guided,752,"The teens were trying to hide that they get drink, but when they walked in the door their what gave it away?

Options:
A) health
B) fall down
C) stagger
D) get arrested
E) vomit",get drunk,C,"Step 1: Teens often try to conceal their consumption of alcohol, as it's against their parents' rules.
Step 2: If they were hiding that they got drunk, it would likely cause them to stumble or lose balance, making it obvious.
Step 3: Options A (health) doesn't relate directly to the act of hiding drinking; option D (get arrested) is unlikely since no one has called the police yet; option E (vomit) might happen later if they got extremely drunk but isn't an immediate giveaway.
Best answer: C because stumbling is an immediate physical reaction to intoxication.","['C', 'C', 'B', 'C', 'C']",C,True,majority,0.8,"{'C': 4, 'B': 1}",5,4,0.8,1,False,,ASDIV,LAMA-3.2-3B
753,guided,753,"If a court case is dismissed after hearing testimony, what would be a likely cause?

Options:
A) change of heart
B) anguish
C) anger
D) boredom
E) anxiety",hearing testimony,A,"Step 1: In most jurisdictions, if a judge decides to dismiss a case, it's usually due to lack of evidence or procedural issues.
Step 2: Dismissing a case often results from the prosecution failing to prove their claims beyond reasonable doubt.
Step 3: Anguish, anxiety, and boredom aren't typical reasons for dismissing a case; they're emotional states that might occur during the process but aren't direct causes for dismissal.
Step 4: Change of heart could potentially lead to a new development in the case, but it's not common for a judge to dismiss due to this alone.
Best answer: A because it's an uncommon reason for a judge to rule in favor of dismissal.","['A', 'A', 'A', 'A', 'A']",A,True,majority,1.0,{'A': 5},5,5,1.0,0,False,,ASDIV,LAMA-3.2-3B
754,guided,754,"I am cold, what should I do to stay warm?

Options:
A) stay in bed
B) light fire
C) freezer
D) lay on ice
E) spit",cold,B,"Step 1: When someone says they're cold, it usually means their body temperature has dropped below normal.
Step 2: To increase body heat, you need to generate more body heat internally, not just rely on external sources like fire or ice.
Step 3: Laying on ice would actually make you lose more heat due to conduction, while spitting doesn't produce any warmth.
Best answer: B because lighting a fire produces flames that produce heat.","['B', 'A', 'B', 'A', 'A']",A,False,majority,0.6000000000000001,"{'B': 2, 'A': 3}",5,2,0.4,2,False,,ASDIV,LAMA-3.2-3B
755,guided,755,"Billy liked driving cars.  He was good at it.  But he was rattled ever since his father experienced what?

Options:
A) transportation
B) pollution
C) stress
D) death
E) go somewhere",driving car,D,"Step 1: Many people experience anxiety or nervousness when driving, especially if they've had a traumatic experience related to driving.
Step 2: Given that Billy's father had an incident involving driving, it's likely that this event caused Billy to feel uneasy behind the wheel.
Step 3: Stress can lead to decreased performance and increased anxiety while driving, making it harder for someone like Billy to enjoy driving.
Best answer: C because stress can cause anxiety, which affects driving ability.","['C', 'C', 'C', 'C', 'C']",C,False,majority,1.0,{'C': 5},5,0,0.0,0,False,,ASDIV,LAMA-3.2-3B
756,guided,756,"For what entity should the government work?

Options:
A) country
B) democracy
C) canada
D) civilization
E) tax office",government,A,"Step 1: A government is an organization that makes laws and policies for its citizens.
Step 2: A country is a geographical area with defined borders, while a democracy is a system of government.
Step 3: Canada is a specific country with its own government, but not all governments reside within countries.
Step 4: A civilization refers to a complex society with social structures, not necessarily having an official governing body.
Step 5: A tax office handles collecting taxes, not governing.
Best answer: A because it's where the entity that governs resides.","['A', 'C', 'C', 'B', 'A']",A,True,coin_flip,0.33330000000000004,"{'A': 2, 'C': 2, 'B': 1}",6,2,0.33330000000000004,4,True,0.0,ASDIV,LAMA-3.2-3B
757,guided,757,"Where do you store a large container?

Options:
A) supermarket
B) factory
C) juice
D) hostel
E) cabinet",large container,E,"Step 1: A large container is typically used for holding multiple items, such as food or supplies.
Step 2: Supermarkets have shelves designed to hold various products, including large containers.
Step 3: Factories produce goods, but they don't usually store consumer items like containers.
Step 4: Juice is not an object that can store other objects.
Step 5: Hostels provide accommodations for people, not storage space.
Step 6: Cabinets are designed to hold personal belongings or office supplies, not large containers.
Best answer: A because supermarkets have shelves for storing multiple items, including large containers.","['A', 'A', 'A', 'A', 'A']",A,False,majority,1.0,{'A': 5},5,0,0.0,0,False,,ASDIV,LAMA-3.2-3B
758,guided,758,"His house was a mess, he began doing housework to get what?

Options:
A) boredom
B) nice home
C) michigan
D) feeling satisfied
E) house clean",doing housework,E,"Step 1: Typically, people engage in cleaning activities when they feel overwhelmed or unhappy with their environment.
Step 2: If someone's house is described as ""a mess"", it implies that it needs attention and organization.
Step 3: Therefore, the most logical motivation for starting housework would be to improve the current state of the house, which is dirty.
Best answer: E because cleaning is often done to correct an undesirable condition (the mess).","['E', 'E', 'B', 'E', 'E']",E,True,majority,0.8,"{'E': 4, 'B': 1}",5,4,0.8,1,False,,ASDIV,LAMA-3.2-3B
759,guided,759,"What has a surface with many sides?

Options:
A) tetrahedron
B) object
C) geometry problem
D) lake
E) triangle",surface,A,"Step 1: A tetrahedron is a three-dimensional shape with four triangular faces.
Step 2: All other options don't fit this description - a lake has water, an object can have various shapes, a geometry problem involves solving equations, and a triangle has only three sides.
Step 3: Since only one option matches the definition of having multiple sides, it must be correct.
Best answer: A because it's known geometric term for polyhedron with four triangular faces.","['D', 'D', 'D', 'A', 'A']",D,False,majority,0.6000000000000001,"{'D': 3, 'A': 2}",5,2,0.4,2,False,,ASDIV,LAMA-3.2-3B
760,guided,760,"Where does one usually keep literature?

Options:
A) books and magazines
B) own home
C) kitchen
D) shelf
E) meeting",literature,D,"Step 1: People typically store books in a place where they can easily access them for reading.
Step 2: Homes often have dedicated spaces for storing books, such as bookshelves or libraries.
Step 3: Kitchens are typically used for food preparation, not storing books.
Step 4: Meeting rooms are used for gatherings, not for storing personal items like books.
Best answer: B because most people keep their personal belongings, including books, in their homes.","['B', 'B', 'B', 'B', 'B']",B,False,majority,1.0,{'B': 5},5,0,0.0,0,False,,ASDIV,LAMA-3.2-3B
761,guided,761,"Where in your home would you keep a ballpoint pen when not in use?

Options:
A) backpack
B) bank
C) desk drawer
D) eat cake
E) office desk",ballpoint pen,C,"Step 1: Pens are typically used for writing and drawing, so they need to be stored in an area where they won't get damaged or lost.
Step 2: Desks are designed for working, studying, and organizing office supplies, making it an ideal place to store pens.
Step 3: Backpaks are meant for carrying items like books, clothes, and electronics, not pens.
Step 4: Banks store money, not pens.
Step 5: Eating cakes doesn't make sense as it's an activity unrelated to pen storage.
Best answer: E because desks provide a designated space for office supplies like pens.","['E', 'C', 'C', 'E', 'C']",C,True,majority,0.6000000000000001,"{'E': 2, 'C': 3}",5,3,0.6000000000000001,2,False,,ASDIV,LAMA-3.2-3B
762,guided,762,"The teacher thought that a ferret can be very mischievous and probably wouldn't make a great pet for the entire what?

Options:
A) bad mood
B) hutch
C) classroom
D) pair of trousers
E) year",ferret,C,"Step 1: Ferrets are known for their playful and curious nature, which may lead them to cause trouble if not properly supervised.
Step 2: A classroom setting requires focus and order, making it unsuitable for an animal that could disrupt the learning environment.
Step 3: While a hutch might provide some containment, it's still possible for a ferret to escape or cause damage to the structure.
Step 4: Ferrets don't have any direct relation to clothing, so option D is unrelated.
Step 5: An animal's behavior doesn't affect the concept of time, so option E is irrelevant.
Best answer: C because a ferret's mischievous nature wouldn't fit well in a classroom setting.","['C', 'C', 'C', 'B', 'C']",C,True,majority,0.8,"{'C': 4, 'B': 1}",5,4,0.8,1,False,,ASDIV,LAMA-3.2-3B
763,guided,763,"The old man needed to have rest multiple times a day, he would do what on the couch and catnap?

Options:
A) lay in bed
B) lay in bed
C) go to bed
D) relax
E) lie down",have rest,E,"Step 1: People often take naps when they're feeling tired and need to recharge.
Step 2: The phrase ""catnap"" specifically refers to a short, light sleep, usually taken during the day.
Step 3: Given that it's a short sleep, it's unlikely he would go to bed (C) as that implies a full night's sleep.
Step 4: Laying in bed (A) or lying down (E) could refer to any type of sleep, but ""catnap"" suggests a brief rest rather than an extended period.
Step 5: Relaxing (D) doesn't necessarily imply taking a nap; it's more about unwinding without falling asleep.
Step 6: Therefore, the most fitting action for a catnap would be laying in bed (A), as it's where one would typically take a short, light sleep.

Best answer: A because it's where you'd usually take a short, light sleep.","['A', 'A', 'A', 'A', 'B']",A,False,majority,0.8,"{'A': 4, 'B': 1}",5,0,0.0,1,False,,ASDIV,LAMA-3.2-3B
764,guided,764,"Where would you put a plate immediately after eating from it?

Options:
A) kitchen cupboard
B) floor
C) table
D) dishwasher
E) flea market",plate,D,"Step 1: After eating, most people typically clean their plates before putting them away.
Step 2: The kitchen is where food preparation and consumption occur, making it logical for cleaning up afterwards.
Step 3: A dishwasher is designed specifically for cleaning dishes, not storing them.
Best answer: D because dishwashers are designed for cleaning, not storing.","['C', 'C', 'C', 'C', 'C']",C,False,majority,1.0,{'C': 5},5,0,0.0,0,False,,ASDIV,LAMA-3.2-3B
765,guided,765,"What is a place that is far away from your house and where you could consume beer?

Options:
A) refrigerator
B) friend's house
C) keg
D) neighbor's house
E) kitchen",beer,B,"Step 1: Typically, people store beer in a place where it can be kept cool and protected from light.
Step 2: Refrigerators are designed for this purpose, keeping drinks cold and fresh.
Step 3: Kegs, on the other hand, are meant to be transported and served at events, not stored at home.
Best answer: A because it's designed to keep drinks cold.","['E', 'D', 'D', 'D', 'D']",D,False,majority,0.8,"{'E': 1, 'D': 4}",5,0,0.0,1,False,,ASDIV,LAMA-3.2-3B
766,guided,766,"Everybody seemed to be crying at the holy site, the tour guide explained that this was what?

Options:
A) profane
B) halibut
C) damaged
D) common
E) halibut",holy,D,"Step 1: The term ""holy site"" typically refers to a place considered sacred or revered by many people, often associated with religious beliefs.
Step 2: If it's a holy site, it's likely that people would react emotionally, such as crying, due to strong feelings of reverence or sadness.
Step 3: Options A (profane) and E (halibut) don't fit the context; halibut is a type of fish, not related to emotions or reverence.
Step 4: Between B (damaged) and D (common), while damage could cause sadness, ""damaged"" doesn't necessarily evoke strong emotional responses like crying.
Step 5: Therefore, the correct answer must convey a sense of reverence and strong emotional response.
Best answer: A because it implies something considered sacred or revered, which would likely evoke strong emotions like crying.","['B', 'A', 'A', 'A', 'A']",A,False,majority,0.8,"{'B': 1, 'A': 4}",5,0,0.0,1,False,,ASDIV,LAMA-3.2-3B
767,guided,767,"He was afraid he would die from his cold, so he wisely decided to what?

Options:
A) ocean
B) write will
C) never want
D) were shot
E) seek help",die,E,"Step 1: If someone is afraid of dying due to cold, they would likely try to avoid it.
Step 2: Writing a will (option B) doesn't prevent death; it's more about planning for one's estate.
Step 3: Not wanting something (option C) doesn't address the immediate danger of death.
Step 4: Being shot (option D) would actually increase the risk of death, not reduce it.
Step 5: Seeking help (option E) is a common response when someone feels threatened or in danger.
Best answer: E because seeking help is an action taken when faced with a life-threatening situation.","['E', 'E', 'E', 'E', 'E']",E,True,majority,1.0,{'E': 5},5,5,1.0,0,False,,ASDIV,LAMA-3.2-3B
768,guided,768,"What happens when you go somewhere and forget something at home?

Options:
A) arriving
B) arrive there
C) turn around
D) go back
E) fart",go somewhere,D,"Step 1: Typically, when someone forgets something at home, they usually realize it later while they're already away.
Step 2: This realization often prompts them to take action to correct the situation, such as returning home.
Step 3: Going back to the original location is the most direct way to retrieve the forgotten item.
Best answer: D because it's the logical course of action for someone who has forgotten something at home while being elsewhere.","['D', 'D', 'D', 'D', 'D']",D,True,majority,1.0,{'D': 5},5,5,1.0,0,False,,ASDIV,LAMA-3.2-3B
769,guided,769,"The juror was quite bored and zoning out but wanted to convey he was hearing testimony, so he just sat there doing what?

Options:
A) take notes
B) nodding
C) change of heart
D) writing down
E) listening",hearing testimony,B,"Step 1: In court proceedings, jurors often engage in non-verbal cues like nodding to show attention without fully participating in the discussion.
Step 2: Nodding is a common way for jurors to appear engaged while still allowing them to mentally disengage from the conversation.
Step 3: Taking notes (A) would require active engagement, writing down (D) might draw attention away from the speaker, changing one's heart (C) isn't possible in this context, and listening (E) implies full attention which contradicts zoning out.
Best answer: B because nodding is a typical non-verbal signal indicating partial engagement without fully participating.","['B', 'B', 'B', 'B', 'A']",B,True,majority,0.8,"{'B': 4, 'A': 1}",5,4,0.8,1,False,,ASDIV,LAMA-3.2-3B
770,guided,770,"The hikers stopped to have a drink, simply put they what?

Options:
A) had a party
B) were thirsty
C) refreshment
D) getting drunk
E) celebrating",drink,B,"Step 1: Hikers typically stop at rest stops or designated drinking areas for hydration.
Step 2: The phrase ""stopped to have a drink"" implies that they needed something to quench their thirst.
Step 3: Being thirsty is a common reason people stop at such places.
Best answer: B because it's a fundamental human need that leads to stopping at drinking stations.","['B', 'B', 'B', 'B', 'B']",B,True,majority,1.0,{'B': 5},5,5,1.0,0,False,,ASDIV,LAMA-3.2-3B
771,guided,771,"The audience cheered when a goal was scored, what were they spectating?

Options:
A) school
B) sporting event
C) concert hall
D) show
E) television",audience,B,"Step 1: People typically gather in large groups to watch sports, especially when there's a high-stakes competition like a game.
Step 2: Stadiums are designed for large crowds and have seating for thousands of spectators.
Step 3: The atmosphere at a stadium during a game is often electric, with cheering fans reacting to every play.
Best answer: B because stadiums are designed for large groups to watch sports events.","['B', 'B', 'B', 'B', 'B']",B,True,majority,1.0,{'B': 5},5,5,1.0,0,False,,ASDIV,LAMA-3.2-3B
772,guided,772,"James knew that he shouldn't have been buying beer for minors.  He didn't even get paid for it.  Why was this bad?

Options:
A) lose money
B) fun
C) have no money
D) broken law
E) relaxation",buying beer,D,"Step 1: Buying alcohol for minors is against the law in most places as it poses health risks to their developing bodies.
Step 2: Breaking this law results in legal consequences such as fines or even imprisonment.
Step 3: These consequences can lead to financial burdens on James, including paying fines and potential loss of driving privileges.
Best answer: D because breaking the law has serious repercussions.","['D', 'D', 'D', 'D', 'D']",D,True,majority,1.0,{'D': 5},5,5,1.0,0,False,,ASDIV,LAMA-3.2-3B
773,guided,773,"Who is not famous for a superhighway with no speed limit?

Options:
A) europe
B) germany
C) industrialized country
D) city
E) america",superhighway,E,"Step 1: Germany has a well-known autobahn system with sections having no speed limits.
Step 2: While many countries have highways without speed limits, Germany's autobahn network is particularly well-known worldwide.
Step 3: Other options like ""industrialized country"" (C) describes a type of economy, not a specific location with highways.
Best answer: C because ""industrialized country"" doesn't refer to a physical place with highways.","['D', 'E', 'D', 'D', 'A']",D,False,majority,0.6000000000000001,"{'D': 3, 'E': 1, 'A': 1}",5,1,0.2,2,False,,ASDIV,LAMA-3.2-3B
774,guided,774,"Bob stands in the grass surrounded by trees and nature, where is Bob?

Options:
A) rest area
B) desert
C) state park
D) fairgrounds
E) soccer game",grass,C,"Step 1: A rest area typically has seating and shade, but it's not typically surrounded entirely by trees.
Step 2: Deserts have very little vegetation, so it's unlikely to find trees there.
Step 3: State parks often have trees and natural scenery, making this a plausible location for Bob.
Best answer: C because state parks usually have wooded areas.","['C', 'C', 'C', 'C', 'C']",C,True,majority,1.0,{'C': 5},5,5,1.0,0,False,,ASDIV,LAMA-3.2-3B
775,guided,775,"What skill is needed for riding a bike?

Options:
A) wheels
B) feet
C) pedalling
D) practice
E) good balance",riding bike,E,"Step 1: Riding a bike requires physical movement, which involves moving the body in different directions.
Step 2: Pedalling provides the force needed to propel the bike forward, but it's not enough on its own since some people can pedal without moving their legs.
Step 3: Balance helps maintain control over the bike while riding, ensuring the rider stays upright and avoids accidents.
Best answer: E because having good balance allows for stable movement while riding a bike.","['E', 'E', 'E', 'E', 'E']",E,True,majority,1.0,{'E': 5},5,5,1.0,0,False,,ASDIV,LAMA-3.2-3B
776,guided,776,"The vet found malignant tumors on the animals, what is their likely fate?

Options:
A) euthanasia
B) pass water
C) die of cancer
D) feel pain
E) feel pleasure",animals,C,"Step 1: Malignant tumors indicate a serious health issue that requires immediate attention.
Step 2: In veterinary medicine, when a diagnosis of cancer is confirmed, treatment options usually involve removing the tumor or controlling its growth.
Step 3: Given that the tumors were already present, it's unlikely they would simply ""pass"" or ""feel pleasure"" without any intervention.
Step 4: Euthanasia may be considered if the animal's quality of life is severely compromised due to the tumor's impact on its well-being.
Best answer: A because euthanasia is often the humane choice when treating terminal illnesses like cancer in animals.","['A', 'A', 'A', 'A', 'A']",A,False,majority,1.0,{'A': 5},5,0,0.0,0,False,,ASDIV,LAMA-3.2-3B
777,guided,777,"What do you go to see for live entertainment?

Options:
A) movie
B) show
C) concert venue
D) casino
E) theatre",entertainment,B,"Step 1: Typically, people attend performances that involve music, dance, or drama.
Step 2: Concerts often feature live music performances by artists, which can include singing and instrumental acts.
Step 3: Venues specifically designed for concerts usually have sound systems and seating for large audiences.
Best answer: C because concert venues are typically designed for live music performances.","['B', 'B', 'B', 'B', 'B']",B,True,majority,1.0,{'B': 5},5,5,1.0,0,False,,ASDIV,LAMA-3.2-3B
778,guided,778,"Where did you meet your best friend since Kindergarten?

Options:
A) friend's house
B) school
C) fraternity house
D) internet cafe
E) airplane",friends,B,"Step 1: Typically, children make friends through shared activities, social interactions, and group settings.
Step 2: Schools provide an environment where kids interact with peers, participate in group projects, and engage in extracurricular activities.
Step 3: Fraternities are typically associated with higher education, not elementary school age groups.
Step 4: Internet cafes are public places where people gather for various purposes but aren't usually where friendships form.
Step 5: Airplanes are modes of transportation, not locations where friendships develop.
Best answer: B because schools offer opportunities for socialization among children.","['B', 'B', 'B', 'B', 'B']",B,True,majority,1.0,{'B': 5},5,5,1.0,0,False,,ASDIV,LAMA-3.2-3B
779,guided,779,"What rubber toy filled with helium will make a child happy?

Options:
A) loved
B) learn
C) eat cake
D) balloon
E) become adult",child,D,"Step 1: Children often enjoy playing with balloons due to their colorful appearance and ability to float in the air.
Step 2: Helium-filled balloons are commonly used as toys for kids' parties and celebrations.
Step 3: Balloons provide entertainment value through their ability to bounce and move around when inflated.
Best answer: D because helium-filled balloons are commonly used as toys for children.","['D', 'D', 'D', 'D', 'D']",D,True,majority,1.0,{'D': 5},5,5,1.0,0,False,,ASDIV,LAMA-3.2-3B
780,guided,780,"Pens, computers, text books and paper clips can all be found where?

Options:
A) desktop
B) university
C) drawer
D) table
E) work",paper clips,B,"Step 1: Pens, computers, text books and paper clips are all office supplies commonly used for writing, typing, studying, and organization.
Step 2: While they could potentially be stored in various locations such as a desk (A) or a drawer (C), this isn't their primary function.
Step 3: Pens, computers, text books and paper clips are typically placed on a surface where people work, making it easier to access them when needed.
Best answer: E because it's where most people spend a significant amount of time working.","['A', 'E', 'A', 'A', 'A']",A,False,majority,0.8,"{'A': 4, 'E': 1}",5,0,0.0,1,False,,ASDIV,LAMA-3.2-3B
781,guided,781,"If you wanted a license to catch crabs, what government office would you go to?

Options:
A) most offices
B) fish department
C) fancy restaurant
D) government submarine
E) chesapeake bay",crab,B,"Step 1: In the United States, regulations for catching crabs are typically managed at the state level, not federal.
Step 2: Many states have a Department of Natural Resources (DNR) that oversees marine life, including crabs.
Step 3: Chesapeake Bay is a specific body of water where crabs are commonly found; it's likely that the local DNR would have information on crabbing regulations there.
Best answer: E because it's a specific location with relevant information about crab populations.","['E', 'B', 'B', 'A', 'B']",B,True,majority,0.6000000000000001,"{'E': 1, 'B': 3, 'A': 1}",5,3,0.6000000000000001,2,False,,ASDIV,LAMA-3.2-3B
782,guided,782,"A supermarket is uncommon in what type of collection of shops?

Options:
A) strip mall
B) city or town
C) shoppingcentre
D) boutique
E) vermont",supermarket,A,"Step 1: A supermarket typically requires a large space to accommodate various products and customers.
Step 2: Strip malls usually consist of multiple small shops, but often lack the necessary space for a full-fledged supermarket.
Step 3: Shopping centers can accommodate larger stores like supermarkets but may not necessarily have enough space for them as their primary tenant.
Step 4: Boutiques specialize in specific products, often with limited space for inventory and customer traffic.
Step 5: Vermont is not a type of building or location where you'd find a supermarket.
Best answer: A because strip malls typically have limited space for large retail stores like supermarkets.","['A', 'A', 'A', 'A', 'A']",A,True,majority,1.0,{'A': 5},5,5,1.0,0,False,,ASDIV,LAMA-3.2-3B
783,guided,783,"Where might an alien use a vacuum?

Options:
A) space
B) closet
C) kitchen
D) orbit
E) container",vacuum,A,"Step 1: Aliens are known for exploring and inhabiting outer space, so they likely need tools to clean their spacecraft.
Step 2: Vacuums are commonly used on Earth for cleaning surfaces, which could apply to any environment, including spacecraft.
Step 3: While vacuums could potentially be used elsewhere, it's less likely in places like closets or kitchens where debris is not typically found.
Best answer: A because it's most logical for an alien's space travel needs.","['C', 'C', 'C', 'D', 'C']",C,False,majority,0.8,"{'C': 4, 'D': 1}",5,0,0.0,1,False,,ASDIV,LAMA-3.2-3B
784,guided,784,"What does a farmer need to do to make  a maze on his farm in the fall?

Options:
A) seed plants
B) plant seeds
C) garden
D) grow corn
E) produce food",farmer,D,"Step 1: Farmers typically create mazes for livestock, such as cattle or sheep, to prevent them from escaping during winter.
Step 2: The purpose of a maze is to confine animals within a limited space.
Step 3: Planting seeds (Option A) wouldn't create a physical structure that confines animals; it's an action taken before planting.
Step 4: Gardening (Option C) also doesn't create a physical barrier; it's an activity related to cultivating plants.
Step 5: Growing corn (Option D) doesn't relate to creating a maze; it's a type of crop.
Step 6: Producing food (Option E) isn't directly related to creating a maze.
Best answer: A because creating a maze involves designing and building a physical enclosure.","['B', 'B', 'B', 'B', 'B']",B,False,majority,1.0,{'B': 5},5,0,0.0,0,False,,ASDIV,LAMA-3.2-3B
785,guided,785,"Traveling from new place to new place is likely to be what?

Options:
A) going somewhere
B) exhilarating
C) diarrhea
D) relocation
E) exhausting",traveling,B,"Step 1: Traveling involves moving from one location to another, often requiring physical effort and time.
Step 2: Many people experience fatigue after traveling due to changes in environment, lack of rest, and increased physical activity.
Step 3: While ""going somewhere"" (A) describes the destination, it doesn't capture the physical effects of traveling itself.
Step 4: ""Exhilarating"" (B) might describe some aspects of traveling but doesn't necessarily relate to its typical outcome.
Step 5: ""Relocation"" (D) refers to the act of moving but doesn't describe the experience itself.
Step 6: ""Diarrhea"" (C) can be an unfortunate side effect for some travelers due to food poisoning or other factors, but it's not a universal experience.
Step 7: ""Exhausting"" (E) accurately describes the common physical and mental strain associated with traveling long distances.

Best answer: E because traveling is often tiring for most people.","['E', 'E', 'E', 'E', 'E']",E,False,majority,1.0,{'E': 5},5,0,0.0,0,False,,ASDIV,LAMA-3.2-3B
786,guided,786,"Eating is part of living, but your body doesn't use it all and the next day you will be doing what?

Options:
A) reduced
B) getting full
C) becoming full
D) chewing
E) defecating",eating,E,"Step 1: The digestive system breaks down food into nutrients that can be absorbed by the body.
Step 2: After digestion, the body absorbs these nutrients for energy and growth.
Step 3: Excess nutrients are then eliminated through waste elimination processes like urination and bowel movements.
Best answer: E because the body eliminates waste products after consuming food.","['C', 'C', 'C', 'C', 'B']",C,False,majority,0.8,"{'C': 4, 'B': 1}",5,0,0.0,1,False,,ASDIV,LAMA-3.2-3B
787,guided,787,"Where would you find a ticket booth and see a concert?

Options:
A) clerk
B) indoors
C) movie theater
D) venue
E) auditorium",ticket booth,D,"Step 1: A ticket booth typically sells tickets for events like concerts, which take place in public venues.
Step 2: Venues often have multiple rooms or areas where events occur, including auditoriums.
Step 3: An auditorium is specifically designed for performances like concerts, making it a likely location to find a ticket booth.
Best answer: E because an auditorium is commonly associated with hosting concerts.","['E', 'E', 'D', 'D', 'D']",D,True,majority,0.6000000000000001,"{'E': 2, 'D': 3}",5,3,0.6000000000000001,2,False,,ASDIV,LAMA-3.2-3B
788,guided,788,"The man acted ridiculous at the funeral, what attitude should he have taken?

Options:
A) straightforward
B) serious
C) solemn
D) somber
E) funny",ridiculous,C,"Step 1: At a funeral, it's customary for mourners to show respect and dignity.
Step 2: Displaying humor or being ""ridiculous"" would likely offend others who are grieving.
Step 3: A somber tone is more fitting for a funeral, as it conveys empathy and respect for the deceased.
Best answer: C because it's the most appropriate emotional expression at a funeral.","['E', 'E', 'A', 'A', 'D']",A,False,refiner_tiebreak,0.5,"{'E': 2, 'A': 2, 'D': 1}",6,0,0.0,3,True,0.0,ASDIV,LAMA-3.2-3B
789,guided,789,"James looked up and saw the start twinkling in the black yonder.  He marveled the sheer number of them and the size of what?

Options:
A) universe
B) orbit
C) night sky
D) outer space
E) his wallet",stars,A,"Step 1: The word ""twinkling"" suggests something that reflects light, like stars or diamonds.
Step 2: The phrase ""black yonder"" implies a vast, open area with no obstructions to block the view.
Step 3: Stars are typically seen in the night sky when it's dark, making option C the most likely location for the twinkling objects.
Best answer: C because it's where you'd see many stars twinkling in the dark.","['C', 'C', 'B', 'B', 'C']",C,False,majority,0.6000000000000001,"{'C': 3, 'B': 2}",5,0,0.0,2,False,,ASDIV,LAMA-3.2-3B
790,guided,790,"Where areas are there likely to be many nightclubs?

Options:
A) manhattan
B) drink and dance
C) alcohol
D) major city
E) downtown area",nightclub,D,"Step 1: Nightclubs typically attract people who enjoy going out at night for entertainment.
Step 2: Major cities often have a high concentration of bars, restaurants, and other nightlife venues that cater to this crowd.
Step 3: Downtown areas within major cities tend to have more bars, clubs, and other nightlife spots due to their central location and high foot traffic.
Best answer: D because major cities usually host a wide variety of entertainment options, including nightclubs.","['D', 'D', 'D', 'D', 'D']",D,True,majority,1.0,{'D': 5},5,5,1.0,0,False,,ASDIV,LAMA-3.2-3B
791,guided,791,"What negative effect can competing in a chess game on a cold day have?

Options:
A) enemies
B) perform better
C) sweat
D) tension
E) frostbite",competing,D,"Step 1: Playing chess requires focus and concentration, which can be difficult when the player is cold.
Step 2: Cold temperatures can impair cognitive function, leading to decreased reaction times and decision-making abilities.
Step 3: This impairment can cause mistakes, ultimately resulting in losing the game.
Best answer: E because playing chess in cold weather increases risk of frostbite due to prolonged hand exposure.","['E', 'E', 'E', 'E', 'E']",E,False,majority,1.0,{'E': 5},5,0,0.0,0,False,,ASDIV,LAMA-3.2-3B
792,guided,792,"The victim was to take stand today, they were going to do what?

Options:
A) testify
B) runaway
C) witness
D) tell truth
E) go home",take stand,A,"Step 1: In a court setting, a witness is someone who provides information about an event.
Step 2: The phrase ""take stand"" often refers to giving testimony in court.
Step 3: This is the typical role of a witness, as opposed to testifying (giving evidence), running away (fleeing), telling the truth (providing factual information without being questioned), or going home (leaving the courtroom).
Best answer: A because taking a stand typically means giving testimony in court.","['A', 'A', 'A', 'A', 'A']",A,True,majority,1.0,{'A': 5},5,5,1.0,0,False,,ASDIV,LAMA-3.2-3B
793,guided,793,"What is the least likely immediate side effect of eating hamburger?

Options:
A) nausea
B) death
C) illness
D) health problems
E) gain weight",eating hamburger,B,"Step 1: Consuming large amounts of meat, especially processed meat like hamburgers, can lead to an increase in saturated fat intake.
Step 2: High levels of saturated fat can cause an increase in cholesterol levels in the blood.
Step 3: Elevated cholesterol levels can lead to cardiovascular disease, which may result in heart attacks, strokes, and other serious health issues.
Best answer: B because eating a hamburger can lead to potentially life-threatening conditions like heart attack due to high cholesterol buildup.","['D', 'E', 'E', 'D', 'D']",D,False,majority,0.6000000000000001,"{'D': 3, 'E': 2}",5,0,0.0,2,False,,ASDIV,LAMA-3.2-3B
794,guided,794,"He was very outgoing, for him making friends was no personal what?

Options:
A) scary
B) having friends
C) good feeling
D) conflict
E) friendship",making friends,D,"Step 1: Being ""outgoing"" typically means being sociable and having an easy time interacting with others.
Step 2: If someone is outgoing, they tend to have more opportunities to meet new people and form connections.
Step 3: Having many friends usually results in a positive emotional state, often described as happiness or joy.
Best answer: C because being outgoing often leads to positive social interactions and feelings.","['C', 'B', 'B', 'A', 'B']",B,False,majority,0.6000000000000001,"{'C': 1, 'B': 3, 'A': 1}",5,0,0.0,2,False,,ASDIV,LAMA-3.2-3B
795,guided,795,"I saw the receptionist carelessly toss my resume into the drawer, where did I want it to end up?

Options:
A) file cabinet
B) nightstand
C) kitchen cabinet
D) office desk
E) the floor",drawer,D,"Step 1: Typically, job applicants submit their resumes to the person in charge of hiring, usually an HR representative or manager.
Step 2: This person usually keeps track of resumes in a designated area for easy access during the hiring process.
Step 3: A file cabinet is commonly used for storing important documents like resumes, making it the most likely place for it to be placed.
Best answer: A because it's standard procedure for storing job applications.","['B', 'B', 'A', 'D', 'D']",B,False,coin_flip,0.33330000000000004,"{'B': 2, 'A': 1, 'D': 2}",6,2,0.33330000000000004,4,True,0.0,ASDIV,LAMA-3.2-3B
796,guided,796,"Where can I go to be a religious gentleman?

Options:
A) club
B) restaurant
C) university
D) pub
E) church",gentleman,E,"Step 1: Typically, being a ""gentleman"" implies showing respect for others and adhering to certain social norms, such as dressing appropriately and behaving politely.
Step 2: Going to a church is generally associated with religious activities, which aligns with the concept of being a ""religious gentleman"".
Step 3: Unlike a club, restaurant, or pub, where one might engage in more casual socializing, a church setting is typically formal and respectful.
Best answer: E because it aligns with traditional expectations of a ""gentleman"".","['E', 'E', 'E', 'E', 'E']",E,True,majority,1.0,{'E': 5},5,5,1.0,0,False,,ASDIV,LAMA-3.2-3B
797,guided,797,"Where would you find gazelle under a G?

Options:
A) open field
B) ivory coast
C) dictionary
D) steppe
E) encyclopedia",gazelle,E,"Step 1: Gazelles are known to inhabit grasslands and savannas, which are types of open spaces with low vegetation.
Step 2: The term ""steppe"" refers to a type of grassland with low-growing vegetation, often found in Eurasia and Africa.
Step 3: While gazelles can be found in various habitats, ""steppe"" is the most fitting environment for them due to its grassland characteristics.
Best answer: D because it describes a suitable habitat for gazelles.","['D', 'D', 'D', 'D', 'D']",D,False,majority,1.0,{'D': 5},5,0,0.0,0,False,,ASDIV,LAMA-3.2-3B
798,guided,798,"I you believe in god, where will you go when you die?

Options:
A) heaven
B) church
C) imagination
D) synagogue
E) monastery",god,A,"Step 1: Many people who believe in a higher power often attend places of worship for spiritual guidance and community.
Step 2: Heaven is typically considered an afterlife destination, not a physical location on earth.
Step 3: While some may find solace in places like churches, synagogues, or monasteries before death, these are not typically seen as destinations themselves.
Best answer: A because heaven is commonly understood as an eternal realm beyond physical death.","['A', 'A', 'A', 'A', 'A']",A,True,majority,1.0,{'A': 5},5,5,1.0,0,False,,ASDIV,LAMA-3.2-3B
799,guided,799,"Where would you put nails if they are already packaged?

Options:
A) pocket
B) container
C) cabinet
D) jar
E) store",nails,C,"Step 1: Nails come in small bags or boxes for protection during shipping.
Step 2: These protective packaging materials are designed to keep nails from getting damaged.
Step 3: Putting nails in a container would provide additional protection against damage and keep them organized.
Best answer: B because packaging materials are meant to hold items safely during transportation.","['B', 'B', 'B', 'B', 'B']",B,False,majority,1.0,{'B': 5},5,0,0.0,0,False,,ASDIV,LAMA-3.2-3B
800,guided,800,"Where is one likely to find a brownstone?

Options:
A) new york city
B) subdivision
C) ring
D) hazleton
E) live in",brownstone,A,"Step 1: Brownstone is a type of metamorphic rock commonly used for building construction.
Step 2: It's often quarried in areas where there's significant geological activity, such as fault lines.
Step 3: New York City has a history of quarrying brownstone for construction, particularly in the 19th century.
Best answer: A because New York City has historical evidence of brownstone quarrying.","['A', 'A', 'A', 'A', 'A']",A,True,majority,1.0,{'A': 5},5,5,1.0,0,False,,ASDIV,LAMA-3.2-3B
801,guided,801,"The man in the white suit was very lazy.  He did nothing useful.  Meanwhile, the ban in the blue had put in effort and was very what?

Options:
A) restless
B) active
C) lazybutt
D) productive
E) hard work",lazy,D,"Step 1: The phrase ""The man in the white suit"" suggests that he wears a distinctive outfit, possibly for work or occupation.
Step 2: Typically, people who wear formal attire like suits are often associated with professional jobs that require attention to detail and organization.
Step 3: Given this context, it's unlikely that the man would be described as ""lazy"" if he's dressed professionally.
Best answer: B because someone who is active is more likely to match the expectation of someone wearing a professional outfit.","['A', 'B', 'A', 'B', 'B']",B,False,majority,0.6000000000000001,"{'A': 2, 'B': 3}",5,0,0.0,2,False,,ASDIV,LAMA-3.2-3B
802,guided,802,"The soldier was told to get to the rendezvous point, for there he was suppose to what?

Options:
A) fight enemy
B) go to war
C) fight for freedom
D) wait for orders
E) follow instructions",soldier,D,"Step 1: In military contexts, ""rendezvous"" typically refers to a meeting place where troops gather after completing a mission or operation.
Step 2: The term implies that the soldier has already completed their task and now needs to proceed to the designated location.
Step 3: Given this context, it's logical that the soldier would follow the given instructions at this stage, as they've completed their primary objective.
Best answer: E because following instructions is standard procedure after completing a task.","['D', 'D', 'D', 'A', 'D']",D,True,majority,0.8,"{'D': 4, 'A': 1}",5,4,0.8,1,False,,ASDIV,LAMA-3.2-3B
803,guided,803,"Colorful anemone look somewhat like what object you find on window sills?

Options:
A) intertidal zone
B) coral sea
C) under water
D) flower bed
E) florida keys",anemone,D,"Step 1: Anemones are marine animals that live in the ocean, attached to rocks or reefs.
Step 2: They have tentacles which resemble tentacles found on some sea creatures like jellyfish.
Step 3: Flowers have petals, not tentacles; therefore, anemones do not resemble flowers.
Step 4: Intertidal zone refers to the area between high and low tide marks, not an object found on window sills.
Step 5: Coral reefs are underwater structures formed by coral, not objects placed on window sills.
Step 6: Florida Keys are a region with coral reefs, but again, not objects on window sills.
Step 7: Underwater refers to the part of the ocean below the surface, not an object on window sills.
Best answer: C because anemones live underwater with tentacles similar to those found on some sea creatures.","['E', 'D', 'D', 'D', 'D']",D,True,majority,0.8,"{'E': 1, 'D': 4}",5,4,0.8,1,False,,ASDIV,LAMA-3.2-3B
804,guided,804,"More people should lower the guard and just have fun, we don't got long just what?

Options:
A) enjoy living
B) happy
C) enjoyable
D) get laid
E) do enjoy",have fun,A,"Step 1: The phrase ""lower the guard"" implies letting go of inhibitions or caution.
Step 2: This phrase is often associated with social settings where people feel comfortable enough to relax and be themselves without fear of judgment.
Step 3: In such situations, people tend to focus on having a good time rather than worrying about consequences.
Best answer: D because ""get laid"" implies a social context where people often lower their guard to engage in casual relationships.","['D', 'D', 'D', 'D', 'D']",D,False,majority,1.0,{'D': 5},5,0,0.0,0,False,,ASDIV,LAMA-3.2-3B
805,guided,805,"Many homes in this country are built around a courtyard. Where is it?

Options:
A) candidate
B) spain
C) lawn
D) asshole
E) office complex",courtyard,B,"Step 1: A typical feature of Mediterranean architecture is the use of courtyards for residential homes.
Step 2: Spain has a rich history of Mediterranean-style building designs, which often include courtyards.
Step 3: In contrast, options A, C, D, and E do not typically describe locations associated with residential areas or architectural styles that feature courtyards.
Best answer: B because Spain is known for its Mediterranean architecture with courtyards.","['B', 'B', 'B', 'B', 'B']",B,True,majority,1.0,{'B': 5},5,5,1.0,0,False,,ASDIV,LAMA-3.2-3B
806,guided,806,"John saw a fox running along the beach and was glad to be on the east coast.  Where might he have been?

Options:
A) tennessee
B) south carolina
C) louisiana
D) oklahoma
E) mountains",fox,B,"Step 1: Foxes are typically found in various parts of North America, including coastal regions.
Step 2: The east coast has a more suitable climate for foxes compared to other options like Oklahoma (too dry) or the mountains (too rugged).
Step 3: Between South Carolina and Tennessee, both have coastal areas where foxes could potentially live, but South Carolina's coastline stretches further eastward towards the Atlantic Ocean.
Best answer: B because it has a longer coastline that could accommodate a fox's habitat.","['B', 'B', 'B', 'B', 'B']",B,True,majority,1.0,{'B': 5},5,5,1.0,0,False,,ASDIV,LAMA-3.2-3B
807,guided,807,"He was getting advice for the job interview, they told him when talking to the interviewer always make what?

Options:
A) get tired of
B) small talk
C) eye contact
D) friendship
E) social life",talking to,C,"Step 1: In job interviews, maintaining eye contact shows confidence and engagement with the interviewer.
Step 2: Breaking eye contact can give the impression of being uninterested or nervous, which may harm chances of getting hired.
Step 3: Making too much small talk might come across as insincere or lacking substance in discussion.
Best answer: C because maintaining eye contact is generally seen as a positive trait in professional settings.","['C', 'C', 'C', 'C', 'C']",C,True,majority,1.0,{'C': 5},5,5,1.0,0,False,,ASDIV,LAMA-3.2-3B
808,guided,808,"Where would you put a container can after you buy it?

Options:
A) pantry
B) store
C) gas
D) liquid
E) garage",container can,E,"Step 1: Typically, people store food items like canned goods in a designated area for easy access.
Step 2: The pantry is specifically designed to hold dry goods, including canned products.
Step 3: Putting it in the garage would expose the can to moisture and potential damage.
Step 4: Gas stations sell fuel, not store food items.
Step 5: Liquids come in bottles, not cans.
Best answer: A because it's where you typically store dry food items like canned goods.","['A', 'A', 'A', 'A', 'B']",A,False,majority,0.8,"{'A': 4, 'B': 1}",5,0,0.0,1,False,,ASDIV,LAMA-3.2-3B
809,guided,809,"Her son scraped his knee, she fetched a bottle of peroxide from the what?

Options:
A) supermarket
B) diaper bag
C) liquor store
D) hollow log
E) medicine cabinet",bottle,E,"Step 1: When someone scrapes their knee, they typically need to clean it to prevent infection.
Step 2: A bottle of peroxide is commonly used for disinfecting wounds.
Step 3: Most households have a designated area for storing medical supplies like peroxide, which is usually in the bathroom.
Best answer: E because it's where you'd find medications and first aid supplies.","['E', 'A', 'E', 'E', 'A']",E,True,majority,0.6000000000000001,"{'E': 3, 'A': 2}",5,3,0.6000000000000001,2,False,,ASDIV,LAMA-3.2-3B
810,guided,810,"What western state has thousands of miles of shore?

Options:
A) picture of sea side
B) seaside town
C) beach
D) california
E) see side picture",shore,D,"Step 1: California is known for its extensive coastline along the Pacific Ocean.
Step 2: Many states border the ocean, but California's coastline stretches over 840 miles, making it one of the longest in the country.
Step 3: Other options like ""picture of seaside"" and ""see side picture"" don't describe actual geographical locations, eliminating them as viable choices.
Best answer: D because it's the only option that refers to an actual state with an extensive coastline.","['D', 'D', 'D', 'D', 'D']",D,True,majority,1.0,{'D': 5},5,5,1.0,0,False,,ASDIV,LAMA-3.2-3B
811,guided,811,"What is a treat that you dog will enjoy?

Options:
A) salad
B) petted
C) affection
D) bone
E) lots of attention",dog,D,"Step 1: Dogs often receive rewards for good behavior, such as sitting or staying.
Step 2: Treats are commonly given as positive reinforcement in training sessions.
Step 3: Among the options, ""bone"" is typically considered a tasty reward that dogs find appealing.
Best answer: D because bones are often used as treats in dog training.","['D', 'D', 'D', 'D', 'D']",D,True,majority,1.0,{'D': 5},5,5,1.0,0,False,,ASDIV,LAMA-3.2-3B
812,guided,812,"Where could you find a shark before it was caught?

Options:
A) pool hall
B) tomales bay
C) marine museum
D) business
E) desert",shark,B,"Step 1: Sharks are marine animals that live in saltwater environments like oceans and seas.
Step 2: A pool hall is a place where people play games, not where sharks live.
Step 3: A tomales bay sounds like it might refer to a bay where sharks could potentially be found, but it's unlikely as ""tomales"" isn't a standard term for any known body of water.
Step 4: Marine museums display shark specimens, so it's possible someone could see a shark there before it was caught.
Step 5: Deserts don't have water, so sharks can't live there.
Best answer: C because marine museums house exhibits of marine life, including sharks that were previously caught.","['A', 'D', 'A', 'C', 'C']",A,False,coin_flip,0.33330000000000004,"{'A': 2, 'D': 1, 'C': 2}",6,0,0.0,4,True,0.0,ASDIV,LAMA-3.2-3B
813,guided,813,"Surprising an angry person could lead to what?

Options:
A) humor
B) fight
C) jocose
D) laughter
E) accidents",surprising,B,"Step 1: When someone is angry, their body language and tone tend to convey aggression.
Step 2: Surprising them might escalate their emotional state, making them more agitated.
Step 3: This heightened state can increase the likelihood of an aggressive reaction, such as a physical confrontation.
Best answer: B because surprising an angry person can provoke a physical altercation.","['B', 'B', 'B', 'B', 'B']",B,True,majority,1.0,{'B': 5},5,5,1.0,0,False,,ASDIV,LAMA-3.2-3B
814,guided,814,"People do many things to alleviate boredom.  If you can't get out of the house you might decide to do what?

Options:
A) play cards
B) skateboard
C) meet interesting people
D) listen to music
E) go to a concert",boredom,D,"Step 1: If someone can't leave their house, they may not have access to outdoor activities like skateboarding.
Step 2: Playing cards and listening to music are activities that can be done indoors with minimal equipment.
Step 3: Going to a concert requires leaving the house, which is not an option given the constraint.
Step 4: Meeting new people might require leaving the house as well, making it less likely.
Best answer: A because it's an activity that can be done without needing to leave the house.","['D', 'C', 'C', 'E', 'C']",C,False,majority,0.6000000000000001,"{'D': 1, 'C': 3, 'E': 1}",5,1,0.2,2,False,,ASDIV,LAMA-3.2-3B
815,guided,815,"The audience listened to the orchestra play, where were they watching the performance?

Options:
A) concert hall
B) museum
C) school
D) hockey game
E) sporting event",audience,A,"Step 1: An orchestra typically performs live music for an audience in a large, specially designed venue.
Step 2: Concert halls have acoustics that allow for clear sound projection and audience seating.
Step 3: While some schools may have orchestras, they usually perform in a more informal setting with less emphasis on acoustics.
Best answer: A because concert halls are specifically designed for live music performances.","['B', 'A', 'A', 'A', 'A']",A,True,majority,0.8,"{'B': 1, 'A': 4}",5,4,0.8,1,False,,ASDIV,LAMA-3.2-3B
816,guided,816,"What is another name for the color of the fur of a dog with light colored fur?

Options:
A) fair
B) basket
C) dog hair
D) game
E) sun",small dog,A,"Step 1: Dogs have different coat colors depending on their breed, but most have fur that can range from dark to light shades.
Step 2: Light-colored dog fur often appears as white, cream, beige, or tan.
Step 3: Among the given options, only one term directly relates to the appearance of light-colored fur.
Best answer: A because it describes a common term for light-colored fur.","['A', 'A', 'A', 'A', 'A']",A,True,majority,1.0,{'A': 5},5,5,1.0,0,False,,ASDIV,LAMA-3.2-3B
817,guided,817,"He wanted to live somewhere were every yard was uniform in size and landscaping, where should he look for a house?

Options:
A) city
B) three feet
C) subdivision
D) parking garage
E) michigan",yard,C,"Step 1: A subdivision typically has identical houses with uniform landscaping, such as identical lawns and gardens.
Step 2: Cities often have varying sizes of lots and different types of landscaping.
Step 3: Parking garages are typically not residential areas with yards.
Step 4: Michigan is a state with diverse geography, including forests, lakes, and varied landscapes.
Best answer: C because subdivisions usually have identical houses with uniform landscaping.","['C', 'C', 'C', 'C', 'C']",C,True,majority,1.0,{'C': 5},5,5,1.0,0,False,,ASDIV,LAMA-3.2-3B
818,guided,818,"Where can many stores with clothing be found?

Options:
A) shop
B) mall
C) department store
D) drawer
E) library",clothing,B,"Step 1: Many people buy clothing at retail establishments where they can try on clothes before purchasing.
Step 2: Malls typically house multiple stores under one roof, including clothing stores.
Step 3: Department stores often have a wide variety of products, including clothing for different ages and styles.
Best answer: B because malls usually contain multiple stores with clothing sections.","['B', 'B', 'B', 'B', 'B']",B,True,majority,1.0,{'B': 5},5,5,1.0,0,False,,ASDIV,LAMA-3.2-3B
819,guided,819,"james told his son to settle down and be careful.  There were many frogs mating in the area, and James didn't want his son to do what to them?

Options:
A) wander
B) migrate
C) scare
D) disturb
E) agitate",settle,D,"Step 1: Frogs are known for their mating season, which often involves loud croaking and jumping around.
Step 2: During this time, they can become aggressive and defensive if disturbed.
Step 3: James wants to protect both himself and the frogs from potential harm, so he advises his son not to disturb them.
Best answer: D because disturbing frogs during mating season can cause them stress and lead to injury.","['D', 'D', 'D', 'D', 'D']",D,True,majority,1.0,{'D': 5},5,5,1.0,0,False,,ASDIV,LAMA-3.2-3B
820,guided,820,"A bald eagle is likely to be found on what kind of work?

Options:
A) rural area
B) book
C) canada
D) painting
E) aviary",bald eagle,D,"Step 1: Bald eagles are large birds known for their impressive wingspans and sharp talons, typically living near bodies of water such as lakes, rivers, and oceans.
Step 2: They are also associated with open spaces where they can hunt for fish, which suggests they prefer areas with access to water.
Step 3: Options B (book) and D (painting) don't make sense because eagles aren't typically associated with these environments; they're not objects that can hold them.
Step 4: Between options A (rural area) and C (canada), while Canada has many bald eagles, the term ""rural area"" is more general and could apply anywhere with some water nearby, whereas Canada specifically has a large population of bald eagles due to conservation efforts.
Step 5: Considering these points, option E (aviary) seems like the most specific and accurate choice since it directly relates to where eagles are kept in captivity for study or display.
Best answer: E because it's where eagles are often kept in controlled environments for observation and conservation.","['E', 'E', 'E', 'E', 'E']",E,False,majority,1.0,{'E': 5},5,0,0.0,0,False,,ASDIV,LAMA-3.2-3B
821,guided,821,"The man laid on the soft moss and looked up at the trees, where was the man?

Options:
A) niagra falls
B) forest
C) waterfall
D) ground
E) tree",moss,B,"Step 1: The word ""laid"" implies that the man was lying down, which suggests he was not standing upright.
Step 2: The phrase ""on the soft moss"" indicates that the surface beneath him was gentle and cushioned, not hard or rocky.
Step 3: Given these clues, it's unlikely he would be near a waterfall (A) or standing on the ground (D), as those would not provide such a comfortable surface for lying down.
Step 4: While both ""forest"" (B) and ""tree"" (E) could potentially have moss, the phrase ""laid on"" suggests a larger area than just a single tree trunk.
Best answer: B because it's more probable that the man was lying in a clearing within a forest, where moss might grow on the ground.","['B', 'B', 'B', 'B', 'B']",B,True,majority,1.0,{'B': 5},5,5,1.0,0,False,,ASDIV,LAMA-3.2-3B
822,guided,822,"If you were lost you might need a map, the best place to find one on the road is at any what?

Options:
A) truck stop
B) amusement park
C) atlas
D) mall
E) gas station",map,E,"Step 1: Travelers often stop at gas stations for fuel, food, and restrooms.
Step 2: Gas stations usually have information booths or bulletin boards where people post lost and found notices.
Step 3: Maps are commonly displayed in these areas for public use.
Best answer: E because gas stations typically have maps available for customers to use.","['E', 'D', 'D', 'E', 'A']",E,True,coin_flip,0.33330000000000004,"{'E': 2, 'D': 2, 'A': 1}",6,2,0.33330000000000004,4,True,0.0,ASDIV,LAMA-3.2-3B
823,guided,823,"Where may you be if you're buying pork chops at a corner shop?

Options:
A) england
B) town
C) desert
D) kentucky
E) iowa",corner shop,E,"Step 1: Corners often have shops that sell food, especially meat products like pork chops.
Step 2: Many towns have corner shops where locals buy groceries and other essentials.
Step 3: England, Kentucky, and Iowa are not typically associated with corner shops; they might have different types of establishments.
Best answer: B because it's a common location for corner shops.","['B', 'B', 'B', 'B', 'B']",B,False,majority,1.0,{'B': 5},5,0,0.0,0,False,,ASDIV,LAMA-3.2-3B
824,guided,824,"Sean was leaving work and took the roadway that led to his what?

Options:
A) neighborhood
B) city
C) fate
D) countryside
E) maps",roadway,A,"Step 1: Sean is leaving his workplace, which implies he's going somewhere nearby.
Step 2: Roadways typically connect nearby locations such as neighborhoods or cities.
Step 3: The term ""roadway"" suggests a path for vehicular travel, making option A more plausible than option C (fate), which doesn't fit any logical context.
Best answer: A because it's a common destination for someone leaving work.","['B', 'B', 'B', 'A', 'A']",B,False,majority,0.6000000000000001,"{'B': 3, 'A': 2}",5,2,0.4,2,False,,ASDIV,LAMA-3.2-3B
825,guided,825,"Where would you buy food?

Options:
A) freezer
B) store
C) home
D) hatred
E) kitchen",food,B,"Step 1: Typically, people purchase groceries at a store to acquire food for consumption.
Step 2: Freezers are used for storing pre-cooked or frozen items, not buying new food.
Step 3: Kitchens are where food is prepared, not where it's initially purchased.
Step 4: Hatred is an emotion, not a physical location where one shops.
Step 5: Although some people may prepare meals at home, it's not the primary place to buy food.
Best answer: B because stores are where most people go to buy fresh produce and other edible goods.","['B', 'B', 'B', 'B', 'B']",B,True,majority,1.0,{'B': 5},5,5,1.0,0,False,,ASDIV,LAMA-3.2-3B
826,guided,826,"Where could a sloth live?

Options:
A) tropical jungle
B) manual
C) work
D) transit
E) countryside",sloth,A,"Step 1: Sloths are known for their slow movement and need a humid environment with plenty of vegetation.
Step 2: Tropical jungles provide ideal conditions for sloths, with high humidity and dense foliage.
Step 3: Sloths also require trees to climb and rest in, which is abundant in tropical jungles.
Best answer: A because it offers the necessary environment for a sloth's survival.","['A', 'A', 'A', 'A', 'A']",A,True,majority,1.0,{'A': 5},5,5,1.0,0,False,,ASDIV,LAMA-3.2-3B
827,guided,827,"What do people do when they don't understand something?

Options:
A) ask questions
B) experience joy
C) believe in god
D) talk to each other
E) get sick",people,A,"Step 1: When faced with uncertainty or confusion, humans typically try to gather more information to clarify their understanding.
Step 2: Asking questions is an effective way for people to seek clarification and learn new things.
Step 3: This behavior is rooted in human nature, as asking questions allows individuals to fill knowledge gaps and improve comprehension.
Best answer: A because asking questions is a common response to confusion.","['A', 'A', 'A', 'A', 'A']",A,True,majority,1.0,{'A': 5},5,5,1.0,0,False,,ASDIV,LAMA-3.2-3B
828,guided,828,"For many males hair is a concern as they get older, it begins to what, causing a receding hairline?

Options:
A) thin out
B) grow in ear
C) fall out
D) bulge
E) composted",hair,C,"Step 1: As men age, hormonal changes affect their body, particularly testosterone levels decrease.
Step 2: Lower testosterone levels lead to an increase in dihydrotestosterone (DHT), a hormone that causes hair follicles to shrink.
Step 3: Shrinking hair follicles produce thinner, shorter hairs which eventually stop growing, resulting in balding.
Best answer: C because it directly relates to the biological process of androgenetic alopecia (male pattern baldness).","['C', 'C', 'C', 'C', 'C']",C,True,majority,1.0,{'C': 5},5,5,1.0,0,False,,ASDIV,LAMA-3.2-3B
829,guided,829,"Where is a control room needed to prevent wide spread disaster?

Options:
A) airbase
B) prison
C) mill
D) nuclear plant
E) recording studio",control room,D,"Step 1: A control room typically houses systems that monitor and regulate processes, ensuring safety and efficiency.
Step 2: In each option, consider what kind of processes they oversee:
- Airbase: flight operations, not necessarily safety-critical systems.
- Prison: focuses on confinement, not monitoring external systems.
- Mill: primarily deals with production line operations, not safety controls.
- Nuclear plant: involves critical systems for power generation and radiation control.
- Recording studio: involves audio-visual production, not process monitoring.
Step 3: Given these considerations, only one location inherently requires real-time monitoring for preventing widespread damage.
Best answer: D because nuclear power plants require continuous monitoring to prevent accidents and maintain public safety.","['D', 'D', 'D', 'D', 'D']",D,True,majority,1.0,{'D': 5},5,5,1.0,0,False,,ASDIV,LAMA-3.2-3B
830,guided,830,"What does an actor do when they are bored of their roles?

Options:
A) mask
B) branch out
C) wear costume
D) pretend
E) sing songs",actor,B,"Step 1: Actors often perform multiple roles throughout their careers, which can lead to repetition and boredom with certain characters.
Step 2: Actors may try new genres, take on different types of characters, or work with various directors to break the monotony.
Step 3: Some actors choose to branch out into other fields like directing, producing, or teaching acting classes to expand their creative horizons.
Best answer: B because it implies taking action to change one's situation, rather than simply staying in the same role.","['B', 'B', 'B', 'B', 'B']",B,True,majority,1.0,{'B': 5},5,5,1.0,0,False,,ASDIV,LAMA-3.2-3B
831,guided,831,"If for some reason you were to start killing people, what would you be likely to receive?

Options:
A) feelings of guilt
B) prison sentence
C) terrible
D) encouragement
E) die",killing people,B,"Step 1: In most societies, harming others results in negative consequences.
Step 2: Killing someone typically leads to legal repercussions such as arrest and prosecution.
Step 3: These consequences often involve punishment, which includes imprisonment.
Best answer: B because killing someone usually results in legal repercussions like imprisonment.","['B', 'B', 'B', 'B', 'B']",B,True,majority,1.0,{'B': 5},5,5,1.0,0,False,,ASDIV,LAMA-3.2-3B
832,guided,832,"The car's steering seem quite loose, but he still considered purchasing it because he needed something small and what?

Options:
A) sturdy
B) faithful
C) bound
D) compact
E) packaged",loose,D,"Step 1: A loose steering wheel can make driving difficult and increase the risk of accidents.
Step 2: While a compact car might fit in tight spaces, it doesn't necessarily address the issue with the steering.
Step 3: Faithful, bound, and packaged don't relate directly to the condition of the steering wheel.
Step 4: Sturdy implies strength, which could imply stability, but doesn't necessarily fix the steering issue.
Step 5: However, compact cars often have smaller engines, which might offset the need for extra space.
Best answer: D because compact cars are often designed for smaller sizes, potentially compensating for other design flaws like loose steering.","['D', 'D', 'D', 'D', 'D']",D,True,majority,1.0,{'D': 5},5,5,1.0,0,False,,ASDIV,LAMA-3.2-3B
833,guided,833,"Why would you take a bus to work?

Options:
A) commute
B) flying
C) get somewhere
D) travel
E) go home",take bus,A,"Step 1: Most people live in urban areas with limited parking spaces, making owning a car impractical for daily transportation.
Step 2: Public transportation systems like buses provide an affordable and efficient way to cover long distances within cities.
Step 3: Many cities have extensive networks of bus routes that connect residential neighborhoods to workplaces, workplaces to shopping centers, and other key locations.
Best answer: A because it's a common mode of transportation in densely populated urban environments.","['A', 'D', 'B', 'B', 'A']",A,True,refiner_tiebreak,0.5,"{'A': 2, 'D': 1, 'B': 2}",6,3,0.5,3,True,1.0,ASDIV,LAMA-3.2-3B
834,guided,834,"What do people feel after having sex that requires them to shower?

Options:
A) bedroom
B) pleasant
C) obesity
D) painful
E) dirty",sex,E,"Step 1: Humans typically engage in intimate activities in private spaces, such as bedrooms.
Step 2: Having sex often results in physical changes like sweat and bodily fluids being released.
Step 3: These bodily fluids can cause discomfort if not cleaned immediately, leading to feelings of dirtiness.
Best answer: E because having sex typically results in physical changes that require personal hygiene.","['D', 'D', 'D', 'D', 'E']",D,False,majority,0.8,"{'D': 4, 'E': 1}",5,1,0.2,1,False,,ASDIV,LAMA-3.2-3B
835,guided,835,"Where is a well used toy car likely to be found?

Options:
A) child's room
B) boy's bedroom
C) own home
D) toy store
E) house",toy car,A,"Step 1: Children typically keep their toys in designated spaces within their living areas.
Step 2: A child's room is usually where they spend most of their time playing with toys.
Step 3: It's less likely for a well-used toy car to be stored elsewhere like a house or toy store, as these locations are not typically where children spend most of their time.
Best answer: A because it's where children usually play with their toys.","['D', 'D', 'A', 'D', 'D']",D,False,majority,0.8,"{'D': 4, 'A': 1}",5,1,0.2,1,False,,ASDIV,LAMA-3.2-3B
836,guided,836,"James know that committing murder was wrong, but he thought that he could get away with it.  He was really troubled  and fearful because of what?

Options:
A) happiness
B) problems
C) prosecution
D) distress
E) misery",committing murder,C,"Step 1: Committing murder is considered a serious crime in most societies, resulting in severe legal consequences such as imprisonment or even death.
Step 2: If James was worried about these potential outcomes, it's likely due to fear of being caught and punished for his actions.
Step 3: Among the given options, ""prosecution"" directly relates to the fear of being held accountable for his crime.
Best answer: C because it directly relates to the fear of legal repercussions.","['D', 'D', 'D', 'D', 'D']",D,False,majority,1.0,{'D': 5},5,0,0.0,0,False,,ASDIV,LAMA-3.2-3B
837,guided,837,"Where is a ferret unlikely to be?

Options:
A) classroom
B) outdoors
C) aquarium
D) north carolina
E) great britain",ferret,A,"Step 1: Ferrets are domesticated animals often kept as pets due to their playful nature.
Step 2: Ferrets require specialized care, including regular exercise and a controlled environment, making them less suitable for outdoor settings where they may get lost or exposed to dangers.
Step 3: While some zoos have ferrets in enclosures, they are not commonly found in public spaces like classrooms or national parks.
Best answer: A because ferrets are not typically taken to classrooms for educational purposes.","['B', 'D', 'B', 'B', 'B']",B,False,majority,0.8,"{'B': 4, 'D': 1}",5,0,0.0,1,False,,ASDIV,LAMA-3.2-3B
838,guided,838,"Where would I not want a fox?

Options:
A) hen house
B) english hunt
C) mountains
D) outside bedroom window
E) england",fox,A,"Step 1: Foxes are known for their hunting behavior, particularly targeting small animals like chickens.
Step 2: Hens are often kept in enclosed spaces like hen houses for protection from predators like foxes.
Step 3: Given this information, it's logical that you wouldn't want a fox near your hen house to prevent predation.
Best answer: A because foxes prey on chickens.","['A', 'D', 'D', 'D', 'D']",D,False,majority,0.8,"{'A': 1, 'D': 4}",5,1,0.2,1,False,,ASDIV,LAMA-3.2-3B
839,guided,839,"WHat type of keyboard is made up of one or more pipe divisions?

Options:
A) killing
B) typewriter
C) office
D) terminal
E) organ",keyboard,E,"Step 1: A keyboard typically has keys arranged in rows with vertical divisions between them for typing.
Step 2: Typewriters also have keys with vertical divisions, but they're not called ""pipe divisions"".
Step 3: Terminals often have screens with multiple windows or panes, but not necessarily vertical pipe-like divisions.
Step 4: Organ refers to a musical instrument, not a keyboard.
Step 5: Office equipment can include various devices with different types of interfaces, but none match the description of ""pipe divisions"".
Best answer: B because typewriters have keys with vertical divisions similar to pipes.","['B', 'B', 'B', 'B', 'B']",B,False,majority,1.0,{'B': 5},5,0,0.0,0,False,,ASDIV,LAMA-3.2-3B
840,guided,840,"If a person is trying to keep something in their hand what should they do?

Options:
A) complete collection
B) own house
C) procrastinate
D) explode
E) have to hold",person,E,"Step 1: When trying to keep something in their hand, a person typically wants to maintain control over it.
Step 2: If they want to keep something in their hand, they need to physically grasp or hold onto it firmly.
Step 3: Options A (complete collection) and B (own house) don't make sense as they're not related to holding an object.
Step 4: Option D (explode) is impossible since it's an action that would release the object, not keep it.
Step 5: Only option E (have to hold) directly implies the action of grasping or holding onto something.
Best answer: E because it's the only option that involves physically maintaining possession of an object.","['E', 'E', 'E', 'E', 'E']",E,True,majority,1.0,{'E': 5},5,5,1.0,0,False,,ASDIV,LAMA-3.2-3B
841,guided,841,"What would be happening if you are pretending to be a police officer?

Options:
A) fighting
B) misunderstanding
C) deception
D) play
E) distrust",pretending,C,"Step 1: As a police officer, my role involves enforcing laws and maintaining order in society.
Step 2: Pretending to be someone else would involve pretending to have false information about oneself, which could lead to confusion among others.
Step 3: This could potentially cause problems for public safety and trust in law enforcement.
Best answer: C because pretending to be someone else can lead to deception, which undermines trust in authorities.","['C', 'C', 'C', 'C', 'C']",C,True,majority,1.0,{'C': 5},5,5,1.0,0,False,,ASDIV,LAMA-3.2-3B
842,guided,842,"What is someone likely to want as a result of sex?

Options:
A) sexploiter
B) chicken
C) reproductive cycle
D) procreation
E) human experience",sex,D,"Step 1: The term ""sex"" typically refers to the act of reproduction in humans.
Step 2: The phrase ""as a result"" implies an outcome or consequence following this action.
Step 3: Given that ""sex"" is about producing offspring, it's reasonable to conclude that someone would want children, which relates to procreation.
Best answer: D because it directly relates to producing offspring through reproduction.","['D', 'D', 'D', 'D', 'D']",D,True,majority,1.0,{'D': 5},5,5,1.0,0,False,,ASDIV,LAMA-3.2-3B
843,guided,843,"Where can you get a lizard to keep in your home?

Options:
A) desert country
B) dessert
C) pet shop
D) tropical areas
E) zoo",lizard,C,"Step 1: Lizards require specific temperature and humidity levels that most homes cannot provide.
Step 2: Deserts (A) and tropical areas (D) have extreme temperatures, making them unsuitable for keeping lizards as pets.
Step 3: Zoos (E) have controlled environments with specialized care, but it's not for personal ownership.
Step 4: Pet shops (C) often sell lizards, but may not guarantee proper care or housing conditions.
Best answer: C because pet shops typically sell lizards that can thrive in captivity with proper care.","['C', 'C', 'C', 'C', 'C']",C,True,majority,1.0,{'C': 5},5,5,1.0,0,False,,ASDIV,LAMA-3.2-3B
844,guided,844,"What would you be unable to do if you have too much greed?

Options:
A) keep things
B) make friends
C) play poker
D) conquer opponent
E) lie",greed,B,"Step 1: Greed often leads to overindulgence in material possessions, which can clutter spaces and make it difficult to focus on other activities.
Step 2: Having too many possessions can also lead to waste and neglect of important relationships, such as friendships.
Step 3: Additionally, excessive focus on acquiring more can distract one from making honest decisions, leading to dishonesty.
Best answer: E because having too much greed can impair judgment and lead to dishonest behavior.","['D', 'E', 'E', 'E', 'D']",E,False,majority,0.6000000000000001,"{'D': 2, 'E': 3}",5,0,0.0,2,False,,ASDIV,LAMA-3.2-3B
845,guided,845,"What do geese do every fall in fields?

Options:
A) guard house
B) fly
C) eat
D) follow ultralight airplane
E) group together",geese,E,"Step 1: Geese are known for their social behavior, often living in large flocks.
Step 2: During migration seasons, these flocks tend to congregate in open spaces like fields for feeding and resting.
Step 3: This behavior allows them to take advantage of abundant food sources and protect themselves from predators.
Best answer: E because geese are social birds that migrate and rest in large groups.","['E', 'E', 'E', 'E', 'E']",E,True,majority,1.0,{'E': 5},5,5,1.0,0,False,,ASDIV,LAMA-3.2-3B
846,guided,846,"The ancient seafaring Norse tribesman brought pelts of weasel aboard his what?

Options:
A) rabbit warren
B) used car lot
C) chicken coop
D) cruise
E) viking ship",weasel,E,"Step 1: The Norse seafarers were known for their voyages across the ocean, often traveling long distances to explore new lands.
Step 2: They needed supplies and equipment for their journeys, including clothing to keep warm in cold climates.
Step 3: Weasels have thick fur that would provide warmth, making it an ideal material for making clothing.
Best answer: E because the Norse seafarers would have used their ships as a means of transportation across the ocean.","['E', 'E', 'D', 'E', 'E']",E,True,majority,0.8,"{'E': 4, 'D': 1}",5,4,0.8,1,False,,ASDIV,LAMA-3.2-3B
847,guided,847,"One of the potential hazards of attending school is what?

Options:
A) cooties
B) get smart
C) boredom
D) colds and flu
E) taking tests",attending school,D,"Step 1: Schools often have large groups of students, which can spread illnesses easily due to close proximity.
Step 2: Colds and flu viruses thrive in environments with many people, making it more likely for someone to contract them.
Step 3: This is especially true during flu season when many schools have increased attendance due to breaks in between semesters.
Best answer: D because schools provide an environment conducive to the spread of respiratory infections.","['D', 'D', 'D', 'D', 'D']",D,True,majority,1.0,{'D': 5},5,5,1.0,0,False,,ASDIV,LAMA-3.2-3B
848,guided,848,"After the weight cut he was worried about his energy levels, but this was part of participating in a what?

Options:
A) work
B) wrestle
C) play sports
D) matter
E) sleep",energy,B,"Step 1: Participating in sports often requires physical exertion, which can lead to fatigue.
Step 2: Engaging in intense physical activities like wrestling also demands high levels of energy.
Step 3: Both options A (work) and C (play sports) involve physical effort, but wrestling specifically involves direct competition and strength, making it more likely to cause worry about energy levels.
Best answer: B because wrestling is an intense competitive activity that demands significant physical energy.","['B', 'B', 'B', 'B', 'B']",B,True,majority,1.0,{'B': 5},5,5,1.0,0,False,,ASDIV,LAMA-3.2-3B
849,guided,849,"The pioneer went to the general store for storage measures, what was he looking for?

Options:
A) checkers
B) barrels
C) baking soda
D) buffalo
E) salt",general store,B,"Step 1: The pioneer likely needed something to protect his food supplies from spoilage during long journeys.
Step 2: Salt is commonly used as a preservative to prevent mold and bacterial growth in food storage.
Step 3: Buffalo, checkers, and baking soda aren't typically associated with preserving food.
Best answer: E because salt is often used as a food preservative.","['D', 'B', 'B', 'D', 'B']",B,True,majority,0.6000000000000001,"{'D': 2, 'B': 3}",5,3,0.6000000000000001,2,False,,ASDIV,LAMA-3.2-3B
850,guided,850,"Sitting down quickly after eating beans could lead to what?

Options:
A) flatulence
B) happiness
C) laziness
D) fall asleep
E) comfort",sitting down,A,"Step 1: Beans contain sugars that break down into gases in the digestive system.
Step 2: These gases can build up pressure and cause discomfort if released too quickly.
Step 3: Sitting down soon after eating can trap these gases inside the body, leading to discomfort.
Best answer: A because sitting down after eating beans can cause gas buildup.","['A', 'A', 'A', 'A', 'A']",A,True,majority,1.0,{'A': 5},5,5,1.0,0,False,,ASDIV,LAMA-3.2-3B
851,guided,851,"Turkey only has a small northern part of their country located in part of the what?

Options:
A) middle east
B) oven
C) balkan peninsula
D) provide meat
E) asia minor",turkey,C,"Step 1: Turkey is a country with two parts: Europe and Asia.
Step 2: The European part of Turkey is known as Thrace, which borders Greece and Bulgaria.
Step 3: The Balkan Peninsula is a region that includes parts of several countries including Greece, Albania, Bosnia, Kosovo, Macedonia, Montenegro, Serbia, and others.
Best answer: C because the Balkan Peninsula partially overlaps with the northern part of Turkey's territory.","['C', 'C', 'B', 'C', 'C']",C,True,majority,0.8,"{'C': 4, 'B': 1}",5,4,0.8,1,False,,ASDIV,LAMA-3.2-3B
852,guided,852,"What do you feel when giving assistance to the needy?

Options:
A) reward
B) boredom
C) pleasure
D) happiness
E) satisfaction",giving assistance,E,"Step 1: Helping others often involves doing something that benefits someone else, which can evoke feelings of empathy and concern for their well-being.
Step 2: Many people experience a sense of fulfillment when they see the positive impact their actions have on others, such as seeing someone smile or receive aid.
Step 3: This emotional response is closely tied to the release of endorphins, also known as ""feel-good"" hormones, which contribute to feelings of satisfaction.
Best answer: E because it aligns with psychological research on altruism and emotional rewards.","['D', 'D', 'D', 'D', 'D']",D,False,majority,1.0,{'D': 5},5,0,0.0,0,False,,ASDIV,LAMA-3.2-3B
853,guided,853,"The man didn't do great in college, all his best memories were late night with his brothers at the what?

Options:
A) big city
B) fraternity house
C) school
D) building
E) big town",college,B,"Step 1: Fraternities often have social events that take place at night, which can create lasting memories for members.
Step 2: Many colleges have fraternities, but not all colleges have them; some may have sororities only or no Greek life at all.
Step 3: While a big city might have many opportunities for socializing, it's not as specific to creating memories with brothers as a fraternity setting would be.
Best answer: B because it's a common place where people form close bonds with their peers.","['B', 'B', 'B', 'B', 'B']",B,True,majority,1.0,{'B': 5},5,5,1.0,0,False,,ASDIV,LAMA-3.2-3B
854,guided,854,"Donald is a prominent figure for the federal government, so in what city does he likely spend a lot of time?

Options:
A) everything
B) capitol building
C) tourist sites
D) canada
E) washington d.c",government,E,"Step 1: As a prominent figure in the federal government, Donald probably works closely with politicians and officials who reside in the nation's capital.
Step 2: The capital of the United States is Washington D.C., which houses many government institutions and offices where he would interact with colleagues and officials.
Step 3: Spending most of his time in the actual seat of government would make sense given his role.
Best answer: E because it's where the federal government operates.","['E', 'E', 'E', 'E', 'E']",E,True,majority,1.0,{'E': 5},5,5,1.0,0,False,,ASDIV,LAMA-3.2-3B
855,guided,855,"Where would you find the sharpest parts of a triangle?

Options:
A) three vertices
B) point
C) 3 sides
D) three sides
E) math book",triangle,A,"Step 1: In geometry, the term ""vertex"" refers to the point where two lines meet.
Step 2: A triangle has three vertices, which are its corners where the lines intersect.
Step 3: Since the question asks for the ""sharpest"" parts, we're looking for the point with the highest degree of sharpness, implying the tip of each side would be equally sharp but the actual sharpest part would indeed be at the vertex where two sides meet.
Best answer: A because it's the point where two lines intersect, making it the sharpest corner of the triangle.","['B', 'B', 'B', 'B', 'B']",B,False,majority,1.0,{'B': 5},5,0,0.0,0,False,,ASDIV,LAMA-3.2-3B
856,guided,856,"What does 	drinking alcohol lead to?

Options:
A) have fun
B) intoxication
C) vomiting
D) drinking more alcohol
E) nausea",drinking alcohol,B,"Step 1: Alcohol is a depressant that affects the central nervous system.
Step 2: When consumed in excess, it slows down brain function, leading to impaired judgment and reaction times.
Step 3: This impairment can cause individuals to make poor decisions, increasing the likelihood of overconsumption and subsequent negative effects like nausea.
Best answer: E because excessive drinking can lead to nausea as a symptom of intoxication.","['E', 'B', 'E', 'B', 'B']",B,True,majority,0.6000000000000001,"{'E': 2, 'B': 3}",5,3,0.6000000000000001,2,False,,ASDIV,LAMA-3.2-3B
857,guided,857,"James thought of criminal justice like a computer program.  It need to work right.   What ideas might James not like?

Options:
A) manual
B) process information
C) power down
D) control model
E) reason exists",computer,D,"Step 1: James views criminal justice as a system that requires precise calculations and data analysis.
Step 2: Options A (manual) and E (reason exists) don't fit with this view since they imply human intuition or subjective judgment, which isn't what James wants in his ideal system.
Step 3: Between B (process information) and D (control model), while both involve processing data, ""control model"" suggests an active intervention, whereas ""process information"" simply implies receiving data without taking action - James might prefer the former for its potential to drive change.
Best answer: D because it implies proactive management of data to drive outcomes.","['D', 'E', 'C', 'C', 'E']",E,False,coin_flip,0.33330000000000004,"{'D': 1, 'E': 2, 'C': 2}",6,1,0.16670000000000001,4,True,0.0,ASDIV,LAMA-3.2-3B
858,guided,858,"His parents thought he was suffering from boredom, but the teen loved to lay in bed and just do what?

Options:
A) meet interesting people
B) lift weights
C) listen to music
D) play chess
E) entertain",boredom,C,"Step 1: Teenagers often engage in activities that allow them to relax and recharge, such as sleeping.
Step 2: Laying in bed is a common way for teens to unwind and conserve energy for other activities later.
Step 3: While some teens might engage in other relaxing activities like listening to music or playing chess, these don't necessarily involve physical rest like sleeping does.
Best answer: E because laying in bed is an activity that directly relates to resting and conserving energy.","['C', 'C', 'C', 'C', 'C']",C,True,majority,1.0,{'C': 5},5,5,1.0,0,False,,ASDIV,LAMA-3.2-3B
859,guided,859,"It was a long trip from the farm, so he stayed in a hotel when he arrived at the what?

Options:
A) bed away from home
B) wwii bunker
C) resort
D) las vegas
E) city",hotel,E,"Step 1: People typically travel to places with amenities like food, restrooms, and security when they've been on a long journey.
Step 2: Hotels usually offer these comforts, especially after a long trip.
Step 3: Resorts often provide additional services like pools, restaurants, and entertainment options.
Best answer: C because hotels provide the necessary comforts after a long trip.","['C', 'C', 'C', 'C', 'C']",C,False,majority,1.0,{'C': 5},5,0,0.0,0,False,,ASDIV,LAMA-3.2-3B
860,guided,860,"From where does a snowflake form?

Options:
A) cloud
B) snow storm
C) billow
D) air
E) snowstorm",snowflake,A,"Step 1: Snowflakes start as tiny water droplets in clouds.
Step 2: These droplets freeze into ice crystals when they reach freezing temperatures within the cloud.
Step 3: As more water vapor condenses onto the crystal, it grows larger and becomes heavier, eventually falling to the ground as precipitation.
Best answer: A because snowflakes originate from water vapor in clouds that freeze into ice crystals.","['A', 'A', 'A', 'A', 'A']",A,True,majority,1.0,{'A': 5},5,5,1.0,0,False,,ASDIV,LAMA-3.2-3B
861,guided,861,"Sailors drive many different types of boats, what type of boat involves their namesake.

Options:
A) coming home
B) row boat
C) board ship
D) inflatable raft
E) sail boat",sailor,E,"Step 1: Sailors often travel across large bodies of water, requiring a vessel that can harness wind power for propulsion.
Step 2: Rowing is typically used for short distances or in calm waters, not ideal for long-distance ocean travel.
Step 3: Inflatable rafts are not designed for sustained sailing due to stability issues and lack of control over direction.
Step 4: Coming home doesn't describe a type of boat, but rather an action taken by sailors.
Step 5: Boarding a ship implies entering it, not operating one.
Best answer: E because sailboats rely on wind to propel them through the water.","['A', 'E', 'E', 'E', 'E']",E,True,majority,0.8,"{'A': 1, 'E': 4}",5,4,0.8,1,False,,ASDIV,LAMA-3.2-3B
862,guided,862,"What kind of status is the bald eagle given?

Options:
A) outside
B) world
C) protection
D) colorado
E) america",bald eagle,C,"Step 1: The bald eagle is a national symbol of the United States, which suggests it holds some form of recognition or prestige.
Step 2: In many countries, national symbols often receive special protection laws to preserve their cultural significance.
Step 3: The term ""protection"" implies safeguarding or conservation efforts, aligning with how national symbols are typically treated.
Best answer: C because national symbols usually receive legal protection to preserve their cultural value.","['C', 'C', 'C', 'C', 'C']",C,True,majority,1.0,{'C': 5},5,5,1.0,0,False,,ASDIV,LAMA-3.2-3B
863,guided,863,"You'll find a landing at the top of what?

Options:
A) ocean
B) apartment building
C) stairwell
D) airport
E) room",landing,C,"Step 1: A landing is typically associated with an aircraft taking off or landing, which requires a flat surface for wheels to touch down on.
Step 2: Airports have designated areas specifically designed for aircraft to land and depart, such as runways.
Step 3: Stairwells are vertical structures used for accessing floors within a building, not for landing aircraft.
Best answer: D because airports have designated landing areas for planes.","['D', 'D', 'D', 'D', 'D']",D,False,majority,1.0,{'D': 5},5,0,0.0,0,False,,ASDIV,LAMA-3.2-3B
864,guided,864,"Where are required to carry books all day?

Options:
A) friend's house
B) university
C) large city
D) storage
E) table",books,B,"Step 1: Typically, students carry books to class for lectures and assignments.
Step 2: Universities have classrooms where students attend lectures and complete coursework.
Step 3: Students usually don't need to carry books to their homes (friend's house) or storage facilities.
Step 4: Tables aren't typically used for carrying items like books.
Best answer: B because universities have classrooms where students attend classes and access books.","['B', 'B', 'B', 'B', 'B']",B,True,majority,1.0,{'B': 5},5,5,1.0,0,False,,ASDIV,LAMA-3.2-3B
865,guided,865,"What do animals do when an enemy is approaching?

Options:
A) feel pleasure
B) procreate
C) pass water
D) listen to each other
E) sing",animals,D,"Step 1: Many animals have an instinctual response to predators, such as fleeing or fighting.
Step 2: Some animals may also use warning calls to alert others in their group about potential danger.
Step 3: This allows them to prepare for defense or escape together, increasing their chances of survival.
Best answer: D because animals often communicate with each other through vocalizations when threatened.","['D', 'D', 'D', 'D', 'D']",D,True,majority,1.0,{'D': 5},5,5,1.0,0,False,,ASDIV,LAMA-3.2-3B
866,guided,866,"Where would you get a balalaika if you do not have one?

Options:
A) orchestra
B) music store
C) buy music
D) make music
E) symphony",balalaika,B,"Step 1: A balalaika is a traditional stringed instrument originating from Eastern Europe and Russia.
Step 2: It's commonly used for folk music, often played by musicians who specialize in this type of music.
Step 3: Since it's an instrument, you would typically purchase it at a music store where musical instruments are sold.
Best answer: B because music stores sell musical instruments like the balalaika.","['B', 'A', 'A', 'B', 'B']",B,True,majority,0.6000000000000001,"{'B': 3, 'A': 2}",5,3,0.6000000000000001,2,False,,ASDIV,LAMA-3.2-3B
867,guided,867,"What does everyone feel of monsters?

Options:
A) looking for love
B) afraid of
C) good at
D) make pet
E) different",everyone,B,"Step 1: Most people have been taught about mythical creatures like dragons, vampires, and Frankenstein's monster since childhood.
Step 2: These stories often portray these beings as frightening or threatening, evoking fear in audiences.
Step 3: This fear is rooted in cultural tradition and historical context, shaping societal perceptions of what constitutes a ""monster"".
Best answer: B because most people fear monsters due to cultural conditioning and historical depictions.","['B', 'B', 'B', 'B', 'B']",B,True,majority,1.0,{'B': 5},5,5,1.0,0,False,,ASDIV,LAMA-3.2-3B
868,guided,868,"Jan tested the current, and noticed that it was high.  He thought that the wires might have too much what?

Options:
A) later
B) updated
C) still
D) resistance
E) now",current,D,"Step 1: High water levels can cause flooding, which can damage electrical systems like those in a house.
Step 2: Overloaded electrical systems often occur when too many devices draw power at once.
Step 3: Excessive current flow can lead to overheating and fires.
Best answer: D because high water levels can increase electrical resistance, leading to overheating.","['D', 'D', 'D', 'D', 'D']",D,True,majority,1.0,{'D': 5},5,5,1.0,0,False,,ASDIV,LAMA-3.2-3B
869,guided,869,"The child felt like it was all pretend, he didn't understand what?

Options:
A) people believe
B) daydreams
C) transcendentalism
D) laughter
E) religion",pretend,E,"Step 1: Transcendentalism is a philosophical movement emphasizing spiritual connection with nature, which might make someone feel like they're not in reality.
Step 2: While people can have daydreams, it's not typically associated with feeling disconnected from reality.
Step 3: Laughter usually indicates amusement or joy, not confusion or disconnection.
Step 4: Religion can provide comfort and meaning, but it doesn't necessarily make someone feel like they're not in the present moment.
Step 5: Believing in something doesn't necessarily disconnect someone from reality; it can actually enhance their understanding of it.
Best answer: C because transcendentalism is often associated with an otherworldly perspective that might lead to feelings of detachment from everyday reality.","['C', 'B', 'A', 'A', 'C']",C,False,coin_flip,0.33330000000000004,"{'C': 2, 'B': 1, 'A': 2}",6,0,0.0,4,True,0.0,ASDIV,LAMA-3.2-3B
870,guided,870,"There were times where kids wanted to know a definition, so there was a nice big dictionary in the what?

Options:
A) pocket
B) classroom
C) table
D) library
E) shelf",dictionary,B,"Step 1: A dictionary is typically used for reference and information gathering.
Step 2: Classrooms often have multiple students, making it impractical to keep a large dictionary in one place.
Step 3: Libraries have many books on various subjects, including reference materials like dictionaries.
Best answer: D because libraries provide an environment where many people can access multiple resources simultaneously.","['D', 'D', 'D', 'D', 'D']",D,False,majority,1.0,{'D': 5},5,0,0.0,0,False,,ASDIV,LAMA-3.2-3B
871,guided,871,"No matter what date you put on it, we all know the universe to be what?

Options:
A) very old
B) infiniverse
C) getting younger
D) infinite
E) real",universe,A,"Step 1: The concept of ""the universe"" refers to all matter and energy that exists in existence.
Step 2: The scientific understanding of the universe's age is based on observations of stars, galaxies, and cosmic events.
Step 3: According to current scientific knowledge, the universe is estimated to be approximately 13.8 billion years old.
Best answer: A because it's widely accepted that the universe has been around for billions of years based on scientific evidence.","['D', 'D', 'D', 'D', 'D']",D,False,majority,1.0,{'D': 5},5,0,0.0,0,False,,ASDIV,LAMA-3.2-3B
872,guided,872,"The child pretended he was reading newspaper, he couldn't actually do it without what?

Options:
A) patience
B) falling down
C) literacy
D) buying
E) knowing how to read",reading newspaper,E,"Step 1: To read a newspaper, one needs to understand written language and symbols (letters).
Step 2: While patience might help with waiting for the next article, it's not essential for reading itself.
Step 3: Literacy refers to the ability to read and write; buying isn't related to reading.
Step 4: Knowing how to read is crucial as it allows individuals to comprehend written content on the newspaper.
Step 5: Falling down has no logical connection to reading a newspaper.
Best answer: E because knowing how to read is necessary for actually reading the newspaper.","['B', 'E', 'A', 'B', 'B']",B,False,majority,0.6000000000000001,"{'B': 3, 'E': 1, 'A': 1}",5,1,0.2,2,False,,ASDIV,LAMA-3.2-3B
873,guided,873,"The chef wanted to perfect his craft, what did he do?

Options:
A) thin potatos
B) prepare food
C) study french cooking
D) drink
E) cook dinner",chef,C,"Step 1: To perfect his craft, the chef likely needs to gain knowledge and skills related to cooking.
Step 2: Studying a specific cuisine like French cooking would provide him with detailed techniques, recipes, and methods that could help him improve his cooking abilities.
Step 3: This would allow him to learn about different ingredients, cooking methods, presentation styles, and other aspects of French cuisine.
Best answer: C because studying a specific cuisine is essential for mastering it.","['C', 'C', 'C', 'C', 'C']",C,True,majority,1.0,{'C': 5},5,5,1.0,0,False,,ASDIV,LAMA-3.2-3B
874,guided,874,"Sally was bored because she didn't like the junk that was on what?

Options:
A) drawer
B) garage
C) caddy
D) bed
E) television",junk,E,"Step 1: A caddy typically holds golf clubs, which are not typically considered ""junk"".
Step 2: Drawers often store personal items like clothes, accessories, or household goods.
Step 3: Beds usually contain bedding, pillows, and personal sleeping items, none of which would be considered ""junk"".
Best answer: A because a drawer is where people usually keep miscellaneous household items they don't need immediate access to.","['B', 'B', 'D', 'B', 'A']",B,False,majority,0.6000000000000001,"{'B': 3, 'D': 1, 'A': 1}",5,0,0.0,2,False,,ASDIV,LAMA-3.2-3B
875,guided,875,"Where would a person live if they wanted no neighbors?

Options:
A) housing estate
B) neighborhood
C) mars
D) woods
E) suburbs",bungalow,D,"Step 1: A person typically wants to live alone for privacy and quiet.
Step 2: Housing estates often have multiple families, neighborhoods have many residents, woods can be isolated but may still have other people nearby, and suburbs have nearby communities.
Step 3: Mars is uninhabited with no known human settlements.
Best answer: C because it's the only option that implies complete isolation.","['A', 'D', 'B', 'D', 'D']",D,True,majority,0.6000000000000001,"{'A': 1, 'D': 3, 'B': 1}",5,3,0.6000000000000001,2,False,,ASDIV,LAMA-3.2-3B
876,guided,876,"If a car-less person want to listen to talk radio in private, where might they listen to it?

Options:
A) trunk
B) bedroom
C) diner
D) space shuttle
E) shop",radio,B,"Step 1: People typically listen to the radio in places where they can be alone and have access to a speaker or headphones.
Step 2: Cars usually have speakers, but they're not designed for private listening; they're meant for driving.
Step 3: Bedrooms often have private spaces where one can sit comfortably with a radio, making it an ideal location for personal listening.
Step 4: Diners are public spaces where people eat, not ideal for private listening.
Step 5: Space shuttles are vehicles designed for space travel, not for personal entertainment.
Step 6: Shops are also public areas where customers browse products, not suitable for private listening.
Best answer: B because bedrooms provide a private space with access to a radio.","['B', 'B', 'B', 'B', 'B']",B,True,majority,1.0,{'B': 5},5,5,1.0,0,False,,ASDIV,LAMA-3.2-3B
877,guided,877,"What happens to a body after death?

Options:
A) rebirth
B) human experience
C) sadness
D) decomposition
E) obesity",death,D,"Step 1: When an organism dies, its biological processes stop functioning.
Step 2: Without oxygen and nutrients, cells begin breaking down due to natural enzymes.
Step 3: This process leads to the breakdown of tissues, returning nutrients back to the environment.
Best answer: D because decomposition is the natural process that occurs after death.","['D', 'D', 'D', 'D', 'D']",D,True,majority,1.0,{'D': 5},5,5,1.0,0,False,,ASDIV,LAMA-3.2-3B
878,guided,878,"Billy saw a dog running from him and did his best to get away from it.  The leaped up to where the dog couldn't reach and was stuck.  Where might he have been trapped?

Options:
A) kennel
B) table
C) porch
D) backyard
E) park",dog,B,"Step 1: Billy jumped up onto something that was higher than him, so he wouldn't get bitten.
Step 2: Most people typically place furniture like tables near the ground for easy access.
Step 3: Tables usually have a flat surface, making it difficult for the dog to climb up onto.
Best answer: B because tables are commonly placed at ground level with flat surfaces that prevent climbing.","['B', 'B', 'A', 'B', 'C']",B,True,majority,0.6000000000000001,"{'B': 3, 'A': 1, 'C': 1}",5,3,0.6000000000000001,2,False,,ASDIV,LAMA-3.2-3B
879,guided,879,"What region of a west coast U.S. city would you find a Japanese restaurant?

Options:
A) california
B) tokio
C) downtown
D) narnia
E) large town",japanese restaurant,C,"Step 1: Many Japanese restaurants are concentrated in urban areas with high population densities.
Step 2: Cities like San Francisco, Seattle, and Los Angeles have large Japanese populations and cultural centers.
Step 3: Among these cities, San Francisco's Japantown is well-known for its high concentration of Japanese restaurants.
Best answer: C because downtown areas often have more restaurants due to higher foot traffic and cultural diversity.","['A', 'C', 'C', 'B', 'C']",C,True,majority,0.6000000000000001,"{'A': 1, 'C': 3, 'B': 1}",5,3,0.6000000000000001,2,False,,ASDIV,LAMA-3.2-3B
880,guided,880,"What event might one buy tickets for seats?

Options:
A) park
B) show
C) auditorium
D) movies
E) rest area",seats,B,"Step 1: People typically attend events that involve entertainment, such as performances or presentations.
Step 2: An auditorium is often used for hosting these types of events like concerts, plays, or lectures.
Step 3: It's less likely someone would buy tickets to an event held in a park (A) or rest area (E), as they're not designed for large gatherings with seating.
Step 4: While some movies (D) may take place in an auditorium, it's not the most common reason to buy tickets specifically for the auditorium itself.
Best answer: C because an auditorium is commonly used as a venue for events requiring seating.","['C', 'C', 'C', 'C', 'C']",C,False,majority,1.0,{'C': 5},5,0,0.0,0,False,,ASDIV,LAMA-3.2-3B
881,guided,881,"The fact that Joe was able to memorize the list in spite of his apparent  state proved that part of his brain was what?

Options:
A) awake
B) repeat
C) sleeping
D) concentrate
E) read aloud",memorize,A,"Step 1: People typically learn information while they are awake and alert, as their brains process new data more efficiently during this state.
Step 2: If Joe was asleep, he wouldn't have been able to recall the list, as his brain wouldn't have been able to process new information.
Step 3: Similarly, if he hadn't been concentrating on the task, he might not have been able to retain the information in his memory.
Step 4: While reading aloud can sometimes aid comprehension, it's not directly related to retaining information in long-term memory.
Step 5: Therefore, the fact that Joe remembered the list despite being in an unusual state suggests that part of his brain was functioning normally while he was awake.
Best answer: A because being awake allows for optimal cognitive function.","['C', 'A', 'A', 'A', 'A']",A,True,majority,0.8,"{'C': 1, 'A': 4}",5,4,0.8,1,False,,ASDIV,LAMA-3.2-3B
882,guided,882,"He has lactose intolerant, but was eating dinner made of cheese, what followed for him?

Options:
A) digestive
B) feel better
C) sleepiness
D) indigestion
E) illness",eating dinner,D,"Step 1: Lactose intolerance means he has difficulty breaking down lactose, a sugar found in milk products like cheese.
Step 2: Consuming lactose without proper enzymes leads to undigested lactose entering the colon, causing discomfort.
Step 3: This discomfort often results in symptoms like bloating, gas, and stomach cramps.
Best answer: D) indigestion because it's a common symptom of undigested lactose.","['D', 'D', 'D', 'D', 'D']",D,True,majority,1.0,{'D': 5},5,5,1.0,0,False,,ASDIV,LAMA-3.2-3B
883,guided,883,"Where is food likely to stay dry?

Options:
A) etna
B) cupboard
C) oven
D) stomach
E) fridge",food,B,"Step 1: A place where food is typically stored to keep it fresh and protected from moisture.
Step 2: A cupboard is designed with shelves and a lid to keep contents dry, unlike an oven which can get hot and humid.
Step 3: An oven can produce steam when heating food, making it unsuitable for storing dry items.
Step 4: The stomach is an internal organ where digestion occurs, not a location for storing food.
Step 5: A fridge maintains low temperatures to keep food cold, not dry.
Best answer: B because a cupboard provides a dry environment for storing food.","['B', 'B', 'B', 'B', 'B']",B,True,majority,1.0,{'B': 5},5,5,1.0,0,False,,ASDIV,LAMA-3.2-3B
884,guided,884,"She was in an affair, what did that end upon discovery by her husband?

Options:
A) relationship
B) marriage
C) fidelity
D) love
E) divorce",affair,B,"Step 1: Infidelity typically involves betrayal of trust within a committed relationship.
Step 2: When someone discovers their partner's infidelity, it often leads to feelings of hurt, anger, and mistrust.
Step 3: As a result, the relationship may become irreparably damaged, making it difficult for the couple to reconcile.
Best answer: E because discovery of infidelity usually results in the breakdown of the marriage.","['B', 'B', 'B', 'B', 'B']",B,True,majority,1.0,{'B': 5},5,5,1.0,0,False,,ASDIV,LAMA-3.2-3B
885,guided,885,"Someone who had a very bad flight might be given a trip in this to make up for it?

Options:
A) first class
B) propitious
C) reputable
D) one
E) sufficient",bad,A,"Step 1: Airlines often offer compensation for poor customer service as a gesture of goodwill.
Step 2: First-class travel typically implies luxury and high-end amenities, which wouldn't necessarily offset the negative experience.
Step 3: Propitious means auspicious or favorable, which doesn't directly relate to making up for a bad flight.
Step 4: Reputable refers to trustworthy, not something that would compensate for an unpleasant experience.
Step 5: Option D, ""one"", implies a single item or service, not an adequate solution for a bad flight.
Step 6: Sufficient means enough to meet requirements, but it doesn't necessarily imply an attempt to make up for something lacking.
Step 7: Given these considerations, none of the options directly address the concept of compensation for a bad flight experience.
Step 8: However, option A, ""first class"", could imply an upgraded experience that might make up for the initial poor service.

Best answer: A because it implies an upgraded experience that could potentially offset the negative feelings associated with a bad flight.","['A', 'A', 'A', 'A', 'A']",A,True,majority,1.0,{'A': 5},5,5,1.0,0,False,,ASDIV,LAMA-3.2-3B
886,guided,886,"Many humans enjoy fishing and enjoy another relaxing activity at the same time, what activity is it?

Options:
A) getting tied up lure.
B) looking for information
C) get wet
D) drink beer
E) sit quietly",fishing,D,"Step 1: Fishing often involves spending time outdoors near water bodies like lakes, rivers, or oceans.
Step 2: People usually engage in this secondary activity while fishing to make the experience more enjoyable.
Step 3: Sitting quietly allows individuals to focus on their surroundings without distractions, making it easier to observe fish and enjoy nature.
Best answer: E because sitting quietly is a common way to enhance the relaxing experience of fishing.","['E', 'E', 'E', 'E', 'E']",E,False,majority,1.0,{'E': 5},5,0,0.0,0,False,,ASDIV,LAMA-3.2-3B
887,guided,887,"Where would you get some maps that you own?

Options:
A) bookstore
B) library
C) electrical circuit
D) cabinet
E) important when traveling",maps,D,"Step 1: A person typically acquires maps through various means such as purchasing them at a store or receiving them as gifts.
Step 2: Bookstores usually sell maps, especially those focused on specific regions or countries.
Step 3: Libraries may have some maps, but they're not typically sold; instead, they're often used for research purposes only.
Step 4: An electrical circuit has nothing to do with obtaining physical objects like maps.
Step 5: Cabinets can store various items but aren't known for selling maps.
Step 6: While traveling, one might receive maps as souvenirs or buy them at local shops, but this isn't the primary source of personal ownership.
Best answer: A because bookstores commonly sell maps that individuals can purchase.","['B', 'B', 'B', 'A', 'B']",B,False,majority,0.8,"{'B': 4, 'A': 1}",5,0,0.0,1,False,,ASDIV,LAMA-3.2-3B
888,guided,888,"What could happen to you after you are cleaning house for a long time?

Options:
A) neatness
B) tiredness
C) order
D) exhaustion
E) sneezing",cleaning house,D,"Step 1: Cleaning for an extended period requires physical effort and mental concentration.
Step 2: Prolonged physical activity can lead to fatigue, which causes a decrease in energy levels.
Step 3: This decrease in energy levels results in feeling extremely tired.
Best answer: D because prolonged cleaning can lead to physical exhaustion.","['D', 'D', 'D', 'D', 'D']",D,True,majority,1.0,{'D': 5},5,5,1.0,0,False,,ASDIV,LAMA-3.2-3B
889,guided,889,"Where would a person be doing when having to wait their turn?

Options:
A) have patience
B) get in line
C) sing
D) stand in line
E) turn left",wait turn,D,"Step 1: When someone says ""wait their turn"", it implies that they need to pause before taking action.
Step 2: People typically wait in a queue (line) before proceeding with an activity.
Step 3: Standing in line is the most common location where one would wait for their turn.
Best answer: D because it's where people usually stand while waiting for it's their turn.","['D', 'D', 'D', 'D', 'D']",D,True,majority,1.0,{'D': 5},5,5,1.0,0,False,,ASDIV,LAMA-3.2-3B
890,guided,890,"Who might wear dark glasses indoors?

Options:
A) blind person
B) glove box
C) movie studio
D) ray charles
E) glove compartment",dark glasses,A,"Step 1: People often wear glasses to correct vision problems caused by refractive errors like nearsightedness or farsightedness.
Step 2: Blindness is a condition where someone cannot see at all, so they wouldn't need glasses.
Step 3: A glove box is an enclosed space for storing gloves, not a living being that can wear glasses.
Step 4: A movie studio is where films are produced, not an individual who wears glasses.
Step 5: A glove compartment in a vehicle stores small items like gloves, not a person who wears glasses.
Best answer: A because only a person with vision problems would need corrective eyewear like dark glasses indoors.","['A', 'A', 'A', 'A', 'A']",A,True,majority,1.0,{'A': 5},5,5,1.0,0,False,,ASDIV,LAMA-3.2-3B
891,guided,891,"Where is a shelf likely to be hidden behind a door?

Options:
A) refrigerator
B) bookstore
C) cupboard
D) school building
E) wardrobe",shelf,C,"Step 1: A shelf is typically used for storing items, such as books, decorations, or kitchenware.
Step 2: Bookstores have shelves for displaying books, not hiding them.
Step 3: Cupboards are designed to store food, not objects that need to be easily accessible like a shelf would.
Step 4: School buildings have classrooms and offices, not shelves as hiding places.
Step 5: Wardrobes are designed to hold clothing, not objects like a shelf.
Best answer: C because cupboards usually have shelves inside.","['C', 'A', 'B', 'A', 'A']",A,False,majority,0.6000000000000001,"{'C': 1, 'A': 3, 'B': 1}",5,1,0.2,2,False,,ASDIV,LAMA-3.2-3B
892,guided,892,"If you have leftover cake, where would you put it?

Options:
A) quandry
B) refrigerator
C) oven
D) night stand
E) bakery",cake,B,"Step 1: If someone has leftover cake, they typically want to store it for later consumption.
Step 2: The most common place to store food that's been prepared is in a cool, dry environment to maintain freshness.
Step 3: A refrigerator is designed specifically for this purpose, keeping food at a consistent temperature below freezing.
Best answer: B because it provides optimal conditions for preserving the cake's quality.","['B', 'B', 'B', 'B', 'B']",B,True,majority,1.0,{'B': 5},5,5,1.0,0,False,,ASDIV,LAMA-3.2-3B
893,guided,893,"What is a person trying to accomplish when taking analgesics?

Options:
A) acceptance
B) avoid pain
C) acknowledgment
D) passing grade
E) intellectual challenge",person,B,"Step 1: Analgesics are medications designed to relieve pain.
Step 2: People often take analgesics when they experience physical discomfort or injury.
Step 3: The primary goal of taking analgesics is to reduce or eliminate the sensation of pain.
Best answer: B because analgesics are meant to alleviate pain.","['B', 'B', 'B', 'B', 'B']",B,True,majority,1.0,{'B': 5},5,5,1.0,0,False,,ASDIV,LAMA-3.2-3B
894,guided,894,"We are all human, and we all what?

Options:
A) write
B) eat cake
C) smile
D) think critically
E) die",human,E,"Step 1: Humans have biological needs such as nutrition for survival.
Step 2: Eating is essential for obtaining nutrients necessary to sustain life.
Step 3: All humans require food to maintain bodily functions like growth, repair, and energy production.
Best answer: B because humans need food to survive.","['A', 'C', 'C', 'A', 'A']",A,False,majority,0.6000000000000001,"{'A': 3, 'C': 2}",5,0,0.0,2,False,,ASDIV,LAMA-3.2-3B
895,guided,895,"John needed a straight wire.  Unfortunately, this one had endured some abuse and had become what?

Options:
A) bent
B) bent
C) crooked
D) straightforth
E) curved",straight,A,"Step 1: A wire that has been used extensively may lose its original shape due to repeated bending.
Step 2: The term ""abused"" implies excessive force or repeated manipulation, which typically causes damage to the wire's structure.
Step 3: Bent and crooked imply similar degrees of deformation, but ""bent"" is more commonly used for everyday language when describing a wire that has been flexed but not severely damaged.
Best answer: A because ""bent"" is the most commonly used term for a wire that has been flexed but not severely damaged.","['A', 'A', 'A', 'A', 'A']",A,True,majority,1.0,{'A': 5},5,5,1.0,0,False,,ASDIV,LAMA-3.2-3B
896,guided,896,"The smile gave away that the what was one of happiness?

Options:
A) manual
B) rainbow
C) cry
D) frown
E) make others happy too",smile,C,"Step 1: A smile is often associated with positive emotions like joy, love, and friendliness.
Step 2: Rainbows are typically seen as symbols of good fortune, hope, and happiness but aren't directly related to facial expressions.
Step 3: Crying is typically associated with sadness or sorrow, not happiness.
Step 4: Frowns are the opposite of smiles, conveying unhappiness or displeasure.
Step 5: While making others happy can be an action that results in happiness, it's not an object that gives away happiness itself.
Best answer: B because rainbows are commonly linked to feelings of joy and happiness through their vibrant colors and association with sunshine.","['B', 'B', 'B', 'B', 'C']",B,False,majority,0.8,"{'B': 4, 'C': 1}",5,1,0.2,1,False,,ASDIV,LAMA-3.2-3B
897,guided,897,"Where does a wild bird usually live?

Options:
A) cage
B) sky
C) countryside
D) desert
E) windowsill",bird,C,"Step 1: Most birds are known to fly and migrate between different locations, so they need space to fly and find food.
Step 2: Cages are typically small enclosures used for domesticated birds, not wild ones.
Step 3: Deserts have limited vegetation and water sources, making it difficult for birds to survive.
Step 4: Windowsills are not suitable habitats as they offer no protection from predators or harsh weather conditions.
Step 5: The countryside provides an environment with trees, grasslands, and water sources that support various bird species.
Best answer: C because the countryside offers suitable living conditions for many bird species.","['C', 'C', 'C', 'C', 'C']",C,True,majority,1.0,{'C': 5},5,5,1.0,0,False,,ASDIV,LAMA-3.2-3B
898,guided,898,"Joe found spiders in the place where he keeps his tools.  Where might that be?

Options:
A) cupboard
B) toolbox
C) closet
D) garage
E) mail box",spiders,D,"Step 1: Typically, tools are stored in a designated area for organization and accessibility.
Step 2: A toolbox is specifically designed to hold various tools, making it a likely location for them.
Step 3: Cupboards, closets, garages, and mailboxes are not standard places to store tools.
Best answer: B because it's the most common location for storing tools.","['D', 'B', 'C', 'E', 'C']",C,False,majority,0.4,"{'D': 1, 'B': 1, 'C': 2, 'E': 1}",5,1,0.2,3,False,,ASDIV,LAMA-3.2-3B
899,guided,899,"What part of plants is pretty?

Options:
A) dirt
B) no neurons in
C) millions of cells
D) flowers on
E) roots",plants,D,"Step 1: Plants have various parts that contribute to their overall appearance, such as leaves, stems, and roots.
Step 2: Flowers are known for their vibrant colors and attractive shapes, often serving as reproductive structures.
Step 3: Many people find flowers visually appealing due to their beauty and fragrance.
Best answer: D because flowers are commonly considered the most visually striking part of a plant.","['D', 'D', 'D', 'D', 'D']",D,True,majority,1.0,{'D': 5},5,5,1.0,0,False,,ASDIV,LAMA-3.2-3B
900,baseline,0,"You can do knitting to get the feeling of what?

Options:
A) relaxation
B) arthritis
C) adrenaline
D) your
E) sweater may produced",,A,,"['A', 'B', 'A', 'A', 'A']",A,True,majority,0.8,"{'A': 4, 'B': 1}",5,4,0.8,1,False,,ASDIV,LAMA-3.2-3B
901,baseline,1,"If I was getting drunk, and people couldn't understand me, what might I be having?

Options:
A) a seizure
B) slurred speech
C) death
D) forgetfulness
E) pass out",,B,,"['B', 'B', 'B', 'B', 'E']",B,True,majority,0.8,"{'B': 4, 'E': 1}",5,4,0.8,1,False,,ASDIV,LAMA-3.2-3B
902,baseline,2,"If you turn off the music in a room with no other noise that room would be what?

Options:
A) silent
B) opera
C) silence
D) television
E) elevator",,A,,"['C', 'A', 'A', 'C', 'A']",A,True,majority,0.6000000000000001,"{'C': 2, 'A': 3}",5,3,0.6000000000000001,2,False,,ASDIV,LAMA-3.2-3B
903,baseline,3,"By learning about the world, many poor college students gain what?

Options:
A) pleasure
B) greater mobility
C) desire to travel
D) global warming
E) increased security",,C,,"['B', 'B', 'B', 'B', 'B']",B,False,majority,1.0,{'B': 5},5,0,0.0,0,False,,ASDIV,LAMA-3.2-3B
904,baseline,4,"What is it called when a person tends to leave things to the last minute?

Options:
A) procrastinate
B) complete collection
C) headache
D) good time management
E) have to hold",,A,,"['A', 'A', 'A', 'A', 'A']",A,True,majority,1.0,{'A': 5},5,5,1.0,0,False,,ASDIV,LAMA-3.2-3B
905,baseline,5,"While knitting you can do what using a radio?

Options:
A) listen to music
B) watch television
C) making blankets
D) eat
E) watching tv",,A,,"['A', '', 'A', 'A', 'A']",A,True,majority,1.0,{'A': 4},4,4,1.0,0,False,,ASDIV,LAMA-3.2-3B
906,baseline,6,"What is likely to happen to someone who is learning?

Options:
A) overconfidence
B) effectiveness
C) knowing more
D) head grows larger
E) growth",,C,,"['B', 'C', 'E', 'C', 'E']",E,False,refiner_tiebreak,0.5,"{'B': 1, 'C': 2, 'E': 2}",6,2,0.33330000000000004,3,True,0.0,ASDIV,LAMA-3.2-3B
907,baseline,7,"Where is a bird likely to make it's home?

Options:
A) forest
B) nest
C) roof
D) leaves
E) sky",,A,,"['A', 'A', 'A', 'A', 'A']",A,True,majority,1.0,{'A': 5},5,5,1.0,0,False,,ASDIV,LAMA-3.2-3B
908,baseline,8,"Why would you be watching tv instead of doing something else?

Options:
A) headache
B) laughter
C) laziness
D) erections
E) wasting time",,C,,"['A', 'A', 'A', 'A', 'A']",A,False,majority,1.0,{'A': 5},5,0,0.0,0,False,,ASDIV,LAMA-3.2-3B
909,baseline,9,"If I did not have a rosebush, where would I get one?

Options:
A) pot
B) museum
C) garden center
D) formal garden
E) backyard",,C,,"['A', 'A', 'A', 'A', 'A']",A,False,majority,1.0,{'A': 5},5,0,0.0,0,False,,ASDIV,LAMA-3.2-3B
910,baseline,10,"He looked at the field of pumps, all slowing churning oil out of the what?

Options:
A) manual
B) street
C) restaurant
D) ground
E) service station",,D,,"['A', 'A', 'E', 'E', 'A']",A,False,majority,0.6000000000000001,"{'A': 3, 'E': 2}",5,0,0.0,2,False,,ASDIV,LAMA-3.2-3B
911,baseline,11,"Where is a human likely to go as a result of being hungry?

Options:
A) eat in restaurant
B) make bread
C) have lunch
D) cook dinner
E) friends house",,A,,"['A', 'A', 'A', 'A', 'A']",A,True,majority,1.0,{'A': 5},5,5,1.0,0,False,,ASDIV,LAMA-3.2-3B
912,baseline,12,"Where would a computer user be using their own computer?

Options:
A) hell
B) school
C) indoors
D) internet cafe
E) house",,E,,"['B', 'E', 'C', 'B', 'A']",B,False,majority,0.4,"{'B': 2, 'E': 1, 'C': 1, 'A': 1}",5,1,0.2,3,False,,ASDIV,LAMA-3.2-3B
913,baseline,13,"The computer was difficult for he to understand at the store, so what did she sign up for to learn more?

Options:
A) classroom
B) facebook
C) school
D) apartment
E) demonstration",,E,,"['C', 'C', 'C', 'C', 'C']",C,False,majority,1.0,{'C': 5},5,0,0.0,0,False,,ASDIV,LAMA-3.2-3B
914,baseline,14,"Sage loved communicating  He liked doing what with his peers?

Options:
A) exchanging ideas
B) confusion
C) peer pressure
D) response
E) learning",,A,,"['A', 'A', 'A', 'A', 'A']",A,True,majority,1.0,{'A': 5},5,5,1.0,0,False,,ASDIV,LAMA-3.2-3B
915,baseline,15,"The neighborhood had a great sense of community, there was always a crowd at the landing of the what?

Options:
A) stairwell
B) arena
C) ocean
D) airport
E) apartment building",,E,,"['A', 'B', 'A', 'A', 'B']",A,False,majority,0.6000000000000001,"{'A': 3, 'B': 2}",5,0,0.0,2,False,,ASDIV,LAMA-3.2-3B
916,baseline,16,"If you have a condo in a Wisconsin city known for beer, where are you?

Options:
A) city
B) electrical circuit
C) residential area
D) suburbia
E) milwaukee",,E,,"['D', 'E', 'E', 'E', 'D']",E,True,majority,0.6000000000000001,"{'D': 2, 'E': 3}",5,3,0.6000000000000001,2,False,,ASDIV,LAMA-3.2-3B
917,baseline,17,"Talking to the same person about the same thing over and over again is something someone can what?

Options:
A) social life
B) friendship
C) eye contact
D) get tired of
E) learn lessons from",,D,,"['A', 'A', 'D', 'B', 'B']",A,False,refiner_tiebreak,0.5,"{'A': 2, 'D': 1, 'B': 2}",6,1,0.16670000000000001,3,True,0.0,ASDIV,LAMA-3.2-3B
918,baseline,18,"A farmer sees a weasel in the woods, where is the farmer?

Options:
A) chicken coop
B) beach
C) fairytale
D) great outdoors
E) corn fields",,D,,"['D', 'D', 'D', 'A', 'D']",D,True,majority,0.8,"{'D': 4, 'A': 1}",5,4,0.8,1,False,,ASDIV,LAMA-3.2-3B
919,baseline,19,"What did the adult do before the job interview?

Options:
A) work
B) dress himself
C) marry
D) dress herself
E) drive train",,B,,"['A', 'A', 'B', '', 'A']",A,False,majority,0.75,"{'A': 3, 'B': 1}",4,1,0.25,1,False,,ASDIV,LAMA-3.2-3B
920,baseline,20,"Where can you find a dogs house?

Options:
A) found outside
B) faithful
C) frightening
D) cold
E) four legs",,A,,"['A', 'A', 'A', 'A', 'A']",A,True,majority,1.0,{'A': 5},5,5,1.0,0,False,,ASDIV,LAMA-3.2-3B
921,baseline,21,"Where would you get a pen if you do not have one?

Options:
A) briefcase
B) desk drawer
C) friend's house
D) pocket
E) sidewalk",,C,,"['B', 'A', 'A', 'A', 'A']",A,False,majority,0.8,"{'B': 1, 'A': 4}",5,0,0.0,1,False,,ASDIV,LAMA-3.2-3B
922,baseline,22,"What might a person be watching if they see a man with a suitcase full of money?

Options:
A) baggage compartment
B) movie
C) subway
D) airplane
E) cargo hold",,B,,"['A', 'A', 'A', 'A', 'B']",A,False,majority,0.8,"{'A': 4, 'B': 1}",5,1,0.2,1,False,,ASDIV,LAMA-3.2-3B
923,baseline,23,"James need to use a toilet but there were no public ones in sight.  Eventually he broke down and did something very expensive so that he could get a toilet.  Where might he have gone?

Options:
A) motel room
B) apartment
C) bathroom
D) games
E) house",,A,,"['C', 'A', 'A', 'C', 'C']",C,False,majority,0.6000000000000001,"{'C': 3, 'A': 2}",5,2,0.4,2,False,,ASDIV,LAMA-3.2-3B
924,baseline,24,"Where can you store you spare linens near your socks?

Options:
A) hospital
B) chest
C) home
D) dresser drawers
E) cabinet",,D,,"['A', 'A', 'A', 'D', 'C']",A,False,majority,0.6000000000000001,"{'A': 3, 'D': 1, 'C': 1}",5,1,0.2,2,False,,ASDIV,LAMA-3.2-3B
925,baseline,25,"Aside from water and nourishment what does your dog need?

Options:
A) bone
B) charm
C) petted
D) lots of attention
E) walked",,D,,"['C', 'E', 'C', 'E', 'E']",E,False,majority,0.6000000000000001,"{'C': 2, 'E': 3}",5,0,0.0,2,False,,ASDIV,LAMA-3.2-3B
926,baseline,26,"What room would you find many bookcases and is used for contemplation?

Options:
A) study
B) house
C) homw
D) kitchen
E) den",,A,,"['B', 'E', 'A', 'D', 'A']",A,True,majority,0.4,"{'B': 1, 'E': 1, 'A': 2, 'D': 1}",5,2,0.4,3,False,,ASDIV,LAMA-3.2-3B
927,baseline,27,"The department to where vendors deliver goods for sale is called what?

Options:
A) delivered
B) take away
C) receiving
D) pick up
E) keep",,C,,"['C', 'C', 'C', 'C', 'C']",C,True,majority,1.0,{'C': 5},5,5,1.0,0,False,,ASDIV,LAMA-3.2-3B
928,baseline,28,"What is used to grind wheat for bread?

Options:
A) farmer's field
B) countryside
C) cereal packets
D) bread
E) mill",,E,,"['E', 'A', 'E', 'E', 'E']",E,True,majority,0.8,"{'E': 4, 'A': 1}",5,4,0.8,1,False,,ASDIV,LAMA-3.2-3B
929,baseline,29,"John felt a snake slither over him as he rested.  He was afraid to raise his covers for fear of startling it.  Where might he be?

Options:
A) pet shops
B) oklahoma
C) basement
D) bedroom
E) dreams",,D,,"['D', 'A', 'D', 'D', 'D']",D,True,majority,0.8,"{'D': 4, 'A': 1}",5,4,0.8,1,False,,ASDIV,LAMA-3.2-3B
930,baseline,30,"They passed a apple tree on their way to the racetrack, the were going to watch the biggest motorsport spectacle in the world where?

Options:
A) maryland
B) indiana
C) on tv
D) park
E) new jersey",,B,,"['A', 'B', 'D', 'B', 'A']",A,False,refiner_tiebreak,0.5,"{'A': 2, 'B': 2, 'D': 1}",6,2,0.33330000000000004,3,True,0.0,ASDIV,LAMA-3.2-3B
931,baseline,31,"If someone found out their brother was having a daughter, they would have to add a niece limb to the what?

Options:
A) family picture book
B) family reunion
C) brother's house
D) family tree
E) baby shower",,D,,"['D', 'D', 'D', 'D', 'D']",D,True,majority,1.0,{'D': 5},5,5,1.0,0,False,,ASDIV,LAMA-3.2-3B
932,baseline,32,"John and Judy were parents.  They had two wonderful kids who weren't always well behaved.  They were light tough, though.  They felt it was a parent's job to do what?

Options:
A) control children
B) guide children
C) speak freely
D) cry
E) understand children",,B,,"['B', 'B', 'B', 'B', 'B']",B,True,majority,1.0,{'B': 5},5,5,1.0,0,False,,ASDIV,LAMA-3.2-3B
933,baseline,33,"Tweed is a rare fabric in modern clothing, what brand should I look for when buying it?

Options:
A) scotland
B) brown
C) fabric store
D) clothing stores
E) eddie bauer",,E,,"['B', 'D', 'C', 'B', 'B']",B,False,majority,0.6000000000000001,"{'B': 3, 'D': 1, 'C': 1}",5,0,0.0,2,False,,ASDIV,LAMA-3.2-3B
934,baseline,34,"A gentleman is carrying equipment for golf, what is he likely to have?

Options:
A) club
B) assembly hall
C) meditation center
D) meeting
E) church",,A,,"['', 'A', 'A', 'A', 'A']",A,True,majority,1.0,{'A': 4},4,4,1.0,0,False,,ASDIV,LAMA-3.2-3B
935,baseline,35,"The man working in the attic swatted away a bee, but soon the single bee was an entire what?

Options:
A) swarm
B) pack
C) countryside
D) soft drink
E) field of flowers",,A,,"['A', 'A', 'A', 'A', 'A']",A,True,majority,1.0,{'A': 5},5,5,1.0,0,False,,ASDIV,LAMA-3.2-3B
936,baseline,36,"If a person with mental illness stops treatment what will likely happen?

Options:
A) managed
B) dancing
C) recur
D) effectively treated
E) cause suffering",,C,,"['E', 'E', 'A', 'E', 'E']",E,False,majority,0.8,"{'E': 4, 'A': 1}",5,0,0.0,1,False,,ASDIV,LAMA-3.2-3B
937,baseline,37,"The program kept getting errors, the amateur end user began to what?

Options:
A) get mad
B) compile
C) debug
D) write code
E) get frustrated",,E,,"['C', 'C', 'C', 'C', 'C']",C,False,majority,1.0,{'C': 5},5,0,0.0,0,False,,ASDIV,LAMA-3.2-3B
938,baseline,38,"Sometimes a person has a fear of water or a dislike of being wet, it is still important to make sure they are having a bath why?

Options:
A) flooding
B) drowning
C) wet skin
D) get wet
E) rash",,E,,"['C', 'C', 'A', 'C', 'D']",C,False,majority,0.6000000000000001,"{'C': 3, 'A': 1, 'D': 1}",5,0,0.0,2,False,,ASDIV,LAMA-3.2-3B
939,baseline,39,"Where is a great place to buy fresh fruit?

Options:
A) san francisco
B) refrigerator
C) big box retailer
D) tree
E) market",,E,,"['E', 'B', 'B', 'E', 'D']",E,True,refiner_tiebreak,0.5,"{'E': 2, 'B': 2, 'D': 1}",6,3,0.5,3,True,1.0,ASDIV,LAMA-3.2-3B
940,baseline,40,"Which large land mass is home to the most monkeys?

Options:
A) amazon basin
B) friend's house
C) lift number 3
D) research laboratory
E) african continent",,E,,"['E', 'E', 'E', 'E', 'E']",E,True,majority,1.0,{'E': 5},5,5,1.0,0,False,,ASDIV,LAMA-3.2-3B
941,baseline,41,"Billy was reading the newspaper as he commuted to work, but once he got to his destination he balled it up and put it somewhere. Where did it put it?

Options:
A) trash
B) floor
C) subway
D) ground
E) lawn",,A,,"['C', 'A', 'C', 'D', 'A']",A,True,refiner_tiebreak,0.5,"{'C': 2, 'A': 2, 'D': 1}",6,3,0.5,3,True,1.0,ASDIV,LAMA-3.2-3B
942,baseline,42,"How does going jogging generally affect one's self esteem?

Options:
A) feel better
B) feel pride
C) sweating
D) ocean
E) arthritis",,A,,"['B', 'B', 'B', 'B', 'B']",B,False,majority,1.0,{'B': 5},5,0,0.0,0,False,,ASDIV,LAMA-3.2-3B
943,baseline,43,"Minerals can be obtained in what way for a person who avoids leafy greens?

Options:
A) multivitamin
B) farm
C) michigan
D) earth
E) ore",,A,,"['B', 'D', 'A', 'B', 'D']",B,False,refiner_tiebreak,0.5,"{'B': 2, 'D': 2, 'A': 1}",6,1,0.16670000000000001,3,True,0.0,ASDIV,LAMA-3.2-3B
944,baseline,44,"If someone mean wanted to insult somebody by calling them a fruit, where is probably not the smartest place to do it?

Options:
A) gay bar
B) market
C) grocery store
D) refrigerator
E) container",,A,,"['C', 'D', 'C', 'D', 'C']",C,False,majority,0.6000000000000001,"{'C': 3, 'D': 2}",5,0,0.0,2,False,,ASDIV,LAMA-3.2-3B
945,baseline,45,"The extremely large cargo plane could only land at a specialized runway, these were only located at a what?

Options:
A) back yard
B) bowling alley
C) city
D) military base
E) fashion show",,D,,"['D', 'D', 'D', 'D', 'D']",D,True,majority,1.0,{'D': 5},5,5,1.0,0,False,,ASDIV,LAMA-3.2-3B
946,baseline,46,"If you own a cat where is the last place you'd want to find it?

Options:
A) trouble
B) dog's mouth
C) backyard
D) nature
E) home",,B,,"['A', 'D', 'E', 'A', 'A']",A,False,majority,0.6000000000000001,"{'A': 3, 'D': 1, 'E': 1}",5,0,0.0,2,False,,ASDIV,LAMA-3.2-3B
947,baseline,47,"John loved to paint houses.  How did he usually do it?

Options:
A) clothes get stained
B) with brush
C) wallpaper
D) electrical circuit
E) draw",,B,,"['B', 'B', 'B', 'B', 'B']",B,True,majority,1.0,{'B': 5},5,5,1.0,0,False,,ASDIV,LAMA-3.2-3B
948,baseline,48,"Ficus can be planted in a yard to make summer more bearable, what sort of areas do they create?

Options:
A) shady places
B) screened porch
C) pots
D) ceramics
E) clay pot",,A,,"['A', 'B', 'B', 'E', 'C']",B,False,majority,0.4,"{'A': 1, 'B': 2, 'E': 1, 'C': 1}",5,1,0.2,3,False,,ASDIV,LAMA-3.2-3B
949,baseline,49,"Sam couldn't get back to sleep because of a dream he had.  It was a what?

Options:
A) awake
B) horror
C) dreamworker
D) reality
E) nightmare",,E,,"['E', 'A', 'A', 'A', 'E']",A,False,majority,0.6000000000000001,"{'E': 2, 'A': 3}",5,2,0.4,2,False,,ASDIV,LAMA-3.2-3B
950,baseline,50,"Sam was a stranger.  Even so, Mark treated him like what?

Options:
A) friend
B) family
C) known person
D) park
E) outsider",,B,,"['E', 'A', 'A', 'A', 'C']",A,False,majority,0.6000000000000001,"{'E': 1, 'A': 3, 'C': 1}",5,0,0.0,2,False,,ASDIV,LAMA-3.2-3B
951,baseline,51,"Where can you find a number of wind instruments together in public?

Options:
A) music store
B) create music
C) zoo
D) music room
E) symphony",,E,,"['D', 'D', 'E', 'A', 'D']",D,False,majority,0.6000000000000001,"{'D': 3, 'E': 1, 'A': 1}",5,1,0.2,2,False,,ASDIV,LAMA-3.2-3B
952,baseline,52,"What do humans do to other humans after death?

Options:
A) celebrate
B) burial
C) life
D) rebirth
E) decomposition",,B,,"['B', 'B', 'E', 'E', 'B']",B,True,majority,0.6000000000000001,"{'B': 3, 'E': 2}",5,3,0.6000000000000001,2,False,,ASDIV,LAMA-3.2-3B
953,baseline,53,"The shark actually counted as evidence, so where did the legal team bring it?

Options:
A) court room
B) shallow waters
C) poker game
D) sea world
E) pond arena",,A,,"['A', 'A', 'A', 'A', 'A']",A,True,majority,1.0,{'A': 5},5,5,1.0,0,False,,ASDIV,LAMA-3.2-3B
954,baseline,54,"How can someone be let into a brownstone?

Options:
A) brooklyn
B) ring
C) subdivision
D) bricks
E) new york city",,B,,"['C', 'B', 'A', 'B', 'B']",B,True,majority,0.6000000000000001,"{'C': 1, 'B': 3, 'A': 1}",5,3,0.6000000000000001,2,False,,ASDIV,LAMA-3.2-3B
955,baseline,55,"What is a prisoner sentenced to do?

Options:
A) scape jail
B) dream of freedom
C) become a hairdresser
D) attempt to escape
E) do time",,E,,"['E', 'E', 'E', 'E', 'E']",E,True,majority,1.0,{'E': 5},5,5,1.0,0,False,,ASDIV,LAMA-3.2-3B
956,baseline,56,"Where would stones not be arranged in a path?

Options:
A) quarries
B) field
C) park
D) bridge
E) made from rocks",,B,,"['B', 'A', 'A', 'A', 'A']",A,False,majority,0.8,"{'B': 1, 'A': 4}",5,1,0.2,1,False,,ASDIV,LAMA-3.2-3B
957,baseline,57,"James is carrying a duffel bag with him because he doesn't have a vehicle of his own and needs a bag to carry his things in while he uses what?

Options:
A) library
B) transit
C) bus station
D) army barracks
E) locker room",,B,,"['A', 'B', 'B', 'A', 'A']",A,False,majority,0.6000000000000001,"{'A': 3, 'B': 2}",5,2,0.4,2,False,,ASDIV,LAMA-3.2-3B
958,baseline,58,"Why would one try to avoid work?

Options:
A) making money
B) leave home
C) success
D) malaise
E) bad mood",,D,,"['A', 'B', 'B', 'D', 'A']",A,False,coin_flip,0.33330000000000004,"{'A': 2, 'B': 2, 'D': 1}",6,1,0.16670000000000001,4,True,0.0,ASDIV,LAMA-3.2-3B
959,baseline,59,"Where do you keep extra clothing on a hike?

Options:
A) person
B) hamper
C) closet
D) upstairs
E) backpack",,E,,"['A', 'A', 'A', 'A', 'A']",A,False,majority,1.0,{'A': 5},5,0,0.0,0,False,,ASDIV,LAMA-3.2-3B
960,baseline,60,"The homeowner frowned at the price of gas, what did he have to do later?

Options:
A) own home
B) mail property tax payments
C) board windows
D) cut grass
E) receive mail",,D,,"['A', 'A', 'A', 'B', 'B']",A,False,majority,0.6000000000000001,"{'A': 3, 'B': 2}",5,0,0.0,2,False,,ASDIV,LAMA-3.2-3B
961,baseline,61,"What is happening while he's playing basketball for such a long time?

Options:
A) sweating
B) pain
C) having fun
D) medium
E) knee injury",,A,,"['C', 'A', 'C', 'A', 'A']",A,True,majority,0.6000000000000001,"{'C': 2, 'A': 3}",5,3,0.6000000000000001,2,False,,ASDIV,LAMA-3.2-3B
962,baseline,62,"Where can you buy a magazine, paper or gum?

Options:
A) bank
B) rack
C) bed
D) newsstand
E) bus depot",,D,,"['D', 'D', 'D', 'D', 'D']",D,True,majority,1.0,{'D': 5},5,5,1.0,0,False,,ASDIV,LAMA-3.2-3B
963,baseline,63,"Where can books be read?

Options:
A) cabinet
B) backpack
C) table
D) shelf
E) sink",,C,,"['D', 'D', 'A', 'D', 'D']",D,False,majority,0.8,"{'D': 4, 'A': 1}",5,0,0.0,1,False,,ASDIV,LAMA-3.2-3B
964,baseline,64,"Where do you keep musical instrument so it doesn't get scratched?

Options:
A) bank
B) orchestra
C) case
D) music room
E) movie",,C,,"['A', 'A', 'A', 'A', 'A']",A,False,majority,1.0,{'A': 5},5,0,0.0,0,False,,ASDIV,LAMA-3.2-3B
965,baseline,65,"What can eating hamburger cause immediately after eating it?

Options:
A) tasty
B) health problems
C) eat cake
D) indigestion
E) gain weight",,D,,"['D', 'D', 'D', 'D', 'D']",D,True,majority,1.0,{'D': 5},5,5,1.0,0,False,,ASDIV,LAMA-3.2-3B
966,baseline,66,"To play sports professionally you must do what very often?

Options:
A) wash your clothes
B) get in shape
C) practice
D) take off uniform
E) stretch",,C,,"['B', 'B', 'B', 'B', 'B']",B,False,majority,1.0,{'B': 5},5,0,0.0,0,False,,ASDIV,LAMA-3.2-3B
967,baseline,67,"Where can you buy a clock, clothing and wrenches?

Options:
A) counter
B) train station
C) school room
D) desk
E) department store",,E,,"['A', 'E', 'E', 'E', 'D']",E,True,majority,0.6000000000000001,"{'A': 1, 'E': 3, 'D': 1}",5,3,0.6000000000000001,2,False,,ASDIV,LAMA-3.2-3B
968,baseline,68,"What is likely to have a better school cafeteria?

Options:
A) high school
B) canteen
C) polytechnic
D) large room
E) all kinds of schools",,C,,"['A', 'B', 'B', 'A', 'E']",A,False,refiner_tiebreak,0.5,"{'A': 2, 'B': 2, 'E': 1}",6,0,0.0,3,True,0.0,ASDIV,LAMA-3.2-3B
969,baseline,69,"His compressor needed a new hose, where did he go?

Options:
A) garden shed
B) hardware store
C) brothel
D) garage
E) greenhouse",,B,,"['A', 'D', 'A', 'A', 'D']",A,False,majority,0.6000000000000001,"{'A': 3, 'D': 2}",5,0,0.0,2,False,,ASDIV,LAMA-3.2-3B
970,baseline,70,"A traveler laments the fact that mass transit is limited in his city when his groceries get soaked by the rain as he waits where?

Options:
A) bus stop
B) library
C) motel
D) airport
E) subway",,A,,"['D', 'A', 'B', 'B', 'B']",B,False,majority,0.6000000000000001,"{'D': 1, 'A': 1, 'B': 3}",5,1,0.2,2,False,,ASDIV,LAMA-3.2-3B
971,baseline,71,"Why might a person be known as a liar?

Options:
A) have no home
B) false information
C) hungry
D) made fun of
E) brain tumor",,B,,"['B', 'B', 'B', 'A', 'B']",B,True,majority,0.8,"{'B': 4, 'A': 1}",5,4,0.8,1,False,,ASDIV,LAMA-3.2-3B
972,baseline,72,"What would you be building if you designed a place for an annoying critter to stay?

Options:
A) spread disease
B) swamp
C) fly away
D) cat condo
E) bug campers",,E,,"['A', 'A', 'B', 'A', 'A']",A,False,majority,0.8,"{'A': 4, 'B': 1}",5,0,0.0,1,False,,ASDIV,LAMA-3.2-3B
973,baseline,73,"Where is a statute found on a platform?

Options:
A) below
B) arena
C) concert hall
D) museum
E) building",,D,,"['E', 'A', 'E', 'E', 'B']",E,False,majority,0.6000000000000001,"{'E': 3, 'A': 1, 'B': 1}",5,0,0.0,2,False,,ASDIV,LAMA-3.2-3B
974,baseline,74,"After killing people, the murderer went to church after feeling what?

Options:
A) murder
B) remorse
C) religious
D) retaliation
E) anguish",,B,,"['A', 'B', 'E', 'B', 'B']",B,True,majority,0.6000000000000001,"{'A': 1, 'B': 3, 'E': 1}",5,3,0.6000000000000001,2,False,,ASDIV,LAMA-3.2-3B
975,baseline,75,"What is a place that has large cable hanging overhead?

Options:
A) radio shack
B) electrical device
C) shower
D) substation
E) television",,D,,"['D', 'A', 'D', 'D', 'D']",D,True,majority,0.8,"{'D': 4, 'A': 1}",5,4,0.8,1,False,,ASDIV,LAMA-3.2-3B
976,baseline,76,"When an elderly person needs help performing daily tasks, who might they call?

Options:
A) creativity
B) hatred
C) caregiver
D) own house
E) much money",,C,,"['C', 'C', 'C', 'C', 'C']",C,True,majority,1.0,{'C': 5},5,5,1.0,0,False,,ASDIV,LAMA-3.2-3B
977,baseline,77,"A man wants air conditioning while we watches the game on Saturday, where will it likely be installed?

Options:
A) car
B) house
C) offices
D) park
E) movie theatre",,B,,"['B', 'B', 'B', 'B', 'B']",B,True,majority,1.0,{'B': 5},5,5,1.0,0,False,,ASDIV,LAMA-3.2-3B
978,baseline,78,"A patriotic guy with a camera is looking for a bald eagle, what is he likely to do with the eagle if he finds one?

Options:
A) city
B) canada
C) minnesota
D) thermal
E) photograph",,E,,"['A', 'E', 'A', 'E', 'A']",A,False,majority,0.6000000000000001,"{'A': 3, 'E': 2}",5,2,0.4,2,False,,ASDIV,LAMA-3.2-3B
979,baseline,79,"What are cats often known for?

Options:
A) whiskers
B) sharp teeth
C) purr
D) four legs
E) sharp claws",,E,,"['C', 'C', 'C', 'C', 'C']",C,False,majority,1.0,{'C': 5},5,0,0.0,0,False,,ASDIV,LAMA-3.2-3B
980,baseline,80,"What is a person who is good at sports considered?

Options:
A) lazy
B) own house
C) talented
D) affluent
E) reproduce",,C,,"['C', 'C', 'A', 'C', 'C']",C,True,majority,0.8,"{'C': 4, 'A': 1}",5,4,0.8,1,False,,ASDIV,LAMA-3.2-3B
981,baseline,81,"A creek could be located in the opposite for the city which is called what?

Options:
A) meadow
B) stick
C) valley
D) forest
E) countryside",,E,,"['A', 'C', 'A', 'C', 'C']",C,False,majority,0.6000000000000001,"{'A': 2, 'C': 3}",5,0,0.0,2,False,,ASDIV,LAMA-3.2-3B
982,baseline,82,"The man got a pail to catch the draining motor oil, where was he likely doing this at home?

Options:
A) garage
B) hardware store
C) utility room
D) wishing well
E) laundry",,A,,"['A', '', 'A', 'A', '']",A,True,majority,1.0,{'A': 3},3,3,1.0,0,False,,ASDIV,LAMA-3.2-3B
983,baseline,83,"The tourist entered Mammoth cave, what state were they in?

Options:
A) west virginia
B) kentucky
C) rocky hills
D) scotland
E) canyon",,B,,"['', 'B', 'B', '', 'A']",B,True,majority,0.6667000000000001,"{'B': 2, 'A': 1}",3,2,0.6667000000000001,1,False,,ASDIV,LAMA-3.2-3B
984,baseline,84,"When we are running what are we doing?

Options:
A) stretches
B) running from police
C) learn to walk
D) go quickly
E) get out of bed",,D,,"['B', 'D', 'B', 'B', '']",B,False,majority,0.75,"{'B': 3, 'D': 1}",4,1,0.25,1,False,,ASDIV,LAMA-3.2-3B
985,baseline,85,"Where would you find an office worker gossiping with their colleagues?

Options:
A) water cooler
B) space shuttle
C) baby shower
D) bus stop
E) family",,A,,"['A', 'A', 'A', 'A', 'A']",A,True,majority,1.0,{'A': 5},5,5,1.0,0,False,,ASDIV,LAMA-3.2-3B
986,baseline,86,"Zane doesn't like answering questions.  He's not good at it because he suffers from what?

Options:
A) panic
B) discussion
C) attention
D) confusion
E) satisfaction",,D,,"['A', 'C', 'C', 'B', 'D']",C,False,majority,0.4,"{'A': 1, 'C': 2, 'B': 1, 'D': 1}",5,1,0.2,3,False,,ASDIV,LAMA-3.2-3B
987,baseline,87,"What is unlikely to get bugs on its windshield due to bugs' inability to reach it when it is moving?

Options:
A) airplane
B) scooter
C) motorboat
D) car
E) motor vehicle",,A,,"['D', 'D', 'D', 'D', 'D']",D,False,majority,1.0,{'D': 5},5,0,0.0,0,False,,ASDIV,LAMA-3.2-3B
988,baseline,88,"He used an umbrella while tanning, where was he likely?

Options:
A) waves
B) seattle
C) suitcase
D) beach
E) jacket closet",,D,,"['A', 'D', 'B', 'A', 'D']",D,True,refiner_tiebreak,0.5,"{'A': 2, 'D': 2, 'B': 1}",6,3,0.5,3,True,1.0,ASDIV,LAMA-3.2-3B
989,baseline,89,"What is the thing that is agitated in your head when kissing?

Options:
A) sexual stimulation
B) herpes
C) headache
D) catch cold
E) happiness",,E,,"['A', 'B', 'B', 'A', 'E']",A,False,coin_flip,0.33330000000000004,"{'A': 2, 'B': 2, 'E': 1}",6,2,0.33330000000000004,4,True,1.0,ASDIV,LAMA-3.2-3B
990,baseline,90,"What are people likely to want to do with their friends?

Options:
A) own land
B) own home
C) talk to each other
D) believe in god
E) spend time",,E,,"['E', '', 'A', '', '']",E,True,coin_flip,0.33330000000000004,"{'E': 1, 'A': 1}",3,1,0.33330000000000004,2,True,0.0,ASDIV,LAMA-3.2-3B
991,baseline,91,"The man took paperwork to other people to consult over it, where was he heading?

Options:
A) desk
B) meeting
C) office
D) table
E) work",,B,,"['A', 'B', 'B', 'B', 'B']",B,True,majority,0.8,"{'A': 1, 'B': 4}",5,4,0.8,1,False,,ASDIV,LAMA-3.2-3B
992,baseline,92,"If you really wanted a grape, where would you go to get it?

Options:
A) winery
B) fruit stand
C) field
D) kitchen
E) food",,B,,"['A', 'A', 'A', 'A', '']",A,False,majority,1.0,{'A': 4},4,0,0.0,0,False,,ASDIV,LAMA-3.2-3B
993,baseline,93,"John wanted to clean all of the dust out of his place before settling down to watch his favorite shows.  What might he hardest do dust?

Options:
A) closet
B) under the bed
C) television
D) attic
E) most buildings",,D,,"['B', 'B', 'B', 'B', 'A']",B,False,majority,0.8,"{'B': 4, 'A': 1}",5,0,0.0,1,False,,ASDIV,LAMA-3.2-3B
994,baseline,94,"The buildings were intended to not have residential kitchens in them, what were they designed for?

Options:
A) large city
B) small
C) eat cake
D) university
E) town",,D,,"['B', 'B', 'B', 'B', 'D']",B,False,majority,0.8,"{'B': 4, 'D': 1}",5,1,0.2,1,False,,ASDIV,LAMA-3.2-3B
995,baseline,95,"Stabbing to death of a person is what sort of way to die?

Options:
A) pool of blood
B) gruesome
C) charming
D) being arrested
E) killing",,B,,"['E', 'B', 'E', 'E', 'E']",E,False,majority,0.8,"{'E': 4, 'B': 1}",5,1,0.2,1,False,,ASDIV,LAMA-3.2-3B
996,baseline,96,"What should everyone do who doesn't want to fight anymore?

Options:
A) explicate
B) pay tribute to king
C) hope for peace
D) wear shoes
E) do well",,C,,"['C', 'C', 'C', 'C', 'C']",C,True,majority,1.0,{'C': 5},5,5,1.0,0,False,,ASDIV,LAMA-3.2-3B
997,baseline,97,"If someone is found to be committing murder, what did they do to someone?

Options:
A) misery
B) kill
C) distress
D) tickel
E) go to jail",,B,,"['B', 'B', 'B', 'B', 'B']",B,True,majority,1.0,{'B': 5},5,5,1.0,0,False,,ASDIV,LAMA-3.2-3B
998,baseline,98,"Children's behavior is a direct reflection of their what?

Options:
A) parents
B) old people
C) play ball
D) many adults
E) grown ups",,A,,"['A', 'A', 'A', 'A', 'A']",A,True,majority,1.0,{'A': 5},5,5,1.0,0,False,,ASDIV,LAMA-3.2-3B
999,baseline,99,"Bart entered his horse into the contest.  Where did he do this?

Options:
A) circus
B) in kentucky
C) western movie
D) central park
E) state fair",,E,,"['A', 'E', 'E', 'A', 'E']",E,True,majority,0.6000000000000001,"{'A': 2, 'E': 3}",5,3,0.6000000000000001,2,False,,ASDIV,LAMA-3.2-3B
1000,baseline,100,"Where are horses judged on appearance?

Options:
A) race track
B) fair
C) raised by humans
D) in a field
E) countryside",,B,,"['B', 'B', 'B', 'B', 'B']",B,True,majority,1.0,{'B': 5},5,5,1.0,0,False,,ASDIV,LAMA-3.2-3B
1001,baseline,101,"What do people usually feel when falling in love?

Options:
A) getting married
B) pain
C) happiness
D) getting married
E) suffering",,C,,"['A', '', '', 'A', 'A']",A,False,majority,1.0,{'A': 3},3,0,0.0,0,False,,ASDIV,LAMA-3.2-3B
1002,baseline,102,"If a small flying animal picks up a string, where are they taking it?

Options:
A) bird's nest
B) park
C) guitar
D) kite
E) quark",,A,,"['A', 'A', 'B', 'A', 'A']",A,True,majority,0.8,"{'A': 4, 'B': 1}",5,4,0.8,1,False,,ASDIV,LAMA-3.2-3B
1003,baseline,103,"What could suddenly stop someone when he or she is running?

Options:
A) mushroom
B) falling down
C) sweating
D) exhaustion
E) getting tired",,B,,"['D', 'A', 'D', 'D', 'D']",D,False,majority,0.8,"{'D': 4, 'A': 1}",5,0,0.0,1,False,,ASDIV,LAMA-3.2-3B
1004,baseline,104,"Billy set aside a block of time for having fun after work. Why might he do this?

Options:
A) happiness
B) stress relief
C) pleasure
D) ocean
E) may laugh",,B,,"['A', 'A', 'C', 'B', 'B']",A,False,refiner_tiebreak,0.5,"{'A': 2, 'C': 1, 'B': 2}",6,2,0.33330000000000004,3,True,0.0,ASDIV,LAMA-3.2-3B
1005,baseline,105,"Joan wants to cook a potato, where should she place it?

Options:
A) boiling water
B) paper bag
C) restaurants
D) underground
E) cupboard",,A,,"['A', 'A', 'A', 'A', 'A']",A,True,majority,1.0,{'A': 5},5,5,1.0,0,False,,ASDIV,LAMA-3.2-3B
1006,baseline,106,"People are very much like the animals, but one thing has secured or dominance over the planet.  We're better at doing what?

Options:
A) eat eggs
B) make tools
C) eat dosa
D) talk to each other
E) smoke pot",,B,,"['B', 'D', 'B', 'D', 'D']",D,False,majority,0.6000000000000001,"{'B': 2, 'D': 3}",5,2,0.4,2,False,,ASDIV,LAMA-3.2-3B
1007,baseline,107,"Where do you head to travel to a star?

Options:
A) night sky
B) galaxy
C) outer space
D) hollywood
E) eat cake",,C,,"['A', 'A', 'A', 'A', 'C']",A,False,majority,0.8,"{'A': 4, 'C': 1}",5,1,0.2,1,False,,ASDIV,LAMA-3.2-3B
1008,baseline,108,"What does a person with a what likely do?

Options:
A) feel important
B) trust himself
C) own house
D) electrical circuit
E) know what time",,E,,"['A', 'C', 'A', 'C', 'B']",A,False,coin_flip,0.33330000000000004,"{'A': 2, 'C': 2, 'B': 1}",6,0,0.0,4,True,0.0,ASDIV,LAMA-3.2-3B
1009,baseline,109,"Playing baseball is a lot like any other sport, there is always a risk of what?

Options:
A) sore muscles
B) errors
C) happiness
D) injury
E) fun",,D,,"['D', 'D', 'D', 'D', 'D']",D,True,majority,1.0,{'D': 5},5,5,1.0,0,False,,ASDIV,LAMA-3.2-3B
1010,baseline,110,"James couldn't get comfortable.  There was too much dirt.  He needed to clean out what?

Options:
A) ground
B) subway
C) bank
D) bed
E) street",,D,,"['D', 'A', '', 'A', 'A']",A,False,majority,0.75,"{'D': 1, 'A': 3}",4,1,0.25,1,False,,ASDIV,LAMA-3.2-3B
1011,baseline,111,"The business man was promoted recently, to celebrate he went where to buy an expensive wristwatch?

Options:
A) case
B) jewelry store
C) shopping
D) jewelery box
E) hock",,B,,"['B', 'B', 'B', 'B', 'B']",B,True,majority,1.0,{'B': 5},5,5,1.0,0,False,,ASDIV,LAMA-3.2-3B
1012,baseline,112,"What is a possible outcome for committing murder?

Options:
A) problems
B) incarceration
C) trial
D) imprisonment
E) prosecution",,D,,"['D', 'D', 'B', 'B', 'D']",D,True,majority,0.6000000000000001,"{'D': 3, 'B': 2}",5,3,0.6000000000000001,2,False,,ASDIV,LAMA-3.2-3B
1013,baseline,113,"They kept doing things the same, she suggested they also try doing things what?

Options:
A) differently
B) otherwise
C) expensive
D) only
E) mere",,A,,"['A', 'A', 'A', 'A', 'A']",A,True,majority,1.0,{'A': 5},5,5,1.0,0,False,,ASDIV,LAMA-3.2-3B
1014,baseline,114,"Where is the control room that controls a PWR located?

Options:
A) building
B) factory
C) window
D) prison
E) nuclear power plant",,E,,"['E', 'E', 'E', 'E', 'A']",E,True,majority,0.8,"{'E': 4, 'A': 1}",5,4,0.8,1,False,,ASDIV,LAMA-3.2-3B
1015,baseline,115,"Where could you find a toilet that only friends can use?

Options:
A) rest area
B) school
C) stadium
D) apartment
E) hospital",,D,,"['A', 'A', 'D', 'A', 'A']",A,False,majority,0.8,"{'A': 4, 'D': 1}",5,1,0.2,1,False,,ASDIV,LAMA-3.2-3B
1016,baseline,116,"Immediately after peeing, a person's bladder is what?

Options:
A) collapsed
B) empty
C) full
D) filled
E) stretchable",,B,,"['C', 'A', 'B', 'B', 'B']",B,True,majority,0.6000000000000001,"{'C': 1, 'A': 1, 'B': 3}",5,3,0.6000000000000001,2,False,,ASDIV,LAMA-3.2-3B
1017,baseline,117,"Where would you find people standing in a line outside?

Options:
A) bus depot
B) end of line
C) opera
D) neighbor's house
E) meeting",,A,,"['B', 'B', 'A', 'A', 'B']",B,False,majority,0.6000000000000001,"{'B': 3, 'A': 2}",5,2,0.4,2,False,,ASDIV,LAMA-3.2-3B
1018,baseline,118,"The potato might be the official vegetable of what?

Options:
A) vegans
B) kitchen cupboard
C) restaurants
D) chicken
E) maryland",,E,,"['B', 'D', 'B', 'B', 'B']",B,False,majority,0.8,"{'B': 4, 'D': 1}",5,0,0.0,1,False,,ASDIV,LAMA-3.2-3B
1019,baseline,119,"What do you do in order to fly in airplane?

Options:
A) buy tickets
B) passenger
C) read
D) add gas
E) run through checklists",,A,,"['A', '', '', '', 'A']",A,True,majority,1.0,{'A': 2},2,2,1.0,0,False,,ASDIV,LAMA-3.2-3B
1020,baseline,120,"What is another name for a disk for storing information?

Options:
A) computer store
B) computer to store data
C) computer hard drive
D) cd player
E) usb mouse",,C,,"['C', 'C', 'C', 'C', 'C']",C,True,majority,1.0,{'C': 5},5,5,1.0,0,False,,ASDIV,LAMA-3.2-3B
1021,baseline,121,"When you wipe you feet on the door mat and walk through the door where do you enter?

Options:
A) a chair
B) school
C) living room
D) doorway
E) bathroom",,C,,"['D', 'D', 'D', 'D', 'D']",D,False,majority,1.0,{'D': 5},5,0,0.0,0,False,,ASDIV,LAMA-3.2-3B
1022,baseline,122,"When you get an F, you fail. If you get A's you are?

Options:
A) passed
B) completing
C) passed
D) passing
E) succeeding",,D,,"['', 'A', 'A', '', 'A']",A,False,majority,1.0,{'A': 3},3,0,0.0,0,False,,ASDIV,LAMA-3.2-3B
1023,baseline,123,"If a person were going to bed, what would be their goal?

Options:
A) lazy
B) insomnia
C) rest
D) falling asleep
E) dreaming of",,D,,"['A', 'A', 'D', 'C', 'A']",A,False,majority,0.6000000000000001,"{'A': 3, 'D': 1, 'C': 1}",5,1,0.2,2,False,,ASDIV,LAMA-3.2-3B
1024,baseline,124,"What could an apple tree do?

Options:
A) new hampshire
B) bloom
C) washington state
D) sunshine
E) spontaneously combust",,B,,"['B', 'A', 'B', 'B', 'A']",B,True,majority,0.6000000000000001,"{'B': 3, 'A': 2}",5,3,0.6000000000000001,2,False,,ASDIV,LAMA-3.2-3B
1025,baseline,125,"In what Spanish speaking North American country can you get a great cup of coffee?

Options:
A) mildred's coffee shop
B) mexico
C) diner
D) kitchen
E) canteen",,B,,"['B', 'B', 'B', 'B', 'B']",B,True,majority,1.0,{'B': 5},5,5,1.0,0,False,,ASDIV,LAMA-3.2-3B
1026,baseline,126,"What are you getting from you boss at the end of the week?

Options:
A) asking for
B) money
C) food
D) work
E) energy",,B,,"['D', 'B', '', '', 'B']",B,True,majority,0.6667000000000001,"{'D': 1, 'B': 2}",3,2,0.6667000000000001,1,False,,ASDIV,LAMA-3.2-3B
1027,baseline,127,"Why do people stop caring about their problems?

Options:
A) no problems
B) better themselves
C) face problems
D) learn from each other
E) become disillusioned",,E,,"['E', 'E', 'E', 'E', 'E']",E,True,majority,1.0,{'E': 5},5,5,1.0,0,False,,ASDIV,LAMA-3.2-3B
1028,baseline,128,"Where is a dining area likely to be small?

Options:
A) cruise ship
B) home
C) mall
D) restaurant
E) dark cave",,B,,"['A', 'A', 'D', 'A', 'A']",A,False,majority,0.8,"{'A': 4, 'D': 1}",5,0,0.0,1,False,,ASDIV,LAMA-3.2-3B
1029,baseline,129,"What is main benefit to exercising?

Options:
A) losing weight
B) healthy
C) get in shape
D) weight loss
E) sweat",,C,,"['B', 'B', 'A', 'A', 'C']",B,False,coin_flip,0.33330000000000004,"{'B': 2, 'A': 2, 'C': 1}",6,1,0.16670000000000001,4,True,0.0,ASDIV,LAMA-3.2-3B
1030,baseline,130,"Why would you go to an office?

Options:
A) work
B) school building
C) paper
D) city
E) habit",,A,,"['A', 'A', 'A', 'A', 'A']",A,True,majority,1.0,{'A': 5},5,5,1.0,0,False,,ASDIV,LAMA-3.2-3B
1031,baseline,131,"Where are you if your bieifcase is going through an x-ray machine?

Options:
A) luggage store
B) courtroom
C) airport
D) office building
E) hand",,C,,"['B', 'D', 'B', 'B', 'C']",B,False,majority,0.6000000000000001,"{'B': 3, 'D': 1, 'C': 1}",5,1,0.2,2,False,,ASDIV,LAMA-3.2-3B
1032,baseline,132,"If someone laughs after surprising them they have a good sense of what?

Options:
A) joy
B) fight
C) frightened
D) humor
E) laughter",,D,,"['E', 'A', 'E', 'E', 'E']",E,False,majority,0.8,"{'E': 4, 'A': 1}",5,0,0.0,1,False,,ASDIV,LAMA-3.2-3B
1033,baseline,133,"He came from old money and had a fortune, but he made new money making shrewd trades where?

Options:
A) eat cake
B) cookie
C) stock market
D) real estate
E) treasure chest",,C,,"['C', 'C', 'C', 'C', 'C']",C,True,majority,1.0,{'C': 5},5,5,1.0,0,False,,ASDIV,LAMA-3.2-3B
1034,baseline,134,"Punk rock music is an important part of what action sport?

Options:
A) skate
B) listen
C) opera
D) opera
E) relax",,A,,"['A', 'A', 'B', 'B', 'A']",A,True,majority,0.6000000000000001,"{'A': 3, 'B': 2}",5,3,0.6000000000000001,2,False,,ASDIV,LAMA-3.2-3B
1035,baseline,135,"How many hours are in a day?

Options:
A) week
B) bright
C) night
D) twenty four
E) year",,D,,"['D', 'A', 'A', 'A', 'A']",A,False,majority,0.8,"{'D': 1, 'A': 4}",5,1,0.2,1,False,,ASDIV,LAMA-3.2-3B
1036,baseline,136,"When someone is talking and you missed something, what can you do to get them to repeat it?

Options:
A) walking
B) ask question
C) think
D) write question in crayon
E) sneeze",,B,,"['B', 'B', 'B', 'B', 'B']",B,True,majority,1.0,{'B': 5},5,5,1.0,0,False,,ASDIV,LAMA-3.2-3B
1037,baseline,137,"What do people aim to do at work?

Options:
A) complete job
B) learn from each other
C) kill animals
D) wear hats
E) talk to each other",,A,,"['', '', 'B', '', 'B']",B,False,majority,1.0,{'B': 2},2,0,0.0,0,False,,ASDIV,LAMA-3.2-3B
1038,baseline,138,"After working on the car, what did it end up doing?

Options:
A) going too fast
B) last several years
C) honk the horn
D) go fast
E) start running",,E,,"['B', 'E', 'A', 'A', 'A']",A,False,majority,0.6000000000000001,"{'B': 1, 'E': 1, 'A': 3}",5,1,0.2,2,False,,ASDIV,LAMA-3.2-3B
1039,baseline,139,"The person signed up for home insurance, what is he seeking?

Options:
A) financial security
B) live well
C) good relationship
D) compliments
E) discounted furniture",,A,,"['A', 'A', 'A', 'A', 'A']",A,True,majority,1.0,{'A': 5},5,5,1.0,0,False,,ASDIV,LAMA-3.2-3B
1040,baseline,140,"Where is a doormat likely to be in front of?

Options:
A) facade
B) front door
C) doorway
D) entrance porch
E) hallway",,B,,"['B', 'B', 'A', 'B', 'B']",B,True,majority,0.8,"{'B': 4, 'A': 1}",5,4,0.8,1,False,,ASDIV,LAMA-3.2-3B
1041,baseline,141,"What might a very large table be?

Options:
A) dining room
B) conference
C) kitchen
D) in a lake
E) demonstration",,B,,"['A', 'A', 'A', 'A', 'A']",A,False,majority,1.0,{'A': 5},5,0,0.0,0,False,,ASDIV,LAMA-3.2-3B
1042,baseline,142,"John bought a new water hose.  But he found his old one near his car.  Where did he find the old one?

Options:
A) garden shed
B) hardware store
C) greenhouse
D) garage
E) in a van",,D,,"['D', 'D', 'A', 'D', 'D']",D,True,majority,0.8,"{'D': 4, 'A': 1}",5,4,0.8,1,False,,ASDIV,LAMA-3.2-3B
1043,baseline,143,"The person wasn't bothered by the weather, she had remembered to bring her what?

Options:
A) read book
B) own house
C) apartment
D) more rice
E) warm coat",,E,,"['B', 'B', 'B', 'B', 'B']",B,False,majority,1.0,{'B': 5},5,0,0.0,0,False,,ASDIV,LAMA-3.2-3B
1044,baseline,144,"When you slip from a ladder propped on anything what will you do?

Options:
A) obesity
B) fall down
C) matter to
D) whatever
E) surprise",,B,,"['B', 'C', 'B', 'A', 'B']",B,True,majority,0.6000000000000001,"{'B': 3, 'C': 1, 'A': 1}",5,3,0.6000000000000001,2,False,,ASDIV,LAMA-3.2-3B
1045,baseline,145,"Why would a person like to have a large house?

Options:
A) have choice
B) mentally challenged
C) own house
D) obesity
E) lots of space",,E,,"['C', 'D', 'E', 'E', 'E']",E,True,majority,0.6000000000000001,"{'C': 1, 'D': 1, 'E': 3}",5,3,0.6000000000000001,2,False,,ASDIV,LAMA-3.2-3B
1046,baseline,146,"If a heifer is really high quality, you might take her where?

Options:
A) home
B) dairy farm
C) cattle show
D) dairy barn
E) corral",,C,,"['D', 'B', 'A', 'D', 'D']",D,False,majority,0.6000000000000001,"{'D': 3, 'B': 1, 'A': 1}",5,0,0.0,2,False,,ASDIV,LAMA-3.2-3B
1047,baseline,147,"What is a person considered a bully known for?

Options:
A) ridiculous
B) false information
C) made fun of
D) brain tumor
E) bull rider",,C,,"['C', 'C', 'C', 'C', 'C']",C,True,majority,1.0,{'C': 5},5,5,1.0,0,False,,ASDIV,LAMA-3.2-3B
1048,baseline,148,"Before racers start to run they must do what at the starting line?

Options:
A) learn to walk
B) walking
C) walk slowly
D) breathe
E) stand still",,E,,"['B', 'A', 'B', 'B', 'B']",B,False,majority,0.8,"{'B': 4, 'A': 1}",5,0,0.0,1,False,,ASDIV,LAMA-3.2-3B
1049,baseline,149,"John and Tim like playing. It makes them what?

Options:
A) feeling happy
B) learning
C) injury
D) burn
E) get hungry",,A,,"['A', 'A', 'A', 'A', '']",A,True,majority,1.0,{'A': 4},4,4,1.0,0,False,,ASDIV,LAMA-3.2-3B
1050,baseline,150,"What does a kindergarten teacher do before nap time?

Options:
A) lower expectations
B) encourage
C) fear
D) time test
E) tell story",,E,,"['B', 'B', 'A', 'B', 'B']",B,False,majority,0.8,"{'B': 4, 'A': 1}",5,0,0.0,1,False,,ASDIV,LAMA-3.2-3B
1051,baseline,151,"The smelly man was having a bath, but what is he pursuing?

Options:
A) hydration
B) being clear
C) personal cleanliness
D) will drown
E) use of water",,C,,"['C', 'E', 'A', 'C', 'C']",C,True,majority,0.6000000000000001,"{'C': 3, 'E': 1, 'A': 1}",5,3,0.6000000000000001,2,False,,ASDIV,LAMA-3.2-3B
1052,baseline,152,"The forest experienced a cold winter, where is it located?

Options:
A) earth
B) south america
C) amazon basin
D) temperate zone
E) national park",,D,,"['C', 'D', 'D', 'C', 'A']",C,False,coin_flip,0.33330000000000004,"{'C': 2, 'D': 2, 'A': 1}",6,2,0.33330000000000004,4,True,0.0,ASDIV,LAMA-3.2-3B
1053,baseline,153,"What does a person do when they feel dirty?

Options:
A) feel lucky
B) cross street
C) wash themselves
D) eat
E) wonder what happened",,C,,"['A', 'C', 'C', 'C', 'A']",C,True,majority,0.6000000000000001,"{'A': 2, 'C': 3}",5,3,0.6000000000000001,2,False,,ASDIV,LAMA-3.2-3B
1054,baseline,154,"If you partied all night you could find yourself already what, even when just beginning work?

Options:
A) getting tired
B) working
C) procrastination
D) jumping
E) sitting down",,A,,"['A', 'B', 'B', 'B', 'B']",B,False,majority,0.8,"{'A': 1, 'B': 4}",5,1,0.2,1,False,,ASDIV,LAMA-3.2-3B
1055,baseline,155,"Where is a good place to have a fireplace in a house?

Options:
A) big house
B) train
C) cabin
D) living room
E) home",,D,,"['D', 'E', 'D', 'D', 'A']",D,True,majority,0.6000000000000001,"{'D': 3, 'E': 1, 'A': 1}",5,3,0.6000000000000001,2,False,,ASDIV,LAMA-3.2-3B
1056,baseline,156,"Where is the worst place to be in a ticket office?

Options:
A) at the top
B) movie theaters
C) train station
D) end of line
E) opera house",,D,,"['A', 'D', 'A', 'A', 'A']",A,False,majority,0.8,"{'A': 4, 'D': 1}",5,1,0.2,1,False,,ASDIV,LAMA-3.2-3B
1057,baseline,157,"It's dangerous to let pet birds free so it's better to keep them what?

Options:
A) slavery
B) caught
C) caged in
D) topfree
E) prisoner",,C,,"['C', 'C', 'C', 'C', 'C']",C,True,majority,1.0,{'C': 5},5,5,1.0,0,False,,ASDIV,LAMA-3.2-3B
1058,baseline,158,"How might releasing energy that has built up feel?

Options:
A) damage
B) wonderful
C) exhaustion
D) orgasm
E) lazy",,B,,"['A', 'A', 'B', 'B', 'A']",A,False,majority,0.6000000000000001,"{'A': 3, 'B': 2}",5,2,0.4,2,False,,ASDIV,LAMA-3.2-3B
1059,baseline,159,"What kind of place has a leader?

Options:
A) army
B) battle
C) wildlife
D) country
E) organization",,D,,"['D', 'D', 'D', 'D', 'D']",D,True,majority,1.0,{'D': 5},5,5,1.0,0,False,,ASDIV,LAMA-3.2-3B
1060,baseline,160,"What is the opposite of a little of something?

Options:
A) much
B) plenty
C) more
D) big
E) lot of",,E,,"['D', 'C', 'B', 'A', 'A']",A,False,majority,0.4,"{'D': 1, 'C': 1, 'B': 1, 'A': 2}",5,0,0.0,3,False,,ASDIV,LAMA-3.2-3B
1061,baseline,161,"What is likely to be found in a book that is not a foreword?

Options:
A) last word
B) conclusion
C) ikea instructions
D) afterword
E) epilogue",,E,,"['B', 'B', 'B', 'B', 'A']",B,False,majority,0.8,"{'B': 4, 'A': 1}",5,0,0.0,1,False,,ASDIV,LAMA-3.2-3B
1062,baseline,162,"She loved spending money at the thrift store on knickknacks, this resulted in a lot of what on every shelf in her house?

Options:
A) poverty
B) clutter
C) getting
D) satisfaction
E) more happiness",,B,,"['B', 'B', 'B', 'B', 'B']",B,True,majority,1.0,{'B': 5},5,5,1.0,0,False,,ASDIV,LAMA-3.2-3B
1063,baseline,163,"Where would a corpse be covered by a blanket?

Options:
A) bath store
B) bedroom
C) hospital
D) flower garden
E) michigan",,C,,"['A', 'A', 'A', 'B', 'A']",A,False,majority,0.8,"{'A': 4, 'B': 1}",5,0,0.0,1,False,,ASDIV,LAMA-3.2-3B
1064,baseline,164,"After recovering from the disease, what did the doctor call the patient?

Options:
A) healthy
B) passing around
C) cure
D) wellness
E) healthy",,A,,"['A', 'D', 'D', 'D', 'E']",D,False,majority,0.6000000000000001,"{'A': 1, 'D': 3, 'E': 1}",5,1,0.2,2,False,,ASDIV,LAMA-3.2-3B
1065,baseline,165,"Where would you go to get some pamphlets if you want to own them?

Options:
A) bookstore
B) drawer
C) health department
D) mail box
E) library",,A,,"['A', 'E', 'E', 'B', 'A']",E,False,refiner_tiebreak,0.5,"{'A': 2, 'E': 2, 'B': 1}",6,2,0.33330000000000004,3,True,0.0,ASDIV,LAMA-3.2-3B
1066,baseline,166,"Jane works for the government as a senator, where does she spend a lot of time?

Options:
A) capitol building
B) everything
C) washington d.c
D) russia
E) canada",,A,,"['C', 'C', 'C', 'C', 'C']",C,False,majority,1.0,{'C': 5},5,0,0.0,0,False,,ASDIV,LAMA-3.2-3B
1067,baseline,167,"If I want to watch a movie without leaving my home what might I use?

Options:
A) drive in movie
B) drive in movie
C) television
D) video store
E) show",,C,,"['C', 'C', 'C', 'C', 'C']",C,True,majority,1.0,{'C': 5},5,5,1.0,0,False,,ASDIV,LAMA-3.2-3B
1068,baseline,168,"Why does someone flirt with many people at once?

Options:
A) have sex
B) get laid
C) were lonely
D) attract attention
E) dance",,D,,"['A', 'D', '', 'D', 'A']",D,True,refiner_tiebreak,0.6000000000000001,"{'A': 2, 'D': 2}",5,3,0.6000000000000001,2,True,1.0,ASDIV,LAMA-3.2-3B
1069,baseline,169,"Where can you put a picture frame when it's not hung vertically?

Options:
A) art show
B) wall
C) newspaper
D) car
E) table",,E,,"['A', 'A', 'B', 'A', 'A']",A,False,majority,0.8,"{'A': 4, 'B': 1}",5,0,0.0,1,False,,ASDIV,LAMA-3.2-3B
1070,baseline,170,"Where would you get a shower curtain if you do not have one?

Options:
A) department store
B) restaurant
C) hotel
D) dime store
E) bathtub",,A,,"['A', 'A', 'A', 'A', 'A']",A,True,majority,1.0,{'A': 5},5,5,1.0,0,False,,ASDIV,LAMA-3.2-3B
1071,baseline,171,"You have to a lot of thinking while studying a new subject, but it is how you gain what?

Options:
A) fatigue
B) depression
C) best way
D) weight
E) knowledge",,E,,"['E', 'E', 'E', 'A', 'E']",E,True,majority,0.8,"{'E': 4, 'A': 1}",5,4,0.8,1,False,,ASDIV,LAMA-3.2-3B
1072,baseline,172,"Janet was watching the film because she liked what?

Options:
A) erection
B) laughter
C) being entertained
D) fear
E) bordem",,C,,"['A', 'A', '', 'C', 'B']",A,False,majority,0.5,"{'A': 2, 'C': 1, 'B': 1}",4,1,0.25,2,False,,ASDIV,LAMA-3.2-3B
1073,baseline,173,"With the card slot lit up he knew how to get started finding his balance with what?

Options:
A) slot machine
B) ticket machine
C) bank machine
D) telephone
E) automated teller",,E,,"['B', 'A', 'A', 'A', 'A']",A,False,majority,0.8,"{'B': 1, 'A': 4}",5,0,0.0,1,False,,ASDIV,LAMA-3.2-3B
1074,baseline,174,"John and James are idiots. They bought two tickets to the Falcons vs the Jets even though neither wanted to see the what?

Options:
A) internet cafe
B) sporting event
C) pressing wrong buttons
D) obesity
E) hockey game",,B,,"['B', 'D', 'B', 'B', 'C']",B,True,majority,0.6000000000000001,"{'B': 3, 'D': 1, 'C': 1}",5,3,0.6000000000000001,2,False,,ASDIV,LAMA-3.2-3B
1075,baseline,175,"What would you put coins into to make it work?

Options:
A) stove
B) water fountain
C) desk
D) purse
E) jar",,B,,"['A', 'A', 'A', 'A', 'B']",A,False,majority,0.8,"{'A': 4, 'B': 1}",5,1,0.2,1,False,,ASDIV,LAMA-3.2-3B
1076,baseline,176,"What kind of feelings does buying presents for others create?

Options:
A) tears
B) please
C) like
D) thank
E) make happy",,E,,"['', 'E', 'A', 'D', 'E']",E,True,majority,0.5,"{'E': 2, 'A': 1, 'D': 1}",4,2,0.5,2,False,,ASDIV,LAMA-3.2-3B
1077,baseline,177,"What is a place that has a bench nestled in trees?

Options:
A) state park
B) bus stop
C) bus depot
D) statue
E) train station",,A,,"['B', 'A', 'A', 'A', 'A']",A,True,majority,0.8,"{'B': 1, 'A': 4}",5,4,0.8,1,False,,ASDIV,LAMA-3.2-3B
1078,baseline,178,"Where are there likely to be a variety of flats to choose from?

Options:
A) london
B) apartment building
C) city
D) falling down
E) town",,C,,"['B', 'A', 'B', 'B', 'B']",B,False,majority,0.8,"{'B': 4, 'A': 1}",5,0,0.0,1,False,,ASDIV,LAMA-3.2-3B
1079,baseline,179,"Where can you buy a two wheel transportation machine?

Options:
A) boat
B) michigan
C) train station
D) bicycle shop
E) trunk of car",,D,,"['D', 'D', 'D', 'D', 'D']",D,True,majority,1.0,{'D': 5},5,5,1.0,0,False,,ASDIV,LAMA-3.2-3B
1080,baseline,180,"When you see something rise, you are where in relation to it?

Options:
A) sun set
B) near
C) fall
D) below
E) lower",,D,,"['', 'B', 'B', 'B', 'B']",B,False,majority,1.0,{'B': 4},4,0,0.0,0,False,,ASDIV,LAMA-3.2-3B
1081,baseline,181,"What do people do when they think too quickly?

Options:
A) jump to conclusions
B) hurry home
C) build trust
D) pay bills
E) sing",,A,,"['A', 'A', 'A', 'A', '']",A,True,majority,1.0,{'A': 4},4,4,1.0,0,False,,ASDIV,LAMA-3.2-3B
1082,baseline,182,"James was below the balloon.  He watched it rise.  What direction did he look in?

Options:
A) upstairs
B) aloft
C) diagonal
D) upstream
E) upwards",,E,,"['', '', 'A', 'A', '']",A,False,majority,1.0,{'A': 2},2,0,0.0,0,False,,ASDIV,LAMA-3.2-3B
1083,baseline,183,"Where could you find hundreds of beauty salon?

Options:
A) clerk
B) mall
C) strip mall
D) city
E) neighborhood",,D,,"['B', 'D', 'D', 'B', 'B']",B,False,majority,0.6000000000000001,"{'B': 3, 'D': 2}",5,2,0.4,2,False,,ASDIV,LAMA-3.2-3B
1084,baseline,184,"When someone is physically competing what does their body do?

Options:
A) tension
B) perform better
C) releases heat
D) winning or losing
E) sweat",,E,,"['A', 'C', 'E', 'C', 'C']",C,False,majority,0.6000000000000001,"{'A': 1, 'C': 3, 'E': 1}",5,1,0.2,2,False,,ASDIV,LAMA-3.2-3B
1085,baseline,185,"Why do young people swallow semen ?

Options:
A) you're into
B) prostitute
C) you're curious
D) curiosity
E) heterosexual woman in love",,C,,"['D', 'A', 'C', 'A', 'B']",A,False,majority,0.4,"{'D': 1, 'A': 2, 'C': 1, 'B': 1}",5,1,0.2,3,False,,ASDIV,LAMA-3.2-3B
1086,baseline,186,"Bill wanted to pick up a stranger, preferably a responsible one with kids.  Where might he look for one?

Options:
A) bus station
B) paradise
C) train station
D) park
E) sea",,D,,"['D', 'B', 'B', 'A', 'D']",D,True,coin_flip,0.33330000000000004,"{'D': 2, 'B': 2, 'A': 1}",6,2,0.33330000000000004,4,True,0.0,ASDIV,LAMA-3.2-3B
1087,baseline,187,"Where is hard to read note likely to be?

Options:
A) fridge
B) sheet music
C) desk
D) bed
E) medical chart",,E,,"['A', 'A', 'A', 'A', 'A']",A,False,majority,1.0,{'A': 5},5,0,0.0,0,False,,ASDIV,LAMA-3.2-3B
1088,baseline,188,"If you're seeking a connection for your laptop, what are you trying to hook up with?

Options:
A) computer network
B) electrical circuit
C) lineage
D) company
E) wall",,A,,"['A', 'A', 'A', 'A', 'A']",A,True,majority,1.0,{'A': 5},5,5,1.0,0,False,,ASDIV,LAMA-3.2-3B
1089,baseline,189,"Animals who have hair and don't lay eggs are what?

Options:
A) reproduce asexually
B) males
C) mammals
D) attack
E) ocean",,C,,"['C', 'C', 'C', 'C', 'C']",C,True,majority,1.0,{'C': 5},5,5,1.0,0,False,,ASDIV,LAMA-3.2-3B
1090,baseline,190,"Dan was ditting quietly on the couch with a book in his hand.  Laurie thought that he was just focused on what he was doing, but he actually did what?

Options:
A) eat
B) think
C) reading
D) meditate
E) fall asleep",,E,,"['C', 'C', 'C', 'A', 'C']",C,False,majority,0.8,"{'C': 4, 'A': 1}",5,0,0.0,1,False,,ASDIV,LAMA-3.2-3B
1091,baseline,191,"Where is knight always portrayed as a hero?

Options:
A) middle ages
B) chess board
C) kids story
D) fairy tale
E) castle",,D,,"['D', 'E', 'B', 'B', 'B']",B,False,majority,0.6000000000000001,"{'D': 1, 'E': 1, 'B': 3}",5,1,0.2,2,False,,ASDIV,LAMA-3.2-3B
1092,baseline,192,"To what do trees roots cling?

Options:
A) yard
B) orchard
C) museum
D) countryside
E) surface of earth",,E,,"['E', 'E', 'E', 'A', 'E']",E,True,majority,0.8,"{'E': 4, 'A': 1}",5,4,0.8,1,False,,ASDIV,LAMA-3.2-3B
1093,baseline,193,"Where would you have a stove if you don't live in a detached dwelling?

Options:
A) tent
B) car
C) living room
D) friend's house
E) apartment",,E,,"['A', 'D', 'A', 'E', 'E']",A,False,coin_flip,0.33330000000000004,"{'A': 2, 'D': 1, 'E': 2}",6,2,0.33330000000000004,4,True,0.0,ASDIV,LAMA-3.2-3B
1094,baseline,194,"Exercise is very good for you, for faster recovery you should always do what afterwards?

Options:
A) stretch
B) lower cholesterol
C) weigh
D) track
E) expend energy",,A,,"['B', 'A', 'B', 'B', 'A']",B,False,majority,0.6000000000000001,"{'B': 3, 'A': 2}",5,2,0.4,2,False,,ASDIV,LAMA-3.2-3B
1095,baseline,195,"Metal is taken from what which is pulled from the ground?

Options:
A) dirt
B) instruments
C) ore
D) car
E) junkyard",,C,,"['C', 'C', 'C', 'C', 'C']",C,True,majority,1.0,{'C': 5},5,5,1.0,0,False,,ASDIV,LAMA-3.2-3B
1096,baseline,196,"While walking the student needed to store his writing insturment away, where did he put it?

Options:
A) desk drawer
B) cabinet
C) purse
D) classroom
E) pocket",,E,,"['A', 'A', 'A', 'A', 'A']",A,False,majority,1.0,{'A': 5},5,0,0.0,0,False,,ASDIV,LAMA-3.2-3B
1097,baseline,197,"James found the sound relaxing.   It was so relaxing he almost did what despite his efforts?

Options:
A) deep breathing
B) worried
C) fall asleep
D) invigorating
E) feeling good",,C,,"['C', 'A', 'E', 'E', 'E']",E,False,majority,0.6000000000000001,"{'C': 1, 'A': 1, 'E': 3}",5,1,0.2,2,False,,ASDIV,LAMA-3.2-3B
1098,baseline,198,"What could you use to get to some airplanes?

Options:
A) taxi
B) carry people
C) car
D) stall
E) crash",,A,,"['A', 'A', 'A', 'A', 'A']",A,True,majority,1.0,{'A': 5},5,5,1.0,0,False,,ASDIV,LAMA-3.2-3B
1099,baseline,199,"If there is a pond with trees around it, where it it likely located?

Options:
A) ground
B) bathroom
C) forest
D) countryside
E) rural area",,C,,"['E', 'C', 'C', 'A', 'C']",C,True,majority,0.6000000000000001,"{'E': 1, 'C': 3, 'A': 1}",5,3,0.6000000000000001,2,False,,ASDIV,LAMA-3.2-3B
1100,baseline,200,"Paul wants carrots and doesn't need to drive anywhere. He gets them from where?

Options:
A) refrigerator
B) store
C) farmer's market
D) supermarket
E) dryer",,A,,"['', 'A', 'A', 'A', 'D']",A,True,majority,0.75,"{'A': 3, 'D': 1}",4,3,0.75,1,False,,ASDIV,LAMA-3.2-3B
1101,baseline,201,"The butt was bare, and Sam couldn't stop staring at it.  It was very what?

Options:
A) full
B) ample
C) covered
D) bareword
E) ample",,B,,"['C', 'C', '', 'C', 'C']",C,False,majority,1.0,{'C': 4},4,0,0.0,0,False,,ASDIV,LAMA-3.2-3B
1102,baseline,202,"I did not need a servant.  I was not a what?

Options:
A) freedom
B) rich person
C) hired help
D) in charge
E) busy",,B,,"['C', 'C', 'C', 'A', 'C']",C,False,majority,0.8,"{'C': 4, 'A': 1}",5,0,0.0,1,False,,ASDIV,LAMA-3.2-3B
1103,baseline,203,"Crabs live in what sort of environment?

Options:
A) maritime
B) bodies of water
C) saltwater
D) galapagos
E) fish market",,C,,"['B', 'B', 'A', 'E', '']",B,False,majority,0.5,"{'B': 2, 'A': 1, 'E': 1}",4,0,0.0,2,False,,ASDIV,LAMA-3.2-3B
1104,baseline,204,"What would you do if you have curiosity but are blind and paralyzed?

Options:
A) hear news
B) analyse
C) go somewhere
D) examine thing
E) see favorite show",,B,,"['D', 'D', '', '', 'D']",D,False,majority,1.0,{'D': 3},3,0,0.0,0,False,,ASDIV,LAMA-3.2-3B
1105,baseline,205,"Where do you keep your pizza slice before you eat it?

Options:
A) table
B) plate
C) restaurant
D) oven
E) popular",,B,,"['A', 'B', 'A', 'A', 'B']",A,False,majority,0.6000000000000001,"{'A': 3, 'B': 2}",5,2,0.4,2,False,,ASDIV,LAMA-3.2-3B
1106,baseline,206,"As a result of dying, what happens to organic material?

Options:
A) change of color
B) stop breathing
C) wake up
D) death and decay
E) getting cold",,D,,"['D', 'D', 'D', 'D', 'D']",D,True,majority,1.0,{'D': 5},5,5,1.0,0,False,,ASDIV,LAMA-3.2-3B
1107,baseline,207,"The planet Mercury is unsuitable for human life or what?

Options:
A) toxic
B) uninhabitable
C) mercury sulphide
D) poisonous
E) jupiter",,B,,"['B', 'B', 'B', 'B', 'B']",B,True,majority,1.0,{'B': 5},5,5,1.0,0,False,,ASDIV,LAMA-3.2-3B
1108,baseline,208,"Where would you use a folding chair but not store one?

Options:
A) beach
B) city hall
C) closet
D) garage
E) school",,A,,"['B', 'D', 'A', 'B', 'B']",B,False,majority,0.6000000000000001,"{'B': 3, 'D': 1, 'A': 1}",5,1,0.2,2,False,,ASDIV,LAMA-3.2-3B
1109,baseline,209,"What regions of a town would you have found a dime store?

Options:
A) commercial building
B) old movie
C) small neighborhood
D) past
E) mall",,C,,"['A', 'A', 'C', 'C', 'E']",C,True,refiner_tiebreak,0.5,"{'A': 2, 'C': 2, 'E': 1}",6,3,0.5,3,True,1.0,ASDIV,LAMA-3.2-3B
1110,baseline,210,"What would you put meat on top of to cook it?

Options:
A) oil
B) freezer
C) ham sandwich
D) oven
E) frying pan",,E,,"['A', 'A', '', 'D', 'A']",A,False,majority,0.75,"{'A': 3, 'D': 1}",4,0,0.0,1,False,,ASDIV,LAMA-3.2-3B
1111,baseline,211,"They were hoping their campaign would create a rise in awareness of the problem and hopefully do what to its effect?

Options:
A) set
B) fall
C) park
D) descend
E) reduce",,E,,"['B', 'B', 'E', 'B', 'A']",B,False,majority,0.6000000000000001,"{'B': 3, 'E': 1, 'A': 1}",5,1,0.2,2,False,,ASDIV,LAMA-3.2-3B
1112,baseline,212,"What is the primary purpose of cars?

Options:
A) cost money
B) slow down
C) move people
D) turn right
E) get girls",,C,,"['', '', 'C', 'A', '']",C,True,refiner_tiebreak,0.6667000000000001,"{'C': 1, 'A': 1}",3,2,0.6667000000000001,1,True,1.0,ASDIV,LAMA-3.2-3B
1113,baseline,213,"What kind of cold storage could you find in your house?

Options:
A) ice pack
B) freezer
C) laboratory
D) warehouse
E) refrigerator",,E,,"['E', 'E', 'A', 'E', 'A']",E,True,majority,0.6000000000000001,"{'E': 3, 'A': 2}",5,3,0.6000000000000001,2,False,,ASDIV,LAMA-3.2-3B
1114,baseline,214,"Where would a person live that isn't in the metro area but still has good schools?

Options:
A) woods
B) bed
C) suburbs
D) rural
E) neighborhood",,C,,"['A', 'C', 'C', 'C', 'A']",C,True,majority,0.6000000000000001,"{'A': 2, 'C': 3}",5,3,0.6000000000000001,2,False,,ASDIV,LAMA-3.2-3B
1115,baseline,215,"Bob's only light source was a small bulb.  There were four walls, if there was a door he couldn't see it.  What was Bob in?

Options:
A) closed room
B) sky
C) dard
D) his grave
E) house",,A,,"['A', 'A', 'A', 'A', 'A']",A,True,majority,1.0,{'A': 5},5,5,1.0,0,False,,ASDIV,LAMA-3.2-3B
1116,baseline,216,"Christians believe you will go to heaven if you're what?

Options:
A) unable to work
B) born again
C) change of color
D) dead
E) no longer exist",,B,,"['D', 'B', 'B', 'D', 'B']",B,True,majority,0.6000000000000001,"{'D': 2, 'B': 3}",5,3,0.6000000000000001,2,False,,ASDIV,LAMA-3.2-3B
1117,baseline,217,"Where would you find a monkey in the wild?

Options:
A) zoo
B) barrel
C) research laboratory
D) captivity
E) thailand",,E,,"['D', 'D', 'D', 'A', 'D']",D,False,majority,0.8,"{'D': 4, 'A': 1}",5,0,0.0,1,False,,ASDIV,LAMA-3.2-3B
1118,baseline,218,"Billy was an astronaut.  When he looked at the world from space, how did it look?

Options:
A) diverse
B) round
C) square
D) orange
E) complicated",,B,,"['B', 'B', 'A', 'C', 'B']",B,True,majority,0.6000000000000001,"{'B': 3, 'A': 1, 'C': 1}",5,3,0.6000000000000001,2,False,,ASDIV,LAMA-3.2-3B
1119,baseline,219,"What does a child learn to do before school?

Options:
A) count to ten
B) state name
C) dress herself
D) clean room
E) socialize",,C,,"['B', 'B', 'B', 'B', 'B']",B,False,majority,1.0,{'B': 5},5,0,0.0,0,False,,ASDIV,LAMA-3.2-3B
1120,baseline,220,"Where is a drug kept in a home bathroom?

Options:
A) nursery
B) ghetto
C) cupboard
D) pharmacy
E) medicine cabinet",,E,,"['E', 'E', 'E', 'E', 'E']",E,True,majority,1.0,{'E': 5},5,5,1.0,0,False,,ASDIV,LAMA-3.2-3B
1121,baseline,221,"What is a philosopher waiting for to eventually gain through his studies?

Options:
A) job
B) boredom
C) anxiety
D) impatience
E) wisdom",,E,,"['E', 'E', 'E', 'A', 'A']",E,True,majority,0.6000000000000001,"{'E': 3, 'A': 2}",5,3,0.6000000000000001,2,False,,ASDIV,LAMA-3.2-3B
1122,baseline,222,"The company sent off many purchases, they used recycled cardboard as their what?

Options:
A) packaging materials
B) recycle bin
C) box factory
D) warehouse
E) bowler hats",,A,,"['A', 'A', 'A', 'A', 'A']",A,True,majority,1.0,{'A': 5},5,5,1.0,0,False,,ASDIV,LAMA-3.2-3B
1123,baseline,223,"Where would you expect to find white mice?

Options:
A) bell cat
B) bush
C) attic
D) countryside
E) laboratory",,E,,"['A', 'A', 'C', 'D', 'B']",A,False,majority,0.4,"{'A': 2, 'C': 1, 'D': 1, 'B': 1}",5,0,0.0,3,False,,ASDIV,LAMA-3.2-3B
1124,baseline,224,"If I put in my key and open a hinged door, where am I likely entering?

Options:
A) kitchen
B) safe
C) own house
D) building
E) pantry",,C,,"['', '', '', 'A', '']",A,False,majority,1.0,{'A': 1},1,0,0.0,0,False,,ASDIV,LAMA-3.2-3B
1125,baseline,225,"If you're watching a comedy film what would you expect to hear from the audience?

Options:
A) park
B) insight
C) being entertained
D) laughter
E) fear",,D,,"['C', 'C', 'D', 'A', 'A']",C,False,refiner_tiebreak,0.5,"{'C': 2, 'D': 1, 'A': 2}",6,1,0.16670000000000001,3,True,0.0,ASDIV,LAMA-3.2-3B
1126,baseline,226,"What could go to a tennis court?

Options:
A) desert
B) college campus
C) recreational center
D) athletic club
E) park",,D,,"['A', 'A', 'B', 'A', 'A']",A,False,majority,0.8,"{'A': 4, 'B': 1}",5,0,0.0,1,False,,ASDIV,LAMA-3.2-3B
1127,baseline,227,"I took my seat, the curtains drew back and I enjoyed the what?

Options:
A) airplane
B) movie
C) auditorium
D) theatre
E) show",,E,,"['D', 'D', 'D', 'D', 'D']",D,False,majority,1.0,{'D': 5},5,0,0.0,0,False,,ASDIV,LAMA-3.2-3B
1128,baseline,228,"The man closed his eyes as the music played, what effect did the music have?

Options:
A) coma
B) enjoyable
C) soothing
D) universal
E) good or bad",,C,,"['A', 'A', 'A', 'A', 'B']",A,False,majority,0.8,"{'A': 4, 'B': 1}",5,0,0.0,1,False,,ASDIV,LAMA-3.2-3B
1129,baseline,229,"The poker dealer spread the flop of cards across the what?

Options:
A) players
B) play games
C) casino
D) table
E) toy store",,D,,"['D', 'D', 'D', 'D', 'D']",D,True,majority,1.0,{'D': 5},5,5,1.0,0,False,,ASDIV,LAMA-3.2-3B
1130,baseline,230,"Setting up framing, truss and beam are some of the first steps in what?

Options:
A) new construction
B) warehouse
C) driving
D) ceiling
E) bridge",,A,,"['A', 'A', 'A', 'A', 'A']",A,True,majority,1.0,{'A': 5},5,5,1.0,0,False,,ASDIV,LAMA-3.2-3B
1131,baseline,231,"Where might you see a green field while driving?

Options:
A) kansas
B) meadow
C) farmland
D) countryside
E) rural area",,D,,"['A', 'D', 'A', 'A', 'A']",A,False,majority,0.8,"{'A': 4, 'D': 1}",5,1,0.2,1,False,,ASDIV,LAMA-3.2-3B
1132,baseline,232,"If it's not used for hair a round brush is an example of what?

Options:
A) hair brush
B) ladies bathroom
C) art supplies
D) shower
E) hair salon",,C,,"['A', 'E', 'E', 'E', 'A']",E,False,majority,0.6000000000000001,"{'A': 2, 'E': 3}",5,0,0.0,2,False,,ASDIV,LAMA-3.2-3B
1133,baseline,233,"The baby was cranky, it needed to eat breakfast but refused to what?

Options:
A) buy food
B) open mouth
C) get out of bed
D) cry
E) wake up",,B,,"['', 'D', 'D', 'E', '']",D,False,majority,0.6667000000000001,"{'D': 2, 'E': 1}",3,0,0.0,1,False,,ASDIV,LAMA-3.2-3B
1134,baseline,234,"What are you waiting alongside with when you're in a reception area?

Options:
A) motel
B) chair
C) hospital
D) people
E) hotels",,D,,"['A', 'B', 'B', 'B', 'D']",B,False,majority,0.6000000000000001,"{'A': 1, 'B': 3, 'D': 1}",5,1,0.2,2,False,,ASDIV,LAMA-3.2-3B
1135,baseline,235,"What do you want someone to do when you illustrate point?

Options:
A) did not understand
B) accepting
C) make clear
D) understood
E) understanding",,E,,"['', '', 'A', '', 'D']",D,False,refiner_tiebreak,0.6667000000000001,"{'A': 1, 'D': 1}",3,0,0.0,1,True,0.0,ASDIV,LAMA-3.2-3B
1136,baseline,236,"The man was giving assistance to a pan handler in the streets, how did he give assistance?

Options:
A) feeling good
B) killing
C) law suits
D) out of pocket
E) feel loved",,D,,"['A', 'A', 'B', 'B', 'B']",B,False,majority,0.6000000000000001,"{'A': 2, 'B': 3}",5,0,0.0,2,False,,ASDIV,LAMA-3.2-3B
1137,baseline,237,"The field general began to write out a letter to the king, he was told to send what when the enemy was near?

Options:
A) syllable
B) english alphabet
C) word
D) email
E) invitation",,C,,"['C', 'A', 'C', 'C', 'A']",C,True,majority,0.6000000000000001,"{'C': 3, 'A': 2}",5,3,0.6000000000000001,2,False,,ASDIV,LAMA-3.2-3B
1138,baseline,238,"Where would you acquire a wind instrument for you own use?

Options:
A) band practice
B) concert
C) music store
D) symphony
E) music room",,C,,"['A', 'A', 'A', 'A', 'A']",A,False,majority,1.0,{'A': 5},5,0,0.0,0,False,,ASDIV,LAMA-3.2-3B
1139,baseline,239,"What makes someone a nomad?

Options:
A) unpleasant things
B) hangnail
C) have no home
D) have no car
E) schizophrenia",,C,,"['C', 'A', 'A', 'A', 'A']",A,False,majority,0.8,"{'C': 1, 'A': 4}",5,1,0.2,1,False,,ASDIV,LAMA-3.2-3B
1140,baseline,240,"John didn't care about style.  He felt that form was less important than what?

Options:
A) shapeless
B) quality
C) function
D) change shape
E) chaos",,C,,"['C', 'A', 'B', '', 'C']",C,True,majority,0.5,"{'C': 2, 'A': 1, 'B': 1}",4,2,0.5,2,False,,ASDIV,LAMA-3.2-3B
1141,baseline,241,"In what substance do clouds float?

Options:
A) sky
B) top of mountain
C) air
D) ground level
E) outer space",,C,,"['C', 'C', '', 'C', 'C']",C,True,majority,1.0,{'C': 4},4,4,1.0,0,False,,ASDIV,LAMA-3.2-3B
1142,baseline,242,"A person with digestion issues eats a meat-filled breakfast, what does he feel?

Options:
A) heartburn
B) overeating
C) happiness
D) being satisfied
E) gain energy",,A,,"['A', '', 'A', 'D', 'A']",A,True,majority,0.75,"{'A': 3, 'D': 1}",4,3,0.75,1,False,,ASDIV,LAMA-3.2-3B
1143,baseline,243,"Brad tried to arise from bed but he could not.  Instead, he just continued to do what?

Options:
A) go down
B) fall down
C) lie down
D) lie to himself
E) sit down",,C,,"['C', 'C', '', 'C', 'C']",C,True,majority,1.0,{'C': 4},4,4,1.0,0,False,,ASDIV,LAMA-3.2-3B
1144,baseline,244,"When is the worst time for having food?

Options:
A) digesting
B) not hungry
C) gas
D) weight gain
E) feeling of fullness",,B,,"['', '', '', '', '']",,False,majority,1.0,{'': 5},5,0,0.0,0,False,,ASDIV,LAMA-3.2-3B
1145,baseline,245,"The student explained he had a clue what neuroepithelium was and got really nervous, he then lost his balance because a what issue?

Options:
A) tastebud
B) retina
C) inner ear
D) nasal cavity
E) autistic",,C,,"['C', 'B', 'A', 'B', 'A']",C,True,coin_flip,0.33330000000000004,"{'C': 1, 'B': 2, 'A': 2}",6,2,0.33330000000000004,4,True,1.0,ASDIV,LAMA-3.2-3B
1146,baseline,246,"Brawn opened the curtains so that the sun could do what?

Options:
A) dry clothes
B) warm house
C) warm room
D) shine brightly
E) get dark",,C,,"['B', 'C', 'A', 'A', 'A']",A,False,majority,0.6000000000000001,"{'B': 1, 'C': 1, 'A': 3}",5,1,0.2,2,False,,ASDIV,LAMA-3.2-3B
1147,baseline,247,"James was someone who was caught in his own delusions.  To him, the truth didn't do what what?

Options:
A) work to advantage
B) matter to
C) help
D) free mind
E) further knowledge",,B,,"['A', 'E', 'A', 'B', 'B']",A,False,refiner_tiebreak,0.5,"{'A': 2, 'E': 1, 'B': 2}",6,2,0.33330000000000004,3,True,0.0,ASDIV,LAMA-3.2-3B
1148,baseline,248,"If you are in a bar in a glove shaped state where are you?

Options:
A) in my pocket
B) michigan
C) new york city
D) restaurant
E) public house",,B,,"['D', 'E', 'E', 'E', 'E']",E,False,majority,0.8,"{'D': 1, 'E': 4}",5,0,0.0,1,False,,ASDIV,LAMA-3.2-3B
1149,baseline,249,"Where are people likely to become impatient?

Options:
A) end of line
B) buildings
C) apartment
D) neighbor's house
E) address",,A,,"['A', 'C', 'A', 'A', 'A']",A,True,majority,0.8,"{'A': 4, 'C': 1}",5,4,0.8,1,False,,ASDIV,LAMA-3.2-3B
1150,baseline,250,"Where are you likely to find a Japanese restaurant not run by people from Japan?

Options:
A) california
B) downtown
C) large town
D) tokio
E) china town",,A,,"['E', 'E', 'D', 'A', 'D']",D,False,refiner_tiebreak,0.5,"{'E': 2, 'D': 2, 'A': 1}",6,1,0.16670000000000001,3,True,0.0,ASDIV,LAMA-3.2-3B
1151,baseline,251,"Where would you find magazines along side many other printed works?

Options:
A) doctor
B) bookstore
C) market
D) train station
E) mortuary",,B,,"['B', 'B', 'B', 'B', 'B']",B,True,majority,1.0,{'B': 5},5,5,1.0,0,False,,ASDIV,LAMA-3.2-3B
1152,baseline,252,"James needed smooth sandpaper, but instead he got what type?

Options:
A) rough
B) non smooth
C) uneven
D) plastic
E) bumpy",,A,,"['B', 'A', 'A', 'E', 'A']",A,True,majority,0.6000000000000001,"{'B': 1, 'A': 3, 'E': 1}",5,3,0.6000000000000001,2,False,,ASDIV,LAMA-3.2-3B
1153,baseline,253,"How would you express information to a deaf person?

Options:
A) summarize main points
B) close mouth
C) write down
D) may disagree
E) talk",,C,,"['A', 'A', 'C', 'B', 'A']",A,False,majority,0.6000000000000001,"{'A': 3, 'C': 1, 'B': 1}",5,1,0.2,2,False,,ASDIV,LAMA-3.2-3B
1154,baseline,254,"Jim decided to lose weight.  He thought that exercise is the best way to lose weight because you can't get rid of what?

Options:
A) need for food
B) fitness
C) sweating
D) fastfood
E) thirst",,A,,"['B', 'B', 'B', 'B', 'A']",B,False,majority,0.8,"{'B': 4, 'A': 1}",5,1,0.2,1,False,,ASDIV,LAMA-3.2-3B
1155,baseline,255,"Making a schedule was easy to pick, the major called for knowledge that required a certain what?

Options:
A) color
B) class
C) meeting
D) university
E) encyclopedia",,B,,"['D', 'C', 'B', 'C', 'A']",C,False,majority,0.4,"{'D': 1, 'C': 2, 'B': 1, 'A': 1}",5,1,0.2,3,False,,ASDIV,LAMA-3.2-3B
1156,baseline,256,"When getting in shape, this is something that does wonders?

Options:
A) eat more
B) starve
C) give up
D) period of recovery
E) jogging",,E,,"['A', 'D', 'E', 'E', 'E']",E,True,majority,0.6000000000000001,"{'A': 1, 'D': 1, 'E': 3}",5,3,0.6000000000000001,2,False,,ASDIV,LAMA-3.2-3B
1157,baseline,257,"What type of building has the most top floor?

Options:
A) go down
B) apartment building
C) tall building
D) office building
E) cabin",,C,,"['A', 'C', 'A', 'A', 'A']",A,False,majority,0.8,"{'A': 4, 'C': 1}",5,1,0.2,1,False,,ASDIV,LAMA-3.2-3B
1158,baseline,258,"A meteor travels through galaxies which are a part of what?

Options:
A) republic of ireland
B) sky
C) orbit
D) universe
E) school",,D,,"['B', 'D', 'B', 'D', 'B']",B,False,majority,0.6000000000000001,"{'B': 3, 'D': 2}",5,2,0.4,2,False,,ASDIV,LAMA-3.2-3B
1159,baseline,259,"The guys had a regular poker game, rather than going to the movies this what their what?

Options:
A) competition
B) fun game
C) losing money
D) fun
E) social event",,E,,"['C', 'B', 'E', 'B', 'E']",B,False,refiner_tiebreak,0.5,"{'C': 1, 'B': 2, 'E': 2}",6,2,0.33330000000000004,3,True,0.0,ASDIV,LAMA-3.2-3B
1160,baseline,260,"What are you using if there are speakers strapped on your ears?

Options:
A) take it all in
B) headphones
C) desktop
D) conference
E) concert",,B,,"['', 'B', '', 'B', 'B']",B,True,majority,1.0,{'B': 3},3,3,1.0,0,False,,ASDIV,LAMA-3.2-3B
1161,baseline,261,"A thoroughfare meandered through fields and woods, where was it passing though?

Options:
A) move about
B) city
C) country
D) town
E) new york city",,C,,"['B', 'C', 'A', 'C', 'D']",C,True,majority,0.4,"{'B': 1, 'C': 2, 'A': 1, 'D': 1}",5,2,0.4,3,False,,ASDIV,LAMA-3.2-3B
1162,baseline,262,"What might you need to do cleaning?

Options:
A) sing a song
B) neatness
C) allergies
D) healthy living
E) using water",,E,,"['B', 'E', 'B', 'A', 'E']",B,False,refiner_tiebreak,0.5,"{'B': 2, 'E': 2, 'A': 1}",6,2,0.33330000000000004,3,True,0.0,ASDIV,LAMA-3.2-3B
1163,baseline,263,"What do audiences clap for?

Options:
A) cinema
B) theatre
C) movies
D) show
E) hockey game",,D,,"['', '', '', '', 'A']",A,False,majority,1.0,{'A': 1},1,0,0.0,0,False,,ASDIV,LAMA-3.2-3B
1164,baseline,264,"A weasel has a thin body and short legs to easier burrow after prey in a what?

Options:
A) tree
B) mulberry bush
C) chicken coop
D) viking ship
E) rabbit warren",,E,,"['E', 'E', 'E', 'C', 'E']",E,True,majority,0.8,"{'E': 4, 'C': 1}",5,4,0.8,1,False,,ASDIV,LAMA-3.2-3B
1165,baseline,265,"There was a long cottage somewhere.  People thought it was haunted.  It was overgrown, there was nothing near it.  It's was far into the what?

Options:
A) mountains
B) countryside
C) train
D) painting
E) village",,B,,"['A', 'B', 'A', '', 'B']",B,True,refiner_tiebreak,0.6000000000000001,"{'A': 2, 'B': 2}",5,3,0.6000000000000001,2,True,1.0,ASDIV,LAMA-3.2-3B
1166,baseline,266,"Where might a lemur frolic in the market?

Options:
A) desert
B) hole
C) india
D) cage
E) rain forest",,C,,"['A', 'E', 'A', 'E', 'E']",E,False,majority,0.6000000000000001,"{'A': 2, 'E': 3}",5,0,0.0,2,False,,ASDIV,LAMA-3.2-3B
1167,baseline,267,"The man tried to reply to the woman, but he had difficulty keeping track of conversations that he didn't do what to?

Options:
A) initiate
B) ignore
C) question
D) answer
E) ask",,A,,"['B', 'B', 'D', 'A', 'D']",B,False,coin_flip,0.33330000000000004,"{'B': 2, 'D': 2, 'A': 1}",6,1,0.16670000000000001,4,True,0.0,ASDIV,LAMA-3.2-3B
1168,baseline,268,"He was a sloppy eater, so where did he leave a mess?

Options:
A) sailboat
B) desk
C) closet
D) table
E) apartment",,D,,"['B', 'A', 'A', 'A', 'A']",A,False,majority,0.8,"{'B': 1, 'A': 4}",5,0,0.0,1,False,,ASDIV,LAMA-3.2-3B
1169,baseline,269,"John and Joe like planning games but Joe  was hit by a ball and fell down. What might have happened to Joe.

Options:
A) anger
B) good natured ribbing.
C) enjoying
D) injury
E) enjoyment",,D,,"['A', 'D', 'A', 'D', 'D']",D,True,majority,0.6000000000000001,"{'A': 2, 'D': 3}",5,3,0.6000000000000001,2,False,,ASDIV,LAMA-3.2-3B
1170,baseline,270,"The car was going from Alabama to New York, what was its goal?

Options:
A) head north
B) speed up
C) heading north
D) go fast
E) headed south",,A,,"['C', 'A', '', 'A', '']",A,True,majority,0.6667000000000001,"{'C': 1, 'A': 2}",3,2,0.6667000000000001,1,False,,ASDIV,LAMA-3.2-3B
1171,baseline,271,"What is likely to satisfy someone's curiosity?

Options:
A) hear news
B) read book
C) see favorite show
D) comedy show
E) go somewhere",,A,,"['A', 'A', 'A', 'A', 'B']",A,True,majority,0.8,"{'A': 4, 'B': 1}",5,4,0.8,1,False,,ASDIV,LAMA-3.2-3B
1172,baseline,272,"If the president wanted to ban snakes, where would he issue such a decree?

Options:
A) street
B) tropical forest
C) garden of eden
D) new mexico
E) white house",,E,,"['E', 'E', 'E', 'E', 'E']",E,True,majority,1.0,{'E': 5},5,5,1.0,0,False,,ASDIV,LAMA-3.2-3B
1173,baseline,273,"What will likely happen after stabbing to death a person?

Options:
A) gruesome
B) being arrested
C) pool of blood
D) mess
E) grisly",,B,,"['C', 'A', 'A', 'B', 'A']",A,False,majority,0.6000000000000001,"{'C': 1, 'A': 3, 'B': 1}",5,1,0.2,2,False,,ASDIV,LAMA-3.2-3B
1174,baseline,274,"At the picnic she was stuck eating hamburger, she was worried because she forgot her chewables to prevent what?

Options:
A) eat cake
B) have fun
C) food poisoning
D) heartburn
E) gain weight",,D,,"['D', 'D', 'C', 'C', 'C']",C,False,majority,0.6000000000000001,"{'D': 2, 'C': 3}",5,2,0.4,2,False,,ASDIV,LAMA-3.2-3B
1175,baseline,275,"George checked the rotor of the Apache, which wasn't powered by internal combustion, but by what?

Options:
A) jet engine
B) helicopter
C) electric motor
D) rotator
E) electrical circuit",,A,,"['A', 'E', 'C', 'C', 'B']",C,False,majority,0.4,"{'A': 1, 'E': 1, 'C': 2, 'B': 1}",5,1,0.2,3,False,,ASDIV,LAMA-3.2-3B
1176,baseline,276,"Where is one likely to find poker chips?

Options:
A) supermarket
B) pantry
C) motherboard
D) bar
E) bar",,D,,"['A', 'A', 'A', 'A', 'A']",A,False,majority,1.0,{'A': 5},5,0,0.0,0,False,,ASDIV,LAMA-3.2-3B
1177,baseline,277,"Sarah dropped the marble because she wanted to do what?

Options:
A) game
B) pouch
C) home
D) store
E) jar",,A,,"['A', 'A', 'B', 'A', 'B']",A,True,majority,0.6000000000000001,"{'A': 3, 'B': 2}",5,3,0.6000000000000001,2,False,,ASDIV,LAMA-3.2-3B
1178,baseline,278,"If there is a place that is hot and arid, what could it be?

Options:
A) bland
B) lifeless
C) sandy
D) neutral
E) freezing",,B,,"['A', 'C', 'A', 'A', 'C']",A,False,majority,0.6000000000000001,"{'A': 3, 'C': 2}",5,0,0.0,2,False,,ASDIV,LAMA-3.2-3B
1179,baseline,279,"What is a form of anaerobic exercising?

Options:
A) shortness of breath
B) lift weights
C) error
D) fall down
E) run",,E,,"['B', 'B', 'B', 'B', 'B']",B,False,majority,1.0,{'B': 5},5,0,0.0,0,False,,ASDIV,LAMA-3.2-3B
1180,baseline,280,"A statue that shoots liquid is called a what?

Options:
A) water fountain
B) large city
C) museum
D) pool
E) central park",,A,,"['A', 'A', 'A', 'A', 'A']",A,True,majority,1.0,{'A': 5},5,5,1.0,0,False,,ASDIV,LAMA-3.2-3B
1181,baseline,281,"They were getting ready for a really long hike, he put the food can in his what?

Options:
A) cabinet
B) house
C) recycling center
D) backpack
E) make person sick",,D,,"['D', 'A', 'A', 'D', 'D']",D,True,majority,0.6000000000000001,"{'D': 3, 'A': 2}",5,3,0.6000000000000001,2,False,,ASDIV,LAMA-3.2-3B
1182,baseline,282,"Where is a lake likely to be glacial?

Options:
A) michigan
B) new york
C) new york
D) mountains
E) countryside",,D,,"['A', 'D', 'A', 'B', 'A']",A,False,majority,0.6000000000000001,"{'A': 3, 'D': 1, 'B': 1}",5,1,0.2,2,False,,ASDIV,LAMA-3.2-3B
1183,baseline,283,"Why do people who are dying receive social security payments?

Options:
A) rejuvenation
B) born again
C) no longer exist
D) unable to work
E) change of color",,D,,"['D', 'D', 'D', 'D', 'D']",D,True,majority,1.0,{'D': 5},5,5,1.0,0,False,,ASDIV,LAMA-3.2-3B
1184,baseline,284,"Stark was just having fun, and he wasn't hurting anyone.  What might have he been doing?

Options:
A) painting his nails
B) playing marbles
C) constructing
D) need for rest
E) wild ride",,B,,"['A', 'B', 'A', 'A', 'A']",A,False,majority,0.8,"{'A': 4, 'B': 1}",5,1,0.2,1,False,,ASDIV,LAMA-3.2-3B
1185,baseline,285,"What does going to bed with your spouse for sex lead to?

Options:
A) bad dreams
B) a good nights sleep
C) rest
D) sleepiness
E) get pregnant",,E,,"['B', 'B', 'B', 'B', 'B']",B,False,majority,1.0,{'B': 5},5,0,0.0,0,False,,ASDIV,LAMA-3.2-3B
1186,baseline,286,"what is printed with ink and distributed daily?

Options:
A) fountain pen
B) squid
C) newspaper
D) book
E) printer",,C,,"['C', 'C', 'E', 'A', 'C']",C,True,majority,0.6000000000000001,"{'C': 3, 'E': 1, 'A': 1}",5,3,0.6000000000000001,2,False,,ASDIV,LAMA-3.2-3B
1187,baseline,287,"What would friends do if they need each others' help?

Options:
A) call each other
B) group together
C) understand each other
D) meet for lunch
E) part company",,B,,"['C', 'C', 'C', 'C', 'C']",C,False,majority,1.0,{'C': 5},5,0,0.0,0,False,,ASDIV,LAMA-3.2-3B
1188,baseline,288,"What is the main purpose of farmers?

Options:
A) raise cattle
B) grow corn
C) farm land
D) drive tractors
E) supply food",,E,,"['E', '', 'E', 'A', 'E']",E,True,majority,0.75,"{'E': 3, 'A': 1}",4,3,0.75,1,False,,ASDIV,LAMA-3.2-3B
1189,baseline,289,"If a storey contained a panoramic view, what kind of structure would it be in?

Options:
A) horizontal room
B) storey book
C) mall
D) tall building
E) book of stories",,D,,"['A', 'E', 'D', 'B', 'D']",D,True,majority,0.4,"{'A': 1, 'E': 1, 'D': 2, 'B': 1}",5,2,0.4,3,False,,ASDIV,LAMA-3.2-3B
1190,baseline,290,"If you have a home with a courtyard, what's one thing you probably don't have to care for any longer?

Options:
A) lawn
B) kids
C) asshole
D) spain
E) office complex",,A,,"['A', 'A', 'A', 'A', 'A']",A,True,majority,1.0,{'A': 5},5,5,1.0,0,False,,ASDIV,LAMA-3.2-3B
1191,baseline,291,"If you have to read a book that is very dry and long you may become what?

Options:
A) have time
B) boring
C) learn new
D) enjoyable
E) bored",,E,,"['E', 'D', 'E', 'B', 'B']",B,False,refiner_tiebreak,0.5,"{'E': 2, 'D': 1, 'B': 2}",6,2,0.33330000000000004,3,True,0.0,ASDIV,LAMA-3.2-3B
1192,baseline,292,"Where is that man buying silk from?

Options:
A) space shuttle
B) theater
C) china
D) indian resteraunt
E) bar",,C,,"['C', 'A', 'A', 'B', 'A']",A,False,majority,0.6000000000000001,"{'C': 1, 'A': 3, 'B': 1}",5,1,0.2,2,False,,ASDIV,LAMA-3.2-3B
1193,baseline,293,"What continent has the most castles?

Options:
A) fairy tale
B) edinburgh
C) germany
D) europe
E) antarctica",,D,,"['A', 'C', 'D', 'D', 'D']",D,True,majority,0.6000000000000001,"{'A': 1, 'C': 1, 'D': 3}",5,3,0.6000000000000001,2,False,,ASDIV,LAMA-3.2-3B
1194,baseline,294,"If somebody buys something and gives it to me as a free gift, what is the cost status of the gift?

Options:
A) deadly
B) imprisoned
C) paid for
D) expensive
E) in prison",,C,,"['C', 'C', 'C', 'C', 'C']",C,True,majority,1.0,{'C': 5},5,5,1.0,0,False,,ASDIV,LAMA-3.2-3B
1195,baseline,295,"If a person isn't able to pay their bills what must they do?

Options:
A) know everything
B) acknowledgment
C) make more money
D) throw a party
E) spare time",,C,,"['C', 'C', 'C', 'C', 'B']",C,True,majority,0.8,"{'C': 4, 'B': 1}",5,4,0.8,1,False,,ASDIV,LAMA-3.2-3B
1196,baseline,296,"If I have a pet bird, what does it likely live in?

Options:
A) forest
B) bathroom
C) windowsill
D) countryside
E) cage",,E,,"['A', 'E', 'A', 'A', 'E']",A,False,majority,0.6000000000000001,"{'A': 3, 'E': 2}",5,2,0.4,2,False,,ASDIV,LAMA-3.2-3B
1197,baseline,297,"Where might it be hard to get furniture to?

Options:
A) apartment
B) loft
C) store
D) rug
E) stairs",,B,,"['A', 'A', 'A', 'B', 'A']",A,False,majority,0.8,"{'A': 4, 'B': 1}",5,1,0.2,1,False,,ASDIV,LAMA-3.2-3B
1198,baseline,298,"Who do professors work with?

Options:
A) methods of facts
B) teach courses
C) wear wrinkled tweed jackets
D) school students
E) state facts",,D,,"['D', 'D', 'D', 'D', 'D']",D,True,majority,1.0,{'D': 5},5,5,1.0,0,False,,ASDIV,LAMA-3.2-3B
1199,baseline,299,"Where is a good place to set a cup of coffee while relaxing?

Options:
A) coffee shop
B) kitchen
C) hand
D) table
E) office",,D,,"['A', 'B', 'A', 'A', 'A']",A,False,majority,0.8,"{'A': 4, 'B': 1}",5,0,0.0,1,False,,ASDIV,LAMA-3.2-3B
1200,baseline,300,"Athletes soak in hot tubs to relieve what after playing baseball?

Options:
A) fame
B) errors
C) pain
D) strikes
E) sore muscles",,E,,"['E', 'E', 'E', 'E', 'E']",E,True,majority,1.0,{'E': 5},5,5,1.0,0,False,,ASDIV,LAMA-3.2-3B
1201,baseline,301,"At a grocery store they sell individual potatoes, where does the grocery clerk likely put the potato?

Options:
A) boiling water
B) root cellar
C) rocket ship
D) paper bag
E) underground",,D,,"['B', 'B', 'B', 'B', 'A']",B,False,majority,0.8,"{'B': 4, 'A': 1}",5,0,0.0,1,False,,ASDIV,LAMA-3.2-3B
1202,baseline,302,"John was not happy with his marriage. He and his wife drifted apart.     All and all, recent turns could be described as what?

Options:
A) inappropriate
B) sadness
C) unsatisfied
D) unfortunate
E) disenchanted",,D,,"['E', 'E', 'C', 'C', 'C']",C,False,majority,0.6000000000000001,"{'E': 2, 'C': 3}",5,0,0.0,2,False,,ASDIV,LAMA-3.2-3B
1203,baseline,303,"If the kitten was going to grow up to be a mouser like it's mother, where should it spend most of it's time?

Options:
A) shelter
B) floor
C) warm place
D) farmhouse
E) living room",,D,,"['E', 'A', 'C', 'D', 'A']",A,False,majority,0.4,"{'E': 1, 'A': 2, 'C': 1, 'D': 1}",5,1,0.2,3,False,,ASDIV,LAMA-3.2-3B
1204,baseline,304,"Bob the lizard lives in a warm place with lots of water.  Where does he probably live?

Options:
A) rock
B) tropical rainforest
C) jazz club
D) new mexico
E) rocky places",,B,,"['B', 'A', 'A', 'A', 'A']",A,False,majority,0.8,"{'B': 1, 'A': 4}",5,1,0.2,1,False,,ASDIV,LAMA-3.2-3B
1205,baseline,305,"Where would you put some ham if you want to cook it?

Options:
A) hamshackle
B) pizza
C) fridge
D) refrigerator
E) part of meal",,B,,"['D', '', 'A', '', '']",A,False,refiner_tiebreak,0.6667000000000001,"{'D': 1, 'A': 1}",3,0,0.0,1,True,0.0,ASDIV,LAMA-3.2-3B
1206,baseline,306,"Where can I put this penny to save for later?

Options:
A) piggy bank
B) wallet
C) toy
D) ground
E) pocket",,A,,"['A', 'A', 'A', 'A', 'A']",A,True,majority,1.0,{'A': 5},5,5,1.0,0,False,,ASDIV,LAMA-3.2-3B
1207,baseline,307,"Where is the sky most beautiful?

Options:
A) planetarium
B) outdoors
C) atmosphere
D) night
E) photo",,B,,"['B', 'B', 'B', 'B', 'B']",B,True,majority,1.0,{'B': 5},5,5,1.0,0,False,,ASDIV,LAMA-3.2-3B
1208,baseline,308,"A showroom feature washers and refrigerators, where is this showroom located?

Options:
A) appliance store
B) vegas
C) electronics store
D) car dealership
E) kitchen",,A,,"['A', 'A', 'E', 'D', 'A']",A,True,majority,0.6000000000000001,"{'A': 3, 'E': 1, 'D': 1}",5,3,0.6000000000000001,2,False,,ASDIV,LAMA-3.2-3B
1209,baseline,309,"What would be necessary for getting in shape?

Options:
A) good health
B) exercise
C) muscle tone
D) sweat
E) feel better",,B,,"['B', 'A', 'A', 'B', 'B']",B,True,majority,0.6000000000000001,"{'B': 3, 'A': 2}",5,3,0.6000000000000001,2,False,,ASDIV,LAMA-3.2-3B
1210,baseline,310,"What do the terms need to be in order to compete against someone?

Options:
A) cheat
B) fair
C) in competition
D) practice
E) sabotage",,B,,"['C', '', 'C', 'C', '']",C,False,majority,1.0,{'C': 3},3,0,0.0,0,False,,ASDIV,LAMA-3.2-3B
1211,baseline,311,"What is something children can do while traveling in a car?

Options:
A) listen to music
B) watch television
C) play chess
D) walk
E) play basketball",,A,,"['D', 'D', 'D', 'A', 'A']",D,False,majority,0.6000000000000001,"{'D': 3, 'A': 2}",5,2,0.4,2,False,,ASDIV,LAMA-3.2-3B
1212,baseline,312,"What is a salesman responsible to do at work?

Options:
A) traveling to chicago
B) get fired
C) books
D) sell products
E) service account",,D,,"['D', 'D', 'D', 'D', 'D']",D,True,majority,1.0,{'D': 5},5,5,1.0,0,False,,ASDIV,LAMA-3.2-3B
1213,baseline,313,"John went to a party that lasted all night.  Because of this, he didn't have time for what?

Options:
A) meeting
B) blowing off steam
C) stay home
D) partying hard
E) studying",,E,,"['E', 'A', 'C', 'A', 'A']",A,False,majority,0.6000000000000001,"{'E': 1, 'A': 3, 'C': 1}",5,1,0.2,2,False,,ASDIV,LAMA-3.2-3B
1214,baseline,314,"James decided that competing was the right choice.   Not competing has a defined outcome, but if he competes then what could happen?

Options:
A) might win
B) perform better
C) enemies
D) winners and losers
E) lose",,A,,"['B', 'B', 'B', 'B', 'B']",B,False,majority,1.0,{'B': 5},5,0,0.0,0,False,,ASDIV,LAMA-3.2-3B
1215,baseline,315,"While waiting for this appointment, people often read magazines.

Options:
A) doctor
B) train station
C) newsagent
D) market
E) table",,A,,"['C', 'C', 'B', 'C', 'C']",C,False,majority,0.8,"{'C': 4, 'B': 1}",5,0,0.0,1,False,,ASDIV,LAMA-3.2-3B
1216,baseline,316,"Metal is used to make what?

Options:
A) junkyard
B) ore
C) instruments
D) metal fabrication shop
E) bowls",,C,,"['C', 'C', 'B', 'D', 'C']",C,True,majority,0.6000000000000001,"{'C': 3, 'B': 1, 'D': 1}",5,3,0.6000000000000001,2,False,,ASDIV,LAMA-3.2-3B
1217,baseline,317,"What are people likely to do when an unexpected decent outcome occurs?

Options:
A) kill each other
B) thank god
C) experience pain
D) hatred
E) talk to each other",,B,,"['B', 'B', 'B', 'A', 'B']",B,True,majority,0.8,"{'B': 4, 'A': 1}",5,4,0.8,1,False,,ASDIV,LAMA-3.2-3B
1218,baseline,318,"Women used to be expected to wear a dress but it's now acceptable for them to wear what?

Options:
A) man suit
B) pants
C) naked
D) action
E) long skirt",,B,,"['E', 'E', 'E', 'E', 'E']",E,False,majority,1.0,{'E': 5},5,0,0.0,0,False,,ASDIV,LAMA-3.2-3B
1219,baseline,319,"If student got a list of supplies from class like paper and pencils, their parent would have to go where?

Options:
A) classroom
B) parking garage
C) store
D) backpack
E) cabinet",,C,,"['C', 'A', 'A', 'C', 'A']",A,False,majority,0.6000000000000001,"{'C': 2, 'A': 3}",5,2,0.4,2,False,,ASDIV,LAMA-3.2-3B
1220,baseline,320,"Joe found spiders while checking something outside.  What might that be?

Options:
A) cupboard
B) closet
C) storage bag
D) mail box
E) garage",,D,,"['A', 'A', 'A', 'A', 'A']",A,False,majority,1.0,{'A': 5},5,0,0.0,0,False,,ASDIV,LAMA-3.2-3B
1221,baseline,321,"The runner was in third place, but he pushed harder and thought he might be able to reach second.  What was beginning to do?

Options:
A) near finish line
B) finish
C) get tired
D) gain ground
E) trip over",,D,,"['D', 'D', 'D', '', 'D']",D,True,majority,1.0,{'D': 4},4,4,1.0,0,False,,ASDIV,LAMA-3.2-3B
1222,baseline,322,"In basic training they build you up only to do what, all in hopes of building you up even stronger the next time?

Options:
A) destroying
B) tear down
C) raze
D) mutilate
E) demolition",,B,,"['B', 'B', 'B', 'B', 'B']",B,True,majority,1.0,{'B': 5},5,5,1.0,0,False,,ASDIV,LAMA-3.2-3B
1223,baseline,323,"If someone rules the universe of what are they in charge?

Options:
A) classroom
B) football game
C) everything
D) text book
E) lawbook",,C,,"['C', 'C', 'C', 'C', 'C']",C,True,majority,1.0,{'C': 5},5,5,1.0,0,False,,ASDIV,LAMA-3.2-3B
1224,baseline,324,"Where is a broadcast studio likely to be heard?

Options:
A) microphone
B) arena
C) radio station
D) trees
E) town",,C,,"['C', 'A', 'C', 'A', 'A']",A,False,majority,0.6000000000000001,"{'C': 2, 'A': 3}",5,2,0.4,2,False,,ASDIV,LAMA-3.2-3B
1225,baseline,325,"What do parents tell a child to do on the weekend?

Options:
A) study
B) begin school
C) go out to play
D) row boat
E) clean room",,C,,"['B', 'B', 'B', 'B', 'B']",B,False,majority,1.0,{'B': 5},5,0,0.0,0,False,,ASDIV,LAMA-3.2-3B
1226,baseline,326,"He wanted lodging in the actual what, so that he was already where he needed to be?

Options:
A) a yurt
B) resort area
C) big city
D) michigan
E) going on vacation",,B,,"['B', 'B', 'B', 'A', 'D']",B,True,majority,0.6000000000000001,"{'B': 3, 'A': 1, 'D': 1}",5,3,0.6000000000000001,2,False,,ASDIV,LAMA-3.2-3B
1227,baseline,327,"What do children require to grow up healthy?

Options:
A) need care
B) come home
C) fast food
D) watch television
E) wash dishes",,A,,"['A', 'A', 'A', 'A', 'A']",A,True,majority,1.0,{'A': 5},5,5,1.0,0,False,,ASDIV,LAMA-3.2-3B
1228,baseline,328,"What would not be true about a basketball if it had a hole in it but it did not lose its general shape?

Options:
A) punctured
B) popular in america
C) full of air
D) gone
E) round",,C,,"['E', 'C', 'A', 'C', 'D']",C,True,majority,0.4,"{'E': 1, 'C': 2, 'A': 1, 'D': 1}",5,2,0.4,3,False,,ASDIV,LAMA-3.2-3B
1229,baseline,329,"What do people typically do while playing guitar?

Options:
A) cry
B) hear sounds
C) singing
D) arthritis
E) making music",,C,,"['E', 'E', 'A', 'A', 'E']",E,False,majority,0.6000000000000001,"{'E': 3, 'A': 2}",5,0,0.0,2,False,,ASDIV,LAMA-3.2-3B
1230,baseline,330,"What can happen if you are buying products that someone else does not want you to buy?

Options:
A) joy
B) disagreements
C) agony
D) pleasure
E) owning",,B,,"['B', 'B', 'A', 'B', 'B']",B,True,majority,0.8,"{'B': 4, 'A': 1}",5,4,0.8,1,False,,ASDIV,LAMA-3.2-3B
1231,baseline,331,"Sam wasn't lying, but he left out important details. He was being what?

Options:
A) dishonesty
B) deceitful
C) imagination
D) deceptive
E) poker face",,B,,"['A', 'A', 'D', 'D', 'D']",D,False,majority,0.6000000000000001,"{'A': 2, 'D': 3}",5,0,0.0,2,False,,ASDIV,LAMA-3.2-3B
1232,baseline,332,"Joe plays a percussion instrument in something.  What might be play in?

Options:
A) own home
B) music store
C) marching band
D) orchestra
E) party",,D,,"['D', 'D', 'D', 'C', 'C']",D,True,majority,0.6000000000000001,"{'D': 3, 'C': 2}",5,3,0.6000000000000001,2,False,,ASDIV,LAMA-3.2-3B
1233,baseline,333,"When learning about the world and different cultures, what is important if you are committed to eliminating preconceived notions

Options:
A) newness
B) loss of innocence
C) enlightenment
D) open mind
E) smartness",,D,,"['A', 'D', 'A', 'D', 'A']",A,False,majority,0.6000000000000001,"{'A': 3, 'D': 2}",5,2,0.4,2,False,,ASDIV,LAMA-3.2-3B
1234,baseline,334,"If you are awaking multiple times throughout the night because a lot is on your mind, what is a likely cause?

Options:
A) irritability
B) depression
C) getting out of bed
D) happiness
E) discomfort",,B,,"['A', 'B', 'A', 'E', 'A']",A,False,majority,0.6000000000000001,"{'A': 3, 'B': 1, 'E': 1}",5,1,0.2,2,False,,ASDIV,LAMA-3.2-3B
1235,baseline,335,"Where could you go to between 1000 and 10000 restaurant?

Options:
A) big city
B) town
C) small town
D) canada
E) yellow pages",,A,,"['A', 'B', 'A', 'A', 'A']",A,True,majority,0.8,"{'A': 4, 'B': 1}",5,4,0.8,1,False,,ASDIV,LAMA-3.2-3B
1236,baseline,336,"Who is the guard here for?

Options:
A) man post
B) attack
C) intimidation
D) prisoner
E) unprotected",,D,,"['A', 'A', 'A', 'A', 'A']",A,False,majority,1.0,{'A': 5},5,0,0.0,0,False,,ASDIV,LAMA-3.2-3B
1237,baseline,337,"If you're attending school and are falling asleep you're likely experiencing what?

Options:
A) boredom
B) malaria
C) graduate
D) inspiration
E) detention",,A,,"['A', 'A', 'A', 'A', 'A']",A,True,majority,1.0,{'A': 5},5,5,1.0,0,False,,ASDIV,LAMA-3.2-3B
1238,baseline,338,"John wanted scatter his wife's remains in a lake in the wilderness.  He had to delay before of where he lived.  Where did he live?

Options:
A) mountains
B) dead body
C) pay debts
D) state park
E) new york",,E,,"['B', 'D', 'B', 'D', 'D']",D,False,majority,0.6000000000000001,"{'B': 2, 'D': 3}",5,0,0.0,2,False,,ASDIV,LAMA-3.2-3B
1239,baseline,339,"James loved to surf but he wasn't good at it. He would always do what?

Options:
A) wipe out
B) enjoy yourself
C) start fighting
D) get wet
E) drown",,A,,"['B', 'D', 'B', 'B', 'A']",B,False,majority,0.6000000000000001,"{'B': 3, 'D': 1, 'A': 1}",5,1,0.2,2,False,,ASDIV,LAMA-3.2-3B
1240,baseline,340,"A man takes a seat at a museum outside of Barcelona, where is he likely?

Options:
A) in cinema
B) martorell
C) falling down
D) show
E) airplane",,B,,"['E', 'A', 'A', 'A', 'A']",A,False,majority,0.8,"{'E': 1, 'A': 4}",5,0,0.0,1,False,,ASDIV,LAMA-3.2-3B
1241,baseline,341,"When you do something and have fun, its something you?

Options:
A) spontaneous
B) stop working
C) pay for
D) do like
E) do enjoy",,E,,"['E', 'E', 'E', 'E', 'E']",E,True,majority,1.0,{'E': 5},5,5,1.0,0,False,,ASDIV,LAMA-3.2-3B
1242,baseline,342,"What could a driving car do to a pedestrian?

Options:
A) say hello
B) wreak
C) pollution
D) smoke
E) relaxation",,B,,"['A', 'B', 'A', 'B', 'A']",A,False,majority,0.6000000000000001,"{'A': 3, 'B': 2}",5,2,0.4,2,False,,ASDIV,LAMA-3.2-3B
1243,baseline,343,"Where do people want to have a lot of coffee?

Options:
A) table
B) office
C) desk
D) kitchen
E) ocean",,B,,"['B', 'D', 'B', 'D', 'B']",B,True,majority,0.6000000000000001,"{'B': 3, 'D': 2}",5,3,0.6000000000000001,2,False,,ASDIV,LAMA-3.2-3B
1244,baseline,344,"If not in a stream but in a market where will you find fish?

Options:
A) stream
B) aquarium
C) refrigerator
D) boat ride
E) market",,C,,"['B', 'B', 'A', 'A', 'B']",B,False,majority,0.6000000000000001,"{'B': 3, 'A': 2}",5,0,0.0,2,False,,ASDIV,LAMA-3.2-3B
1245,baseline,345,"What is someone doing when scheduling when to go to party?

Options:
A) rumpspringa
B) meeting new people
C) having fun
D) meet new people
E) plan",,E,,"['D', 'D', 'D', 'D', 'D']",D,False,majority,1.0,{'D': 5},5,0,0.0,0,False,,ASDIV,LAMA-3.2-3B
1246,baseline,346,"Where would a cat snuggle up with their human?

Options:
A) floor
B) humane society
C) bed
D) comfortable chair
E) window sill",,D,,"['C', 'C', 'C', 'A', 'C']",C,False,majority,0.8,"{'C': 4, 'A': 1}",5,0,0.0,1,False,,ASDIV,LAMA-3.2-3B
1247,baseline,347,"Where would you need to use a lantern?

Options:
A) grocery store
B) antique shop
C) house
D) dark place
E) street",,D,,"['C', 'D', 'D', 'A', 'C']",C,False,refiner_tiebreak,0.5,"{'C': 2, 'D': 2, 'A': 1}",6,2,0.33330000000000004,3,True,0.0,ASDIV,LAMA-3.2-3B
1248,baseline,348,"The electrode wouldn't spark, it turned out that the what hadn't been connected?

Options:
A) battery
B) electronic equipment
C) electrolytic cell
D) charge
E) tube",,A,,"['A', 'C', 'C', 'E', 'C']",C,False,majority,0.6000000000000001,"{'A': 1, 'C': 3, 'E': 1}",5,1,0.2,2,False,,ASDIV,LAMA-3.2-3B
1249,baseline,349,"What is the best way to begin going into trance?

Options:
A) religious experience
B) closed eyes
C) loss of control
D) sleep
E) hallucination",,B,,"['A', 'A', 'A', 'A', 'A']",A,False,majority,1.0,{'A': 5},5,0,0.0,0,False,,ASDIV,LAMA-3.2-3B
1250,baseline,350,"Of all the sports, Billy enjoys football, but what does his concerned mother think of the sport?

Options:
A) very entertaining
B) fun
C) slow
D) competitive
E) violent",,E,,"['A', 'A', 'A', 'A', 'E']",A,False,majority,0.8,"{'A': 4, 'E': 1}",5,1,0.2,1,False,,ASDIV,LAMA-3.2-3B
1251,baseline,351,"Where is the first place someone leaving the planet ends up?

Options:
A) pay debts
B) galaxy
C) outer space
D) orbit
E) universe",,C,,"['C', 'C', 'C', 'C', 'A']",C,True,majority,0.8,"{'C': 4, 'A': 1}",5,4,0.8,1,False,,ASDIV,LAMA-3.2-3B
1252,baseline,352,"The hardcovers were especially tall, so he removed a shelf on the what to make room?

Options:
A) chest of drawers
B) grocery store
C) hold alcohol
D) nightstand
E) bookcase",,E,,"['E', 'E', 'E', 'E', 'E']",E,True,majority,1.0,{'E': 5},5,5,1.0,0,False,,ASDIV,LAMA-3.2-3B
1253,baseline,353,"What room is likely to have a sideboard on the counter?

Options:
A) home
B) serve food buffet
C) dining room
D) living room
E) kitchen",,E,,"['E', 'E', 'D', 'D', 'D']",D,False,majority,0.6000000000000001,"{'E': 2, 'D': 3}",5,2,0.4,2,False,,ASDIV,LAMA-3.2-3B
1254,baseline,354,"A good interview after applying for a job may cause you to feel what?

Options:
A) offer
B) income
C) rejection
D) hostile
E) hope",,E,,"['A', 'C', 'C', 'C', 'A']",C,False,majority,0.6000000000000001,"{'A': 2, 'C': 3}",5,0,0.0,2,False,,ASDIV,LAMA-3.2-3B
1255,baseline,355,"Reading newspaper one of many ways to practice your what?

Options:
A) literacy
B) knowing how to read
C) money
D) buying
E) money bank",,A,,"['B', 'B', 'B', 'B', 'B']",B,False,majority,1.0,{'B': 5},5,0,0.0,0,False,,ASDIV,LAMA-3.2-3B
1256,baseline,356,"Piece of land in Canada where you can find marmot?

Options:
A) north america
B) united states
C) vancouver island
D) american
E) cage",,C,,"['A', 'A', 'A', 'A', 'A']",A,False,majority,1.0,{'A': 5},5,0,0.0,0,False,,ASDIV,LAMA-3.2-3B
1257,baseline,357,"What can happen when you contemplate alone for a long time?

Options:
A) daydream
B) headache
C) get ideas
D) sleep
E) become distracted",,A,,"['A', 'A', 'A', 'A', 'A']",A,True,majority,1.0,{'A': 5},5,5,1.0,0,False,,ASDIV,LAMA-3.2-3B
1258,baseline,358,"A potato is kept in the cellar, where is likely to be stored?

Options:
A) farmer's market
B) grocery bag
C) pantry
D) bushel basket
E) fridge",,D,,"['C', 'E', 'A', 'E', 'C']",C,False,coin_flip,0.33330000000000004,"{'C': 2, 'E': 2, 'A': 1}",6,0,0.0,4,True,0.0,ASDIV,LAMA-3.2-3B
1259,baseline,359,"Joe owned back taxes as well as what other type of taxes?

Options:
A) anterior
B) front
C) main
D) front
E) current",,E,,"['A', 'A', 'C', '', '']",A,False,majority,0.6667000000000001,"{'A': 2, 'C': 1}",3,0,0.0,1,False,,ASDIV,LAMA-3.2-3B
1260,baseline,360,"What does a person from Avalon live in?

Options:
A) pain
B) meaningful work
C) english house
D) cotton candy
E) headache",,C,,"['B', 'A', 'A', 'C', 'C']",B,False,coin_flip,0.33330000000000004,"{'B': 1, 'A': 2, 'C': 2}",6,2,0.33330000000000004,4,True,0.0,ASDIV,LAMA-3.2-3B
1261,baseline,361,"Seafood restaurants are used to draw tourists where?

Options:
A) maine
B) shoe shop
C) city
D) boston
E) coastal cities",,E,,"['B', 'A', 'A', 'A', 'E']",A,False,majority,0.6000000000000001,"{'B': 1, 'A': 3, 'E': 1}",5,1,0.2,2,False,,ASDIV,LAMA-3.2-3B
1262,baseline,362,"He was on trial for obstructing justice, during which he made a questionable comment and was also found guilty of what?

Options:
A) prosecution
B) getting hurt
C) sweat
D) steam
E) committing perjury",,E,,"['A', 'B', 'A', 'E', 'A']",A,False,majority,0.6000000000000001,"{'A': 3, 'B': 1, 'E': 1}",5,1,0.2,2,False,,ASDIV,LAMA-3.2-3B
1263,baseline,363,"How does someone go about buying beer?

Options:
A) have no money
B) pants
C) relaxation
D) lose money
E) spend money",,E,,"['A', 'A', 'A', '', 'A']",A,False,majority,1.0,{'A': 4},4,0,0.0,0,False,,ASDIV,LAMA-3.2-3B
1264,baseline,364,"Sally thought that competing wasn't worth the risk. If she pushed more what might happen?

Options:
A) pressure
B) trying harder
C) put harder
D) enemies
E) death",,E,,"['A', 'B', 'E', 'B', 'B']",B,False,majority,0.6000000000000001,"{'A': 1, 'B': 3, 'E': 1}",5,1,0.2,2,False,,ASDIV,LAMA-3.2-3B
1265,baseline,365,"What would encourage someone to continue playing tennis?

Options:
A) becoming tired
B) tennis elbow
C) exercise
D) hunger
E) victory",,E,,"['', 'A', 'A', 'C', 'E']",A,False,majority,0.5,"{'A': 2, 'C': 1, 'E': 1}",4,1,0.25,2,False,,ASDIV,LAMA-3.2-3B
1266,baseline,366,"The pitcher felt stress and tension on the mound, what did he feel like?

Options:
A) desert
B) baseball field
C) hell
D) baseball diamond
E) baseball stadium",,C,,"['A', 'C', 'B', 'C', 'B']",B,False,refiner_tiebreak,0.5,"{'A': 1, 'C': 2, 'B': 2}",6,2,0.33330000000000004,3,True,0.0,ASDIV,LAMA-3.2-3B
1267,baseline,367,"Where would walk through a central passage to catch an elevator?

Options:
A) tomb
B) arena
C) access rooms
D) public building
E) house",,D,,"['D', 'A', 'A', 'A', 'C']",A,False,majority,0.6000000000000001,"{'D': 1, 'A': 3, 'C': 1}",5,1,0.2,2,False,,ASDIV,LAMA-3.2-3B
1268,baseline,368,"I couldn't find anybody who recalled the event, what were they adroit at doing?

Options:
A) question authority
B) act fool
C) wash dishes
D) act innocent
E) forget",,E,,"['A', 'A', 'E', 'A', 'C']",A,False,majority,0.6000000000000001,"{'A': 3, 'E': 1, 'C': 1}",5,1,0.2,2,False,,ASDIV,LAMA-3.2-3B
1269,baseline,369,"What is it called when you are talking to someone?

Options:
A) communication
B) quiet
C) boredom
D) persuaded
E) learn",,A,,"['A', 'A', 'A', 'A', 'A']",A,True,majority,1.0,{'A': 5},5,5,1.0,0,False,,ASDIV,LAMA-3.2-3B
1270,baseline,370,"The man flew his airplane over the city and saw pollution visibly in the sky, what was polluted?

Options:
A) forest
B) street
C) air
D) caused by humans
E) car show",,C,,"['D', 'D', 'D', 'C', 'D']",D,False,majority,0.8,"{'D': 4, 'C': 1}",5,1,0.2,1,False,,ASDIV,LAMA-3.2-3B
1271,baseline,371,"John loved his snake.  It was the only ting he loved. He hated everyone else and was abrasive to most people, but he loved his snake.   How might you describe the snake?

Options:
A) sun itself
B) tropical forest
C) pet
D) rude
E) sharp",,C,,"['A', 'A', '', 'A', 'A']",A,False,majority,1.0,{'A': 4},4,0,0.0,0,False,,ASDIV,LAMA-3.2-3B
1272,baseline,372,"What to kids do for boredom on a ramp?

Options:
A) watch film
B) fire game
C) hang out at bar
D) go skiing
E) skateboard",,E,,"['A', 'A', 'B', 'A', 'A']",A,False,majority,0.8,"{'A': 4, 'B': 1}",5,0,0.0,1,False,,ASDIV,LAMA-3.2-3B
1273,baseline,373,"What is the word added to Manchester that signifies what county it is in?

Options:
A) england
B) united kingdome
C) lancashire
D) greater manchester
E) cheshire",,D,,"['D', 'C', 'D', 'D', 'D']",D,True,majority,0.8,"{'D': 4, 'C': 1}",5,4,0.8,1,False,,ASDIV,LAMA-3.2-3B
1274,baseline,374,"What do you do when you're in a new place and want to see new things?

Options:
A) interesting
B) look around
C) take pictures
D) change of surroundings
E) new experience",,B,,"['B', 'D', 'E', 'A', 'B']",B,True,majority,0.4,"{'B': 2, 'D': 1, 'E': 1, 'A': 1}",5,2,0.4,3,False,,ASDIV,LAMA-3.2-3B
1275,baseline,375,"The hostess was good at her job, she always had a smile when she would what?

Options:
A) group people
B) ready parlor for guests
C) welcome guests
D) work room
E) park",,C,,"['C', 'C', 'C', 'C', 'C']",C,True,majority,1.0,{'C': 5},5,5,1.0,0,False,,ASDIV,LAMA-3.2-3B
1276,baseline,376,"This is an unavoidable physiological consequence of running.  What is it?

Options:
A) breathlessness
B) increased heart rate
C) falling down
D) muscle bulk
E) calluses",,B,,"['A', 'A', 'B', 'A', 'A']",A,False,majority,0.8,"{'A': 4, 'B': 1}",5,1,0.2,1,False,,ASDIV,LAMA-3.2-3B
1277,baseline,377,"Where does a child likely sit at a desk?

Options:
A) furniture store
B) schoolroom
C) patio
D) office building
E) library",,B,,"['B', 'B', 'A', 'A', 'B']",B,True,majority,0.6000000000000001,"{'B': 3, 'A': 2}",5,3,0.6000000000000001,2,False,,ASDIV,LAMA-3.2-3B
1278,baseline,378,"What is made up of people?

Options:
A) buildings
B) audience
C) apartment
D) classroom
E) falling down",,B,,"['B', 'B', 'B', 'B', 'B']",B,True,majority,1.0,{'B': 5},5,5,1.0,0,False,,ASDIV,LAMA-3.2-3B
1279,baseline,379,"He kept plugging away in his cubicle, it seemed he was the only person not called into the what?

Options:
A) building
B) conference
C) assessment
D) demonstration
E) garage",,B,,"['A', 'A', 'A', 'A', 'B']",A,False,majority,0.8,"{'A': 4, 'B': 1}",5,1,0.2,1,False,,ASDIV,LAMA-3.2-3B
1280,baseline,380,"Everybody began performing once their director stated what?

Options:
A) fear
B) injury
C) happiness
D) action
E) cut",,D,,"['D', 'D', 'D', 'D', 'D']",D,True,majority,1.0,{'D': 5},5,5,1.0,0,False,,ASDIV,LAMA-3.2-3B
1281,baseline,381,"If while driving to work another car makes a careless maneuver, what emotion might you feel?

Options:
A) boredom
B) happiness
C) transportation cost
D) getting there
E) road rage",,E,,"['E', 'E', 'E', 'A', 'E']",E,True,majority,0.8,"{'E': 4, 'A': 1}",5,4,0.8,1,False,,ASDIV,LAMA-3.2-3B
1282,baseline,382,"When a person is beginning work, what are they building?

Options:
A) time
B) accomplishing
C) working
D) momentum
E) tiredness",,D,,"['C', 'B', 'C', 'C', 'A']",C,False,majority,0.6000000000000001,"{'C': 3, 'B': 1, 'A': 1}",5,0,0.0,2,False,,ASDIV,LAMA-3.2-3B
1283,baseline,383,"A mountie got off at a subway stop.  What city might he be in?

Options:
A) urban area
B) metropolis
C) chicago
D) new york city
E) toronto",,E,,"['A', 'A', 'E', 'A', 'E']",A,False,majority,0.6000000000000001,"{'A': 3, 'E': 2}",5,2,0.4,2,False,,ASDIV,LAMA-3.2-3B
1284,baseline,384,"What does someone do to relax at night?

Options:
A) find time
B) check mail
C) listen to music
D) go to bed
E) stop worrying",,D,,"['A', 'D', 'D', 'D', 'D']",D,True,majority,0.8,"{'A': 1, 'D': 4}",5,4,0.8,1,False,,ASDIV,LAMA-3.2-3B
1285,baseline,385,"There was many a bottle to choose from behind the cashier where?

Options:
A) grocery store
B) diaper bag
C) gas station
D) liquor store
E) medicine cabinet",,D,,"['B', 'A', 'A', 'A', 'D']",A,False,majority,0.6000000000000001,"{'B': 1, 'A': 3, 'D': 1}",5,1,0.2,2,False,,ASDIV,LAMA-3.2-3B
1286,baseline,386,"Why does someone want to examine thing closely?

Options:
A) buy
B) learn about
C) buy
D) complex
E) interesting",,B,,"['B', 'B', 'B', 'B', 'B']",B,True,majority,1.0,{'B': 5},5,5,1.0,0,False,,ASDIV,LAMA-3.2-3B
1287,baseline,387,"What is the result of applying for  job?

Options:
A) anxiety and fear
B) increased workload
C) praise
D) less sleep
E) being employed",,E,,"['E', 'E', 'A', 'A', 'E']",E,True,majority,0.6000000000000001,"{'E': 3, 'A': 2}",5,3,0.6000000000000001,2,False,,ASDIV,LAMA-3.2-3B
1288,baseline,388,"Where are  you likely to find a hamburger?

Options:
A) fast food restaurant
B) pizza
C) ground up dead cows
D) mouth
E) cow carcus",,A,,"['A', 'A', 'A', 'A', 'A']",A,True,majority,1.0,{'A': 5},5,5,1.0,0,False,,ASDIV,LAMA-3.2-3B
1289,baseline,389,"What does the sky do before a rain?

Options:
A) appear beautiful
B) appear blue
C) shows a rainbow
D) rain water
E) cloud over",,E,,"['B', 'D', 'E', 'E', 'E']",E,True,majority,0.6000000000000001,"{'B': 1, 'D': 1, 'E': 3}",5,3,0.6000000000000001,2,False,,ASDIV,LAMA-3.2-3B
1290,baseline,390,"The rats were hiding in the house, where were they?

Options:
A) sewers
B) laboratory
C) basement
D) clinic
E) cellar",,E,,"['C', 'E', 'A', 'C', 'C']",C,False,majority,0.6000000000000001,"{'C': 3, 'E': 1, 'A': 1}",5,1,0.2,2,False,,ASDIV,LAMA-3.2-3B
1291,baseline,391,"What does a successful dog grooming session likely to make a owner feel?

Options:
A) cleanliness
B) mistakes
C) growth
D) satisfaction
E) late",,D,,"['D', 'A', 'D', 'A', 'A']",A,False,majority,0.6000000000000001,"{'D': 2, 'A': 3}",5,2,0.4,2,False,,ASDIV,LAMA-3.2-3B
1292,baseline,392,"What attraction is sometimes so large that you need a map to find your way around?

Options:
A) amusement park
B) truck stop
C) mcdonalds
D) backpack
E) classroom",,A,,"['A', 'B', 'B', 'B', 'A']",B,False,majority,0.6000000000000001,"{'A': 2, 'B': 3}",5,2,0.4,2,False,,ASDIV,LAMA-3.2-3B
1293,baseline,393,"The child wasn't allowed in the kitchen but still wanted to help, what could it do to help in the dining room?

Options:
A) set table
B) form opinions
C) make honey
D) become adult
E) gather flowers",,A,,"['', '', '', 'A', '']",A,True,majority,1.0,{'A': 1},1,1,1.0,0,False,,ASDIV,LAMA-3.2-3B
1294,baseline,394,"Where would you keep an ottoman near your front door?

Options:
A) living room
B) parlor
C) furniture store
D) basement
E) kitchen",,A,,"['A', 'A', 'D', 'A', 'A']",A,True,majority,0.8,"{'A': 4, 'D': 1}",5,4,0.8,1,False,,ASDIV,LAMA-3.2-3B
1295,baseline,395,"Where would you get some wood if you do not have any?

Options:
A) carpet
B) boat
C) river
D) lumberyard
E) synagogue",,D,,"['A', 'A', 'A', 'A', 'A']",A,False,majority,1.0,{'A': 5},5,0,0.0,0,False,,ASDIV,LAMA-3.2-3B
1296,baseline,396,"Eating breakfast in bed while seeing a homeless person shivering outside your window may cause you to what?

Options:
A) mess
B) hungry
C) feel guilty
D) indigestion
E) spills",,C,,"['B', 'C', 'B', 'C', 'C']",C,True,majority,0.6000000000000001,"{'B': 2, 'C': 3}",5,3,0.6000000000000001,2,False,,ASDIV,LAMA-3.2-3B
1297,baseline,397,"In what country are the most fast food restaurants?

Options:
A) new york
B) blocks of flats
C) center of town
D) america
E) big cities",,D,,"['D', 'A', 'D', 'D', 'D']",D,True,majority,0.8,"{'D': 4, 'A': 1}",5,4,0.8,1,False,,ASDIV,LAMA-3.2-3B
1298,baseline,398,"The music was festive but why are the horses dancing in circles

Options:
A) carnival
B) night club
C) theatre
D) opera
E) ringmaster",,A,,"['D', 'D', 'B', 'C', 'A']",D,False,majority,0.4,"{'D': 2, 'B': 1, 'C': 1, 'A': 1}",5,1,0.2,3,False,,ASDIV,LAMA-3.2-3B
1299,baseline,399,"The electricity went out and everyone was shrouded in darkness.  They all remained in their seats, because it would have been dangerous to try to find there way out.  Where mihgt they have been?

Options:
A) opera
B) concert
C) basement
D) bedroom
E) grand canyon",,A,,"['C', 'C', 'C', 'C', 'C']",C,False,majority,1.0,{'C': 5},5,0,0.0,0,False,,ASDIV,LAMA-3.2-3B
1300,baseline,400,"The person tried to reduce his weight with a shrink ray, but he got it backwards and only did what?

Options:
A) grow
B) gain weight
C) make larger
D) augment
E) get bigger",,C,,"['B', 'B', 'B', 'B', 'B']",B,False,majority,1.0,{'B': 5},5,0,0.0,0,False,,ASDIV,LAMA-3.2-3B
1301,baseline,401,"What is the main purpose of having a bath?

Options:
A) cleanness
B) wetness
C) exfoliation
D) use water
E) hygiene",,A,,"['A', 'A', 'A', 'A', 'E']",A,True,majority,0.8,"{'A': 4, 'E': 1}",5,4,0.8,1,False,,ASDIV,LAMA-3.2-3B
1302,baseline,402,"The child was getting many gifts for his birthday, his father reminded him to do what after opening each one?

Options:
A) show appreciation
B) asking for
C) exchanging
D) say thank
E) smile",,D,,"['A', 'D', 'A', 'D', 'A']",A,False,majority,0.6000000000000001,"{'A': 3, 'D': 2}",5,2,0.4,2,False,,ASDIV,LAMA-3.2-3B
1303,baseline,403,"Joe's cat smelled something delicious and jumped into this, causing him to panic and fear for its life. Where might it have jumped?

Options:
A) meat loaf
B) bedroom
C) microwave
D) living room
E) floor",,C,,"['A', 'A', 'A', 'A', 'A']",A,False,majority,1.0,{'A': 5},5,0,0.0,0,False,,ASDIV,LAMA-3.2-3B
1304,baseline,404,"What very large group of western citizens has bees everywhere?

Options:
A) united states
B) space station
C) trash can
D) field of flowers
E) bouquet of flowers",,A,,"['D', 'D', 'D', 'D', 'D']",D,False,majority,1.0,{'D': 5},5,0,0.0,0,False,,ASDIV,LAMA-3.2-3B
1305,baseline,405,"Where would you find a basement that can be accessed with an elevator?

Options:
A) eat cake
B) closet
C) church
D) office building
E) own house",,D,,"['A', 'A', 'A', 'E', 'D']",A,False,majority,0.6000000000000001,"{'A': 3, 'E': 1, 'D': 1}",5,1,0.2,2,False,,ASDIV,LAMA-3.2-3B
1306,baseline,406,"What must a student in engineering do?

Options:
A) answer question
B) learn language
C) do mathematics
D) be able to count
E) begin to study",,C,,"['E', 'E', 'E', 'A', 'E']",E,False,majority,0.8,"{'E': 4, 'A': 1}",5,0,0.0,1,False,,ASDIV,LAMA-3.2-3B
1307,baseline,407,"Who is a police officer likely to work for?

Options:
A) beat
B) direct traffic
C) city
D) street
E) president",,C,,"['A', 'A', 'C', 'A', 'A']",A,False,majority,0.8,"{'A': 4, 'C': 1}",5,1,0.2,1,False,,ASDIV,LAMA-3.2-3B
1308,baseline,408,"The princess was pure, the evil wizard wished to do what to her?

Options:
A) dirty
B) tarnish
C) corrupt
D) contaminated
E) applied",,C,,"['B', 'C', 'D', 'B', 'A']",B,False,majority,0.4,"{'B': 2, 'C': 1, 'D': 1, 'A': 1}",5,1,0.2,3,False,,ASDIV,LAMA-3.2-3B
1309,baseline,409,"Where would you expect to find a dictionary along side other writings you can borrow?

Options:
A) classroom
B) shelf
C) explain meaning of words
D) table
E) library",,E,,"['A', 'E', 'B', 'B', 'A']",A,False,coin_flip,0.33330000000000004,"{'A': 2, 'E': 1, 'B': 2}",6,2,0.33330000000000004,4,True,1.0,ASDIV,LAMA-3.2-3B
1310,baseline,410,"I want to use string to keep something from moving, how should I do it?

Options:
A) tie around
B) wind around
C) weave
D) stringbed
E) ball up",,A,,"['B', 'B', 'D', 'D', 'A']",B,False,refiner_tiebreak,0.5,"{'B': 2, 'D': 2, 'A': 1}",6,1,0.16670000000000001,3,True,0.0,ASDIV,LAMA-3.2-3B
1311,baseline,411,"What might someone believe in if they are cleaning clothes?

Options:
A) feminism
B) sanitation
C) ruined
D) wrinkles
E) buttons to fall off",,B,,"['A', 'A', 'A', 'A', 'B']",A,False,majority,0.8,"{'A': 4, 'B': 1}",5,1,0.2,1,False,,ASDIV,LAMA-3.2-3B
1312,baseline,412,"What happens when driving?

Options:
A) lack of fuel
B) paint scratching
C) wheels turning
D) tire wear
E) traffic accident",,C,,"['D', 'C', 'C', 'D', 'D']",D,False,majority,0.6000000000000001,"{'D': 3, 'C': 2}",5,2,0.4,2,False,,ASDIV,LAMA-3.2-3B
1313,baseline,413,"What can machines do that humans cannot?

Options:
A) fail to work
B) perform work
C) answering questions
D) see work
E) fly",,E,,"['B', 'B', 'B', 'B', 'A']",B,False,majority,0.8,"{'B': 4, 'A': 1}",5,0,0.0,1,False,,ASDIV,LAMA-3.2-3B
1314,baseline,414,"He needed more information to fix it, so he consulted the what?

Options:
A) chickens
B) google
C) newspaper
D) online
E) manual",,E,,"['B', 'B', 'B', '', 'B']",B,False,majority,1.0,{'B': 4},4,0,0.0,0,False,,ASDIV,LAMA-3.2-3B
1315,baseline,415,"While people just throw coins down them now, what originally had a pail to be lowered for it's intended use?

Options:
A) garage
B) utility room
C) slide
D) wishing well
E) garden",,D,,"['D', 'B', 'D', 'D', 'D']",D,True,majority,0.8,"{'D': 4, 'B': 1}",5,4,0.8,1,False,,ASDIV,LAMA-3.2-3B
1316,baseline,416,"If a reception is held with hotel guests walking by, what is the likely venue?

Options:
A) room service
B) church basement
C) lobby
D) large room
E) country club",,C,,"['C', 'C', 'C', 'C', 'C']",C,True,majority,1.0,{'C': 5},5,5,1.0,0,False,,ASDIV,LAMA-3.2-3B
1317,baseline,417,"If I wanted to grow plants, where could I put a lot of dirt?

Options:
A) corner
B) street
C) closet
D) garden
E) bathtub",,D,,"['D', 'D', 'A', 'D', 'A']",D,True,majority,0.6000000000000001,"{'D': 3, 'A': 2}",5,3,0.6000000000000001,2,False,,ASDIV,LAMA-3.2-3B
1318,baseline,418,"Killing people should not cause what emotion?

Options:
A) vengeance
B) going to prison
C) joy
D) afraid
E) terrible",,C,,"['D', 'B', 'D', 'B', 'D']",D,False,majority,0.6000000000000001,"{'D': 3, 'B': 2}",5,0,0.0,2,False,,ASDIV,LAMA-3.2-3B
1319,baseline,419,"Where would you buy a finely crafted writing instrument?

Options:
A) nasa
B) classroom
C) stationery store
D) purse
E) office supply store",,C,,"['C', 'A', 'C', 'C', 'A']",C,True,majority,0.6000000000000001,"{'C': 3, 'A': 2}",5,3,0.6000000000000001,2,False,,ASDIV,LAMA-3.2-3B
1320,baseline,420,"Where would someone keep their nylon leggings?

Options:
A) stockings
B) rope
C) car
D) clothing
E) drawer",,E,,"['D', 'A', 'A', 'A', 'A']",A,False,majority,0.8,"{'D': 1, 'A': 4}",5,0,0.0,1,False,,ASDIV,LAMA-3.2-3B
1321,baseline,421,"When a group of people are talking at work they might be doing what?

Options:
A) having a concert.
B) cough
C) sharing of ideas
D) speak
E) sneeze",,C,,"['D', 'D', 'D', 'D', 'D']",D,False,majority,1.0,{'D': 5},5,0,0.0,0,False,,ASDIV,LAMA-3.2-3B
1322,baseline,422,"If you're buying beer for a float trip what are you preparing to do?

Options:
A) get arrested
B) have fun
C) get sick
D) spend money
E) stupidity",,B,,"['B', 'B', 'B', 'B', 'B']",B,True,majority,1.0,{'B': 5},5,5,1.0,0,False,,ASDIV,LAMA-3.2-3B
1323,baseline,423,"While washing clothes they became what when caught on the sharp object?

Options:
A) damaged
B) wet clothes
C) wear out
D) torn
E) have fun",,D,,"['A', 'B', 'A', 'A', 'D']",A,False,majority,0.6000000000000001,"{'A': 3, 'B': 1, 'D': 1}",5,1,0.2,2,False,,ASDIV,LAMA-3.2-3B
1324,baseline,424,"Batman bought beer.  There were no bottles available.  He had to settle for what?.

Options:
A) shelf
B) soccer game
C) keg
D) can
E) refrigerator",,D,,"['A', 'A', 'A', 'A', 'A']",A,False,majority,1.0,{'A': 5},5,0,0.0,0,False,,ASDIV,LAMA-3.2-3B
1325,baseline,425,"To get clean clothes you to what to them?

Options:
A) get dirty
B) writing
C) use water
D) launder
E) soap",,D,,"['D', 'D', 'D', 'D', 'D']",D,True,majority,1.0,{'D': 5},5,5,1.0,0,False,,ASDIV,LAMA-3.2-3B
1326,baseline,426,"Danny found that the carpet did not ,match the drapes, which was disappointing, because this place was expensive.  But it was the only place in town that wasn't booked solid for the week and he needed it while he was in town, so he couldn't complain.   Where might this place be?

Options:
A) brothel
B) restaurant
C) building
D) bowling alley
E) at hotel",,E,,"['D', 'E', 'E', 'D', 'E']",E,True,majority,0.6000000000000001,"{'D': 2, 'E': 3}",5,3,0.6000000000000001,2,False,,ASDIV,LAMA-3.2-3B
1327,baseline,427,"Running errands with screaming kids will likely cause what?

Options:
A) efficiency
B) insanity
C) aggravation
D) tiredness
E) stress",,C,,"['A', 'E', 'A', '', 'A']",A,False,majority,0.75,"{'A': 3, 'E': 1}",4,0,0.0,1,False,,ASDIV,LAMA-3.2-3B
1328,baseline,428,"The couple explained they were having trouble communicating, it seemed every conversation took great what?

Options:
A) thinking
B) effort
C) laugh
D) force
E) medium",,B,,"['A', 'B', 'A', 'A', 'C']",A,False,majority,0.6000000000000001,"{'A': 3, 'B': 1, 'C': 1}",5,1,0.2,2,False,,ASDIV,LAMA-3.2-3B
1329,baseline,429,"What uses a ribbon to put words on paper?

Options:
A) wrapping paper
B) girl's hair
C) bath
D) floral arrangement
E) typewriter",,E,,"['A', 'A', 'A', 'A', 'A']",A,False,majority,1.0,{'A': 5},5,0,0.0,0,False,,ASDIV,LAMA-3.2-3B
1330,baseline,430,"Humans need shelter to survive.  They usually find shelter where?

Options:
A) underpass
B) homes
C) workplace
D) school
E) space shuttle",,B,,"['B', 'B', 'B', 'B', 'B']",B,True,majority,1.0,{'B': 5},5,5,1.0,0,False,,ASDIV,LAMA-3.2-3B
1331,baseline,431,"Diving into backyard pools can be very dangerous and can lead to serious head and what?

Options:
A) going somewhere
B) splats
C) cancer
D) getting wet
E) spinal injuries",,E,,"['E', 'E', 'E', 'E', 'E']",E,True,majority,1.0,{'E': 5},5,5,1.0,0,False,,ASDIV,LAMA-3.2-3B
1332,baseline,432,"Where do you find the most amount of leafs?

Options:
A) floral arrangement
B) ground
C) forrest
D) field
E) compost pile",,C,,"['D', 'D', '', 'B', 'C']",D,False,majority,0.5,"{'D': 2, 'B': 1, 'C': 1}",4,1,0.25,2,False,,ASDIV,LAMA-3.2-3B
1333,baseline,433,"What would you do to a crime scene before asking a question?

Options:
A) express information
B) touch everything
C) think
D) give clue
E) analyse",,E,,"['C', 'C', 'A', 'A', 'A']",A,False,majority,0.6000000000000001,"{'C': 2, 'A': 3}",5,0,0.0,2,False,,ASDIV,LAMA-3.2-3B
1334,baseline,434,"When wildlife reproduce we often refer to what comes out as what?

Options:
A) raise children
B) have children
C) photo copy
D) offspring
E) accidently got pregnant somehow",,D,,"['D', 'D', 'D', 'D', 'D']",D,True,majority,1.0,{'D': 5},5,5,1.0,0,False,,ASDIV,LAMA-3.2-3B
1335,baseline,435,"What kind of tale might feature a talking weasel?

Options:
A) mulberry bush
B) animated film
C) chicken coop
D) history book
E) children's story",,E,,"['A', 'E', 'A', 'A', 'E']",A,False,majority,0.6000000000000001,"{'A': 3, 'E': 2}",5,2,0.4,2,False,,ASDIV,LAMA-3.2-3B
1336,baseline,436,"The boat passenger was explaining his fear of blowfish, but the captain figured he meant piranhas since they were on a river in the what?

Options:
A) cuba
B) styx
C) atlantic ocean
D) france
E) jungle",,E,,"['A', 'A', 'C', 'B', 'C']",C,False,refiner_tiebreak,0.5,"{'A': 2, 'C': 2, 'B': 1}",6,0,0.0,3,True,0.0,ASDIV,LAMA-3.2-3B
1337,baseline,437,"What is someone usually doing if someone else is talking to him or her?

Options:
A) listening
B) language
C) looking at eyes
D) planning the perfect murder
E) voice",,A,,"['A', 'A', 'A', 'A', 'A']",A,True,majority,1.0,{'A': 5},5,5,1.0,0,False,,ASDIV,LAMA-3.2-3B
1338,baseline,438,"Where can someone get a new saw?

Options:
A) hardware store
B) toolbox
C) logging camp
D) tool kit
E) auger",,A,,"['A', 'A', 'A', 'A', 'A']",A,True,majority,1.0,{'A': 5},5,5,1.0,0,False,,ASDIV,LAMA-3.2-3B
1339,baseline,439,"Where would you be concerned about finding a cavity?

Options:
A) solid object
B) molar
C) dentist
D) unbrushed tooth
E) teeth",,E,,"['D', 'D', 'D', 'D', 'A']",D,False,majority,0.8,"{'D': 4, 'A': 1}",5,0,0.0,1,False,,ASDIV,LAMA-3.2-3B
1340,baseline,440,"What has a shelf that does not allow you to see what is inside of it?

Options:
A) chest of drawers
B) stove
C) hold alcohol
D) bookcase
E) grocery store",,A,,"['A', 'B', 'D', 'B', 'A']",A,True,coin_flip,0.33330000000000004,"{'A': 2, 'B': 2, 'D': 1}",6,2,0.33330000000000004,4,True,0.0,ASDIV,LAMA-3.2-3B
1341,baseline,441,"How would you express information if you do not have a pen or pencil?

Options:
A) may disagree
B) close mouth
C) write down
D) talk
E) eyes",,D,,"['A', 'A', 'A', 'A', 'A']",A,False,majority,1.0,{'A': 5},5,0,0.0,0,False,,ASDIV,LAMA-3.2-3B
1342,baseline,442,"What will god never do according to religion?

Options:
A) anything
B) judge people
C) work miracles
D) judge men
E) everywhere",,B,,"['A', 'B', 'D', 'D', 'D']",D,False,majority,0.6000000000000001,"{'A': 1, 'B': 1, 'D': 3}",5,1,0.2,2,False,,ASDIV,LAMA-3.2-3B
1343,baseline,443,"The landscaper was carefully arching stones together, he was creating an elaborate what over the creek?

Options:
A) park
B) made from rocks
C) balloon
D) field
E) bridge",,E,,"['A', 'B', 'A', 'D', 'A']",A,False,majority,0.6000000000000001,"{'A': 3, 'B': 1, 'D': 1}",5,0,0.0,2,False,,ASDIV,LAMA-3.2-3B
1344,baseline,444,"How can people fulfill their own calorie requirements?

Options:
A) compete with each other
B) feed themselves
C) feel lonely
D) talk to each other
E) ask a doctor",,B,,"['A', '', 'A', 'B', 'A']",A,False,majority,0.75,"{'A': 3, 'B': 1}",4,1,0.25,1,False,,ASDIV,LAMA-3.2-3B
1345,baseline,445,"What mall store sells jeans for a decent price?

Options:
A) clothing store
B) bedroom
C) thrift store
D) apartment
E) gap",,E,,"['A', 'A', 'A', 'A', 'A']",A,False,majority,1.0,{'A': 5},5,0,0.0,0,False,,ASDIV,LAMA-3.2-3B
1346,baseline,446,"Where is a grape likely to be being fed to someone else?

Options:
A) field
B) bathroom
C) michigan
D) minnesota
E) painting",,E,,"['A', 'A', 'A', 'B', 'A']",A,False,majority,0.8,"{'A': 4, 'B': 1}",5,0,0.0,1,False,,ASDIV,LAMA-3.2-3B
1347,baseline,447,"How does a planet usually move around the sun?

Options:
A) writing
B) universe
C) outer space
D) outerspace
E) orbit",,E,,"['E', 'E', 'E', '', 'E']",E,True,majority,1.0,{'E': 4},4,4,1.0,0,False,,ASDIV,LAMA-3.2-3B
1348,baseline,448,"The man started to learn jogging, what was he hoping to do?

Options:
A) exhaustion
B) getting in shape
C) fitness
D) injure himself
E) fatigue",,B,,"['B', '', 'C', 'A', 'B']",B,True,majority,0.5,"{'B': 2, 'C': 1, 'A': 1}",4,2,0.5,2,False,,ASDIV,LAMA-3.2-3B
1349,baseline,449,"How are the conditions for someone who is living in a homeless shelter?

Options:
A) sometimes bad
B) happy
C) respiration
D) growing older
E) death",,A,,"['B', 'A', 'C', 'C', 'C']",C,False,majority,0.6000000000000001,"{'B': 1, 'A': 1, 'C': 3}",5,1,0.2,2,False,,ASDIV,LAMA-3.2-3B
1350,baseline,450,"The person saw the mess his children made, what was his following reaction?

Options:
A) smell smoke
B) cross street
C) cry
D) bank savings
E) look angry",,E,,"['E', 'E', 'A', '', 'C']",E,True,majority,0.5,"{'E': 2, 'A': 1, 'C': 1}",4,2,0.5,2,False,,ASDIV,LAMA-3.2-3B
1351,baseline,451,"What animal is known for being a follower?

Options:
A) goat
B) expensive
C) lion
D) wolf
E) meadow",,A,,"['A', 'A', 'A', 'A', 'C']",A,True,majority,0.8,"{'A': 4, 'C': 1}",5,4,0.8,1,False,,ASDIV,LAMA-3.2-3B
1352,baseline,452,"Where would you find a toy soldier that is being played with?

Options:
A) toy box
B) movies
C) child's hand
D) toybos
E) child park",,C,,"['A', 'A', 'A', 'A', 'A']",A,False,majority,1.0,{'A': 5},5,0,0.0,0,False,,ASDIV,LAMA-3.2-3B
1353,baseline,453,"What is the habitat of the fox?

Options:
A) hen house
B) burrow
C) california
D) england
E) mountains",,E,,"['B', 'B', 'B', 'B', 'B']",B,False,majority,1.0,{'B': 5},5,0,0.0,0,False,,ASDIV,LAMA-3.2-3B
1354,baseline,454,"If you jump in any of the oceans you will get?

Options:
A) tanned
B) wet
C) wide
D) very deep
E) fish",,B,,"['B', 'B', 'B', 'B', 'B']",B,True,majority,1.0,{'B': 5},5,5,1.0,0,False,,ASDIV,LAMA-3.2-3B
1355,baseline,455,"If you are committing perjury you have done what while under oath?

Options:
A) crime
B) disrespect judge
C) embarrassment
D) lie
E) indictment",,D,,"['D', 'D', 'D', 'A', 'A']",D,True,majority,0.6000000000000001,"{'D': 3, 'A': 2}",5,3,0.6000000000000001,2,False,,ASDIV,LAMA-3.2-3B
1356,baseline,456,"What is someone who isn't clever, bright, or competent called?

Options:
A) clumsy
B) ineffectual
C) dull
D) clumsy
E) stupid",,E,,"['D', 'E', 'B', 'B', 'B']",B,False,majority,0.6000000000000001,"{'D': 1, 'E': 1, 'B': 3}",5,1,0.2,2,False,,ASDIV,LAMA-3.2-3B
1357,baseline,457,"I am looking for honey right from the source, where should I look?

Options:
A) last all night
B) beehive
C) farmer's market
D) jar
E) honeyful",,B,,"['B', 'B', 'A', 'B', 'B']",B,True,majority,0.8,"{'B': 4, 'A': 1}",5,4,0.8,1,False,,ASDIV,LAMA-3.2-3B
1358,baseline,458,"What do airplanes do as they are arriving at the gate?

Options:
A) slow down
B) crash
C) speed up
D) land
E) carry people",,A,,"['D', 'A', 'D', 'A', 'C']",A,True,refiner_tiebreak,0.5,"{'D': 2, 'A': 2, 'C': 1}",6,3,0.5,3,True,1.0,ASDIV,LAMA-3.2-3B
1359,baseline,459,"Most items in retail stores are what even when they are on sale?

Options:
A) overpriced
B) purchase
C) expensive
D) park
E) buying",,A,,"['B', 'B', 'B', 'B', 'B']",B,False,majority,1.0,{'B': 5},5,0,0.0,0,False,,ASDIV,LAMA-3.2-3B
1360,baseline,460,"The cancer patient was expecting to die, so he made out his what?

Options:
A) not to live
B) write will
C) never want
D) seek help
E) go to hell",,B,,"['B', 'B', 'B', 'B', 'B']",B,True,majority,1.0,{'B': 5},5,5,1.0,0,False,,ASDIV,LAMA-3.2-3B
1361,baseline,461,"How can someone die from eating hamburger?

Options:
A) gas
B) getting full
C) mad cow disease
D) death
E) feel full",,C,,"['A', 'D', 'D', 'D', 'A']",D,False,majority,0.6000000000000001,"{'A': 2, 'D': 3}",5,0,0.0,2,False,,ASDIV,LAMA-3.2-3B
1362,baseline,462,"Sally used a clipboard to hold her papers while she read off names at the beginning of the day.  Where might she work?

Options:
A) desk
B) windows 95
C) office supply store
D) see work
E) school",,E,,"['B', 'D', 'A', 'B', 'D']",B,False,coin_flip,0.33330000000000004,"{'B': 2, 'D': 2, 'A': 1}",6,0,0.0,4,True,0.0,ASDIV,LAMA-3.2-3B
1363,baseline,463,"Although the sun did rise, what did the pessimist warn everyone it would do?

Options:
A) lay
B) go down
C) fall
D) below
E) sundown",,B,,"['B', 'A', 'B', 'A', 'A']",A,False,majority,0.6000000000000001,"{'B': 2, 'A': 3}",5,2,0.4,2,False,,ASDIV,LAMA-3.2-3B
1364,baseline,464,"Where are you when you're about to use your plane ticket?

Options:
A) pocket
B) terrorists hands
C) airport
D) sea ship
E) briefcase",,C,,"['A', 'A', 'C', 'A', 'C']",A,False,majority,0.6000000000000001,"{'A': 3, 'C': 2}",5,2,0.4,2,False,,ASDIV,LAMA-3.2-3B
1365,baseline,465,"People are what when you're a stranger?

Options:
A) train
B) strange
C) human
D) stupid
E) dangerous",,B,,"['C', 'C', 'C', 'C', 'C']",C,False,majority,1.0,{'C': 5},5,0,0.0,0,False,,ASDIV,LAMA-3.2-3B
1366,baseline,466,"When people are playing a game, what is their motivation to play?

Options:
A) believe in god
B) dance
C) desire to win
D) destroy each other
E) run amok",,C,,"['C', 'C', 'A', 'A', 'A']",A,False,majority,0.6000000000000001,"{'C': 2, 'A': 3}",5,2,0.4,2,False,,ASDIV,LAMA-3.2-3B
1367,baseline,467,"John farms anemone in what type of facility?

Options:
A) michigan
B) swimming pool
C) atlantic ocean
D) nursery
E) gulf of mexico",,D,,"['D', 'D', 'E', 'A', 'D']",D,True,majority,0.6000000000000001,"{'D': 3, 'E': 1, 'A': 1}",5,3,0.6000000000000001,2,False,,ASDIV,LAMA-3.2-3B
1368,baseline,468,"The dogs were protecting their own when they decided to what the bad man?

Options:
A) bad breath
B) defend
C) run fast
D) ocean
E) attack",,E,,"['B', 'B', 'A', 'B', 'B']",B,False,majority,0.8,"{'B': 4, 'A': 1}",5,0,0.0,1,False,,ASDIV,LAMA-3.2-3B
1369,baseline,469,"Where would you put a dollar if you want to go to a store and buy something with it?

Options:
A) cash drawer
B) teh bank
C) safety deposit box
D) pocket
E) piggy bank",,D,,"['A', 'D', 'A', 'D', 'A']",A,False,majority,0.6000000000000001,"{'A': 3, 'D': 2}",5,2,0.4,2,False,,ASDIV,LAMA-3.2-3B
1370,baseline,470,"The cat carefully navigated the area, they do everything they can to avoid what?

Options:
A) get wet
B) eat vegetables
C) falling
D) wool sweater
E) sharp claws",,A,,"['A', '', 'A', 'B', 'A']",A,True,majority,0.75,"{'A': 3, 'B': 1}",4,3,0.75,1,False,,ASDIV,LAMA-3.2-3B
1371,baseline,471,"After he got hired he hoped for success at his what?

Options:
A) vocation
B) new job
C) michigan
D) working hard
E) manual",,B,,"['B', 'B', 'B', 'B', 'A']",B,True,majority,0.8,"{'B': 4, 'A': 1}",5,4,0.8,1,False,,ASDIV,LAMA-3.2-3B
1372,baseline,472,"What southern U.S. state is know for having many swamps?

Options:
A) wetlands
B) new york
C) michigan
D) louisiana
E) river delta",,D,,"['D', 'D', 'D', 'D', 'D']",D,True,majority,1.0,{'D': 5},5,5,1.0,0,False,,ASDIV,LAMA-3.2-3B
1373,baseline,473,"In what kind of environment does an anemone live?

Options:
A) nursery
B) south pacific
C) desert
D) sea water
E) atlantic ocean",,D,,"['D', 'D', 'D', 'D', 'D']",D,True,majority,1.0,{'D': 5},5,5,1.0,0,False,,ASDIV,LAMA-3.2-3B
1374,baseline,474,"Where can children play with animals?

Options:
A) meadow
B) play room
C) surface of earth
D) zoos
E) fairgrounds",,E,,"['D', 'D', 'D', 'D', 'D']",D,False,majority,1.0,{'D': 5},5,0,0.0,0,False,,ASDIV,LAMA-3.2-3B
1375,baseline,475,"They were searching for rocks, so they missed the birds overhead as they stared at the what?

Options:
A) ground
B) drawer
C) surface of earth
D) pizza
E) waterfall",,A,,"['A', 'C', 'A', 'C', 'A']",A,True,majority,0.6000000000000001,"{'A': 3, 'C': 2}",5,3,0.6000000000000001,2,False,,ASDIV,LAMA-3.2-3B
1376,baseline,476,"The man  tried to break the glass in order to make his escape in time, but he could not.  The person in the cat, trying to kill him, did what?

Options:
A) accelerate
B) putting together
C) working
D) construct
E) train",,A,,"['B', 'D', 'B', 'B', 'A']",B,False,majority,0.6000000000000001,"{'B': 3, 'D': 1, 'A': 1}",5,1,0.2,2,False,,ASDIV,LAMA-3.2-3B
1377,baseline,477,"After climbing the mountains, the explored found the cave, what was the general goegraphy of the region he found it in?

Options:
A) west virginia
B) kentucky
C) desert
D) sea
E) rocky hills",,E,,"['A', 'A', 'E', 'A', 'C']",A,False,majority,0.6000000000000001,"{'A': 3, 'E': 1, 'C': 1}",5,1,0.2,2,False,,ASDIV,LAMA-3.2-3B
1378,baseline,478,"He had no issue committing perjury, he had a what that he would get away with it?

Options:
A) confidence
B) go to jail
C) telling lies
D) lying
E) manual",,A,,"['D', 'D', 'C', 'D', 'C']",D,False,majority,0.6000000000000001,"{'D': 3, 'C': 2}",5,0,0.0,2,False,,ASDIV,LAMA-3.2-3B
1379,baseline,479,"Where is a teacher likely to keep her clavichord?

Options:
A) living room
B) parlor
C) music hall
D) music room
E) museum",,D,,"['A', 'A', 'A', 'A', 'A']",A,False,majority,1.0,{'A': 5},5,0,0.0,0,False,,ASDIV,LAMA-3.2-3B
1380,baseline,480,"He wasn't the hugging type, even when he meet friend he'd just do what?

Options:
A) have sex
B) smile
C) hug each other
D) conversation
E) handshake",,E,,"['B', 'D', 'E', 'D', 'E']",D,False,refiner_tiebreak,0.5,"{'B': 1, 'D': 2, 'E': 2}",6,2,0.33330000000000004,3,True,0.0,ASDIV,LAMA-3.2-3B
1381,baseline,481,"Where can you store your dishes in your dwelling?

Options:
A) drawer
B) shelf
C) pantry
D) apartment
E) cabinet",,B,,"['A', 'A', 'A', 'A', 'A']",A,False,majority,1.0,{'A': 5},5,0,0.0,0,False,,ASDIV,LAMA-3.2-3B
1382,baseline,482,"The family wanted to adopt for enviro-ethical reasons, what did they abhor?

Options:
A) orphan
B) biological child
C) give away
D) foster child
E) abandon",,B,,"['D', 'B', 'D', 'E', 'D']",D,False,majority,0.6000000000000001,"{'D': 3, 'B': 1, 'E': 1}",5,1,0.2,2,False,,ASDIV,LAMA-3.2-3B
1383,baseline,483,"Where would you put a net if you wanted to use it?

Options:
A) sports
B) fishing gear
C) soccer game
D) fishing boat
E) badminton",,D,,"['B', 'A', 'A', 'A', 'B']",A,False,majority,0.6000000000000001,"{'B': 2, 'A': 3}",5,0,0.0,2,False,,ASDIV,LAMA-3.2-3B
1384,baseline,484,"The fresh herbs, flowers, and vegetables will shrivel up if people don't do this?

Options:
A) water plants
B) believe in god
C) drive to the nearest pool
D) speaking english
E) raise children",,A,,"['A', 'A', 'A', 'A', 'A']",A,True,majority,1.0,{'A': 5},5,5,1.0,0,False,,ASDIV,LAMA-3.2-3B
1385,baseline,485,"John didn't mind getting in line.  It was what game after that he hated.  The time, the sore feet. He did not like doing what?

Options:
A) have to wait for
B) standing in line
C) eat cake
D) less confusion
E) being ordered",,B,,"['B', 'B', 'B', 'B', 'B']",B,True,majority,1.0,{'B': 5},5,5,1.0,0,False,,ASDIV,LAMA-3.2-3B
1386,baseline,486,"where is a good place to obtain new soap?

Options:
A) supermarket
B) washing
C) cabinet
D) own home
E) sink",,A,,"['A', 'A', 'A', 'D', 'D']",A,True,majority,0.6000000000000001,"{'A': 3, 'D': 2}",5,3,0.6000000000000001,2,False,,ASDIV,LAMA-3.2-3B
1387,baseline,487,"If you're going to a party in a new town what are you hoping to make?

Options:
A) getting drunk
B) making new friends
C) new contacts
D) doing drugs
E) set home",,B,,"['B', 'B', 'B', 'B', 'B']",B,True,majority,1.0,{'B': 5},5,5,1.0,0,False,,ASDIV,LAMA-3.2-3B
1388,baseline,488,"Joe is a  squirrel, which is an animal. He probably lives in what sort of place.

Options:
A) pet store
B) outside
C) woodland
D) ocean
E) cafe",,C,,"['C', 'A', 'C', 'A', 'A']",A,False,majority,0.6000000000000001,"{'C': 2, 'A': 3}",5,2,0.4,2,False,,ASDIV,LAMA-3.2-3B
1389,baseline,489,"What may you have after awaking after a night of heavy drinking?

Options:
A) get up
B) discomfort
C) discomfort
D) headache
E) shock",,D,,"['B', 'B', 'A', 'B', 'A']",B,False,majority,0.6000000000000001,"{'B': 3, 'A': 2}",5,0,0.0,2,False,,ASDIV,LAMA-3.2-3B
1390,baseline,490,"The traveling business man was glad his credit card had perks, it offset the high prices for travel from a what?

Options:
A) car
B) theatre
C) airport
D) hotel
E) disneyland",,C,,"['D', 'D', 'D', 'C', 'D']",D,False,majority,0.8,"{'D': 4, 'C': 1}",5,1,0.2,1,False,,ASDIV,LAMA-3.2-3B
1391,baseline,491,"Spraining an ankle while playing baseball will cause what?

Options:
A) strikes
B) eating
C) injury
D) sore muscles
E) pain",,E,,"['E', 'C', 'C', 'E', 'D']",C,False,refiner_tiebreak,0.5,"{'E': 2, 'C': 2, 'D': 1}",6,2,0.33330000000000004,3,True,0.0,ASDIV,LAMA-3.2-3B
1392,baseline,492,"They were never going to be big actors, but they all had passion for the local what?

Options:
A) theater
B) opera
C) show
D) television
E) blockbuster feature",,A,,"['A', 'A', '', 'B', 'A']",A,True,majority,0.75,"{'A': 3, 'B': 1}",4,3,0.75,1,False,,ASDIV,LAMA-3.2-3B
1393,baseline,493,"Lawyers often talk in front of an audience where?

Options:
A) work
B) courtroom
C) office building
D) press charges
E) theatre",,B,,"['B', 'B', 'B', 'B', 'B']",B,True,majority,1.0,{'B': 5},5,5,1.0,0,False,,ASDIV,LAMA-3.2-3B
1394,baseline,494,"They needed grape juice for their party, they went to buy it and other snacks at the what?

Options:
A) field
B) restaurant
C) salad
D) market
E) food store",,E,,"['E', 'E', 'E', 'E', 'E']",E,True,majority,1.0,{'E': 5},5,5,1.0,0,False,,ASDIV,LAMA-3.2-3B
1395,baseline,495,"A story about World War II would be set when?

Options:
A) book or library
B) book or magazine
C) newspaper
D) past
E) future",,D,,"['D', 'D', 'D', 'D', 'D']",D,True,majority,1.0,{'D': 5},5,5,1.0,0,False,,ASDIV,LAMA-3.2-3B
1396,baseline,496,"The pitcher stepped on the mound ready to throw, where was he located specifically?

Options:
A) hell
B) baseball stadium
C) golf course
D) africa
E) baseball diamond",,E,,"['B', 'A', 'B', 'A', '']",B,False,refiner_tiebreak,0.6000000000000001,"{'B': 2, 'A': 2}",5,0,0.0,2,True,0.0,ASDIV,LAMA-3.2-3B
1397,baseline,497,"Where might the stapler be if I cannot find it?

Options:
A) office building
B) office supply store
C) desk drawer
D) with dwight
E) desktop",,C,,"['B', 'D', 'D', 'C', 'A']",D,False,majority,0.4,"{'B': 1, 'D': 2, 'C': 1, 'A': 1}",5,1,0.2,3,False,,ASDIV,LAMA-3.2-3B
1398,baseline,498,"Where would you find a fox that is made up?

Options:
A) storybook
B) woods
C) hen house
D) natural habitat
E) back yard",,A,,"['A', 'A', 'D', 'D', 'B']",D,False,refiner_tiebreak,0.5,"{'A': 2, 'D': 2, 'B': 1}",6,2,0.33330000000000004,3,True,0.0,ASDIV,LAMA-3.2-3B
1399,baseline,499,"What part of a table would you put a ruler in?

Options:
A) drawer
B) desk
C) the backside
D) office
E) measure distance",,A,,"['A', 'A', 'A', 'E', 'E']",A,True,majority,0.6000000000000001,"{'A': 3, 'E': 2}",5,3,0.6000000000000001,2,False,,ASDIV,LAMA-3.2-3B
1400,baseline,500,"What is the most famous constellation out of earth?

Options:
A) one moon
B) milky way
C) god's creation
D) stars
E) universe",,B,,"['B', 'D', 'B', 'D', 'B']",B,True,majority,0.6000000000000001,"{'B': 3, 'D': 2}",5,3,0.6000000000000001,2,False,,ASDIV,LAMA-3.2-3B
1401,baseline,501,"The criminal insisted he must do the crime to the bank teller, but she tried to convince him there were other ways in life and this was what?

Options:
A) willing
B) optional
C) should not
D) have to
E) unnecessary",,E,,"['B', 'A', 'A', 'B', 'C']",B,False,refiner_tiebreak,0.5,"{'B': 2, 'A': 2, 'C': 1}",6,0,0.0,3,True,0.0,ASDIV,LAMA-3.2-3B
1402,baseline,502,"Marathoners feel fatigued after running twenty six miles, but some that have pushed them self too hard might be prone to what?

Options:
A) excruciating pain
B) passing out
C) death
D) drunk
E) exhaustion",,B,,"['E', 'E', 'E', 'E', 'E']",E,False,majority,1.0,{'E': 5},5,0,0.0,0,False,,ASDIV,LAMA-3.2-3B
1403,baseline,503,"Where is one likely to find a fan for their stove?

Options:
A) appliance store
B) sports stadium
C) dress emporium
D) hot room
E) football stadium",,A,,"['A', 'A', 'A', 'A', 'A']",A,True,majority,1.0,{'A': 5},5,5,1.0,0,False,,ASDIV,LAMA-3.2-3B
1404,baseline,504,"The wood was still rough to the touch, what did the woodworker have to do?

Options:
A) petrify
B) sanded
C) warp
D) composted
E) clean",,B,,"['B', 'B', 'B', 'B', 'A']",B,True,majority,0.8,"{'B': 4, 'A': 1}",5,4,0.8,1,False,,ASDIV,LAMA-3.2-3B
1405,baseline,505,"Where can a student learn to play a triangle?

Options:
A) math class
B) math book
C) in pythagorus' band
D) orchestra
E) music class",,E,,"['A', 'A', 'A', 'A', 'A']",A,False,majority,1.0,{'A': 5},5,0,0.0,0,False,,ASDIV,LAMA-3.2-3B
1406,baseline,506,"James bought a new set of tire chains and put them somewhere he could find them.  Where would he put them?

Options:
A) gear shift
B) garage
C) kitchen
D) jewelry store
E) hardware store",,B,,"['A', 'A', 'A', 'A', 'B']",A,False,majority,0.8,"{'A': 4, 'B': 1}",5,1,0.2,1,False,,ASDIV,LAMA-3.2-3B
1407,baseline,507,"Why would a small dog pant if it's hot outside?

Options:
A) outside
B) europe
C) heat
D) wet
E) dog show",,C,,"['C', 'C', 'C', 'C', 'C']",C,True,majority,1.0,{'C': 5},5,5,1.0,0,False,,ASDIV,LAMA-3.2-3B
1408,baseline,508,"The kitten had nothing to dig it's claws into, so when it tried to stop it slid across what?

Options:
A) living room
B) floor
C) warm place
D) carpet
E) farmhouse",,B,,"['A', 'B', 'A', '', '']",A,False,majority,0.6667000000000001,"{'A': 2, 'B': 1}",3,1,0.33330000000000004,1,False,,ASDIV,LAMA-3.2-3B
1409,baseline,509,"What do young boys do on the ice in the winter?

Options:
A) ski
B) play hockey
C) summer
D) knit
E) warm",,B,,"['A', 'A', 'B', 'B', 'A']",A,False,majority,0.6000000000000001,"{'A': 3, 'B': 2}",5,2,0.4,2,False,,ASDIV,LAMA-3.2-3B
1410,baseline,510,"I want to buy a gong, where should I look for one?

Options:
A) orchestra
B) church
C) chinese temple
D) chinatown
E) music store",,E,,"['A', 'B', 'B', '', 'B']",B,False,majority,0.75,"{'A': 1, 'B': 3}",4,0,0.0,1,False,,ASDIV,LAMA-3.2-3B
1411,baseline,511,"Joe was thrown from his boat into the water.  The water was cold because it was the middle of winter and he cried out to his crew for help.  They couldn't hear him over the sound of the what?

Options:
A) surface of earth
B) teardrops
C) snowflake
D) typhoon
E) motor",,D,,"['A', 'B', 'A', 'A', 'A']",A,False,majority,0.8,"{'A': 4, 'B': 1}",5,0,0.0,1,False,,ASDIV,LAMA-3.2-3B
1412,baseline,512,"What type of residence has a ground floor with a stoop?

Options:
A) brownstone
B) hotel
C) condominium
D) entering building
E) office building",,A,,"['C', 'A', 'A', 'C', 'A']",A,True,majority,0.6000000000000001,"{'C': 2, 'A': 3}",5,3,0.6000000000000001,2,False,,ASDIV,LAMA-3.2-3B
1413,baseline,513,"Where do most people make coffee?

Options:
A) coffee shop
B) office
C) table
D) washing
E) kitchen",,E,,"['A', 'B', 'B', 'A', 'A']",A,False,majority,0.6000000000000001,"{'A': 3, 'B': 2}",5,0,0.0,2,False,,ASDIV,LAMA-3.2-3B
1414,baseline,514,"He picked up the perfect pebble, he planned to skip it across the entire small what?

Options:
A) manual
B) lake
C) aquarium
D) pond
E) playground",,D,,"['A', 'B', 'D', 'A', 'E']",A,False,majority,0.4,"{'A': 2, 'B': 1, 'D': 1, 'E': 1}",5,1,0.2,3,False,,ASDIV,LAMA-3.2-3B
1415,baseline,515,"If you were looking for a blowfish, you wouldn't look on dry land, you'd look in a what?

Options:
A) fish market
B) jungle
C) sea water
D) body of water
E) soup",,D,,"['A', 'D', 'D', 'C', 'D']",D,True,majority,0.6000000000000001,"{'A': 1, 'D': 3, 'C': 1}",5,3,0.6000000000000001,2,False,,ASDIV,LAMA-3.2-3B
1416,baseline,516,"There was more than one bum asking for change or a ticket, it was the cheapest way to travel so it was no surprise sight at the what?

Options:
A) train station
B) beach
C) bus depot
D) bridge
E) stumblebum",,C,,"['D', 'E', 'E', 'D', 'E']",E,False,majority,0.6000000000000001,"{'D': 2, 'E': 3}",5,0,0.0,2,False,,ASDIV,LAMA-3.2-3B
1417,baseline,517,"Where would you display a picture on a horizontal surface?

Options:
A) microwave
B) desktop
C) shelf
D) art show
E) wall",,C,,"['A', 'A', 'A', 'A', 'A']",A,False,majority,1.0,{'A': 5},5,0,0.0,0,False,,ASDIV,LAMA-3.2-3B
1418,baseline,518,"Despite the large crowds, how did the depressed man feel?

Options:
A) small group
B) alone
C) solitary
D) solitude
E) panic",,C,,"['C', 'B', 'A', 'B', 'A']",B,False,refiner_tiebreak,0.5,"{'C': 1, 'B': 2, 'A': 2}",6,1,0.16670000000000001,3,True,0.0,ASDIV,LAMA-3.2-3B
1419,baseline,519,"What does every person want?

Options:
A) life partner
B) larger house
C) second chances
D) money
E) headache",,A,,"['A', 'A', 'A', 'A', 'A']",A,True,majority,1.0,{'A': 5},5,5,1.0,0,False,,ASDIV,LAMA-3.2-3B
1420,baseline,520,"The woman is watching television and trying to forget her day, what is her goal?

Options:
A) entertainment
B) falling asleep
C) getting fat
D) crying
E) relaxation",,E,,"['A', 'A', 'E', 'E', 'A']",A,False,majority,0.6000000000000001,"{'A': 3, 'E': 2}",5,2,0.4,2,False,,ASDIV,LAMA-3.2-3B
1421,baseline,521,"Where could you get some knives if you are planning to bring them outside with you?

Options:
A) sporting goods store
B) backpack
C) kitchen
D) sharp edges
E) dog house",,C,,"['A', 'A', 'A', 'A', 'A']",A,False,majority,1.0,{'A': 5},5,0,0.0,0,False,,ASDIV,LAMA-3.2-3B
1422,baseline,522,"What is the animal trying to accomplish?

Options:
A) sand trap
B) live long
C) leave home
D) feel pain
E) eating",,B,,"['E', 'B', 'A', 'E', 'C']",E,False,majority,0.4,"{'E': 2, 'B': 1, 'A': 1, 'C': 1}",5,1,0.2,3,False,,ASDIV,LAMA-3.2-3B
1423,baseline,523,"James tore the antenna off of his boat due to bad reception as he was crossing the channel from France.  Where was he going?

Options:
A) river
B) television
C) india
D) england
E) europe",,D,,"['A', 'A', 'E', '', 'E']",E,False,refiner_tiebreak,0.6000000000000001,"{'A': 2, 'E': 2}",5,0,0.0,2,True,0.0,ASDIV,LAMA-3.2-3B
1424,baseline,524,"As he looked out the window, he knew the landing was happening soon, and it made him nervous, but where would he be soon?

Options:
A) apartment building
B) disembark
C) stairwell
D) deplane
E) airport",,E,,"['E', 'D', 'E', 'D', 'D']",D,False,majority,0.6000000000000001,"{'E': 2, 'D': 3}",5,2,0.4,2,False,,ASDIV,LAMA-3.2-3B
1425,baseline,525,"If you want to learn about the world and understand the real reasons behind cultural norms and mores, you have achieved a sense of what?

Options:
A) enlightenment
B) open mind
C) confusion
D) smartness
E) anger",,A,,"['B', 'B', 'B', 'A', 'A']",B,False,majority,0.6000000000000001,"{'B': 3, 'A': 2}",5,2,0.4,2,False,,ASDIV,LAMA-3.2-3B
1426,baseline,526,"What will happen if you inject water into yourself?

Options:
A) dilute
B) thin blood
C) take several forms
D) wet clothes
E) move mountains",,B,,"['A', 'A', 'A', 'A', 'A']",A,False,majority,1.0,{'A': 5},5,0,0.0,0,False,,ASDIV,LAMA-3.2-3B
1427,baseline,527,"Kramer wrote a self-referential book.  What might that book be about?

Options:
A) counter
B) coffee table
C) school room
D) backpack
E) bedside table",,B,,"['A', 'A', 'A', 'A', 'B']",A,False,majority,0.8,"{'A': 4, 'B': 1}",5,1,0.2,1,False,,ASDIV,LAMA-3.2-3B
1428,baseline,528,"Where would you get jeans and other wearable items to take home with you?

Options:
A) shopping mall
B) museum
C) laundromat
D) clothing store
E) bedroom",,D,,"['D', 'D', 'A', 'A', 'A']",A,False,majority,0.6000000000000001,"{'D': 2, 'A': 3}",5,2,0.4,2,False,,ASDIV,LAMA-3.2-3B
1429,baseline,529,"Riding a bike for a long time can cause what?

Options:
A) enjoyment
B) fatigue
C) falling down
D) getting lost
E) thirst",,B,,"['B', 'B', 'B', 'B', 'A']",B,True,majority,0.8,"{'B': 4, 'A': 1}",5,4,0.8,1,False,,ASDIV,LAMA-3.2-3B
1430,baseline,530,"A revolving door is convenient for two direction travel, but it also serves as a security measure at a what?

Options:
A) bank
B) library
C) department store
D) mall
E) new york",,A,,"['A', 'A', 'B', 'A', 'A']",A,True,majority,0.8,"{'A': 4, 'B': 1}",5,4,0.8,1,False,,ASDIV,LAMA-3.2-3B
1431,baseline,531,"Sally was afraid of danger and always double checked what?

Options:
A) fight enemy
B) secure
C) being safe
D) safety
E) vicinity",,D,,"['', 'C', 'C', 'C', 'C']",C,False,majority,1.0,{'C': 4},4,0,0.0,0,False,,ASDIV,LAMA-3.2-3B
1432,baseline,532,"During a shark filled tornado where should you not be?

Options:
A) marine museum
B) pool hall
C) noodle house
D) bad movie
E) outside",,E,,"['A', 'A', 'A', 'A', 'A']",A,False,majority,1.0,{'A': 5},5,0,0.0,0,False,,ASDIV,LAMA-3.2-3B
1433,baseline,533,"Billy lived in the capital of his country, then he moved.  Where might he move to?

Options:
A) small town
B) jail
C) lower case
D) contain governmental activities
E) lowercase",,A,,"['A', 'B', 'A', 'A', 'A']",A,True,majority,0.8,"{'A': 4, 'B': 1}",5,4,0.8,1,False,,ASDIV,LAMA-3.2-3B
1434,baseline,534,"Where does a maid empty a trash can?

Options:
A) bus stop
B) corner
C) hockey game
D) motel
E) alley",,D,,"['A', 'A', 'E', 'A', 'A']",A,False,majority,0.8,"{'A': 4, 'E': 1}",5,0,0.0,1,False,,ASDIV,LAMA-3.2-3B
1435,baseline,535,"If i were to spit a lot without noticing i may have extra what?

Options:
A) phlegm
B) saliva nd mouth
C) disease
D) germs
E) spittle",,B,,"['E', 'A', 'E', 'E', 'E']",E,False,majority,0.8,"{'E': 4, 'A': 1}",5,0,0.0,1,False,,ASDIV,LAMA-3.2-3B
1436,baseline,536,"I picked from an apple tree outside of Fort Wayne, where am I?

Options:
A) woods
B) illinois
C) indiana
D) washington state
E) tampa",,C,,"['E', 'A', 'A', 'C', 'A']",A,False,majority,0.6000000000000001,"{'E': 1, 'A': 3, 'C': 1}",5,1,0.2,2,False,,ASDIV,LAMA-3.2-3B
1437,baseline,537,"Blowfish require what specific thing to live?

Options:
A) sea water
B) hatred
C) fish market
D) body of water
E) jungle",,A,,"['A', 'D', 'D', 'D', 'D']",D,False,majority,0.8,"{'A': 1, 'D': 4}",5,1,0.2,1,False,,ASDIV,LAMA-3.2-3B
1438,baseline,538,"What happens at soon as a living being is born?

Options:
A) expiration
B) growing older
C) sometimes bad
D) death
E) start reproduction",,B,,"['D', 'D', 'D', 'D', 'D']",D,False,majority,1.0,{'D': 5},5,0,0.0,0,False,,ASDIV,LAMA-3.2-3B
1439,baseline,539,"What type of demands to the unions need to be making to go off strike?

Options:
A) reasonable
B) more money
C) not go to work
D) return to work
E) union",,A,,"['D', 'A', 'C', 'C', 'C']",C,False,majority,0.6000000000000001,"{'D': 1, 'A': 1, 'C': 3}",5,1,0.2,2,False,,ASDIV,LAMA-3.2-3B
1440,baseline,540,"If one needed the bathroom they needed a key, to get it they had to also buy something from the what?

Options:
A) school
B) convenience store
C) rest area
D) mall
E) theater",,B,,"['B', 'B', 'B', 'B', 'B']",B,True,majority,1.0,{'B': 5},5,5,1.0,0,False,,ASDIV,LAMA-3.2-3B
1441,baseline,541,"If you spend a long time running after a ball how are you likely to feel?

Options:
A) laughter
B) sweating
C) embarrassed
D) breathing heavily
E) tiredness",,E,,"['A', 'A', 'A', 'A', 'A']",A,False,majority,1.0,{'A': 5},5,0,0.0,0,False,,ASDIV,LAMA-3.2-3B
1442,baseline,542,"At the new comic store he found himself making friends, it was nice to meet people with what?

Options:
A) smiling
B) smile
C) open mind
D) common interests
E) laughter",,D,,"['D', 'E', 'D', 'D', 'D']",D,True,majority,0.8,"{'D': 4, 'E': 1}",5,4,0.8,1,False,,ASDIV,LAMA-3.2-3B
1443,baseline,543,"If I was watching TV on the couch and the air was stuffy, I might turn the fan on to make the what more comfortable?

Options:
A) hockey game
B) living room
C) bathroom
D) football stadium
E) hot room",,B,,"['B', 'B', 'B', 'B', 'B']",B,True,majority,1.0,{'B': 5},5,5,1.0,0,False,,ASDIV,LAMA-3.2-3B
1444,baseline,544,"What type of non-vegetarian soup is one likely to find a potato?

Options:
A) beef stew
B) own kitchen
C) clam chowder
D) kitchen cabinet
E) pantry",,C,,"['A', 'C', 'A', 'A', 'A']",A,False,majority,0.8,"{'A': 4, 'C': 1}",5,1,0.2,1,False,,ASDIV,LAMA-3.2-3B
1445,baseline,545,"Bill puts meat on the scale, where does Bill work?

Options:
A) music store
B) assay office
C) tidal wave
D) butcher shop
E) bathroom",,D,,"['D', 'A', 'D', 'A', 'A']",A,False,majority,0.6000000000000001,"{'D': 2, 'A': 3}",5,2,0.4,2,False,,ASDIV,LAMA-3.2-3B
1446,baseline,546,"The man often made smart remarks, like that any restaurant is a mexican restaurant where?

Options:
A) city
B) mexica
C) san diego
D) spain
E) mexico",,E,,"['E', 'E', 'E', 'B', 'E']",E,True,majority,0.8,"{'E': 4, 'B': 1}",5,4,0.8,1,False,,ASDIV,LAMA-3.2-3B
1447,baseline,547,"Where would you put pans if you want to bring them with you?

Options:
A) cooking
B) cook food
C) kitchen
D) backpack
E) drawer",,D,,"['A', '', 'A', 'A', '']",A,False,majority,1.0,{'A': 3},3,0,0.0,0,False,,ASDIV,LAMA-3.2-3B
1448,baseline,548,"when communicating with my boss what should i do

Options:
A) misunderstandings
B) transfer of information
C) learning
D) confusion
E) silence",,B,,"['B', 'B', 'B', 'B', 'B']",B,True,majority,1.0,{'B': 5},5,5,1.0,0,False,,ASDIV,LAMA-3.2-3B
1449,baseline,549,"Where is a good place to store pamphlets in your home or office?

Options:
A) library
B) health department
C) mail box
D) drawer
E) bookstore",,D,,"['A', 'A', 'A', 'A', 'A']",A,False,majority,1.0,{'A': 5},5,0,0.0,0,False,,ASDIV,LAMA-3.2-3B
1450,baseline,550,"The pencil sharpener was broken in the classroom, where did the teacher recommend the student go?

Options:
A) home
B) library
C) stationery store
D) cabinet
E) desk drawer",,B,,"['A', 'D', 'A', 'A', '']",A,False,majority,0.75,"{'A': 3, 'D': 1}",4,0,0.0,1,False,,ASDIV,LAMA-3.2-3B
1451,baseline,551,"What will happen to animals after eating food?

Options:
A) bite
B) digestion
C) feel pleasure
D) pass water
E) listen to each other",,C,,"['B', 'B', '', 'B', 'B']",B,False,majority,1.0,{'B': 4},4,0,0.0,0,False,,ASDIV,LAMA-3.2-3B
1452,baseline,552,"What geographic area is a lizard likely to be?

Options:
A) ball stopped
B) west texas
C) arid regions
D) garden
E) warm place",,B,,"['A', 'E', 'A', 'A', 'A']",A,False,majority,0.8,"{'A': 4, 'E': 1}",5,0,0.0,1,False,,ASDIV,LAMA-3.2-3B
1453,baseline,553,"Nature creates more beautiful structures than those that are what?

Options:
A) artificial
B) indoors
C) city
D) man made
E) eat cake",,D,,"['D', 'D', 'A', 'D', 'D']",D,True,majority,0.8,"{'D': 4, 'A': 1}",5,4,0.8,1,False,,ASDIV,LAMA-3.2-3B
1454,baseline,554,"The chief saw his entire tribe wiped out, he was a leader with a single what?

Options:
A) peon
B) indian
C) minister
D) follower
E) employee",,D,,"['A', 'A', 'D', 'A', 'A']",A,False,majority,0.8,"{'A': 4, 'D': 1}",5,1,0.2,1,False,,ASDIV,LAMA-3.2-3B
1455,baseline,555,"When a human is earning money, where are they often found?

Options:
A) deep thought
B) park
C) friend's house
D) place of work
E) school",,D,,"['D', 'D', 'D', 'D', 'D']",D,True,majority,1.0,{'D': 5},5,5,1.0,0,False,,ASDIV,LAMA-3.2-3B
1456,baseline,556,"John got his tax refund back.  He treated it like it was what?

Options:
A) candy
B) death and
C) free money
D) discount
E) credit",,C,,"['A', 'E', 'A', 'A', 'A']",A,False,majority,0.8,"{'A': 4, 'E': 1}",5,0,0.0,1,False,,ASDIV,LAMA-3.2-3B
1457,baseline,557,"If I have a modern light source in my living room, what is it likely to be?

Options:
A) sky
B) house
C) lamp
D) match
E) candle",,C,,"['C', 'A', 'A', 'A', 'A']",A,False,majority,0.8,"{'C': 1, 'A': 4}",5,1,0.2,1,False,,ASDIV,LAMA-3.2-3B
1458,baseline,558,"Jenny enjoyed helping people.  It brought her a great deal of what?

Options:
A) satisfaction
B) complications
C) train
D) feel good about yourself
E) enjoyment",,A,,"['E', 'E', 'E', 'E', 'A']",E,False,majority,0.8,"{'E': 4, 'A': 1}",5,1,0.2,1,False,,ASDIV,LAMA-3.2-3B
1459,baseline,559,"Which group of states is Louisiana part of?

Options:
A) deep south
B) 98 of world's crayfish
C) united states
D) gulf states
E) bible belt",,D,,"['C', 'C', 'C', 'C', 'C']",C,False,majority,1.0,{'C': 5},5,0,0.0,0,False,,ASDIV,LAMA-3.2-3B
1460,baseline,560,"Because John was first violin, he had to bring something important to work ever day. What did he need to bring to work?

Options:
A) music store
B) obesity
C) symphony orchestra
D) ochestra
E) violin case",,E,,"['E', 'E', 'E', 'E', 'E']",E,True,majority,1.0,{'E': 5},5,5,1.0,0,False,,ASDIV,LAMA-3.2-3B
1461,baseline,561,"Where is the ideal location for a post office?

Options:
A) building
B) business district
C) above ground
D) most towns
E) center of town",,E,,"['A', 'A', 'A', 'A', 'E']",A,False,majority,0.8,"{'A': 4, 'E': 1}",5,1,0.2,1,False,,ASDIV,LAMA-3.2-3B
1462,baseline,562,"They had a theory of what they could do in t he big game, so over and over they would what?

Options:
A) park
B) practice
C) fact
D) practical
E) practise",,B,,"['B', 'B', 'B', 'B', 'B']",B,True,majority,1.0,{'B': 5},5,5,1.0,0,False,,ASDIV,LAMA-3.2-3B
1463,baseline,563,"Where are you likely to find much more than a drop of blood on the floor?

Options:
A) crime scene
B) vein
C) blood bank
D) slaughter house
E) needle",,D,,"['A', 'A', 'A', 'A', 'A']",A,False,majority,1.0,{'A': 5},5,0,0.0,0,False,,ASDIV,LAMA-3.2-3B
1464,baseline,564,"The ball was hit over a boundary and struck an audience member.  What kind of game were they playing?

Options:
A) sporting event
B) sporting
C) basketball
D) society
E) ranch country",,A,,"['A', 'A', 'A', 'A', 'A']",A,True,majority,1.0,{'A': 5},5,5,1.0,0,False,,ASDIV,LAMA-3.2-3B
1465,baseline,565,"The poor girls needed a light to see, what was the relationship between that light and finishing her homework?

Options:
A) darkness
B) cumbersome
C) obesity
D) forceful
E) crucial",,E,,"['A', 'E', 'A', 'E', 'B']",E,True,refiner_tiebreak,0.5,"{'A': 2, 'E': 2, 'B': 1}",6,3,0.5,3,True,1.0,ASDIV,LAMA-3.2-3B
1466,baseline,566,"In a horror movie victims usually trip when the run in order to do what in regards to the killer?

Options:
A) frightened
B) run up stairs
C) get away from
D) go quickly
E) go faster",,C,,"['B', 'C', 'C', 'C', 'C']",C,True,majority,0.8,"{'B': 1, 'C': 4}",5,4,0.8,1,False,,ASDIV,LAMA-3.2-3B
1467,baseline,567,"If I keep getting crumbs under my table, what should I put under it?

Options:
A) conference
B) neighbor's house
C) rug
D) net
E) card room",,C,,"['C', 'C', 'E', 'C', 'A']",C,True,majority,0.6000000000000001,"{'C': 3, 'E': 1, 'A': 1}",5,3,0.6000000000000001,2,False,,ASDIV,LAMA-3.2-3B
1468,baseline,568,"Mandy lived in a train station.  She longed to see distant places. Where might she imagine going?

Options:
A) downtown area
B) centre of town
C) bedroom
D) europe
E) big city",,D,,"['D', 'A', 'B', 'D', 'A']",A,False,refiner_tiebreak,0.5,"{'D': 2, 'A': 2, 'B': 1}",6,2,0.33330000000000004,3,True,0.0,ASDIV,LAMA-3.2-3B
1469,baseline,569,"The gimmicky low brow TV show was about animals when they what?

Options:
A) sick
B) mammals
C) males
D) bite
E) attack",,E,,"['B', 'B', 'B', 'B', 'B']",B,False,majority,1.0,{'B': 5},5,0,0.0,0,False,,ASDIV,LAMA-3.2-3B
1470,baseline,570,"The low trickle of water revealed a stone, where was the stone found?

Options:
A) ocean
B) gallbladder
C) driveway
D) river bed
E) creek bed",,E,,"['A', 'D', 'E', 'E', 'D']",E,True,refiner_tiebreak,0.5,"{'A': 1, 'D': 2, 'E': 2}",6,3,0.5,3,True,1.0,ASDIV,LAMA-3.2-3B
1471,baseline,571,"Something had the nerve to break into the garbage last night, what did it?

Options:
A) eyes
B) animal
C) fingertips
D) brainstem
E) human body",,B,,"['B', 'B', 'B', 'E', 'C']",B,True,majority,0.6000000000000001,"{'B': 3, 'E': 1, 'C': 1}",5,3,0.6000000000000001,2,False,,ASDIV,LAMA-3.2-3B
1472,baseline,572,"The child was politely waiting for dessert, he was eventually rewarded for his what?

Options:
A) timing
B) expenditure of time
C) getting bored
D) anger
E) patience",,E,,"['A', 'B', 'E', 'B', 'B']",B,False,majority,0.6000000000000001,"{'A': 1, 'B': 3, 'E': 1}",5,1,0.2,2,False,,ASDIV,LAMA-3.2-3B
1473,baseline,573,"After high tide, where on the coast can you look to find a sea anemone?

Options:
A) nursery
B) museum
C) gulf of mexico
D) tide pool
E) intertidal zone",,D,,"['A', 'D', 'E', 'D', 'E']",D,True,refiner_tiebreak,0.5,"{'A': 1, 'D': 2, 'E': 2}",6,3,0.5,3,True,1.0,ASDIV,LAMA-3.2-3B
1474,baseline,574,"The dog curled up for a nap, it was tuckered out because it had just been what?

Options:
A) walked
B) petted
C) affection
D) go outside
E) scratch",,A,,"['A', 'A', 'A', 'A', 'A']",A,True,majority,1.0,{'A': 5},5,5,1.0,0,False,,ASDIV,LAMA-3.2-3B
1475,baseline,575,"What island country is ferret popular?

Options:
A) own home
B) north carolina
C) great britain
D) hutch
E) outdoors",,C,,"['C', 'C', 'C', 'B', 'C']",C,True,majority,0.8,"{'C': 4, 'B': 1}",5,4,0.8,1,False,,ASDIV,LAMA-3.2-3B
1476,baseline,576,"Why would a woman kill a stranger she met in a dark alley?

Options:
A) being raped
B) get rid of
C) they didn't know the passcode
D) get revenge
E) were evil",,A,,"['B', 'B', 'B', 'B', 'B']",B,False,majority,1.0,{'B': 5},5,0,0.0,0,False,,ASDIV,LAMA-3.2-3B
1477,baseline,577,"What is the feeling of one having fun?

Options:
A) smiling
B) pleasure
C) hurt
D) injuries
E) laughter",,B,,"['B', 'B', 'A', 'A', 'A']",A,False,majority,0.6000000000000001,"{'B': 2, 'A': 3}",5,2,0.4,2,False,,ASDIV,LAMA-3.2-3B
1478,baseline,578,"Where might a mouse be found to make it country?

Options:
A) kitchen
B) cook
C) computer lab
D) old barn
E) research laboratory",,D,,"['A', 'A', 'A', 'E', 'E']",A,False,majority,0.6000000000000001,"{'A': 3, 'E': 2}",5,0,0.0,2,False,,ASDIV,LAMA-3.2-3B
1479,baseline,579,"He had to wear a tuxedo while playing the keyboard instrument, so did the other hundred members of the what?

Options:
A) music store
B) band
C) medium
D) orchestra
E) piano store",,D,,"['A', 'B', 'D', 'D', 'D']",D,True,majority,0.6000000000000001,"{'A': 1, 'B': 1, 'D': 3}",5,3,0.6000000000000001,2,False,,ASDIV,LAMA-3.2-3B
1480,baseline,580,"Where is a good place to put a hamburger?

Options:
A) resturant
B) fast food restaurant
C) mouth
D) kitchen
E) pizza",,C,,"['A', 'A', 'A', 'A', 'A']",A,False,majority,1.0,{'A': 5},5,0,0.0,0,False,,ASDIV,LAMA-3.2-3B
1481,baseline,581,"According to what book did an apple tree lead to the downfall of man?

Options:
A) bible
B) spain
C) harry potter
D) new york
E) woods",,A,,"['A', 'B', 'A', 'A', 'A']",A,True,majority,0.8,"{'A': 4, 'B': 1}",5,4,0.8,1,False,,ASDIV,LAMA-3.2-3B
1482,baseline,582,"Where do you keep a pail in your house?

Options:
A) garage
B) pool
C) utility room
D) hardware store
E) wishing well",,C,,"['B', 'A', 'A', 'B', 'A']",A,False,majority,0.6000000000000001,"{'B': 2, 'A': 3}",5,0,0.0,2,False,,ASDIV,LAMA-3.2-3B
1483,baseline,583,"Why does having a disability sometimes making academic tasks hard for a person?

Options:
A) mentally challenged
B) have choice
C) lots of space
D) hungry
E) acknowledgment",,A,,"['B', 'B', 'B', 'B', 'B']",B,False,majority,1.0,{'B': 5},5,0,0.0,0,False,,ASDIV,LAMA-3.2-3B
1484,baseline,584,"If the wood texture is not smooth it is what?

Options:
A) gilded
B) porous
C) solid
D) painted
E) less dense than water",,B,,"['E', 'B', 'E', 'C', 'B']",E,False,coin_flip,0.33330000000000004,"{'E': 2, 'B': 2, 'C': 1}",6,2,0.33330000000000004,4,True,0.0,ASDIV,LAMA-3.2-3B
1485,baseline,585,"From where do aliens arrive?

Options:
A) outer space
B) weekly world news
C) roswell
D) universe
E) mars",,A,,"['A', 'A', 'C', 'C', 'A']",A,True,majority,0.6000000000000001,"{'A': 3, 'C': 2}",5,3,0.6000000000000001,2,False,,ASDIV,LAMA-3.2-3B
1486,baseline,586,"Where can you find a restaurant's phone number?

Options:
A) yellow pages
B) town
C) business sector
D) town
E) at hotel",,A,,"['D', 'A', 'A', 'A', 'A']",A,True,majority,0.8,"{'D': 1, 'A': 4}",5,4,0.8,1,False,,ASDIV,LAMA-3.2-3B
1487,baseline,587,"What does someone typically feel when applying for a job?

Options:
A) horror
B) anxiety and fear
C) rejection
D) increased workload
E) being employed",,B,,"['B', 'B', 'B', 'B', 'E']",B,True,majority,0.8,"{'B': 4, 'E': 1}",5,4,0.8,1,False,,ASDIV,LAMA-3.2-3B
1488,baseline,588,"How is a person likely to communicatewith others?

Options:
A) say words
B) meet friends
C) open mouth
D) thank god
E) die of cancer",,A,,"['A', 'A', 'A', 'A', 'A']",A,True,majority,1.0,{'A': 5},5,5,1.0,0,False,,ASDIV,LAMA-3.2-3B
1489,baseline,589,"What kind of path do comets tend to have?

Options:
A) ice
B) set orbits
C) universe
D) space
E) solid nucleus",,B,,"['', 'E', '', 'A', 'A']",A,False,majority,0.6667000000000001,"{'E': 1, 'A': 2}",3,0,0.0,1,False,,ASDIV,LAMA-3.2-3B
1490,baseline,590,"What might someone do after they finish creating art?

Options:
A) frustration
B) relax
C) eat
D) enlightenment
E) communication",,B,,"['B', 'B', 'B', 'A', 'B']",B,True,majority,0.8,"{'B': 4, 'A': 1}",5,4,0.8,1,False,,ASDIV,LAMA-3.2-3B
1491,baseline,591,"Copulating with the wrong partner may be ill advised, many diseases can be transferred that can cause different types of what?

Options:
A) intense pleasure
B) ejaculation
C) period of rest
D) enjoyment
E) skin irritation",,E,,"['B', 'B', 'B', 'B', 'B']",B,False,majority,1.0,{'B': 5},5,0,0.0,0,False,,ASDIV,LAMA-3.2-3B
1492,baseline,592,"What are candles good for eliminating?

Options:
A) shelf
B) board
C) church
D) table
E) dark",,E,,"['B', 'D', 'C', 'A', 'C']",C,False,majority,0.4,"{'B': 1, 'D': 1, 'C': 2, 'A': 1}",5,0,0.0,3,False,,ASDIV,LAMA-3.2-3B
1493,baseline,593,"What could happen if someone is seeing new presents at a birthday party?

Options:
A) envy
B) jealousy
C) education
D) fear
E) excitement",,E,,"['E', 'E', 'E', 'B', 'E']",E,True,majority,0.8,"{'E': 4, 'B': 1}",5,4,0.8,1,False,,ASDIV,LAMA-3.2-3B
1494,baseline,594,"Where are the most famous BBQ steakhouses in america?

Options:
A) texas
B) building
C) kansas city
D) maine
E) falling down",,A,,"['C', 'C', 'A', 'A', 'A']",A,True,majority,0.6000000000000001,"{'C': 2, 'A': 3}",5,3,0.6000000000000001,2,False,,ASDIV,LAMA-3.2-3B
1495,baseline,595,"Going public about a common problem can gain what for a celebrity?

Options:
A) wide acceptance
B) a degree
C) pain
D) getting high
E) press coverage",,A,,"['A', 'A', 'A', 'E', 'E']",A,True,majority,0.6000000000000001,"{'A': 3, 'E': 2}",5,3,0.6000000000000001,2,False,,ASDIV,LAMA-3.2-3B
1496,baseline,596,"The trucker plopped on the bench with a sense of relief, where did he arrive?

Options:
A) bordello
B) rest area
C) garden
D) bus stop
E) state park",,B,,"['B', 'B', 'A', 'B', 'A']",B,True,majority,0.6000000000000001,"{'B': 3, 'A': 2}",5,3,0.6000000000000001,2,False,,ASDIV,LAMA-3.2-3B
1497,baseline,597,"They wanted to recognize his accomplishment, where should they put his name?

Options:
A) certificate
B) directory
C) phone book
D) lineup
E) roster",,A,,"['A', 'A', 'A', '', 'A']",A,True,majority,1.0,{'A': 4},4,4,1.0,0,False,,ASDIV,LAMA-3.2-3B
1498,baseline,598,"The carpet was smelly and discouraged the league from playing there, where was this smelly carpet installed?

Options:
A) bedroom
B) movie theater
C) bowling alley
D) church
E) office",,C,,"['D', 'B', 'B', 'C', 'D']",D,False,coin_flip,0.33330000000000004,"{'D': 2, 'B': 2, 'C': 1}",6,1,0.16670000000000001,4,True,0.0,ASDIV,LAMA-3.2-3B
1499,baseline,599,"They wanted to try blowfish, so they went to get some where?

Options:
A) atlantic ocean
B) books
C) france
D) aquarium
E) fish market",,E,,"['D', 'D', 'D', 'D', 'E']",D,False,majority,0.8,"{'D': 4, 'E': 1}",5,1,0.2,1,False,,ASDIV,LAMA-3.2-3B
1500,baseline,600,"Where is a likely place to store unused soap?

Options:
A) cabinet
B) supermarket
C) jail
D) butt
E) own home",,A,,"['E', 'A', 'A', 'E', 'A']",A,True,majority,0.6000000000000001,"{'E': 2, 'A': 3}",5,3,0.6000000000000001,2,False,,ASDIV,LAMA-3.2-3B
1501,baseline,601,"What may I place the telephone on?

Options:
A) bar
B) friend's house
C) desktop
D) party
E) office",,C,,"['B', 'A', 'A', 'A', 'A']",A,False,majority,0.8,"{'B': 1, 'A': 4}",5,0,0.0,1,False,,ASDIV,LAMA-3.2-3B
1502,baseline,602,"What room is a rubber bath mat usually kept?

Options:
A) doorway
B) living room
C) sand
D) floors
E) bathroom",,E,,"['E', 'E', 'E', 'E', 'E']",E,True,majority,1.0,{'E': 5},5,5,1.0,0,False,,ASDIV,LAMA-3.2-3B
1503,baseline,603,"The child didn't know the problems his mother was going through, all he had was what for her?

Options:
A) care
B) balloon
C) loved
D) become adult
E) learn",,C,,"['A', 'A', 'A', 'A', 'A']",A,False,majority,1.0,{'A': 5},5,0,0.0,0,False,,ASDIV,LAMA-3.2-3B
1504,baseline,604,"What type of geographic area will you find a marmot?

Options:
A) mountainous area
B) wood pile
C) jungle
D) petting zoo
E) animals",,A,,"['A', 'A', 'A', 'A', 'A']",A,True,majority,1.0,{'A': 5},5,5,1.0,0,False,,ASDIV,LAMA-3.2-3B
1505,baseline,605,"Where are bus stops more common in what parts?

Options:
A) ocean
B) getting off of bus
C) airport
D) urban area
E) towns",,D,,"['D', 'D', 'D', 'D', 'D']",D,True,majority,1.0,{'D': 5},5,5,1.0,0,False,,ASDIV,LAMA-3.2-3B
1506,baseline,606,"Many towns and cities have trash cans where on sidewalks?

Options:
A) hospital
B) park
C) corner
D) motel
E) office",,C,,"['C', 'B', 'B', 'B', 'B']",B,False,majority,0.8,"{'C': 1, 'B': 4}",5,1,0.2,1,False,,ASDIV,LAMA-3.2-3B
1507,baseline,607,"Dad wanted to hide the check in his office, where did he put it?

Options:
A) cash register
B) desk drawer
C) fish tank
D) bank
E) pay envelope",,B,,"['A', 'A', 'A', 'B', 'B']",A,False,majority,0.6000000000000001,"{'A': 3, 'B': 2}",5,2,0.4,2,False,,ASDIV,LAMA-3.2-3B
1508,baseline,608,"Where do cars usually travel at very high speeds?

Options:
A) freeway
B) road
C) race track
D) alley
E) parking lot",,C,,"['A', 'B', 'A', 'B', 'B']",B,False,majority,0.6000000000000001,"{'A': 2, 'B': 3}",5,0,0.0,2,False,,ASDIV,LAMA-3.2-3B
1509,baseline,609,"What could committing murder prevent someone from doing?

Options:
A) go to jail
B) cry
C) find god
D) guilty conscience
E) problems",,C,,"['A', 'A', 'A', 'D', 'A']",A,False,majority,0.8,"{'A': 4, 'D': 1}",5,0,0.0,1,False,,ASDIV,LAMA-3.2-3B
1510,baseline,610,"They had to know where to go, they got on the national highway after consulting the what?

Options:
A) canada
B) atlas
C) united states
D) major cities
E) book",,B,,"['D', 'D', 'B', 'B', 'B']",B,True,majority,0.6000000000000001,"{'D': 2, 'B': 3}",5,3,0.6000000000000001,2,False,,ASDIV,LAMA-3.2-3B
1511,baseline,611,"Where is there a telephone book in almost every room?

Options:
A) at hotel
B) house
C) library
D) bedsit
E) closet",,A,,"['B', 'C', 'D', 'B', 'B']",B,False,majority,0.6000000000000001,"{'B': 3, 'C': 1, 'D': 1}",5,0,0.0,2,False,,ASDIV,LAMA-3.2-3B
1512,baseline,612,"While on the fan boat he thought he'd see swamps and gators, but he was surprised to spot a bald eagle in what nature area?

Options:
A) everglades
B) high places
C) natural habitat
D) new york
E) colorado",,A,,"['A', 'A', 'A', 'A', 'A']",A,True,majority,1.0,{'A': 5},5,5,1.0,0,False,,ASDIV,LAMA-3.2-3B
1513,baseline,613,"Some people got escorted out of the library, they were probably what?

Options:
A) state facts
B) talking loudly
C) making money
D) amount to nothing
E) believe in god",,B,,"['D', 'D', 'D', 'D', 'D']",D,False,majority,1.0,{'D': 5},5,0,0.0,0,False,,ASDIV,LAMA-3.2-3B
1514,baseline,614,"The place where my linen closet is really needs repainting a light color as it only has one overhead light.

Options:
A) house
B) home
C) pool house
D) hallway
E) bedroom",,D,,"['D', 'B', 'B', 'D', 'D']",D,True,majority,0.6000000000000001,"{'D': 3, 'B': 2}",5,3,0.6000000000000001,2,False,,ASDIV,LAMA-3.2-3B
1515,baseline,615,"When going to sleep what happens to your body?

Options:
A) snoring
B) latency
C) dreams
D) relaxation
E) dreaming",,D,,"['D', 'A', 'A', 'A', 'D']",A,False,majority,0.6000000000000001,"{'D': 2, 'A': 3}",5,2,0.4,2,False,,ASDIV,LAMA-3.2-3B
1516,baseline,616,"She wanted a kitten and puppy so why did she only get the puppy?

Options:
A) one choice for pet
B) cute
C) kennel
D) soft
E) waxy",,A,,"['B', 'B', 'B', 'B', 'B']",B,False,majority,1.0,{'B': 5},5,0,0.0,0,False,,ASDIV,LAMA-3.2-3B
1517,baseline,617,"What kind of food makes someone sick?

Options:
A) boat
B) necessary to live
C) edible
D) unhealthy
E) kitchen",,D,,"['D', 'C', 'D', 'C', 'C']",C,False,majority,0.6000000000000001,"{'D': 2, 'C': 3}",5,2,0.4,2,False,,ASDIV,LAMA-3.2-3B
1518,baseline,618,"He was at the gym trying to build muscle, what is it called that he is trying to build muscle on?

Options:
A) body of animal
B) arm
C) bodybuilder
D) body of dog
E) human body",,E,,"['E', 'A', 'E', '', 'E']",E,True,majority,0.75,"{'E': 3, 'A': 1}",4,3,0.75,1,False,,ASDIV,LAMA-3.2-3B
1519,baseline,619,"A car was hailed to chauffeur someone to the opera house, where was it heading?

Options:
A) go downtown
B) appear suddenly
C) go fast
D) bottom out
E) east",,A,,"['E', 'B', 'A', 'B', 'A']",E,False,coin_flip,0.33330000000000004,"{'E': 1, 'B': 2, 'A': 2}",6,2,0.33330000000000004,4,True,0.0,ASDIV,LAMA-3.2-3B
1520,baseline,620,"Some food can be stored at room temperature until you open it, then you should keep it in what?

Options:
A) shop
B) bookcase
C) shelf
D) refrigerators
E) kitchen",,D,,"['C', 'C', 'D', 'A', 'D']",C,False,coin_flip,0.33330000000000004,"{'C': 2, 'D': 2, 'A': 1}",6,2,0.33330000000000004,4,True,0.0,ASDIV,LAMA-3.2-3B
1521,baseline,621,"The man was going fishing instead of work, what is he seeking?

Options:
A) food
B) relaxation
C) killing
D) missing morning cartoons
E) boredom",,B,,"['', '', '', '', '']",,False,majority,1.0,{'': 5},5,0,0.0,0,False,,ASDIV,LAMA-3.2-3B
1522,baseline,622,"If you spend all your time buying and not saving what is is likely to happen?

Options:
A) using money
B) feel better
C) ocean
D) losing money
E) go broke",,E,,"['D', 'E', '', 'E', 'E']",E,True,majority,0.75,"{'D': 1, 'E': 3}",4,3,0.75,1,False,,ASDIV,LAMA-3.2-3B
1523,baseline,623,"What might result in an unsuccessful suicide attempt?

Options:
A) die
B) interruption
C) bleed
D) hatred
E) dying",,B,,"['A', 'E', 'E', 'A', 'A']",A,False,majority,0.6000000000000001,"{'A': 3, 'E': 2}",5,0,0.0,2,False,,ASDIV,LAMA-3.2-3B
1524,baseline,624,"The advertisement came in the form of a pop-up, where did it appear?

Options:
A) web page
B) store
C) la ville
D) bus
E) email",,A,,"['A', 'A', 'A', 'A', 'B']",A,True,majority,0.8,"{'A': 4, 'B': 1}",5,4,0.8,1,False,,ASDIV,LAMA-3.2-3B
1525,baseline,625,"Where is the large area location of the empire state building?

Options:
A) manhattan
B) office
C) the city
D) fifth avenue
E) new york city",,E,,"['E', 'A', 'B', 'A', 'E']",E,True,refiner_tiebreak,0.5,"{'E': 2, 'A': 2, 'B': 1}",6,3,0.5,3,True,1.0,ASDIV,LAMA-3.2-3B
1526,baseline,626,"The bald eagle flew from Mount St Helen's to the Puget Sound and all over what?

Options:
A) washington state
B) utah
C) pacific northwest
D) northern california
E) the desert",,A,,"['', 'A', '', 'A', '']",A,True,majority,1.0,{'A': 2},2,2,1.0,0,False,,ASDIV,LAMA-3.2-3B
1527,baseline,627,"Animals make up a large part of the?

Options:
A) carrying cargo
B) favorite
C) ecosystem
D) nature
E) ecology",,C,,"['C', 'C', 'C', 'C', 'C']",C,True,majority,1.0,{'C': 5},5,5,1.0,0,False,,ASDIV,LAMA-3.2-3B
1528,baseline,628,"What might a kind person do?

Options:
A) cross street
B) talk to themselves
C) open doors
D) throw away
E) study greek",,C,,"['C', 'A', 'C', 'A', 'A']",A,False,majority,0.6000000000000001,"{'C': 2, 'A': 3}",5,2,0.4,2,False,,ASDIV,LAMA-3.2-3B
1529,baseline,629,"The coach decided to make a lineup change, the team's effort was suffering from what?

Options:
A) stagnant
B) stagnation
C) tradition
D) hunger
E) paper money",,B,,"['A', 'A', 'C', 'C', 'A']",A,False,majority,0.6000000000000001,"{'A': 3, 'C': 2}",5,0,0.0,2,False,,ASDIV,LAMA-3.2-3B
1530,baseline,630,"Where can you find a snake in tall grass?

Options:
A) tree
B) in a jar
C) pet shops
D) feild
E) tropical forest",,D,,"['A', 'D', 'D', 'A', 'A']",A,False,majority,0.6000000000000001,"{'A': 3, 'D': 2}",5,2,0.4,2,False,,ASDIV,LAMA-3.2-3B
1531,baseline,631,"After standing up I had to sit right back down, why would I feel like this?

Options:
A) train
B) effort
C) balance
D) feet
E) muscles",,C,,"['B', 'A', 'C', 'E', 'B']",B,False,majority,0.4,"{'B': 2, 'A': 1, 'C': 1, 'E': 1}",5,1,0.2,3,False,,ASDIV,LAMA-3.2-3B
1532,baseline,632,"When you need to rest it's often because you have been doing what?

Options:
A) action
B) sleep
C) sleeping
D) in motion
E) using energy",,E,,"['B', 'B', 'B', 'B', 'B']",B,False,majority,1.0,{'B': 5},5,0,0.0,0,False,,ASDIV,LAMA-3.2-3B
1533,baseline,633,"The bell rang, and the congregation began to what in to the church?

Options:
A) run away
B) wind instrument
C) funnel
D) blunderbuss
E) associated with telephones",,C,,"['D', 'D', 'B', 'A', 'B']",B,False,refiner_tiebreak,0.5,"{'D': 2, 'B': 2, 'A': 1}",6,0,0.0,3,True,0.0,ASDIV,LAMA-3.2-3B
1534,baseline,634,"What could go on top of wood?

Options:
A) lumberyard
B) synagogue
C) floor
D) carpet
E) hardware store",,D,,"['A', 'A', 'A', 'A', 'A']",A,False,majority,1.0,{'A': 5},5,0,0.0,0,False,,ASDIV,LAMA-3.2-3B
1535,baseline,635,"Noble citizen of the Roman empire believed those born with lower status were what to them?

Options:
A) loser
B) ignoble
C) peasant
D) inferior
E) plebeian",,D,,"['E', 'E', 'E', 'B', 'B']",E,False,majority,0.6000000000000001,"{'E': 3, 'B': 2}",5,0,0.0,2,False,,ASDIV,LAMA-3.2-3B
1536,baseline,636,"Where would you find a kosher deli along side a number of different places to eat?

Options:
A) los angeles
B) food court
C) new york city
D) jewish community
E) jewish neighborhoods",,B,,"['B', 'B', 'B', 'B', 'B']",B,True,majority,1.0,{'B': 5},5,5,1.0,0,False,,ASDIV,LAMA-3.2-3B
1537,baseline,637,"She wanted to get in shape, but she couldn't stay focused on the hour long what?

Options:
A) sweating
B) excercise
C) work out
D) video
E) swim",,C,,"['B', 'B', 'B', 'B', 'B']",B,False,majority,1.0,{'B': 5},5,0,0.0,0,False,,ASDIV,LAMA-3.2-3B
1538,baseline,638,"Flowers make a good center focal point, just one of many arrangements that look good on a what?

Options:
A) market
B) table
C) countryside
D) anthology
E) vase",,B,,"['B', 'A', 'B', 'A', 'E']",B,True,refiner_tiebreak,0.5,"{'B': 2, 'A': 2, 'E': 1}",6,3,0.5,3,True,1.0,ASDIV,LAMA-3.2-3B
1539,baseline,639,"What do you write letter in in America?

Options:
A) syllable
B) post office
C) envelope
D) english alphabet
E) word",,D,,"['C', 'C', 'A', 'C', 'A']",C,False,majority,0.6000000000000001,"{'C': 3, 'A': 2}",5,0,0.0,2,False,,ASDIV,LAMA-3.2-3B
1540,baseline,640,"John was traveling to a new city and took time to check out a business.  He noticed that its carpet was stained with sauces and ketchup. What type of business might that be?

Options:
A) bedroom
B) chair
C) bowling alley
D) at hotel
E) restaurant",,E,,"['E', 'A', 'A', 'E', 'E']",E,True,majority,0.6000000000000001,"{'E': 3, 'A': 2}",5,3,0.6000000000000001,2,False,,ASDIV,LAMA-3.2-3B
1541,baseline,641,"If I want to behave with proper aplomb, what manners should I avoid?

Options:
A) inappropriate
B) incomplete
C) impolite
D) none
E) incorrect",,A,,"['', '', '', '', '']",,False,majority,1.0,{'': 5},5,0,0.0,0,False,,ASDIV,LAMA-3.2-3B
1542,baseline,642,"If you aren't well rested and it's a rainy day what might you do?

Options:
A) sleep
B) write
C) make bread
D) stay in bed
E) enjoy film",,D,,"['A', 'D', 'D', 'A', 'A']",A,False,majority,0.6000000000000001,"{'A': 3, 'D': 2}",5,2,0.4,2,False,,ASDIV,LAMA-3.2-3B
1543,baseline,643,"The teacher knew her students understood division, what was she hoping they would learn next?

Options:
A) multiplication
B) multiply
C) putting together
D) unity
E) pay debts",,A,,"['', '', 'A', '', '']",A,True,majority,1.0,{'A': 1},1,1,1.0,0,False,,ASDIV,LAMA-3.2-3B
1544,baseline,644,"Writers with a great what can amass a large fortune?

Options:
A) cookie
B) bank
C) real estate
D) imagination
E) bank roll",,D,,"['B', 'C', 'B', 'B', 'C']",B,False,majority,0.6000000000000001,"{'B': 3, 'C': 2}",5,0,0.0,2,False,,ASDIV,LAMA-3.2-3B
1545,baseline,645,"What might I place under the furniture?

Options:
A) rug
B) room
C) toy
D) friend's house
E) building",,A,,"['A', 'A', 'A', 'A', 'A']",A,True,majority,1.0,{'A': 5},5,5,1.0,0,False,,ASDIV,LAMA-3.2-3B
1546,baseline,646,"Where can fisherman store their rods when on a fishing trip?

Options:
A) hardware store
B) engine
C) fishing camp
D) lake
E) sporting goods store",,C,,"['D', 'D', 'C', 'D', 'E']",D,False,majority,0.6000000000000001,"{'D': 3, 'C': 1, 'E': 1}",5,1,0.2,2,False,,ASDIV,LAMA-3.2-3B
1547,baseline,647,"The family finished dinner, the child's chore was to load the dirty dishes where?

Options:
A) restaurant kitchen
B) dishwasher
C) son's room
D) cabinet
E) party",,B,,"['B', 'D', 'D', 'D', 'B']",D,False,majority,0.6000000000000001,"{'B': 2, 'D': 3}",5,2,0.4,2,False,,ASDIV,LAMA-3.2-3B
1548,baseline,648,"What type of fruit is easily broken in to sections?

Options:
A) slide
B) citrus
C) band
D) orchestra
E) coconut",,B,,"['E', 'E', 'E', 'E', 'E']",E,False,majority,1.0,{'E': 5},5,0,0.0,0,False,,ASDIV,LAMA-3.2-3B
1549,baseline,649,"Where can you keep letter opener when it likely to be needed soon?

Options:
A) office supply store
B) stationery store
C) dek
D) martyr's chest
E) refrigerator",,C,,"['A', 'A', 'A', 'A', 'A']",A,False,majority,1.0,{'A': 5},5,0,0.0,0,False,,ASDIV,LAMA-3.2-3B
1550,baseline,650,"Committing perjury is a serious what?

Options:
A) indictment
B) crime
C) violence
D) lie
E) go to jail",,B,,"['B', 'A', 'B', 'B', 'A']",B,True,majority,0.6000000000000001,"{'B': 3, 'A': 2}",5,3,0.6000000000000001,2,False,,ASDIV,LAMA-3.2-3B
1551,baseline,651,"Where would you hear a violin along side many string and wind instruments?

Options:
A) school
B) string quartet
C) orchestra
D) kitchen
E) music room",,C,,"['C', 'C', 'C', 'C', 'C']",C,True,majority,1.0,{'C': 5},5,5,1.0,0,False,,ASDIV,LAMA-3.2-3B
1552,baseline,652,"What do you use to carry your briefcase?

Options:
A) office building
B) school
C) courtroom
D) airport
E) hand",,E,,"['', 'A', 'A', 'A', 'A']",A,False,majority,1.0,{'A': 4},4,0,0.0,0,False,,ASDIV,LAMA-3.2-3B
1553,baseline,653,"A great teacher can be what when you are attending school?

Options:
A) detention
B) graduate
C) follower
D) inspiration
E) boredom",,D,,"['E', 'D', 'D', 'D', 'D']",D,True,majority,0.8,"{'E': 1, 'D': 4}",5,4,0.8,1,False,,ASDIV,LAMA-3.2-3B
1554,baseline,654,"When you fail to finish something, you failed at doing what to it

Options:
A) winning
B) passing
C) completing
D) do well
E) succeeding",,C,,"['B', 'D', 'E', 'E', 'D']",E,False,refiner_tiebreak,0.5,"{'B': 1, 'D': 2, 'E': 2}",6,0,0.0,3,True,0.0,ASDIV,LAMA-3.2-3B
1555,baseline,655,"What will a person do at work?

Options:
A) cross street
B) draw attention to themselves
C) make money
D) falling down
E) come home",,C,,"['A', 'A', 'A', 'E', 'A']",A,False,majority,0.8,"{'A': 4, 'E': 1}",5,0,0.0,1,False,,ASDIV,LAMA-3.2-3B
1556,baseline,656,"He was beginning to worry they wouldn't get on the ride before closing, they had been standing in queue for a long what?

Options:
A) frustration
B) waiting
C) hair
D) time
E) patience",,D,,"['B', 'B', 'B', 'B', 'D']",B,False,majority,0.8,"{'B': 4, 'D': 1}",5,1,0.2,1,False,,ASDIV,LAMA-3.2-3B
1557,baseline,657,"When are people buying products more?

Options:
A) debt
B) economic boom
C) being able to use
D) disagreements
E) trading",,B,,"['B', 'B', '', 'B', 'B']",B,True,majority,1.0,{'B': 4},4,4,1.0,0,False,,ASDIV,LAMA-3.2-3B
1558,baseline,658,"Blue read material outside of his comfort zone because he wanted to gain what?

Options:
A) new perspective
B) entertained
C) understanding
D) hunger
E) tired eyes",,A,,"['A', 'A', 'A', 'A', 'A']",A,True,majority,1.0,{'A': 5},5,5,1.0,0,False,,ASDIV,LAMA-3.2-3B
1559,baseline,659,"If I want to open a steakhouse, what should I get first?

Options:
A) michigan
B) florida
C) wine
D) texas
E) building",,E,,"['A', 'A', 'A', 'A', 'A']",A,False,majority,1.0,{'A': 5},5,0,0.0,0,False,,ASDIV,LAMA-3.2-3B
1560,baseline,660,"What could happen to a cat other than wanting food?

Options:
A) feline
B) thirsty
C) sharp claws
D) pussycat
E) hungry",,B,,"['E', 'E', 'C', 'B', 'C']",E,False,refiner_tiebreak,0.5,"{'E': 2, 'C': 2, 'B': 1}",6,1,0.16670000000000001,3,True,0.0,ASDIV,LAMA-3.2-3B
1561,baseline,661,"The man had a fear of illness, so he never visited friends who were a what?

Options:
A) sick person
B) hospital
C) elderly person
D) graveyard
E) doctor's office",,A,,"['D', 'B', 'A', 'A', 'D']",D,False,coin_flip,0.33330000000000004,"{'D': 2, 'B': 1, 'A': 2}",6,2,0.33330000000000004,4,True,0.0,ASDIV,LAMA-3.2-3B
1562,baseline,662,"If there is gum on your shoe where did it likely come from?

Options:
A) shelf
B) movies
C) sidewalk
D) water fountain
E) table",,C,,"['A', 'A', 'A', 'A', 'E']",A,False,majority,0.8,"{'A': 4, 'E': 1}",5,0,0.0,1,False,,ASDIV,LAMA-3.2-3B
1563,baseline,663,"The tiger was stuck in what animal prison where he got lazy and fat?

Options:
A) jungle
B) zoo
C) kill
D) india
E) eat cake",,B,,"['B', 'B', 'B', 'B', 'B']",B,True,majority,1.0,{'B': 5},5,5,1.0,0,False,,ASDIV,LAMA-3.2-3B
1564,baseline,664,"Kissing is normally an activity reserved for your romantic what?

Options:
A) anus
B) partner
C) arousal
D) trust
E) cooperation",,B,,"['B', 'B', 'B', 'B', 'B']",B,True,majority,1.0,{'B': 5},5,5,1.0,0,False,,ASDIV,LAMA-3.2-3B
1565,baseline,665,"When a person suffers from hunger early in the day what do they do?

Options:
A) eat hamburger
B) eat breakfast
C) open fridge
D) buy food
E) cook dinner",,B,,"['B', 'B', 'B', 'B', 'B']",B,True,majority,1.0,{'B': 5},5,5,1.0,0,False,,ASDIV,LAMA-3.2-3B
1566,baseline,666,"Where is likely to not just have a kosher restaurant?

Options:
A) jerusalem
B) jewish neighborhoods
C) dining in
D) new york city
E) dining",,D,,"['B', 'E', 'B', 'A', 'E']",B,False,refiner_tiebreak,0.5,"{'B': 2, 'E': 2, 'A': 1}",6,0,0.0,3,True,0.0,ASDIV,LAMA-3.2-3B
1567,baseline,667,"What language type is someone from Iran likely to use?

Options:
A) books
B) dard
C) sky
D) closed room
E) television",,B,,"['A', 'B', 'A', 'A', 'A']",A,False,majority,0.8,"{'A': 4, 'B': 1}",5,1,0.2,1,False,,ASDIV,LAMA-3.2-3B
1568,baseline,668,"What might happen if someone is not losing weight?

Options:
A) loose skin
B) beauty
C) miss universe
D) death
E) healthier",,D,,"['E', 'A', 'A', 'D', 'E']",E,False,refiner_tiebreak,0.5,"{'E': 2, 'A': 2, 'D': 1}",6,1,0.16670000000000001,3,True,0.0,ASDIV,LAMA-3.2-3B
1569,baseline,669,"The person was in physical distress, where should he go?

Options:
A) synagogue
B) for help
C) hospital
D) bus stop
E) building",,C,,"['C', 'A', 'C', 'C', 'A']",C,True,majority,0.6000000000000001,"{'C': 3, 'A': 2}",5,3,0.6000000000000001,2,False,,ASDIV,LAMA-3.2-3B
1570,baseline,670,"What animal has quills all over it?

Options:
A) feather
B) chicken
C) calligraphy
D) porcupine
E) hedgehog",,E,,"['D', 'D', 'D', 'D', 'D']",D,False,majority,1.0,{'D': 5},5,0,0.0,0,False,,ASDIV,LAMA-3.2-3B
1571,baseline,671,"What do professors primarily do?

Options:
A) master physics
B) state facts
C) wear wrinkled tweed jackets
D) school students
E) teach courses",,E,,"['E', 'E', 'E', 'E', 'E']",E,True,majority,1.0,{'E': 5},5,5,1.0,0,False,,ASDIV,LAMA-3.2-3B
1572,baseline,672,"To get out of there the person had to keep on walking, they had to keep on what?

Options:
A) moving forward
B) locomotion
C) blisters
D) rollerskate
E) exercise",,A,,"['', '', 'B', 'B', '']",B,False,majority,1.0,{'B': 2},2,0,0.0,0,False,,ASDIV,LAMA-3.2-3B
1573,baseline,673,"He picked up his pace to a run, he wanted to do what?

Options:
A) learn to walk
B) frightened
C) get away from
D) exercise
E) go faster",,E,,"['A', 'E', 'D', 'D', 'D']",D,False,majority,0.6000000000000001,"{'A': 1, 'E': 1, 'D': 3}",5,1,0.2,2,False,,ASDIV,LAMA-3.2-3B
1574,baseline,674,"All the power tools like the drill used for fixing cars made for a very loud workplace where?

Options:
A) basement
B) work shop
C) tool shed
D) repair shop
E) store room",,D,,"['B', 'B', 'B', 'B', 'B']",B,False,majority,1.0,{'B': 5},5,0,0.0,0,False,,ASDIV,LAMA-3.2-3B
1575,baseline,675,"Why do people read non fiction?

Options:
A) having fun
B) it's more relatable
C) learn new things
D) becoming absorbed
E) falling asleep",,C,,"['C', 'C', 'D', 'C', 'C']",C,True,majority,0.8,"{'C': 4, 'D': 1}",5,4,0.8,1,False,,ASDIV,LAMA-3.2-3B
1576,baseline,676,"While John Candy and Dan Aykroyd didn't run into a gazelle, you'd have to go where to see one?

Options:
A) eastern hemisphere
B) the city
C) open plain
D) television program
E) great outdoors",,E,,"['B', 'E', 'B', 'E', 'C']",E,True,refiner_tiebreak,0.5,"{'B': 2, 'E': 2, 'C': 1}",6,3,0.5,3,True,1.0,ASDIV,LAMA-3.2-3B
1577,baseline,677,"What might a couple have a lot of when they are deciding on stopping being married to each other?

Options:
A) pleasure
B) detachment
C) exercise
D) bankruptcy
E) fights",,E,,"['B', 'B', 'B', 'B', 'B']",B,False,majority,1.0,{'B': 5},5,0,0.0,0,False,,ASDIV,LAMA-3.2-3B
1578,baseline,678,"Before lifting weights he liked to warm up on the squash court, he really enjoyed the facilities of the what?

Options:
A) swimming pool
B) rich person's house
C) country club
D) fitness center
E) park",,D,,"['D', 'A', 'C', 'A', 'A']",A,False,majority,0.6000000000000001,"{'D': 1, 'A': 3, 'C': 1}",5,1,0.2,2,False,,ASDIV,LAMA-3.2-3B
1579,baseline,679,"What will you put on a pen to prevent it from drying out?

Options:
A) write sentences on paper
B) ink in
C) ink cartridges
D) caps
E) cling film",,D,,"['D', 'A', 'A', 'C', 'E']",A,False,majority,0.4,"{'D': 1, 'A': 2, 'C': 1, 'E': 1}",5,1,0.2,3,False,,ASDIV,LAMA-3.2-3B
1580,baseline,680,"Where do adults use glue sticks?

Options:
A) classroom
B) desk drawer
C) at school
D) office
E) kitchen drawer",,D,,"['B', 'D', 'B', 'B', 'B']",B,False,majority,0.8,"{'B': 4, 'D': 1}",5,1,0.2,1,False,,ASDIV,LAMA-3.2-3B
1581,baseline,681,"A child wants to play, what would they likely want?

Options:
A) fall down
B) breathe
C) play tag
D) be dismembered by a chainsaw
E) become adult",,C,,"['', 'B', 'B', '', 'B']",B,False,majority,1.0,{'B': 3},3,0,0.0,0,False,,ASDIV,LAMA-3.2-3B
1582,baseline,682,"What would a person need to do if his or her captain dies at sea?

Options:
A) cross street
B) have a party
C) experience life
D) cross road
E) man crew",,E,,"['E', 'A', 'E', 'E', 'C']",E,True,majority,0.6000000000000001,"{'E': 3, 'A': 1, 'C': 1}",5,3,0.6000000000000001,2,False,,ASDIV,LAMA-3.2-3B
1583,baseline,683,"The newlyweds began copulating their marriage, they wanted many what?

Options:
A) babies
B) odors
C) sadness
D) rapport
E) ejaculation",,A,,"['A', 'A', 'A', 'A', 'A']",A,True,majority,1.0,{'A': 5},5,5,1.0,0,False,,ASDIV,LAMA-3.2-3B
1584,baseline,684,"Where outside of a city would a squirrel live?

Options:
A) roof
B) inside home
C) forest
D) yard
E) park",,C,,"['A', 'A', 'A', 'A', 'C']",A,False,majority,0.8,"{'A': 4, 'C': 1}",5,1,0.2,1,False,,ASDIV,LAMA-3.2-3B
1585,baseline,685,"August needed  money because he was afraid that he'd be kicked out of his house.  What did he need money to do?

Options:
A) control people
B) pay bills
C) hurt people
D) buy food
E) get things",,B,,"['B', 'B', 'B', 'B', 'B']",B,True,majority,1.0,{'B': 5},5,5,1.0,0,False,,ASDIV,LAMA-3.2-3B
1586,baseline,686,"James wanted to find an old underground map from the 50s.  Where might he look for one?

Options:
A) library
B) subway station
C) county engineer's office
D) super market
E) home",,A,,"['A', 'B', 'A', 'C', 'A']",A,True,majority,0.6000000000000001,"{'A': 3, 'B': 1, 'C': 1}",5,3,0.6000000000000001,2,False,,ASDIV,LAMA-3.2-3B
1587,baseline,687,"What happens someone who is bad play poker?

Options:
A) think
B) ante up
C) drink
D) win money
E) losing money",,E,,"['E', 'E', 'E', 'E', 'E']",E,True,majority,1.0,{'E': 5},5,5,1.0,0,False,,ASDIV,LAMA-3.2-3B
1588,baseline,688,"I house outside the center of a community is said to be where?

Options:
A) city
B) subdivision
C) newspaper
D) residential area
E) street",,B,,"['D', 'D', 'D', 'D', 'D']",D,False,majority,1.0,{'D': 5},5,0,0.0,0,False,,ASDIV,LAMA-3.2-3B
1589,baseline,689,"John was a bit think in the head, but he knew that he never saw the lady before.  They were what?

Options:
A) pay debts
B) slender
C) unacquainted
D) free flowing
E) sparse",,C,,"['C', 'C', 'C', 'C', 'C']",C,True,majority,1.0,{'C': 5},5,5,1.0,0,False,,ASDIV,LAMA-3.2-3B
1590,baseline,690,"If you have a child who gets in trouble for being hyperactive you may need to teach them how to what down?

Options:
A) park
B) calm
C) being good
D) good behavior
E) safe",,B,,"['B', 'B', 'B', 'B', 'B']",B,True,majority,1.0,{'B': 5},5,5,1.0,0,False,,ASDIV,LAMA-3.2-3B
1591,baseline,691,"If you are hungry and going fishing, why would you be going fishing?

Options:
A) to see the fish
B) have fun
C) catching fish
D) wet clothes
E) killing",,C,,"['B', 'A', 'C', 'B', 'C']",C,True,refiner_tiebreak,0.5,"{'B': 2, 'A': 1, 'C': 2}",6,3,0.5,3,True,1.0,ASDIV,LAMA-3.2-3B
1592,baseline,692,"Where could you find hundreds of thousands of home?

Options:
A) field
B) neighborhood
C) star can
D) city or town
E) apartment building",,D,,"['D', 'D', 'A', 'D', 'D']",D,True,majority,0.8,"{'D': 4, 'A': 1}",5,4,0.8,1,False,,ASDIV,LAMA-3.2-3B
1593,baseline,693,"What is a tactic used to interfere with learning about science?

Options:
A) repetition
B) sense of wonder
C) accidents
D) intimidation
E) increased knowledge",,D,,"['B', 'E', 'A', 'B', 'B']",B,False,majority,0.6000000000000001,"{'B': 3, 'E': 1, 'A': 1}",5,0,0.0,2,False,,ASDIV,LAMA-3.2-3B
1594,baseline,694,"Where could a person avoid the rain?

Options:
A) bus stop
B) tunnel
C) synagogue
D) fairy tale
E) street corner",,C,,"['', 'A', 'A', 'A', 'A']",A,False,majority,1.0,{'A': 4},4,0,0.0,0,False,,ASDIV,LAMA-3.2-3B
1595,baseline,695,"What do they call the trash in Australia?

Options:
A) dirt
B) subway
C) state park
D) container
E) dustbin",,E,,"['E', 'E', 'E', 'E', 'E']",E,True,majority,1.0,{'E': 5},5,5,1.0,0,False,,ASDIV,LAMA-3.2-3B
1596,baseline,696,"Jodie felt a tightness in her chest. She was worried but didn't want to go to the hospital. Where might she go instead?

Options:
A) istanbul
B) concert
C) bedroom
D) antique shop
E) human being",,C,,"['B', 'C', 'C', 'C', 'C']",C,True,majority,0.8,"{'B': 1, 'C': 4}",5,4,0.8,1,False,,ASDIV,LAMA-3.2-3B
1597,baseline,697,"The flower grew tall to compete for sunlight, what did its neighbor do?

Options:
A) blossom
B) park
C) open
D) cast shadow
E) vase",,D,,"['A', 'E', '', 'A', 'A']",A,False,majority,0.75,"{'A': 3, 'E': 1}",4,0,0.0,1,False,,ASDIV,LAMA-3.2-3B
1598,baseline,698,"John was my neighbor, it was easy to talk to him. He was never what?

Options:
A) away
B) distant
C) remote person
D) bore
E) foe",,B,,"['D', 'D', 'D', 'D', 'D']",D,False,majority,1.0,{'D': 5},5,0,0.0,0,False,,ASDIV,LAMA-3.2-3B
1599,baseline,699,"When you get together with friends to watch film, you might do plenty of this?

Options:
A) see what happens
B) enjoy stories
C) pass time
D) have fun
E) interesting",,D,,"['D', 'D', 'D', 'D', 'D']",D,True,majority,1.0,{'D': 5},5,5,1.0,0,False,,ASDIV,LAMA-3.2-3B
1600,baseline,700,"The end of the barrel of what primitive firearm is bell shaped?

Options:
A) barbell
B) funnel
C) blunderbuss
D) wind instrument
E) kettlebell",,C,,"['A', 'B', 'C', 'C', 'C']",C,True,majority,0.6000000000000001,"{'A': 1, 'B': 1, 'C': 3}",5,3,0.6000000000000001,2,False,,ASDIV,LAMA-3.2-3B
1601,baseline,701,"Where would one find a snake in a cage?

Options:
A) tropical forest
B) oregon
C) woods
D) pet store
E) louisiana",,D,,"['A', 'A', 'A', 'A', 'A']",A,False,majority,1.0,{'A': 5},5,0,0.0,0,False,,ASDIV,LAMA-3.2-3B
1602,baseline,702,"What are our bodies doing after having food?

Options:
A) falling down
B) digesting
C) gas
D) weight gain
E) not hungry",,B,,"['B', 'A', '', '', 'B']",B,True,majority,0.6667000000000001,"{'B': 2, 'A': 1}",3,2,0.6667000000000001,1,False,,ASDIV,LAMA-3.2-3B
1603,baseline,703,"She had an interest in the man, what did she want to do with him?

Options:
A) see particular program
B) see exhibits
C) see people play game
D) have conversation
E) watch film",,D,,"['D', 'D', 'D', '', 'D']",D,True,majority,1.0,{'D': 4},4,4,1.0,0,False,,ASDIV,LAMA-3.2-3B
1604,baseline,704,"The weasel was becoming a problem, it kept getting into the chicken eggs kept in the what?

Options:
A) forrest
B) barn
C) public office
D) out of doors
E) freezer",,B,,"['B', 'B', 'B', 'B', 'B']",B,True,majority,1.0,{'B': 5},5,5,1.0,0,False,,ASDIV,LAMA-3.2-3B
1605,baseline,705,"Why do people play chess on the weekends?

Options:
A) satisfaction
B) have fun
C) thrilling
D) made
E) smart",,B,,"['A', 'B', 'B', 'B', 'B']",B,True,majority,0.8,"{'A': 1, 'B': 4}",5,4,0.8,1,False,,ASDIV,LAMA-3.2-3B
1606,baseline,706,"His phone was dead and they couldn't find the expressway, he opened up the glove compartment and handed his passenger the what to navigate?

Options:
A) eastern united states
B) michigan
C) map
D) choppers
E) american city",,C,,"['C', '', 'A', 'C', 'C']",C,True,majority,0.75,"{'C': 3, 'A': 1}",4,3,0.75,1,False,,ASDIV,LAMA-3.2-3B
1607,baseline,707,"What would you do if your date does not show up?

Options:
A) wait for
B) bathe
C) go for haircut
D) plan revenge
E) dress nice",,A,,"['A', '', 'A', 'A', '']",A,True,majority,1.0,{'A': 3},3,3,1.0,0,False,,ASDIV,LAMA-3.2-3B
1608,baseline,708,"What emotion leads to punching?

Options:
A) fists
B) hitting
C) boxing gloves
D) anger
E) hands",,D,,"['D', 'A', 'D', 'D', 'A']",D,True,majority,0.6000000000000001,"{'D': 3, 'A': 2}",5,3,0.6000000000000001,2,False,,ASDIV,LAMA-3.2-3B
1609,baseline,709,"What was the man encouraged to do after he expressed his anger violently?

Options:
A) cool off
B) punch
C) illustrate point
D) fight
E) release energy",,A,,"['A', 'A', 'A', 'D', 'A']",A,True,majority,0.8,"{'A': 4, 'D': 1}",5,4,0.8,1,False,,ASDIV,LAMA-3.2-3B
1610,baseline,710,"Working on the elaborate task was taxing, it require extreme what?

Options:
A) holding
B) concentration
C) energy
D) job
E) energh",,B,,"['C', 'A', 'C', 'C', 'B']",C,False,majority,0.6000000000000001,"{'C': 3, 'A': 1, 'B': 1}",5,1,0.2,2,False,,ASDIV,LAMA-3.2-3B
1611,baseline,711,"If I wanted to eat something that is made from plants and needs to be washed, what would it be?

Options:
A) roots
B) millions of cells
C) see work
D) leaves to gather light
E) flowers on",,A,,"['E', 'D', 'D', 'B', 'D']",D,False,majority,0.6000000000000001,"{'E': 1, 'D': 3, 'B': 1}",5,0,0.0,2,False,,ASDIV,LAMA-3.2-3B
1612,baseline,712,"Where could a personal ficus live?

Options:
A) cabin in the woods
B) california
C) front yard
D) conservatory
E) tropical forest",,C,,"['C', 'C', 'C', 'C', 'C']",C,True,majority,1.0,{'C': 5},5,5,1.0,0,False,,ASDIV,LAMA-3.2-3B
1613,baseline,713,"Because of his anger he couldn't clearly explain or what?

Options:
A) cool off
B) write letter
C) get mad
D) illustrate point
E) destroy enemy",,D,,"['C', 'C', 'C', 'C', 'C']",C,False,majority,1.0,{'C': 5},5,0,0.0,0,False,,ASDIV,LAMA-3.2-3B
1614,baseline,714,"Where do people get beer after a bit of gambling?

Options:
A) bottle
B) grocery store
C) casino
D) spaceship
E) hockey game",,C,,"['A', 'B', 'B', 'A', 'B']",B,False,majority,0.6000000000000001,"{'A': 2, 'B': 3}",5,0,0.0,2,False,,ASDIV,LAMA-3.2-3B
1615,baseline,715,"I was apprehensive to buy the expensive equipment to play a game with so much walking and swinging around in grass, but now I understand why people what?

Options:
A) care less
B) play golf
C) shake hands
D) believe in god
E) trip over",,B,,"['A', 'B', 'B', 'B', 'A']",B,True,majority,0.6000000000000001,"{'A': 2, 'B': 3}",5,3,0.6000000000000001,2,False,,ASDIV,LAMA-3.2-3B
1616,baseline,716,"Where can I find a stapler in many places?

Options:
A) desk drawer
B) office building
C) manual
D) office supply store
E) desktop",,B,,"['D', 'D', 'D', 'D', 'D']",D,False,majority,1.0,{'D': 5},5,0,0.0,0,False,,ASDIV,LAMA-3.2-3B
1617,baseline,717,"How is riding a bike getting it to move?

Options:
A) practice
B) sense of balance
C) driving
D) good balance
E) pedalling",,E,,"['A', 'E', 'A', 'E', 'E']",E,True,majority,0.6000000000000001,"{'A': 2, 'E': 3}",5,3,0.6000000000000001,2,False,,ASDIV,LAMA-3.2-3B
1618,baseline,718,"What can you use to store a book while traveling?

Options:
A) library of congress
B) pocket
C) backpack
D) suitcase
E) synagogue",,D,,"['A', 'A', 'A', 'A', 'A']",A,False,majority,1.0,{'A': 5},5,0,0.0,0,False,,ASDIV,LAMA-3.2-3B
1619,baseline,719,"Danny is having fun just dancing and singing with his friends. He wasn't concerned with things that weren't fun. For him having fun is the same as what?

Options:
A) injuries
B) smiling
C) being happy
D) glee
E) jump",,C,,"['C', 'C', 'C', 'A', 'A']",C,True,majority,0.6000000000000001,"{'C': 3, 'A': 2}",5,3,0.6000000000000001,2,False,,ASDIV,LAMA-3.2-3B
1620,baseline,720,"Where might someone store a reusable shopping bag?

Options:
A) supermarket
B) home
C) mart
D) obesity
E) closet",,E,,"['A', 'B', 'B', 'B', 'A']",B,False,majority,0.6000000000000001,"{'A': 2, 'B': 3}",5,0,0.0,2,False,,ASDIV,LAMA-3.2-3B
1621,baseline,721,"They were making sauerkraut, the instructor explained the liquid should be above the cabbage in the what?

Options:
A) jar
B) drinking glass
C) pot
D) container
E) can",,A,,"['D', 'D', 'A', 'D', 'A']",D,False,majority,0.6000000000000001,"{'D': 3, 'A': 2}",5,2,0.4,2,False,,ASDIV,LAMA-3.2-3B
1622,baseline,722,"Where would there be an auditorium with only a single person speaking?

Options:
A) lights
B) crowd
C) university campus
D) theater
E) park",,C,,"['A', 'A', 'C', 'A', 'D']",A,False,majority,0.6000000000000001,"{'A': 3, 'C': 1, 'D': 1}",5,1,0.2,2,False,,ASDIV,LAMA-3.2-3B
1623,baseline,723,"Where would you find many varieties of plants including a rosebush?

Options:
A) kew gardens
B) garder
C) backyard
D) shop
E) beautiful garden",,E,,"['A', 'A', 'C', 'A', 'A']",A,False,majority,0.8,"{'A': 4, 'C': 1}",5,0,0.0,1,False,,ASDIV,LAMA-3.2-3B
1624,baseline,724,"Where can one obtain a bass fiddle?

Options:
A) jazz band
B) string quartet
C) group band
D) nursery rhyme
E) music store",,E,,"['A', 'A', 'D', 'A', 'D']",A,False,majority,0.6000000000000001,"{'A': 3, 'D': 2}",5,0,0.0,2,False,,ASDIV,LAMA-3.2-3B
1625,baseline,725,"What is a very unlikely side effect of becoming inebriated?

Options:
A) fights
B) drunkenness
C) staggering
D) puke
E) paralysis",,E,,"['A', 'A', 'B', 'A', 'B']",A,False,majority,0.6000000000000001,"{'A': 3, 'B': 2}",5,0,0.0,2,False,,ASDIV,LAMA-3.2-3B
1626,baseline,726,"Where would you borrow furniture if you do not have any?

Options:
A) sewer
B) neighbor's house
C) apartment
D) room
E) floor",,B,,"['A', 'A', 'D', '', 'A']",A,False,majority,0.75,"{'A': 3, 'D': 1}",4,0,0.0,1,False,,ASDIV,LAMA-3.2-3B
1627,baseline,727,"The artist was sitting quietly pondering, then suddenly he began to paint when what struck him?

Options:
A) sadness
B) anxiety
C) inspiration
D) discomfort
E) insights",,C,,"['C', 'C', 'C', 'E', 'A']",C,True,majority,0.6000000000000001,"{'C': 3, 'E': 1, 'A': 1}",5,3,0.6000000000000001,2,False,,ASDIV,LAMA-3.2-3B
1628,baseline,728,"What is a person called who doesn't have immortality?

Options:
A) mortal
B) dying
C) death
D) dead
E) mortal",,E,,"['A', 'A', 'A', 'A', 'A']",A,False,majority,1.0,{'A': 5},5,0,0.0,0,False,,ASDIV,LAMA-3.2-3B
1629,baseline,729,"Printing on a printer can get expensive because it does what?

Options:
A) explode
B) use paper
C) store information
D) queue
E) noise",,B,,"['A', 'B', 'B', 'B', 'B']",B,True,majority,0.8,"{'A': 1, 'B': 4}",5,4,0.8,1,False,,ASDIV,LAMA-3.2-3B
1630,baseline,730,"Where would you sit in a chair while working toward an advanced degree?

Options:
A) aeroport
B) church
C) furniture store
D) university
E) living room",,D,,"['A', 'A', 'A', 'A', 'A']",A,False,majority,1.0,{'A': 5},5,0,0.0,0,False,,ASDIV,LAMA-3.2-3B
1631,baseline,731,"The weasel ran up away from danger, somebody joked only our first president could get him down from the what?

Options:
A) washington dc
B) ladder
C) natural history museum
D) cherry tree
E) chicken coop",,D,,"['A', 'D', 'D', 'A', 'B']",A,False,coin_flip,0.33330000000000004,"{'A': 2, 'D': 2, 'B': 1}",6,2,0.33330000000000004,4,True,0.0,ASDIV,LAMA-3.2-3B
1632,baseline,732,"What would you need if you want to smoke?

Options:
A) you're stupid
B) kill yourself
C) roll joint
D) cigarette
E) lighter fluid.",,D,,"['D', 'D', 'D', 'D', 'D']",D,True,majority,1.0,{'D': 5},5,5,1.0,0,False,,ASDIV,LAMA-3.2-3B
1633,baseline,733,"The lock kept the steering wheel from moving, but the thief still took his chances and began to work on the what?

Options:
A) keep cloesd
B) train
C) ignition switch
D) drawer
E) firearm",,C,,"['C', 'C', 'C', 'C', 'C']",C,True,majority,1.0,{'C': 5},5,5,1.0,0,False,,ASDIV,LAMA-3.2-3B
1634,baseline,734,"If a person is working a lot, what are they likely trying to earn?

Options:
A) much money
B) own house
C) creativity
D) new car
E) caregiver",,A,,"['A', 'A', '', 'A', 'A']",A,True,majority,1.0,{'A': 4},4,4,1.0,0,False,,ASDIV,LAMA-3.2-3B
1635,baseline,735,"Where does one store fabric in their own home?

Options:
A) sewing room
B) clothing store
C) tailor shop
D) clothes store
E) cotton mill",,A,,"['A', 'A', 'A', 'A', 'A']",A,True,majority,1.0,{'A': 5},5,5,1.0,0,False,,ASDIV,LAMA-3.2-3B
1636,baseline,736,"I'm having some food at my party, what will I need to serve it?

Options:
A) zoo
B) pan
C) bowl
D) kitchen
E) spoon",,E,,"['A', 'A', 'A', 'A', 'A']",A,False,majority,1.0,{'A': 5},5,0,0.0,0,False,,ASDIV,LAMA-3.2-3B
1637,baseline,737,"Why did the heavy metal band need electricity at the stadium?

Options:
A) concert
B) bedroom
C) make person sick
D) building
E) church",,A,,"['A', 'A', 'A', 'A', 'A']",A,True,majority,1.0,{'A': 5},5,5,1.0,0,False,,ASDIV,LAMA-3.2-3B
1638,baseline,738,"A beaver is know for building prowess, their supplies come from where?

Options:
A) british columbia
B) body of water
C) wooded area
D) pay debts
E) zoo",,C,,"['B', 'B', 'B', 'B', 'B']",B,False,majority,1.0,{'B': 5},5,0,0.0,0,False,,ASDIV,LAMA-3.2-3B
1639,baseline,739,"I listened to lecture intensely, what is my goal?

Options:
A) gain confidence
B) concentrate
C) get attention
D) pay attention
E) stop talking",,B,,"['A', 'D', 'B', 'A', 'D']",D,False,refiner_tiebreak,0.5,"{'A': 2, 'D': 2, 'B': 1}",6,1,0.16670000000000001,3,True,0.0,ASDIV,LAMA-3.2-3B
1640,baseline,740,"How is a child eager to be going to play likely to get there?

Options:
A) slowly
B) rush
C) being entertained
D) have fun
E) enjoyment",,B,,"['A', 'D', 'A', 'D', 'D']",D,False,majority,0.6000000000000001,"{'A': 2, 'D': 3}",5,0,0.0,2,False,,ASDIV,LAMA-3.2-3B
1641,baseline,741,"When a main artery is used to expedite travel what would it be referred to as?

Options:
A) neck
B) busy city
C) own brain
D) thruway
E) food",,D,,"['D', 'D', 'D', 'D', 'D']",D,True,majority,1.0,{'D': 5},5,5,1.0,0,False,,ASDIV,LAMA-3.2-3B
1642,baseline,742,"At a shop what can you buy to put your spare unused things?

Options:
A) basement
B) cardboard box
C) ocean floor
D) high school
E) container",,E,,"['B', 'B', 'B', 'B', 'B']",B,False,majority,1.0,{'B': 5},5,0,0.0,0,False,,ASDIV,LAMA-3.2-3B
1643,baseline,743,"What is performing a type of?

Options:
A) singing
B) act
C) feat
D) smile
E) acting",,B,,"['B', 'E', 'E', 'E', 'B']",E,False,majority,0.6000000000000001,"{'B': 2, 'E': 3}",5,2,0.4,2,False,,ASDIV,LAMA-3.2-3B
1644,baseline,744,"Why do most people take a quick rest during the day?

Options:
A) need to
B) hungry
C) feel more energetic
D) weak
E) regenerate",,C,,"['A', 'E', 'A', 'A', 'C']",A,False,majority,0.6000000000000001,"{'A': 3, 'E': 1, 'C': 1}",5,1,0.2,2,False,,ASDIV,LAMA-3.2-3B
1645,baseline,745,"WHat leads to an early death?

Options:
A) poisonous gas
B) homicide
C) cinder
D) nuclear weapons
E) cyanide",,B,,"['A', 'C', 'E', 'A', 'A']",A,False,majority,0.6000000000000001,"{'A': 3, 'C': 1, 'E': 1}",5,0,0.0,2,False,,ASDIV,LAMA-3.2-3B
1646,baseline,746,"If you're celebrating with too many cocktails what may you have in the morning?

Options:
A) drunkenness
B) have fun
C) headache
D) hang over
E) intimacy",,D,,"['A', 'D', 'D', 'D', 'D']",D,True,majority,0.8,"{'A': 1, 'D': 4}",5,4,0.8,1,False,,ASDIV,LAMA-3.2-3B
1647,baseline,747,"What do the feathers look like on birds found in the rainforest?

Options:
A) pretty smart
B) singing
C) dark
D) very colorful
E) light",,D,,"['', 'C', 'D', 'C', 'B']",C,False,majority,0.5,"{'C': 2, 'D': 1, 'B': 1}",4,1,0.25,2,False,,ASDIV,LAMA-3.2-3B
1648,baseline,748,"The lady would eat and eat, and because of mental issues would then make herself what?

Options:
A) wash dishes
B) throwing up
C) drinking
D) throw up
E) turn inside out",,D,,"['B', 'B', '', 'D', 'B']",B,False,majority,0.75,"{'B': 3, 'D': 1}",4,1,0.25,1,False,,ASDIV,LAMA-3.2-3B
1649,baseline,749,"Where is a likely place for an ivy plant?

Options:
A) flower pot
B) shelf
C) windowsill
D) outside
E) sill",,D,,"['A', 'D', 'C', 'A', 'C']",A,False,refiner_tiebreak,0.5,"{'A': 2, 'D': 1, 'C': 2}",6,1,0.16670000000000001,3,True,0.0,ASDIV,LAMA-3.2-3B
1650,baseline,750,"John felt that his actions were fate.   Harry said that he could have always made a different what?

Options:
A) free will
B) choice
C) will
D) alcohol
E) freedom",,B,,"['A', 'A', 'E', 'B', 'B']",A,False,refiner_tiebreak,0.5,"{'A': 2, 'E': 1, 'B': 2}",6,2,0.33330000000000004,3,True,0.0,ASDIV,LAMA-3.2-3B
1651,baseline,751,"Where would you run in to a niece you only see every one and a while?

Options:
A) family reunion
B) brother's house
C) family picture book
D) family tree
E) party",,A,,"['B', 'A', 'A', 'A', 'E']",A,True,majority,0.6000000000000001,"{'B': 1, 'A': 3, 'E': 1}",5,3,0.6000000000000001,2,False,,ASDIV,LAMA-3.2-3B
1652,baseline,752,"The teens were trying to hide that they get drink, but when they walked in the door their what gave it away?

Options:
A) health
B) fall down
C) stagger
D) get arrested
E) vomit",,C,,"['C', 'C', 'C', 'B', 'B']",C,True,majority,0.6000000000000001,"{'C': 3, 'B': 2}",5,3,0.6000000000000001,2,False,,ASDIV,LAMA-3.2-3B
1653,baseline,753,"If a court case is dismissed after hearing testimony, what would be a likely cause?

Options:
A) change of heart
B) anguish
C) anger
D) boredom
E) anxiety",,A,,"['A', 'A', 'A', 'A', 'A']",A,True,majority,1.0,{'A': 5},5,5,1.0,0,False,,ASDIV,LAMA-3.2-3B
1654,baseline,754,"I am cold, what should I do to stay warm?

Options:
A) stay in bed
B) light fire
C) freezer
D) lay on ice
E) spit",,B,,"['', 'A', '', 'A', 'A']",A,False,majority,1.0,{'A': 3},3,0,0.0,0,False,,ASDIV,LAMA-3.2-3B
1655,baseline,755,"Billy liked driving cars.  He was good at it.  But he was rattled ever since his father experienced what?

Options:
A) transportation
B) pollution
C) stress
D) death
E) go somewhere",,D,,"['D', 'D', 'B', 'C', 'A']",D,True,majority,0.4,"{'D': 2, 'B': 1, 'C': 1, 'A': 1}",5,2,0.4,3,False,,ASDIV,LAMA-3.2-3B
1656,baseline,756,"For what entity should the government work?

Options:
A) country
B) democracy
C) canada
D) civilization
E) tax office",,A,,"['B', 'A', 'B', 'B', 'B']",B,False,majority,0.8,"{'B': 4, 'A': 1}",5,1,0.2,1,False,,ASDIV,LAMA-3.2-3B
1657,baseline,757,"Where do you store a large container?

Options:
A) supermarket
B) factory
C) juice
D) hostel
E) cabinet",,E,,"['A', 'A', 'A', 'A', 'A']",A,False,majority,1.0,{'A': 5},5,0,0.0,0,False,,ASDIV,LAMA-3.2-3B
1658,baseline,758,"His house was a mess, he began doing housework to get what?

Options:
A) boredom
B) nice home
C) michigan
D) feeling satisfied
E) house clean",,E,,"['B', 'A', 'E', 'A', 'A']",A,False,majority,0.6000000000000001,"{'B': 1, 'A': 3, 'E': 1}",5,1,0.2,2,False,,ASDIV,LAMA-3.2-3B
1659,baseline,759,"What has a surface with many sides?

Options:
A) tetrahedron
B) object
C) geometry problem
D) lake
E) triangle",,A,,"['A', 'A', 'A', 'A', 'A']",A,True,majority,1.0,{'A': 5},5,5,1.0,0,False,,ASDIV,LAMA-3.2-3B
1660,baseline,760,"Where does one usually keep literature?

Options:
A) books and magazines
B) own home
C) kitchen
D) shelf
E) meeting",,D,,"['B', 'B', 'B', 'B', 'B']",B,False,majority,1.0,{'B': 5},5,0,0.0,0,False,,ASDIV,LAMA-3.2-3B
1661,baseline,761,"Where in your home would you keep a ballpoint pen when not in use?

Options:
A) backpack
B) bank
C) desk drawer
D) eat cake
E) office desk",,C,,"['A', 'A', 'A', 'A', 'A']",A,False,majority,1.0,{'A': 5},5,0,0.0,0,False,,ASDIV,LAMA-3.2-3B
1662,baseline,762,"The teacher thought that a ferret can be very mischievous and probably wouldn't make a great pet for the entire what?

Options:
A) bad mood
B) hutch
C) classroom
D) pair of trousers
E) year",,C,,"['A', 'B', 'A', 'C', 'B']",A,False,refiner_tiebreak,0.5,"{'A': 2, 'B': 2, 'C': 1}",6,1,0.16670000000000001,3,True,0.0,ASDIV,LAMA-3.2-3B
1663,baseline,763,"The old man needed to have rest multiple times a day, he would do what on the couch and catnap?

Options:
A) lay in bed
B) lay in bed
C) go to bed
D) relax
E) lie down",,E,,"['B', 'B', 'B', 'B', 'B']",B,False,majority,1.0,{'B': 5},5,0,0.0,0,False,,ASDIV,LAMA-3.2-3B
1664,baseline,764,"Where would you put a plate immediately after eating from it?

Options:
A) kitchen cupboard
B) floor
C) table
D) dishwasher
E) flea market",,D,,"['A', 'A', 'A', 'C', 'C']",A,False,majority,0.6000000000000001,"{'A': 3, 'C': 2}",5,0,0.0,2,False,,ASDIV,LAMA-3.2-3B
1665,baseline,765,"What is a place that is far away from your house and where you could consume beer?

Options:
A) refrigerator
B) friend's house
C) keg
D) neighbor's house
E) kitchen",,B,,"['A', 'D', 'D', 'C', 'D']",D,False,majority,0.6000000000000001,"{'A': 1, 'D': 3, 'C': 1}",5,0,0.0,2,False,,ASDIV,LAMA-3.2-3B
1666,baseline,766,"Everybody seemed to be crying at the holy site, the tour guide explained that this was what?

Options:
A) profane
B) halibut
C) damaged
D) common
E) halibut",,D,,"['D', 'D', 'A', 'A', 'B']",A,False,refiner_tiebreak,0.5,"{'D': 2, 'A': 2, 'B': 1}",6,2,0.33330000000000004,3,True,0.0,ASDIV,LAMA-3.2-3B
1667,baseline,767,"He was afraid he would die from his cold, so he wisely decided to what?

Options:
A) ocean
B) write will
C) never want
D) were shot
E) seek help",,E,,"['E', 'E', 'E', 'E', 'E']",E,True,majority,1.0,{'E': 5},5,5,1.0,0,False,,ASDIV,LAMA-3.2-3B
1668,baseline,768,"What happens when you go somewhere and forget something at home?

Options:
A) arriving
B) arrive there
C) turn around
D) go back
E) fart",,D,,"['B', 'D', '', 'D', 'A']",D,True,majority,0.5,"{'B': 1, 'D': 2, 'A': 1}",4,2,0.5,2,False,,ASDIV,LAMA-3.2-3B
1669,baseline,769,"The juror was quite bored and zoning out but wanted to convey he was hearing testimony, so he just sat there doing what?

Options:
A) take notes
B) nodding
C) change of heart
D) writing down
E) listening",,B,,"['B', 'E', 'B', 'E', 'E']",E,False,majority,0.6000000000000001,"{'B': 2, 'E': 3}",5,2,0.4,2,False,,ASDIV,LAMA-3.2-3B
1670,baseline,770,"The hikers stopped to have a drink, simply put they what?

Options:
A) had a party
B) were thirsty
C) refreshment
D) getting drunk
E) celebrating",,B,,"['A', 'B', 'A', 'B', 'B']",B,True,majority,0.6000000000000001,"{'A': 2, 'B': 3}",5,3,0.6000000000000001,2,False,,ASDIV,LAMA-3.2-3B
1671,baseline,771,"The audience cheered when a goal was scored, what were they spectating?

Options:
A) school
B) sporting event
C) concert hall
D) show
E) television",,B,,"['E', 'B', 'B', 'B', 'B']",B,True,majority,0.8,"{'E': 1, 'B': 4}",5,4,0.8,1,False,,ASDIV,LAMA-3.2-3B
1672,baseline,772,"James knew that he shouldn't have been buying beer for minors.  He didn't even get paid for it.  Why was this bad?

Options:
A) lose money
B) fun
C) have no money
D) broken law
E) relaxation",,D,,"['D', 'A', 'D', 'D', 'D']",D,True,majority,0.8,"{'D': 4, 'A': 1}",5,4,0.8,1,False,,ASDIV,LAMA-3.2-3B
1673,baseline,773,"Who is not famous for a superhighway with no speed limit?

Options:
A) europe
B) germany
C) industrialized country
D) city
E) america",,E,,"['B', 'D', 'A', 'B', 'A']",A,False,refiner_tiebreak,0.5,"{'B': 2, 'D': 1, 'A': 2}",6,0,0.0,3,True,0.0,ASDIV,LAMA-3.2-3B
1674,baseline,774,"Bob stands in the grass surrounded by trees and nature, where is Bob?

Options:
A) rest area
B) desert
C) state park
D) fairgrounds
E) soccer game",,C,,"['A', 'B', 'C', 'C', 'C']",C,True,majority,0.6000000000000001,"{'A': 1, 'B': 1, 'C': 3}",5,3,0.6000000000000001,2,False,,ASDIV,LAMA-3.2-3B
1675,baseline,775,"What skill is needed for riding a bike?

Options:
A) wheels
B) feet
C) pedalling
D) practice
E) good balance",,E,,"['B', 'B', 'E', 'B', 'B']",B,False,majority,0.8,"{'B': 4, 'E': 1}",5,1,0.2,1,False,,ASDIV,LAMA-3.2-3B
1676,baseline,776,"The vet found malignant tumors on the animals, what is their likely fate?

Options:
A) euthanasia
B) pass water
C) die of cancer
D) feel pain
E) feel pleasure",,C,,"['', 'A', 'A', '', 'A']",A,False,majority,1.0,{'A': 3},3,0,0.0,0,False,,ASDIV,LAMA-3.2-3B
1677,baseline,777,"What do you go to see for live entertainment?

Options:
A) movie
B) show
C) concert venue
D) casino
E) theatre",,B,,"['E', 'E', 'A', 'E', 'C']",E,False,majority,0.6000000000000001,"{'E': 3, 'A': 1, 'C': 1}",5,0,0.0,2,False,,ASDIV,LAMA-3.2-3B
1678,baseline,778,"Where did you meet your best friend since Kindergarten?

Options:
A) friend's house
B) school
C) fraternity house
D) internet cafe
E) airplane",,B,,"['', '', '', '', '']",,False,majority,1.0,{'': 5},5,0,0.0,0,False,,ASDIV,LAMA-3.2-3B
1679,baseline,779,"What rubber toy filled with helium will make a child happy?

Options:
A) loved
B) learn
C) eat cake
D) balloon
E) become adult",,D,,"['D', 'D', 'D', 'D', 'D']",D,True,majority,1.0,{'D': 5},5,5,1.0,0,False,,ASDIV,LAMA-3.2-3B
1680,baseline,780,"Pens, computers, text books and paper clips can all be found where?

Options:
A) desktop
B) university
C) drawer
D) table
E) work",,B,,"['A', 'D', 'A', 'A', 'D']",A,False,majority,0.6000000000000001,"{'A': 3, 'D': 2}",5,0,0.0,2,False,,ASDIV,LAMA-3.2-3B
1681,baseline,781,"If you wanted a license to catch crabs, what government office would you go to?

Options:
A) most offices
B) fish department
C) fancy restaurant
D) government submarine
E) chesapeake bay",,B,,"['B', 'A', 'A', 'A', 'B']",A,False,majority,0.6000000000000001,"{'B': 2, 'A': 3}",5,2,0.4,2,False,,ASDIV,LAMA-3.2-3B
1682,baseline,782,"A supermarket is uncommon in what type of collection of shops?

Options:
A) strip mall
B) city or town
C) shoppingcentre
D) boutique
E) vermont",,A,,"['A', 'A', 'A', 'A', 'B']",A,True,majority,0.8,"{'A': 4, 'B': 1}",5,4,0.8,1,False,,ASDIV,LAMA-3.2-3B
1683,baseline,783,"Where might an alien use a vacuum?

Options:
A) space
B) closet
C) kitchen
D) orbit
E) container",,A,,"['A', 'B', 'A', 'A', 'A']",A,True,majority,0.8,"{'A': 4, 'B': 1}",5,4,0.8,1,False,,ASDIV,LAMA-3.2-3B
1684,baseline,784,"What does a farmer need to do to make  a maze on his farm in the fall?

Options:
A) seed plants
B) plant seeds
C) garden
D) grow corn
E) produce food",,D,,"['A', 'A', 'A', 'A', 'A']",A,False,majority,1.0,{'A': 5},5,0,0.0,0,False,,ASDIV,LAMA-3.2-3B
1685,baseline,785,"Traveling from new place to new place is likely to be what?

Options:
A) going somewhere
B) exhilarating
C) diarrhea
D) relocation
E) exhausting",,B,,"['D', 'D', 'A', 'D', 'D']",D,False,majority,0.8,"{'D': 4, 'A': 1}",5,0,0.0,1,False,,ASDIV,LAMA-3.2-3B
1686,baseline,786,"Eating is part of living, but your body doesn't use it all and the next day you will be doing what?

Options:
A) reduced
B) getting full
C) becoming full
D) chewing
E) defecating",,E,,"['B', 'B', 'B', 'C', 'B']",B,False,majority,0.8,"{'B': 4, 'C': 1}",5,0,0.0,1,False,,ASDIV,LAMA-3.2-3B
1687,baseline,787,"Where would you find a ticket booth and see a concert?

Options:
A) clerk
B) indoors
C) movie theater
D) venue
E) auditorium",,D,,"['A', 'A', 'A', 'D', 'A']",A,False,majority,0.8,"{'A': 4, 'D': 1}",5,1,0.2,1,False,,ASDIV,LAMA-3.2-3B
1688,baseline,788,"The man acted ridiculous at the funeral, what attitude should he have taken?

Options:
A) straightforward
B) serious
C) solemn
D) somber
E) funny",,C,,"['A', 'A', 'A', 'D', 'A']",A,False,majority,0.8,"{'A': 4, 'D': 1}",5,0,0.0,1,False,,ASDIV,LAMA-3.2-3B
1689,baseline,789,"James looked up and saw the start twinkling in the black yonder.  He marveled the sheer number of them and the size of what?

Options:
A) universe
B) orbit
C) night sky
D) outer space
E) his wallet",,A,,"['B', 'D', 'B', 'C', 'B']",B,False,majority,0.6000000000000001,"{'B': 3, 'D': 1, 'C': 1}",5,0,0.0,2,False,,ASDIV,LAMA-3.2-3B
1690,baseline,790,"Where areas are there likely to be many nightclubs?

Options:
A) manhattan
B) drink and dance
C) alcohol
D) major city
E) downtown area",,D,,"['D', 'D', 'D', 'D', 'D']",D,True,majority,1.0,{'D': 5},5,5,1.0,0,False,,ASDIV,LAMA-3.2-3B
1691,baseline,791,"What negative effect can competing in a chess game on a cold day have?

Options:
A) enemies
B) perform better
C) sweat
D) tension
E) frostbite",,D,,"['B', 'E', 'A', 'A', 'D']",A,False,majority,0.4,"{'B': 1, 'E': 1, 'A': 2, 'D': 1}",5,1,0.2,3,False,,ASDIV,LAMA-3.2-3B
1692,baseline,792,"The victim was to take stand today, they were going to do what?

Options:
A) testify
B) runaway
C) witness
D) tell truth
E) go home",,A,,"['A', 'A', 'A', 'A', 'A']",A,True,majority,1.0,{'A': 5},5,5,1.0,0,False,,ASDIV,LAMA-3.2-3B
1693,baseline,793,"What is the least likely immediate side effect of eating hamburger?

Options:
A) nausea
B) death
C) illness
D) health problems
E) gain weight",,B,,"['E', '', 'A', 'A', 'A']",A,False,majority,0.75,"{'E': 1, 'A': 3}",4,0,0.0,1,False,,ASDIV,LAMA-3.2-3B
1694,baseline,794,"He was very outgoing, for him making friends was no personal what?

Options:
A) scary
B) having friends
C) good feeling
D) conflict
E) friendship",,D,,"['A', 'E', 'B', 'A', 'D']",A,False,majority,0.4,"{'A': 2, 'E': 1, 'B': 1, 'D': 1}",5,1,0.2,3,False,,ASDIV,LAMA-3.2-3B
1695,baseline,795,"I saw the receptionist carelessly toss my resume into the drawer, where did I want it to end up?

Options:
A) file cabinet
B) nightstand
C) kitchen cabinet
D) office desk
E) the floor",,D,,"['D', 'D', 'A', 'A', 'A']",A,False,majority,0.6000000000000001,"{'D': 2, 'A': 3}",5,2,0.4,2,False,,ASDIV,LAMA-3.2-3B
1696,baseline,796,"Where can I go to be a religious gentleman?

Options:
A) club
B) restaurant
C) university
D) pub
E) church",,E,,"['E', 'A', 'A', 'E', 'A']",A,False,majority,0.6000000000000001,"{'E': 2, 'A': 3}",5,2,0.4,2,False,,ASDIV,LAMA-3.2-3B
1697,baseline,797,"Where would you find gazelle under a G?

Options:
A) open field
B) ivory coast
C) dictionary
D) steppe
E) encyclopedia",,E,,"['A', '', 'D', 'A', 'D']",A,False,refiner_tiebreak,0.6000000000000001,"{'A': 2, 'D': 2}",5,0,0.0,2,True,0.0,ASDIV,LAMA-3.2-3B
1698,baseline,798,"I you believe in god, where will you go when you die?

Options:
A) heaven
B) church
C) imagination
D) synagogue
E) monastery",,A,,"['', '', '', '', '']",,False,majority,1.0,{'': 5},5,0,0.0,0,False,,ASDIV,LAMA-3.2-3B
1699,baseline,799,"Where would you put nails if they are already packaged?

Options:
A) pocket
B) container
C) cabinet
D) jar
E) store",,C,,"['C', 'A', 'B', 'A', 'A']",A,False,majority,0.6000000000000001,"{'C': 1, 'A': 3, 'B': 1}",5,1,0.2,2,False,,ASDIV,LAMA-3.2-3B
1700,baseline,800,"Where is one likely to find a brownstone?

Options:
A) new york city
B) subdivision
C) ring
D) hazleton
E) live in",,A,,"['A', 'A', 'A', 'B', 'A']",A,True,majority,0.8,"{'A': 4, 'B': 1}",5,4,0.8,1,False,,ASDIV,LAMA-3.2-3B
1701,baseline,801,"The man in the white suit was very lazy.  He did nothing useful.  Meanwhile, the ban in the blue had put in effort and was very what?

Options:
A) restless
B) active
C) lazybutt
D) productive
E) hard work",,D,,"['B', 'D', 'D', 'D', 'D']",D,True,majority,0.8,"{'B': 1, 'D': 4}",5,4,0.8,1,False,,ASDIV,LAMA-3.2-3B
1702,baseline,802,"The soldier was told to get to the rendezvous point, for there he was suppose to what?

Options:
A) fight enemy
B) go to war
C) fight for freedom
D) wait for orders
E) follow instructions",,D,,"['D', 'E', '', 'A', 'E']",E,False,majority,0.5,"{'D': 1, 'E': 2, 'A': 1}",4,1,0.25,2,False,,ASDIV,LAMA-3.2-3B
1703,baseline,803,"Colorful anemone look somewhat like what object you find on window sills?

Options:
A) intertidal zone
B) coral sea
C) under water
D) flower bed
E) florida keys",,D,,"['B', 'B', 'A', 'A', 'B']",B,False,majority,0.6000000000000001,"{'B': 3, 'A': 2}",5,0,0.0,2,False,,ASDIV,LAMA-3.2-3B
1704,baseline,804,"More people should lower the guard and just have fun, we don't got long just what?

Options:
A) enjoy living
B) happy
C) enjoyable
D) get laid
E) do enjoy",,A,,"['B', 'D', 'B', 'A', 'D']",B,False,coin_flip,0.33330000000000004,"{'B': 2, 'D': 2, 'A': 1}",6,2,0.33330000000000004,4,True,1.0,ASDIV,LAMA-3.2-3B
1705,baseline,805,"Many homes in this country are built around a courtyard. Where is it?

Options:
A) candidate
B) spain
C) lawn
D) asshole
E) office complex",,B,,"['C', 'C', 'C', 'C', 'B']",C,False,majority,0.8,"{'C': 4, 'B': 1}",5,1,0.2,1,False,,ASDIV,LAMA-3.2-3B
1706,baseline,806,"John saw a fox running along the beach and was glad to be on the east coast.  Where might he have been?

Options:
A) tennessee
B) south carolina
C) louisiana
D) oklahoma
E) mountains",,B,,"['C', 'A', 'B', 'A', 'E']",A,False,majority,0.4,"{'C': 1, 'A': 2, 'B': 1, 'E': 1}",5,1,0.2,3,False,,ASDIV,LAMA-3.2-3B
1707,baseline,807,"He was getting advice for the job interview, they told him when talking to the interviewer always make what?

Options:
A) get tired of
B) small talk
C) eye contact
D) friendship
E) social life",,C,,"['C', 'C', 'C', 'C', 'C']",C,True,majority,1.0,{'C': 5},5,5,1.0,0,False,,ASDIV,LAMA-3.2-3B
1708,baseline,808,"Where would you put a container can after you buy it?

Options:
A) pantry
B) store
C) gas
D) liquid
E) garage",,E,,"['A', 'A', 'A', 'A', 'A']",A,False,majority,1.0,{'A': 5},5,0,0.0,0,False,,ASDIV,LAMA-3.2-3B
1709,baseline,809,"Her son scraped his knee, she fetched a bottle of peroxide from the what?

Options:
A) supermarket
B) diaper bag
C) liquor store
D) hollow log
E) medicine cabinet",,E,,"['B', 'E', 'E', 'E', 'C']",E,True,majority,0.6000000000000001,"{'B': 1, 'E': 3, 'C': 1}",5,3,0.6000000000000001,2,False,,ASDIV,LAMA-3.2-3B
1710,baseline,810,"What western state has thousands of miles of shore?

Options:
A) picture of sea side
B) seaside town
C) beach
D) california
E) see side picture",,D,,"['D', 'D', 'D', 'D', 'D']",D,True,majority,1.0,{'D': 5},5,5,1.0,0,False,,ASDIV,LAMA-3.2-3B
1711,baseline,811,"What is a treat that you dog will enjoy?

Options:
A) salad
B) petted
C) affection
D) bone
E) lots of attention",,D,,"['D', 'D', 'D', 'E', 'B']",D,True,majority,0.6000000000000001,"{'D': 3, 'E': 1, 'B': 1}",5,3,0.6000000000000001,2,False,,ASDIV,LAMA-3.2-3B
1712,baseline,812,"Where could you find a shark before it was caught?

Options:
A) pool hall
B) tomales bay
C) marine museum
D) business
E) desert",,B,,"['B', 'B', 'A', 'A', 'A']",A,False,majority,0.6000000000000001,"{'B': 2, 'A': 3}",5,2,0.4,2,False,,ASDIV,LAMA-3.2-3B
1713,baseline,813,"Surprising an angry person could lead to what?

Options:
A) humor
B) fight
C) jocose
D) laughter
E) accidents",,B,,"['A', 'B', 'B', 'B', 'B']",B,True,majority,0.8,"{'A': 1, 'B': 4}",5,4,0.8,1,False,,ASDIV,LAMA-3.2-3B
1714,baseline,814,"People do many things to alleviate boredom.  If you can't get out of the house you might decide to do what?

Options:
A) play cards
B) skateboard
C) meet interesting people
D) listen to music
E) go to a concert",,D,,"['A', 'A', 'D', 'A', 'B']",A,False,majority,0.6000000000000001,"{'A': 3, 'D': 1, 'B': 1}",5,1,0.2,2,False,,ASDIV,LAMA-3.2-3B
1715,baseline,815,"The audience listened to the orchestra play, where were they watching the performance?

Options:
A) concert hall
B) museum
C) school
D) hockey game
E) sporting event",,A,,"['', 'A', 'A', 'A', 'A']",A,True,majority,1.0,{'A': 4},4,4,1.0,0,False,,ASDIV,LAMA-3.2-3B
1716,baseline,816,"What is another name for the color of the fur of a dog with light colored fur?

Options:
A) fair
B) basket
C) dog hair
D) game
E) sun",,A,,"['A', 'A', 'A', 'A', 'A']",A,True,majority,1.0,{'A': 5},5,5,1.0,0,False,,ASDIV,LAMA-3.2-3B
1717,baseline,817,"He wanted to live somewhere were every yard was uniform in size and landscaping, where should he look for a house?

Options:
A) city
B) three feet
C) subdivision
D) parking garage
E) michigan",,C,,"['C', 'C', 'C', 'C', 'C']",C,True,majority,1.0,{'C': 5},5,5,1.0,0,False,,ASDIV,LAMA-3.2-3B
1718,baseline,818,"Where can many stores with clothing be found?

Options:
A) shop
B) mall
C) department store
D) drawer
E) library",,B,,"['B', 'B', 'B', 'B', 'B']",B,True,majority,1.0,{'B': 5},5,5,1.0,0,False,,ASDIV,LAMA-3.2-3B
1719,baseline,819,"james told his son to settle down and be careful.  There were many frogs mating in the area, and James didn't want his son to do what to them?

Options:
A) wander
B) migrate
C) scare
D) disturb
E) agitate",,D,,"['E', 'C', 'C', 'D', 'C']",C,False,majority,0.6000000000000001,"{'E': 1, 'C': 3, 'D': 1}",5,1,0.2,2,False,,ASDIV,LAMA-3.2-3B
1720,baseline,820,"A bald eagle is likely to be found on what kind of work?

Options:
A) rural area
B) book
C) canada
D) painting
E) aviary",,D,,"['A', 'A', 'A', 'A', 'A']",A,False,majority,1.0,{'A': 5},5,0,0.0,0,False,,ASDIV,LAMA-3.2-3B
1721,baseline,821,"The man laid on the soft moss and looked up at the trees, where was the man?

Options:
A) niagra falls
B) forest
C) waterfall
D) ground
E) tree",,B,,"['B', 'B', 'B', 'A', 'E']",B,True,majority,0.6000000000000001,"{'B': 3, 'A': 1, 'E': 1}",5,3,0.6000000000000001,2,False,,ASDIV,LAMA-3.2-3B
1722,baseline,822,"If you were lost you might need a map, the best place to find one on the road is at any what?

Options:
A) truck stop
B) amusement park
C) atlas
D) mall
E) gas station",,E,,"['C', 'D', 'E', 'D', 'E']",D,False,coin_flip,0.33330000000000004,"{'C': 1, 'D': 2, 'E': 2}",6,2,0.33330000000000004,4,True,0.0,ASDIV,LAMA-3.2-3B
1723,baseline,823,"Where may you be if you're buying pork chops at a corner shop?

Options:
A) england
B) town
C) desert
D) kentucky
E) iowa",,E,,"['B', 'B', 'B', 'B', 'B']",B,False,majority,1.0,{'B': 5},5,0,0.0,0,False,,ASDIV,LAMA-3.2-3B
1724,baseline,824,"Sean was leaving work and took the roadway that led to his what?

Options:
A) neighborhood
B) city
C) fate
D) countryside
E) maps",,A,,"['A', 'B', 'C', 'A', 'A']",A,True,majority,0.6000000000000001,"{'A': 3, 'B': 1, 'C': 1}",5,3,0.6000000000000001,2,False,,ASDIV,LAMA-3.2-3B
1725,baseline,825,"Where would you buy food?

Options:
A) freezer
B) store
C) home
D) hatred
E) kitchen",,B,,"['B', 'A', 'A', 'B', 'A']",A,False,majority,0.6000000000000001,"{'B': 2, 'A': 3}",5,2,0.4,2,False,,ASDIV,LAMA-3.2-3B
1726,baseline,826,"Where could a sloth live?

Options:
A) tropical jungle
B) manual
C) work
D) transit
E) countryside",,A,,"['E', 'A', 'A', 'A', 'A']",A,True,majority,0.8,"{'E': 1, 'A': 4}",5,4,0.8,1,False,,ASDIV,LAMA-3.2-3B
1727,baseline,827,"What do people do when they don't understand something?

Options:
A) ask questions
B) experience joy
C) believe in god
D) talk to each other
E) get sick",,A,,"['A', 'A', 'A', 'A', 'A']",A,True,majority,1.0,{'A': 5},5,5,1.0,0,False,,ASDIV,LAMA-3.2-3B
1728,baseline,828,"For many males hair is a concern as they get older, it begins to what, causing a receding hairline?

Options:
A) thin out
B) grow in ear
C) fall out
D) bulge
E) composted",,C,,"['C', 'C', 'C', 'C', 'C']",C,True,majority,1.0,{'C': 5},5,5,1.0,0,False,,ASDIV,LAMA-3.2-3B
1729,baseline,829,"Where is a control room needed to prevent wide spread disaster?

Options:
A) airbase
B) prison
C) mill
D) nuclear plant
E) recording studio",,D,,"['A', 'A', 'A', 'A', 'A']",A,False,majority,1.0,{'A': 5},5,0,0.0,0,False,,ASDIV,LAMA-3.2-3B
1730,baseline,830,"What does an actor do when they are bored of their roles?

Options:
A) mask
B) branch out
C) wear costume
D) pretend
E) sing songs",,B,,"['B', 'B', 'A', 'B', 'B']",B,True,majority,0.8,"{'B': 4, 'A': 1}",5,4,0.8,1,False,,ASDIV,LAMA-3.2-3B
1731,baseline,831,"If for some reason you were to start killing people, what would you be likely to receive?

Options:
A) feelings of guilt
B) prison sentence
C) terrible
D) encouragement
E) die",,B,,"['B', 'B', 'B', 'B', 'B']",B,True,majority,1.0,{'B': 5},5,5,1.0,0,False,,ASDIV,LAMA-3.2-3B
1732,baseline,832,"The car's steering seem quite loose, but he still considered purchasing it because he needed something small and what?

Options:
A) sturdy
B) faithful
C) bound
D) compact
E) packaged",,D,,"['E', 'E', 'C', 'A', 'A']",E,False,refiner_tiebreak,0.5,"{'E': 2, 'C': 1, 'A': 2}",6,0,0.0,3,True,0.0,ASDIV,LAMA-3.2-3B
1733,baseline,833,"Why would you take a bus to work?

Options:
A) commute
B) flying
C) get somewhere
D) travel
E) go home",,A,,"['A', 'A', 'A', 'A', 'A']",A,True,majority,1.0,{'A': 5},5,5,1.0,0,False,,ASDIV,LAMA-3.2-3B
1734,baseline,834,"What do people feel after having sex that requires them to shower?

Options:
A) bedroom
B) pleasant
C) obesity
D) painful
E) dirty",,E,,"['B', 'A', 'B', 'E', 'A']",A,False,refiner_tiebreak,0.5,"{'B': 2, 'A': 2, 'E': 1}",6,1,0.16670000000000001,3,True,0.0,ASDIV,LAMA-3.2-3B
1735,baseline,835,"Where is a well used toy car likely to be found?

Options:
A) child's room
B) boy's bedroom
C) own home
D) toy store
E) house",,A,,"['A', 'A', 'A', 'D', 'D']",A,True,majority,0.6000000000000001,"{'A': 3, 'D': 2}",5,3,0.6000000000000001,2,False,,ASDIV,LAMA-3.2-3B
1736,baseline,836,"James know that committing murder was wrong, but he thought that he could get away with it.  He was really troubled  and fearful because of what?

Options:
A) happiness
B) problems
C) prosecution
D) distress
E) misery",,C,,"['A', 'D', 'D', 'D', 'D']",D,False,majority,0.8,"{'A': 1, 'D': 4}",5,0,0.0,1,False,,ASDIV,LAMA-3.2-3B
1737,baseline,837,"Where is a ferret unlikely to be?

Options:
A) classroom
B) outdoors
C) aquarium
D) north carolina
E) great britain",,A,,"['A', 'A', 'D', 'A', 'A']",A,True,majority,0.8,"{'A': 4, 'D': 1}",5,4,0.8,1,False,,ASDIV,LAMA-3.2-3B
1738,baseline,838,"Where would I not want a fox?

Options:
A) hen house
B) english hunt
C) mountains
D) outside bedroom window
E) england",,A,,"['A', 'A', 'A', 'A', 'A']",A,True,majority,1.0,{'A': 5},5,5,1.0,0,False,,ASDIV,LAMA-3.2-3B
1739,baseline,839,"WHat type of keyboard is made up of one or more pipe divisions?

Options:
A) killing
B) typewriter
C) office
D) terminal
E) organ",,E,,"['B', 'B', 'A', 'B', 'A']",B,False,majority,0.6000000000000001,"{'B': 3, 'A': 2}",5,0,0.0,2,False,,ASDIV,LAMA-3.2-3B
1740,baseline,840,"If a person is trying to keep something in their hand what should they do?

Options:
A) complete collection
B) own house
C) procrastinate
D) explode
E) have to hold",,E,,"['E', 'E', 'E', 'E', 'E']",E,True,majority,1.0,{'E': 5},5,5,1.0,0,False,,ASDIV,LAMA-3.2-3B
1741,baseline,841,"What would be happening if you are pretending to be a police officer?

Options:
A) fighting
B) misunderstanding
C) deception
D) play
E) distrust",,C,,"['A', 'C', 'A', 'C', 'B']",C,True,refiner_tiebreak,0.5,"{'A': 2, 'C': 2, 'B': 1}",6,3,0.5,3,True,1.0,ASDIV,LAMA-3.2-3B
1742,baseline,842,"What is someone likely to want as a result of sex?

Options:
A) sexploiter
B) chicken
C) reproductive cycle
D) procreation
E) human experience",,D,,"['D', 'D', 'D', 'D', 'A']",D,True,majority,0.8,"{'D': 4, 'A': 1}",5,4,0.8,1,False,,ASDIV,LAMA-3.2-3B
1743,baseline,843,"Where can you get a lizard to keep in your home?

Options:
A) desert country
B) dessert
C) pet shop
D) tropical areas
E) zoo",,C,,"['C', 'C', 'C', 'A', 'A']",C,True,majority,0.6000000000000001,"{'C': 3, 'A': 2}",5,3,0.6000000000000001,2,False,,ASDIV,LAMA-3.2-3B
1744,baseline,844,"What would you be unable to do if you have too much greed?

Options:
A) keep things
B) make friends
C) play poker
D) conquer opponent
E) lie",,B,,"['A', 'A', '', 'A', 'A']",A,False,majority,1.0,{'A': 4},4,0,0.0,0,False,,ASDIV,LAMA-3.2-3B
1745,baseline,845,"What do geese do every fall in fields?

Options:
A) guard house
B) fly
C) eat
D) follow ultralight airplane
E) group together",,E,,"['B', '', 'E', 'B', 'C']",B,False,majority,0.5,"{'B': 2, 'E': 1, 'C': 1}",4,1,0.25,2,False,,ASDIV,LAMA-3.2-3B
1746,baseline,846,"The ancient seafaring Norse tribesman brought pelts of weasel aboard his what?

Options:
A) rabbit warren
B) used car lot
C) chicken coop
D) cruise
E) viking ship",,E,,"['E', 'E', 'E', 'E', 'E']",E,True,majority,1.0,{'E': 5},5,5,1.0,0,False,,ASDIV,LAMA-3.2-3B
1747,baseline,847,"One of the potential hazards of attending school is what?

Options:
A) cooties
B) get smart
C) boredom
D) colds and flu
E) taking tests",,D,,"['A', 'A', 'C', 'A', 'A']",A,False,majority,0.8,"{'A': 4, 'C': 1}",5,0,0.0,1,False,,ASDIV,LAMA-3.2-3B
1748,baseline,848,"After the weight cut he was worried about his energy levels, but this was part of participating in a what?

Options:
A) work
B) wrestle
C) play sports
D) matter
E) sleep",,B,,"['A', 'C', 'A', 'A', 'A']",A,False,majority,0.8,"{'A': 4, 'C': 1}",5,0,0.0,1,False,,ASDIV,LAMA-3.2-3B
1749,baseline,849,"The pioneer went to the general store for storage measures, what was he looking for?

Options:
A) checkers
B) barrels
C) baking soda
D) buffalo
E) salt",,B,,"['A', 'B', 'B', '', 'A']",B,True,refiner_tiebreak,0.6000000000000001,"{'A': 2, 'B': 2}",5,3,0.6000000000000001,2,True,1.0,ASDIV,LAMA-3.2-3B
1750,baseline,850,"Sitting down quickly after eating beans could lead to what?

Options:
A) flatulence
B) happiness
C) laziness
D) fall asleep
E) comfort",,A,,"['', 'A', 'A', 'A', 'A']",A,True,majority,1.0,{'A': 4},4,4,1.0,0,False,,ASDIV,LAMA-3.2-3B
1751,baseline,851,"Turkey only has a small northern part of their country located in part of the what?

Options:
A) middle east
B) oven
C) balkan peninsula
D) provide meat
E) asia minor",,C,,"['C', 'C', 'C', 'C', 'C']",C,True,majority,1.0,{'C': 5},5,5,1.0,0,False,,ASDIV,LAMA-3.2-3B
1752,baseline,852,"What do you feel when giving assistance to the needy?

Options:
A) reward
B) boredom
C) pleasure
D) happiness
E) satisfaction",,E,,"['A', 'A', 'A', '', 'A']",A,False,majority,1.0,{'A': 4},4,0,0.0,0,False,,ASDIV,LAMA-3.2-3B
1753,baseline,853,"The man didn't do great in college, all his best memories were late night with his brothers at the what?

Options:
A) big city
B) fraternity house
C) school
D) building
E) big town",,B,,"['B', 'B', 'B', 'B', 'B']",B,True,majority,1.0,{'B': 5},5,5,1.0,0,False,,ASDIV,LAMA-3.2-3B
1754,baseline,854,"Donald is a prominent figure for the federal government, so in what city does he likely spend a lot of time?

Options:
A) everything
B) capitol building
C) tourist sites
D) canada
E) washington d.c",,E,,"['E', 'E', 'E', 'E', 'E']",E,True,majority,1.0,{'E': 5},5,5,1.0,0,False,,ASDIV,LAMA-3.2-3B
1755,baseline,855,"Where would you find the sharpest parts of a triangle?

Options:
A) three vertices
B) point
C) 3 sides
D) three sides
E) math book",,A,,"['A', 'B', 'A', 'A', 'A']",A,True,majority,0.8,"{'A': 4, 'B': 1}",5,4,0.8,1,False,,ASDIV,LAMA-3.2-3B
1756,baseline,856,"What does 	drinking alcohol lead to?

Options:
A) have fun
B) intoxication
C) vomiting
D) drinking more alcohol
E) nausea",,B,,"['B', 'B', 'B', 'B', 'B']",B,True,majority,1.0,{'B': 5},5,5,1.0,0,False,,ASDIV,LAMA-3.2-3B
1757,baseline,857,"James thought of criminal justice like a computer program.  It need to work right.   What ideas might James not like?

Options:
A) manual
B) process information
C) power down
D) control model
E) reason exists",,D,,"['B', 'C', 'A', 'A', 'A']",A,False,majority,0.6000000000000001,"{'B': 1, 'C': 1, 'A': 3}",5,0,0.0,2,False,,ASDIV,LAMA-3.2-3B
1758,baseline,858,"His parents thought he was suffering from boredom, but the teen loved to lay in bed and just do what?

Options:
A) meet interesting people
B) lift weights
C) listen to music
D) play chess
E) entertain",,C,,"['E', 'E', 'D', 'E', 'A']",E,False,majority,0.6000000000000001,"{'E': 3, 'D': 1, 'A': 1}",5,0,0.0,2,False,,ASDIV,LAMA-3.2-3B
1759,baseline,859,"It was a long trip from the farm, so he stayed in a hotel when he arrived at the what?

Options:
A) bed away from home
B) wwii bunker
C) resort
D) las vegas
E) city",,E,,"['D', 'B', 'C', 'C', 'B']",B,False,refiner_tiebreak,0.5,"{'D': 1, 'B': 2, 'C': 2}",6,0,0.0,3,True,0.0,ASDIV,LAMA-3.2-3B
1760,baseline,860,"From where does a snowflake form?

Options:
A) cloud
B) snow storm
C) billow
D) air
E) snowstorm",,A,,"['A', 'A', 'A', 'A', 'A']",A,True,majority,1.0,{'A': 5},5,5,1.0,0,False,,ASDIV,LAMA-3.2-3B
1761,baseline,861,"Sailors drive many different types of boats, what type of boat involves their namesake.

Options:
A) coming home
B) row boat
C) board ship
D) inflatable raft
E) sail boat",,E,,"['E', 'E', 'E', 'E', 'E']",E,True,majority,1.0,{'E': 5},5,5,1.0,0,False,,ASDIV,LAMA-3.2-3B
1762,baseline,862,"What kind of status is the bald eagle given?

Options:
A) outside
B) world
C) protection
D) colorado
E) america",,C,,"['C', 'A', 'E', 'E', 'A']",A,False,refiner_tiebreak,0.5,"{'C': 1, 'A': 2, 'E': 2}",6,1,0.16670000000000001,3,True,0.0,ASDIV,LAMA-3.2-3B
1763,baseline,863,"You'll find a landing at the top of what?

Options:
A) ocean
B) apartment building
C) stairwell
D) airport
E) room",,C,,"['A', 'D', 'D', 'D', 'D']",D,False,majority,0.8,"{'A': 1, 'D': 4}",5,0,0.0,1,False,,ASDIV,LAMA-3.2-3B
1764,baseline,864,"Where are required to carry books all day?

Options:
A) friend's house
B) university
C) large city
D) storage
E) table",,B,,"['D', '', 'D', 'D', 'D']",D,False,majority,1.0,{'D': 4},4,0,0.0,0,False,,ASDIV,LAMA-3.2-3B
1765,baseline,865,"What do animals do when an enemy is approaching?

Options:
A) feel pleasure
B) procreate
C) pass water
D) listen to each other
E) sing",,D,,"['A', 'C', '', 'A', 'C']",C,False,refiner_tiebreak,0.6000000000000001,"{'A': 2, 'C': 2}",5,0,0.0,2,True,0.0,ASDIV,LAMA-3.2-3B
1766,baseline,866,"Where would you get a balalaika if you do not have one?

Options:
A) orchestra
B) music store
C) buy music
D) make music
E) symphony",,B,,"['A', 'A', 'A', 'D', 'A']",A,False,majority,0.8,"{'A': 4, 'D': 1}",5,0,0.0,1,False,,ASDIV,LAMA-3.2-3B
1767,baseline,867,"What does everyone feel of monsters?

Options:
A) looking for love
B) afraid of
C) good at
D) make pet
E) different",,B,,"['B', '', 'A', 'B', 'B']",B,True,majority,0.75,"{'B': 3, 'A': 1}",4,3,0.75,1,False,,ASDIV,LAMA-3.2-3B
1768,baseline,868,"Jan tested the current, and noticed that it was high.  He thought that the wires might have too much what?

Options:
A) later
B) updated
C) still
D) resistance
E) now",,D,,"['D', 'D', 'D', 'D', 'D']",D,True,majority,1.0,{'D': 5},5,5,1.0,0,False,,ASDIV,LAMA-3.2-3B
1769,baseline,869,"The child felt like it was all pretend, he didn't understand what?

Options:
A) people believe
B) daydreams
C) transcendentalism
D) laughter
E) religion",,E,,"['A', '', 'A', '', 'B']",A,False,majority,0.6667000000000001,"{'A': 2, 'B': 1}",3,0,0.0,1,False,,ASDIV,LAMA-3.2-3B
1770,baseline,870,"There were times where kids wanted to know a definition, so there was a nice big dictionary in the what?

Options:
A) pocket
B) classroom
C) table
D) library
E) shelf",,B,,"['B', 'B', 'D', 'B', 'B']",B,True,majority,0.8,"{'B': 4, 'D': 1}",5,4,0.8,1,False,,ASDIV,LAMA-3.2-3B
1771,baseline,871,"No matter what date you put on it, we all know the universe to be what?

Options:
A) very old
B) infiniverse
C) getting younger
D) infinite
E) real",,A,,"['D', 'D', 'D', 'D', 'D']",D,False,majority,1.0,{'D': 5},5,0,0.0,0,False,,ASDIV,LAMA-3.2-3B
1772,baseline,872,"The child pretended he was reading newspaper, he couldn't actually do it without what?

Options:
A) patience
B) falling down
C) literacy
D) buying
E) knowing how to read",,E,,"['E', 'C', 'E', 'A', 'C']",E,True,refiner_tiebreak,0.5,"{'E': 2, 'C': 2, 'A': 1}",6,3,0.5,3,True,1.0,ASDIV,LAMA-3.2-3B
1773,baseline,873,"The chef wanted to perfect his craft, what did he do?

Options:
A) thin potatos
B) prepare food
C) study french cooking
D) drink
E) cook dinner",,C,,"['B', '', 'E', '', 'B']",B,False,majority,0.6667000000000001,"{'B': 2, 'E': 1}",3,0,0.0,1,False,,ASDIV,LAMA-3.2-3B
1774,baseline,874,"Sally was bored because she didn't like the junk that was on what?

Options:
A) drawer
B) garage
C) caddy
D) bed
E) television",,E,,"['D', 'A', 'D', 'D', 'E']",D,False,majority,0.6000000000000001,"{'D': 3, 'A': 1, 'E': 1}",5,1,0.2,2,False,,ASDIV,LAMA-3.2-3B
1775,baseline,875,"Where would a person live if they wanted no neighbors?

Options:
A) housing estate
B) neighborhood
C) mars
D) woods
E) suburbs",,D,,"['A', 'E', 'A', 'E', 'A']",A,False,majority,0.6000000000000001,"{'A': 3, 'E': 2}",5,0,0.0,2,False,,ASDIV,LAMA-3.2-3B
1776,baseline,876,"If a car-less person want to listen to talk radio in private, where might they listen to it?

Options:
A) trunk
B) bedroom
C) diner
D) space shuttle
E) shop",,B,,"['B', 'B', 'B', 'B', 'B']",B,True,majority,1.0,{'B': 5},5,5,1.0,0,False,,ASDIV,LAMA-3.2-3B
1777,baseline,877,"What happens to a body after death?

Options:
A) rebirth
B) human experience
C) sadness
D) decomposition
E) obesity",,D,,"['A', 'D', 'D', '', 'D']",D,True,majority,0.75,"{'A': 1, 'D': 3}",4,3,0.75,1,False,,ASDIV,LAMA-3.2-3B
1778,baseline,878,"Billy saw a dog running from him and did his best to get away from it.  The leaped up to where the dog couldn't reach and was stuck.  Where might he have been trapped?

Options:
A) kennel
B) table
C) porch
D) backyard
E) park",,B,,"['A', 'A', 'A', 'D', 'A']",A,False,majority,0.8,"{'A': 4, 'D': 1}",5,0,0.0,1,False,,ASDIV,LAMA-3.2-3B
1779,baseline,879,"What region of a west coast U.S. city would you find a Japanese restaurant?

Options:
A) california
B) tokio
C) downtown
D) narnia
E) large town",,C,,"['A', 'A', 'B', 'A', 'B']",A,False,majority,0.6000000000000001,"{'A': 3, 'B': 2}",5,0,0.0,2,False,,ASDIV,LAMA-3.2-3B
1780,baseline,880,"What event might one buy tickets for seats?

Options:
A) park
B) show
C) auditorium
D) movies
E) rest area",,B,,"['B', 'B', 'A', 'C', 'A']",B,True,refiner_tiebreak,0.5,"{'B': 2, 'A': 2, 'C': 1}",6,3,0.5,3,True,1.0,ASDIV,LAMA-3.2-3B
1781,baseline,881,"The fact that Joe was able to memorize the list in spite of his apparent  state proved that part of his brain was what?

Options:
A) awake
B) repeat
C) sleeping
D) concentrate
E) read aloud",,A,,"['A', 'E', 'D', 'A', 'D']",A,True,refiner_tiebreak,0.5,"{'A': 2, 'E': 1, 'D': 2}",6,3,0.5,3,True,1.0,ASDIV,LAMA-3.2-3B
1782,baseline,882,"He has lactose intolerant, but was eating dinner made of cheese, what followed for him?

Options:
A) digestive
B) feel better
C) sleepiness
D) indigestion
E) illness",,D,,"['D', 'A', 'A', 'D', 'D']",D,True,majority,0.6000000000000001,"{'D': 3, 'A': 2}",5,3,0.6000000000000001,2,False,,ASDIV,LAMA-3.2-3B
1783,baseline,883,"Where is food likely to stay dry?

Options:
A) etna
B) cupboard
C) oven
D) stomach
E) fridge",,B,,"['A', 'A', 'A', 'A', 'A']",A,False,majority,1.0,{'A': 5},5,0,0.0,0,False,,ASDIV,LAMA-3.2-3B
1784,baseline,884,"She was in an affair, what did that end upon discovery by her husband?

Options:
A) relationship
B) marriage
C) fidelity
D) love
E) divorce",,B,,"['E', 'E', 'B', 'E', 'B']",E,False,majority,0.6000000000000001,"{'E': 3, 'B': 2}",5,2,0.4,2,False,,ASDIV,LAMA-3.2-3B
1785,baseline,885,"Someone who had a very bad flight might be given a trip in this to make up for it?

Options:
A) first class
B) propitious
C) reputable
D) one
E) sufficient",,A,,"['B', 'A', 'B', 'B', 'A']",B,False,majority,0.6000000000000001,"{'B': 3, 'A': 2}",5,2,0.4,2,False,,ASDIV,LAMA-3.2-3B
1786,baseline,886,"Many humans enjoy fishing and enjoy another relaxing activity at the same time, what activity is it?

Options:
A) getting tied up lure.
B) looking for information
C) get wet
D) drink beer
E) sit quietly",,D,,"['E', 'E', 'E', 'E', 'E']",E,False,majority,1.0,{'E': 5},5,0,0.0,0,False,,ASDIV,LAMA-3.2-3B
1787,baseline,887,"Where would you get some maps that you own?

Options:
A) bookstore
B) library
C) electrical circuit
D) cabinet
E) important when traveling",,D,,"['B', 'B', 'B', 'B', 'B']",B,False,majority,1.0,{'B': 5},5,0,0.0,0,False,,ASDIV,LAMA-3.2-3B
1788,baseline,888,"What could happen to you after you are cleaning house for a long time?

Options:
A) neatness
B) tiredness
C) order
D) exhaustion
E) sneezing",,D,,"['D', 'A', 'B', 'B', 'D']",D,True,coin_flip,0.33330000000000004,"{'D': 2, 'A': 1, 'B': 2}",6,2,0.33330000000000004,4,True,0.0,ASDIV,LAMA-3.2-3B
1789,baseline,889,"Where would a person be doing when having to wait their turn?

Options:
A) have patience
B) get in line
C) sing
D) stand in line
E) turn left",,D,,"['D', 'B', 'D', 'D', 'D']",D,True,majority,0.8,"{'D': 4, 'B': 1}",5,4,0.8,1,False,,ASDIV,LAMA-3.2-3B
1790,baseline,890,"Who might wear dark glasses indoors?

Options:
A) blind person
B) glove box
C) movie studio
D) ray charles
E) glove compartment",,A,,"['A', 'B', 'B', 'A', 'E']",A,True,coin_flip,0.33330000000000004,"{'A': 2, 'B': 2, 'E': 1}",6,2,0.33330000000000004,4,True,0.0,ASDIV,LAMA-3.2-3B
1791,baseline,891,"Where is a shelf likely to be hidden behind a door?

Options:
A) refrigerator
B) bookstore
C) cupboard
D) school building
E) wardrobe",,C,,"['A', 'A', 'A', 'A', 'A']",A,False,majority,1.0,{'A': 5},5,0,0.0,0,False,,ASDIV,LAMA-3.2-3B
1792,baseline,892,"If you have leftover cake, where would you put it?

Options:
A) quandry
B) refrigerator
C) oven
D) night stand
E) bakery",,B,,"['A', '', '', 'A', '']",A,False,majority,1.0,{'A': 2},2,0,0.0,0,False,,ASDIV,LAMA-3.2-3B
1793,baseline,893,"What is a person trying to accomplish when taking analgesics?

Options:
A) acceptance
B) avoid pain
C) acknowledgment
D) passing grade
E) intellectual challenge",,B,,"['B', 'B', 'B', 'B', 'B']",B,True,majority,1.0,{'B': 5},5,5,1.0,0,False,,ASDIV,LAMA-3.2-3B
1794,baseline,894,"We are all human, and we all what?

Options:
A) write
B) eat cake
C) smile
D) think critically
E) die",,E,,"['D', '', 'C', '', 'A']",C,False,refiner_tiebreak,0.5,"{'D': 1, 'C': 1, 'A': 1}",4,0,0.0,2,True,0.0,ASDIV,LAMA-3.2-3B
1795,baseline,895,"John needed a straight wire.  Unfortunately, this one had endured some abuse and had become what?

Options:
A) bent
B) bent
C) crooked
D) straightforth
E) curved",,A,,"['E', 'A', '', 'E', 'A']",A,True,refiner_tiebreak,0.6000000000000001,"{'E': 2, 'A': 2}",5,3,0.6000000000000001,2,True,1.0,ASDIV,LAMA-3.2-3B
1796,baseline,896,"The smile gave away that the what was one of happiness?

Options:
A) manual
B) rainbow
C) cry
D) frown
E) make others happy too",,C,,"['E', 'E', 'D', 'D', 'D']",D,False,majority,0.6000000000000001,"{'E': 2, 'D': 3}",5,0,0.0,2,False,,ASDIV,LAMA-3.2-3B
1797,baseline,897,"Where does a wild bird usually live?

Options:
A) cage
B) sky
C) countryside
D) desert
E) windowsill",,C,,"['C', 'C', 'C', 'A', 'C']",C,True,majority,0.8,"{'C': 4, 'A': 1}",5,4,0.8,1,False,,ASDIV,LAMA-3.2-3B
1798,baseline,898,"Joe found spiders in the place where he keeps his tools.  Where might that be?

Options:
A) cupboard
B) toolbox
C) closet
D) garage
E) mail box",,D,,"['A', 'A', 'B', 'B', 'A']",A,False,majority,0.6000000000000001,"{'A': 3, 'B': 2}",5,0,0.0,2,False,,ASDIV,LAMA-3.2-3B
1799,baseline,899,"What part of plants is pretty?

Options:
A) dirt
B) no neurons in
C) millions of cells
D) flowers on
E) roots",,D,,"['D', 'E', 'E', 'C', 'D']",E,False,refiner_tiebreak,0.5,"{'D': 2, 'E': 2, 'C': 1}",6,2,0.33330000000000004,3,True,0.0,ASDIV,LAMA-3.2-3B
