,mode,idx,question,gt_answer,op_type,final_answer,correct,strategy,confidence,correct_votes,total_votes,vote_consistency,wasted_votes,refiner_used,refiner_correct,vote_counts,plan,fineTunedOn,guideModel
0,guided,1,29 birds were sitting in a tree. Some more fly up to the tree. Then there were 42 birds in the tree How many more flew up to the tree?,13,Subtraction,-13,False,majority,0.8,0,5,0.0,1,False,,"{'-13': 4, '29': 1}","Step 1: Initial - Final =? 
     29 - 42 =?",GSM8k,LAMA-3.2-3B
1,guided,2,Terry cut a rope 35 inches long into two pieces in the ratio 3:4 What is the length of the longer piece?,20,Multi-step,20,True,coin_flip,0.3333,2,6,0.3333,4,True,False,"{'2000': 1, '20': 2, '7': 2, '35': 1}","Step 1: Total parts = 3 + 4 = 7
Step 2: Longer part = (4/7) * 35 = 20",GSM8k,LAMA-3.2-3B
2,guided,3,"Ramon works at the supermarket. He put 26 boxes of Choco Delights on the shelf. There were already 15 boxes there. Later that day, Ramon counted 22 boxes on the shelf How many boxes of Choco Delights were missing?",19,Multi-step,19,True,majority,0.6,3,5,0.6,2,False,,"{'19': 3, '26': 1, '41': 1}","Step 1: Total initial + Initial = 26 + 15 =
Step 2: Subtracting what was left from total =?",GSM8k,LAMA-3.2-3B
3,guided,4,My ice cream shop was really busy today. It was 98 degrees and we sold 67 ice cream cones. We sold 15 more milkshakes than ice cream cones How many milkshakes were sold?,82,Addition,1,False,majority,0.4,0,5,0.0,3,False,,"{'67': 1, '1': 2, '1225': 1, '1.22': 1}","Step 1: Ice Cream Cones + Additional Milkshake Sales = Total Items Sold
Step 2: Total Items Sold / Number of Ice Cream Cones = Number of Milkshakes Sold
Step 3: (Ice Cream Cones + 15) / Ice Cream Cones = Number of Milkshakes Sold",GSM8k,LAMA-3.2-3B
4,guided,5,"My car gets 20 miles per gallon of gas. If Grandma's house is 100 miles away, how many gallons of gas would it take to get to her house?",5,Division,5,True,majority,0.6,3,5,0.6,2,False,,"{'5': 3, '20': 2}","Step 1: Distance / Miles Per Gallon = Total Gallons Needed
Step 2: 100 ÷ 20 =?",GSM8k,LAMA-3.2-3B
5,guided,6,"It usually takes Stanley 10 hours to go around his two favorite places. If he took 10 times longer than the usual, how many hours did it take him to go around the places this time?",100,Multiplication,100,True,majority,0.5,2,4,0.5,2,False,,"{'100': 2, '50': 1, '110': 1}","Step 1: Usual time * 10 = 10 * 10 =? 
Step 2: Usual time + Extra time = 10 + 100 =?",GSM8k,LAMA-3.2-3B
6,guided,7,"Roger is at the library helping put away books. There are fifty-four book to put away total but a librarian takes nineteen of them and leaves Roger with the rest. If he can fit five books on a shelf, how many shelves will he need?",7,Division,7,True,majority,0.8,4,5,0.8,1,False,,"{'7': 4, '35': 1}","Step 1: Total books - Books taken out = Remaining books
Step 2: Remaining books / Books per shelf = Number of shelves",GSM8k,LAMA-3.2-3B
7,guided,8,"They also prepared some chips. If he prepared 350 grams of chips and his father prepared 268 grams, how much chips should his brother prepare if they are to have 800 grams of chips?",182,Subtraction,800,False,majority,0.4,1,5,0.2,3,False,,"{'450': 1, '182': 1, '800': 2, '180': 1}","Step 1: Total - Father's portion + Brother's unknown = 800
Step 2: (350 + x) + 268 = 800
Step 3: 618 + x = 800",GSM8k,LAMA-3.2-3B
8,guided,9,"Paul was packing up his old toys. He managed to squeeze eight toys into a box. If Paul filled up four boxes, how many toys did he pack total?",32,Multiplication,32,True,majority,1.0,5,5,1.0,0,False,,{'32': 5},"Step 1: Number of boxes * Number of toys per box = Total number of toys
Step 2: 4 * 8 =?",GSM8k,LAMA-3.2-3B
9,guided,10,Carla has some marbles. She bought 134 marbles. Now she has 187 marbles How many did she start with?,53,Subtraction,187,False,majority,0.6,2,5,0.4,2,False,,"{'53': 2, '187': 3}","Step 1: Current - Bought = Had initially
Step 2: 187 - 134 =?",GSM8k,LAMA-3.2-3B
10,guided,11,On the first day of the week Pat had 39 stickers. Pat earned 22 more during the week How many stickers did Pat have at the end of the week?,61,Addition,61,True,majority,0.5,2,4,0.5,2,False,,"{'22': 1, '123': 1, '61': 2}","Step 1: Initial amount + Earned = Total
Step 2: Total + Remaining = Final amount
Step 3: (Initial amount + Earned) + Remaining = Final amount
OR:
Step 1: Initial amount + New total = Final amount
Step 2: New total + Previous total = Final amount
OR:
Step 1: Current amount + Additional amount = New total
Step 2: New total + Original amount = Final amount",GSM8k,LAMA-3.2-3B
11,guided,12,"For the roof, John would need 2 sets of metal bars for support. If each set has 7 metal bars, how many metal bars are there in all?",14,Multiplication,14,True,majority,0.8,4,5,0.8,1,False,,"{'2': 1, '14': 4}","Step 1: Sets * Bars per Set = Total Bars
Step 2: 2 * 7 =?",GSM8k,LAMA-3.2-3B
12,guided,13,Sara bought decorations for her party. She paid $5 for balloons and $18 for tablecloths. She also spent $9 for streamers. She paid the cashier and got $8 back How much money did Sara give to the cashier?,40,Addition,32,False,coin_flip,0.3333,0,6,0.0,4,True,False,"{'32': 2, '24': 2, '23': 1, '5': 1}","Step 1: Total cost of items purchased + Change received = Cost of all purchases + Amount given to cashier
Step 2: Total amount spent (balloons + tablecloths + streamers) - Change received = Total amount given to cashier
Step 3: ($5 + $18 + $9) - $8 =?",GSM8k,LAMA-3.2-3B
13,guided,14,Lou's Shoes must sell 80 pairs of shoes each month. They sold 27 pairs last week and 12 pairs this week How many more pairs of shoes must they sell?,41,Multi-step,39,False,refiner_tiebreak,0.3333,1,6,0.1667,4,True,False,"{'41': 1, '39': 2, '65': 1, '40': 1, '80': 1}","Step 1: Total required - Sold so far = 80 - (27 + 12) 
Step 2: Total required - Sold so far = 80 - 39",GSM8k,LAMA-3.2-3B
14,guided,15,Radio station Z-100 was giving away a $100 bill to every 100th caller during a contest and gave Jingle Ball tickets to every 40th caller How many callers must call before someone wins both a $100 bill and a Jingle Ball ticket?,200,Multi-step,40,False,coin_flip,0.3333,1,6,0.1667,4,True,True,"{'400': 1, '40': 2, '5': 2, '200': 1}","Step 1: Find LCM (Least Common Multiple) of 100 & 40 =?

Step 2: Divide LCM by smaller value (40).",GSM8k,LAMA-3.2-3B
15,guided,16,"Tommy had some balloons. His mom gave him 34 more balloons for his birthday. Then, Tommy had 60 balloons How many balloons did Tommy have to start with?",26,Subtraction,26,True,refiner_tiebreak,0.3333,2,6,0.3333,4,True,True,"{'60': 1, '-6': 1, '34': 1, '0': 1, '26': 2}","Step 1: Initial amount + Additional amount = Total amount
Step 2: Total amount - Final amount = Initial amount
Step 3: 60 - 34 =?",GSM8k,LAMA-3.2-3B
16,guided,17,"Virginia has 40 bananas and 4 marbles. If she shares the bananas among 40 friends, how many bananas does each friend get?",1,Division,1,True,majority,0.8,4,5,0.8,1,False,,"{'1': 4, '40': 1}","Step 1: Total items to share / Number of people sharing = Bananas per person
Step 2: 40 ÷ 40 =?",GSM8k,LAMA-3.2-3B
17,guided,18,"A farmer bought 164 rabbits. If the farmer wanted to fill 17 cages with the same number of rabbits, how many more rabbits should the farmer buy?",6,Subtraction,9.588,False,coin_flip,0.1667,1,6,0.1667,5,True,True,"{'9.588': 1, '2728': 1, '3': 1, '9.6471': 1, '164': 1, '6': 1}","Step 1: Total rabbits / Cages per cage = Remaining rabbits needed
Step 2: Total rabbits - Remaining rabbits needed",GSM8k,LAMA-3.2-3B
18,guided,19,"Roger had sixty-three dollars. If he spent forty-eight bucks on a new game, how many three dollar toys could he buy with the money he had left?",5,Division,5,True,majority,0.6,3,5,0.6,2,False,,"{'5': 3, '15': 1, '63': 1}","Step 1: Initial amount - Cost of game = $63 - $48 =
Step 2: Remaining money / Price per toy = $15 / $3 =?",GSM8k,LAMA-3.2-3B
19,guided,20,"Billy bought five boxes of books at a yard sale. If each box had seven books, how many books did he buy?",35,Multiplication,35,True,majority,0.5,2,4,0.5,2,False,,"{'35': 2, '25': 1, '175': 1}","Step 1: Number of boxes * Number of books per box = Total number of books
Step 2: 5 * 7 =?",GSM8k,LAMA-3.2-3B
20,guided,21,Annette and Caitlin weigh 95 pounds together. Caitlin and Sara weigh 87 pounds together How much more does Annette weigh than Sara?,8,Subtraction,95,False,coin_flip,0.3333,0,6,0.0,4,True,False,"{'5': 1, '95': 2, '182': 2, '94': 1}","Step 1: Annette + Caitlin = 95 + 87 =
Step 2: (Annette + Caitlin) - Caitlin = 182 - 87 =",GSM8k,LAMA-3.2-3B
21,guided,22,Rachel picked three apples from her tree. Now the tree has four apples still on it How many apples did the tree have to begin with?,7,Addition,4,False,majority,0.4,0,5,0.0,3,False,,"{'4': 2, '3': 1, '2.5': 1, '-3': 1}","Step 1: Apples taken + Remaining apples = Total initial apples
Step 2: 3 + x = Total initial apples
Step 3: Subtracting known values (apples taken) from both sides of equation gives us:
x = Total initial apples - 3",GSM8k,LAMA-3.2-3B
22,guided,23,22 students are going on a field trip and 18 students are staying at school What is the ratio of the number of students who are going on the field trip to the number of students who are staying at school?,11,Multi-step,22,False,refiner_tiebreak,0.5,0,4,0.0,2,True,False,"{'22': 2, '0.7333': 1, '1.1': 1}","Step 1: Number of students going on the field trip / Total number of students = 22/Total number of students
Step 2: Simplify fraction if possible (not required in this case)",GSM8k,LAMA-3.2-3B
23,guided,24,3 owls were sitting on the fence. 2 more owls joined them How many owls are on the fence now?,5,Addition,3,False,refiner_tiebreak,0.5,1,6,0.1667,3,True,False,"{'5': 1, '3': 3, '8': 2}","Step 1: Initial owls + New owls = Total owls
Step 2: 3 + 2 =?",GSM8k,LAMA-3.2-3B
24,guided,25,"Ron and Chanarong had breakfast at a cafe. Muffins cost $2 each, and fruit cups cost $2 each. Ron had 1 muffin and 2 fruit cups. Chanarong had 1 muffin and 2 fruit cups How much did their breakfast cost?",12,Addition,6,False,majority,0.5,1,4,0.25,2,False,,"{'6': 2, '2': 1, '12': 1}","Step 1: Cost of Ron's items = Price per muffin * Quantity of muffins + Price per cup * Quantity of cups
               = $2 * 1 + $2 * 2
Step 2: Simplify expression for Ron's total
               = $2 + $4
Step 3: Add cost of Chanarong's items to find overall cost
               = ($2 + $4) + ($2 * 1 + $2 * 2)
               = ($2 + $4) + ($2 + $4)
               = $8 + $6
               = $14",GSM8k,LAMA-3.2-3B
25,guided,26,Adam could fit nine action figures on each shelf in his room. His room has three shelves How many action figures total could his shelves hold?,27,Multiplication,27,True,majority,1.0,5,5,1.0,0,False,,{'27': 5},"Step 1: Number of shelves * Number of action figures per shelf = Total capacity
Step 2: 3 * 9 =?",GSM8k,LAMA-3.2-3B
26,guided,27,"A man is thrice as old as his son. After 12 years, he will be twice as old as his son Find their present ages.",36,Multi-step,8,False,coin_flip,0.5,0,2,0.0,1,True,False,"{'8': 1, '59.73': 1}","Step 1: Let's represent the current age of the father with variable ""x"". Since the father is thrice as old as his son, we can express this relationship in an equation:
Father's Age = Son's Age * 3
x = y

Step 2: In 12 years, both will have increased by 12 each. So we add 12 to both sides of our original equation:
x + 12 = (y + 12) * 3

Step 3: Expand right side of the new equation:
x + 12 = 3y + 36",GSM8k,LAMA-3.2-3B
27,guided,28,"In a telephone poll, 7 people said they like shopping and 20 people said they do not like shopping What is the ratio of the number of people who do not like shopping to the number of people who like shopping?",20,Multi-step,13,False,majority,0.6,0,5,0.0,2,False,,"{'13': 3, '4': 1, '1.86': 1}","Step 1: Not Like - Like = 20 - 7 =
Step 2: Ratio = (Not Like : Like) = 20 : 7",GSM8k,LAMA-3.2-3B
28,guided,29,Mrs. Hilt bought a notebook for $1.30. She paid with nickels How many nickels did she use to buy the notebook?,26,Multi-step,104,False,coin_flip,0.1667,0,6,0.0,5,True,False,"{'104': 1, '23': 1, '230': 1, '5.2': 1, '13': 1, '1': 1}","Step 1: Price of notebook / Value per nickel = Total amount in cents
Step 2: Convert dollars to cents and divide by value of one cent (5) 
Step 3: Divide result from step 2 by cost per nickel ($0.05).",GSM8k,LAMA-3.2-3B
29,guided,30,A comic book costs 37 cents. The store owner reversed the digits by mistake. He wrote that number on the comic book How much did the store owner overcharge his customer?,36,Multi-step,0.16,False,coin_flip,0.1667,0,6,0.0,5,True,False,"{'0.16': 1, '650.5': 1, '-36': 1, '73': 1, '63': 1, '92': 1}","Step 1: Original price (reversed) = 53 cents
Step 2: Difference between original and incorrect prices = 100 - 53 =?",GSM8k,LAMA-3.2-3B
30,guided,31,Mary is baking a cake. The recipe calls for 9 cups of flour and 3 cups of sugar. She already put in 2 cups of flour How many more cups of flour does she need to add ?,7,Subtraction,7,True,majority,0.8,4,5,0.8,1,False,,"{'7': 4, '5': 1}","Step 1: Required - Used = Total needed
Step 2: 9 - 2 =?",GSM8k,LAMA-3.2-3B
31,guided,32,"Before reaching the mountains, Stanley stopped over a car shop to buy new tires for the road. If he bought four tires each for $60.00, how much did he spend for tires in total?",240,Multiplication,4,False,refiner_tiebreak,0.6,2,5,0.4,2,True,False,"{'240': 2, '4': 3}","Step 1: Number of tires * Price per tire = Total cost
Step 2: 4 * $60.00 =?",GSM8k,LAMA-3.2-3B
32,guided,33,"At the end of the party, Mona gave away some souvenirs to her 6 closest friends. If each of them received 2 souvenir items, how many souvenirs did Mona give away?",12,Multiplication,12,True,majority,0.8,4,5,0.8,1,False,,"{'12': 4, '14': 1}","Step 1: Number of people * Items per person = Total given away
Step 2: 6 * 2 =?",GSM8k,LAMA-3.2-3B
33,guided,34,"A clown needed two hundred twenty-seven balloons for a party he was going to, but the balloons only came in packs of two How many packs of balloons would he need to buy?",114,Division,113.5,False,majority,0.5,0,4,0.0,2,False,,"{'113.5': 2, '227': 1, '500': 1}",Step 1: Total needed / Pack size = 227 ÷ 2 =?,GSM8k,LAMA-3.2-3B
34,guided,35,"Being his favorite, Michael has 4 times more flying robots than Tom. If Tom has 3 flying robots, how many flying robots does Michael have?",12,Multiplication,12,True,majority,0.75,3,4,0.75,1,False,,"{'12': 3, '3': 1}","Step 1: Tom's flying robots * 4 =? (multiplication)
Step 2: Result + 3 =? (addition)",GSM8k,LAMA-3.2-3B
35,guided,36,The third angle of a triangle is the same size as the first. The second angle is 4 times the third Find the measure of the angles.,30,Multi-step,180,False,majority,0.5,0,4,0.0,2,False,,"{'180': 2, '0': 1, '210': 1}","Step 1: Let x represent the unknowns for all three angles.
Step 2: Since it's given that ""the third angle is the same size"" as the first, we can set up an equation where x = x (first and third).
Step 3: It's also stated that ""the second angle is four times"" the third; therefore, we have another relationship between these two variables which will allow us to solve them together. We'll express this in terms of one variable since they're equal. If y represents the second angle then y = 4x because it's four times larger than the third.",GSM8k,LAMA-3.2-3B
36,guided,37,A is two years older than B. A's father D is twice as old as A and B is twice old as his sister C. The ages of D and C differ by 40 years Find the ages of A and B.,26,Multi-step,2,False,coin_flip,0.25,0,4,0.0,3,True,False,"{'2': 1, '12': 1, '-19': 1, '0.5': 1}","Step 1: Let x represent A's age; then D's age will be (x + 2) since he is 2 times older than A.
Step 2: Since D is also 40 more than C, we can express this relationship in terms of x for both D and C:
D = x + 2
C = ((x+2)-40)
Simplifying it further,
C = x -38
Step 3: We know that B is half the age of C so we set up an equation to solve for x:
B=(x/2).",GSM8k,LAMA-3.2-3B
37,guided,38,Miki bought 4 packs of red bouncy balls and 3 packs of yellow bouncy balls. Each package contained 7 bouncy balls How many more packs of red bouncy balls than yellow bouncy balls did Miki buy?,1,Subtraction,1,True,majority,0.8,4,5,0.8,1,False,,"{'1': 4, '7': 1}","Step 1: Red - Yellow = 4 - 3 =
Step 2: Red - Yellow = 1",GSM8k,LAMA-3.2-3B
38,guided,39,Joy will see her grandma in two days How many hours until she sees her?,48,Multiplication,30,False,coin_flip,0.1667,0,6,0.0,5,True,False,"{'30': 1, '3': 1, '6': 1, '24': 1, '6.86': 1, '0.95': 1}","Step 1: Today + 2 =? 
Step 2: Days * Hours per day =?",GSM8k,LAMA-3.2-3B
39,guided,40,"Adam put eighteen items in the shopping cart. After deleting some, he had eight left How many items did Adam delete?",10,Subtraction,10,True,refiner_tiebreak,0.5,3,6,0.5,3,True,True,"{'10': 3, '8': 1, '18': 2}","Step 1: Initial amount - Remaining amount = 18 - 8 =
Step 2: Subtracting to find out how much was deleted = 18 - 8",GSM8k,LAMA-3.2-3B
40,guided,41,"Ned was helping the cafeteria workers pick up lunch trays, but he could only carry eight trays at a time. If he had to pick up twenty-seven trays from one table and five trays from another, how many trips will he make?",4,Division,4,True,majority,0.4,2,5,0.4,3,False,,"{'27': 1, '11': 1, '4': 2, '32': 1}","Step 1: Total trays per trip + Remaining trays = 8 +? 
Step 2: Divide total trays by capacity per trip = (27 + 5) / 8",GSM8k,LAMA-3.2-3B
41,guided,42,"Allen, Charles, Lex and Shiela spent days reading books for their book report. The texts were printed very small so they were only able to cover very few pages a day. Allen read about the Solar System. He read 10 pages a day of a book which has 120 pages How many days did it take Allen to finish reading the book?",12,Division,12,True,majority,0.6,3,5,0.6,2,False,,"{'12': 3, '120': 2}","Step 1: Total pages in the book / Pages per day = Days taken
Step 2: 120 / 10 =?",GSM8k,LAMA-3.2-3B
42,guided,43,"A restaurant needs to buy three hundred eighty-seven new plates. If each box has five plates in it, how many boxes will they need to buy?",78,Division,77,False,majority,0.75,1,4,0.25,1,False,,"{'78': 1, '77': 3}","Step 1: Total Plates / Plates per Box = Boxes Needed
       387 ÷ 5 =?",GSM8k,LAMA-3.2-3B
43,guided,44,"The exit door leads to a river 487 inches across, if the bridge he needs to cross is only 295 inches, how much longer does he need to build if he wants to cross the river using the bridge?",192,Subtraction,192,True,coin_flip,0.4,2,5,0.4,3,True,False,"{'192': 2, '242': 2, '-192': 1}","Step 1: River length - Bridge width = 487 - 295 =
Step 2: Result = 192",GSM8k,LAMA-3.2-3B
44,guided,45,"Sam invited 9 friends to a birthday party, but 6 couldn't come. If he wanted to buy enough cupcakes so each person could have exactly 2, how many should he buy?",6,Multiplication,18,False,coin_flip,0.3333,0,6,0.0,4,True,False,"{'18': 2, '2': 1, '9': 2, '3': 1}","Step 1: Total guests + Remaining seats for everyone = 9 + 0 (since some didn't show up) = 9
Step 2: Cups per guest * Total guests = 2 * 9 =?",GSM8k,LAMA-3.2-3B
45,guided,46,"A P.E. teacher needs to divide 14 male students and 7 female students into teams, each with the same combination of male students and female students and nobody left out What is the greatest number of teams that can be formed?",7,Multi-step,21,False,majority,0.6,0,5,0.0,2,False,,"{'9': 1, '21': 3, '2': 1}","Step 1: Total students / Male students per team = Female students per team
Step 2: Divide both sides by 2 (since equal groups)
Step 3: Find common factors for 14 & 7",GSM8k,LAMA-3.2-3B
46,guided,47,A lab technician cuts a 12 inch piece of tubing into two pieces in such a way that one piece is 2 times longer than the other How long are the pieces?,4,Multi-step,12,False,refiner_tiebreak,0.5,0,6,0.0,3,True,False,"{'12': 3, '0': 1, '8': 2}","Step 1: Let's represent the length of shorter piece as x. Since it's twice as long as the other piece, let's call the longer piece 2x.
Step 2: Total length = Shorter + Longer = x + 2x = 3x (since they add up to form original 12 inches)
Step 3: Solve for x using equation 3x = 12. Divide both sides by 3 to get x = 4. Now we know each side has lengths 4 and 8.",GSM8k,LAMA-3.2-3B
47,guided,48,Divide 39 balloons into 7 equal groups How many balloons are there in each group?,5,Division,5.57,False,majority,0.5,0,4,0.0,2,False,,"{'5.58': 1, '5.57': 2, '39': 1}","Step 1: Total - Number of Groups = 39 ÷ 7 =
Step 2: 39 ÷ 7 =?",GSM8k,LAMA-3.2-3B
48,guided,49,"Even the chipmunks are trying to get away to find other warmer places to stay. If 21 chipmunk families were left from the original 86 families, how many chipmunk families went away?",65,Subtraction,65,True,majority,0.4,2,5,0.4,3,False,,"{'64': 1, '65': 2, '75': 1, '45': 1}","Step 1: Original - Remaining = 86 - 21
Step 2: Subtracting gives us the difference in family count between then and now.",GSM8k,LAMA-3.2-3B
49,guided,50,Randy has 78 blocks. He uses 19 blocks to build a tower How many blocks are left?,59,Subtraction,59,True,majority,0.6,3,5,0.6,2,False,,"{'78': 2, '59': 3}","Step 1: Total - Blocks used = Remaining blocks
Step 2: 78 - 19 =?",GSM8k,LAMA-3.2-3B
50,guided,51,Zoe is on vacation. She has already taken 28 pictures. She has enough film left to take 32 more pictures. Zoe took 16 more pictures at the dolphin show How many pictures has Zoe taken altogether?,44,Addition,60,False,majority,0.4,0,5,0.0,3,False,,"{'0': 1, '32': 1, '60': 2, '28': 1}","Step 1: Initial + Additional = Total
Step 2: Total + Taken = Total",GSM8k,LAMA-3.2-3B
51,guided,52,"While sorting some change into piggy banks, Diane put 72 coins in the first piggy bank, 81 coins in the second piggy bank, 90 coins in the third piggy bank, 99 coins in the fourth piggy bank, and 108 coins in the fifth piggy bank. If this pattern continues, how many coins will Diane put in the sixth piggy bank?",117,Multi-step,99,False,coin_flip,0.3333,1,6,0.1667,4,True,True,"{'99': 2, '81': 2, '100': 1, '117': 1}","Step 1: Previous amount + 9 = 72 + 9 =
Step 2: Resulting value + 9 = 81 + 9 =
Step 3: New resulting value + 9 = 90 + 9 =",GSM8k,LAMA-3.2-3B
52,guided,53,"Next on his checklist are wax glues to stick the feathers together. If the feathers require 469 g of wax and right now he just needs 257 g, how many grams of wax glue does he already have?",212,Subtraction,212,True,refiner_tiebreak,0.4,2,5,0.4,3,True,True,"{'-212': 1, '210': 1, '257': 1, '212': 2}","Step 1: Available - Needed = Remaining
Step 2: 469 - 257 =?",GSM8k,LAMA-3.2-3B
53,guided,54,"Alissa picked 16 flowers. Her twin sister, Melissa, also picked 16 flowers. They gave their mother 18 flowers How many flowers did the sisters have left?",14,Subtraction,14,True,majority,1.0,5,5,1.0,0,False,,{'14': 5},"Step 1: Total flowers picked by both sisters = Alissa's flowers + Melissa's flowers = 16 + 16 =
Step 2: Subtracting given away to mom = Total flowers - Flowers given away = (16 + 16) - 18 =?",GSM8k,LAMA-3.2-3B
54,guided,55,"When she got to school, she saw that the school is composed of 9 buildings, each having 30 classrooms How many classrooms does the school have?",270,Multiplication,270,True,majority,0.8,4,5,0.8,1,False,,"{'270': 4, '10': 1}","Step 1: Number of buildings * Number of classrooms per building = Total classrooms
Step 2: 9 * 30 =?",GSM8k,LAMA-3.2-3B
55,guided,56,Jenny was told to clean up her room in fourteen days or she could not go to her best friend's birthday party. It is three days left but Jenny has cleaned up her room How many days did she spend?,11,Subtraction,11,True,majority,0.8,4,5,0.8,1,False,,"{'11': 4, '3': 1}","Step 1: Total allowed time - Days passed = Remaining time
Step 2: 14 - 3 =?",GSM8k,LAMA-3.2-3B
56,guided,57,Doug built a tent in the shape of a regular pentagon. Its perimeter is 60 feet What is the length of each side of the tent?,12,Multi-step,12,True,majority,0.6,3,5,0.6,2,False,,"{'12': 3, '0': 1, '48': 1}","Step 1: Perimeter / Number of Sides = Length per Side
Step 2: 60 / 5 =
Step 3:   = 12",GSM8k,LAMA-3.2-3B
57,guided,58,A group of science students went on a field trip. They took 2 vans and 3 buses. There were 8 people in each van and 20 people in each bus How many people went on the field trip?,76,Addition,76,True,majority,0.8,4,5,0.8,1,False,,"{'76': 4, '16': 1}","Step 1: Vans * People per Van = 2 * 8 =
Step 2: Buses * People per Bus + (Vans * People per Van) = 3 * 20 + 16 =",GSM8k,LAMA-3.2-3B
58,guided,59,"During a senate campaign, a volunteer passed out a ""Vote for Hatfield"" button. The campaign button has a diameter of 8 centimeters What is the button's circumference?",25.12,Multi-step,8,False,majority,0.4,0,5,0.0,3,False,,"{'100.5747': 1, '8.05': 1, '8': 2, '0.0002': 1}","Step 1: Diameter * Pi (π) = Circumference
Step 2: 8 * π ≈ 25.1327",GSM8k,LAMA-3.2-3B
59,guided,60,Fifteen more than three times a number is the same as ten less than six times the number What is the number?,25,Multi-step,-10,False,majority,0.5,0,4,0.0,2,False,,"{'1.8333': 1, '-10': 2, '5': 1}","Step 1: Let's represent ""the number"" as x.
Six times the number = 6x
Fifteen more than that = 6x + 15
Ten less than six times the number = 6x - 10

Step 2: Set up an equation based on given information:
6x + 15 = 6x - 10",GSM8k,LAMA-3.2-3B
60,guided,61,An egg seller finds 432 eggs are either spoiled or broken and 1080 eggs are in good condition Find the ratio of bad eggs to good eggs.,2,Multi-step,0.4,False,majority,0.4,0,5,0.0,3,False,,"{'1502': 1, '0.4': 2, '7': 1, '4': 1}","Step 1: Total bad + Good = Bad = 432 + 1080 =
Step 2: Bad / Good = 1512 / 1080",GSM8k,LAMA-3.2-3B
61,guided,62,Tony made 14 L of lemonade for a party. His guests drank 9500 mL of the lemonade How many milliliters of lemonade did Tony have left over?,4500,Subtraction,4000,False,majority,0.4,0,5,0.0,3,False,,"{'4000': 2, '134500': 1, '4': 1, '5': 1}","Step 1: Total - Drunk = Remaining
Step 2: 14000 - 9500 =?",GSM8k,LAMA-3.2-3B
62,guided,63,"After New York, she decided to visit the Smithsonian in Washington DC. If she has 63 miniature aircrafts and she gave away 49 to the National Air and Space Museum, how many are left with her?",14,Subtraction,14,True,majority,0.6,3,5,0.6,2,False,,"{'14': 3, '7': 1, '24': 1}","Step 1: Initial amount - Amount given away = Remaining amount
Step 2: 63 - 49 =?",GSM8k,LAMA-3.2-3B
63,guided,64,"There were 36 dogs and 29 cats in a pet center. After 20 of the dogs were adopted by people, the pet center collected another 12 cats How many pets were there in the pet center in the end?",57,Multi-step,28,False,majority,0.8,0,5,0.0,1,False,,"{'28': 4, '16': 1}","Step 1: Initial total - Adopted dogs = 36 - 20 =
Step 2: Add new cat arrivals to previous count = (36 - 20) + 12 =",GSM8k,LAMA-3.2-3B
64,guided,65,"Paul made forty-four dollars mowing lawns and twenty-eight dollars weed eating. If he only spent nine dollar a week, how long would the money last him?",8,Division,8,True,refiner_tiebreak,0.5,3,6,0.5,3,True,True,"{'72': 2, '8': 3, '8.89': 1}","Step 1: Total earnings - Weekly expenses = Initial amount left
Step 2: Divide initial amount by weekly expense rate
Step 3: Resulting quotient (in weeks)",GSM8k,LAMA-3.2-3B
65,guided,66,Amelia works at the candy store. She has to sell 90 Jet Bars each week. She sold 45 on Monday. She sold 16 fewer Jet Bars on Tuesday How many more Jet Bars does Ameila have to sell?,16,Subtraction,29,False,majority,0.6,0,5,0.0,2,False,,"{'90': 1, '29': 3, '-45': 1}","Step 1: Total - Sold on Monday = Remaining
Step 2: Remaining - Sold on Tuesday =?",GSM8k,LAMA-3.2-3B
66,guided,67,It takes 3 eggs to make a cake How many cakes can you make with 37 eggs?,12,Division,-96.3333,False,coin_flip,0.2,1,5,0.2,4,True,False,"{'-96.3333': 1, '12': 1, '40': 1, '11': 1, '1': 1}","Step 1: Divide total eggs by eggs per cake = 37 ÷ 3 =
Step 2: Result = 12 remainder 1",GSM8k,LAMA-3.2-3B
67,guided,68,"A farmer had ninety-seven tomatoes from his garden. If he picked eighty-three of them, how many would he have left?",14,Subtraction,14,True,majority,0.6,3,5,0.6,2,False,,"{'97': 2, '14': 3}","Step 1: Total - Picked = Remaining
Step 2: 97 - 83",GSM8k,LAMA-3.2-3B
68,guided,69,"A grocery store needed eight hundred ten cans of peas. If the peas come in boxes with four cans in each box, how many boxes would they need to order?",203,Division,200,False,majority,0.4,0,5,0.0,3,False,,"{'4': 1, '200': 2, '500': 1, '2': 1}","Step 1: Total cans / Cans per box = Boxes needed
       800 ÷ 4 =?",GSM8k,LAMA-3.2-3B
69,guided,70,Gina mixed paint to make her favorite shade of purple. She filled up one third of the container with red paint. Then she filled the remaining space with 4 L of blue paint How many milliliters of paint did Gina mix?,6000,Multiplication,1200,False,majority,0.4,0,5,0.0,3,False,,"{'733.33': 1, '1200': 2, '200': 1, '4': 1}","Step 1: One-third + Remaining = Total
Step 2: (One-third) * 1000 + 400 =?",GSM8k,LAMA-3.2-3B
70,guided,71,The school is planning a field trip. There are 60 students and 10 seats on each school bus How many buses are needed to take the trip?,6,Division,6,True,majority,1.0,5,5,1.0,0,False,,{'6': 5},Step 1: Total Students / Seats per Bus = 60 / 10 =?,GSM8k,LAMA-3.2-3B
71,guided,72,Tina had a large collection of beanie babies. She gave 8 beanie babies to her cousin. She gave half that amount to her sister. She gave 36 beanie babies to needy children. She kept 12 for herself How many beanie babies were in Tina's collection at first?,60,Addition,32,False,majority,0.5,0,4,0.0,2,False,,"{'4': 1, '32': 2, '0': 1}","Step 1: Needed + Given to kids + Kept = Initial amount
Step 2: (Needed + Given to kids) * 2 = Initial amount
Step 3: (Initial amount - Given away) / 2 =?",GSM8k,LAMA-3.2-3B
72,guided,73,"The difference of two numbers is 70. If the larger number is 6 times the smaller number, find the numbers.",84,Multi-step,70,False,refiner_tiebreak,0.5,2,6,0.3333,3,True,False,"{'84': 2, '70': 3, '60': 1}","Step 1: Let's represent the unknowns as variables for both numbers. Let x be the smaller number and y be the larger one.
Step 2: Since it's given that ""the larger number is six times"" the smaller number, we can express this relationship as an equation: y = 6x.
Step 3: We also know that their difference (y - x) equals 70. So we have another equation: y - x = 70.",GSM8k,LAMA-3.2-3B
73,guided,74,"If the group was able to make 65 recycled materials from what they gathered and the teachers were able to make 28, how many recycled products will they be able to sell at the fair?",93,Addition,65,False,coin_flip,0.2,0,5,0.0,4,True,False,"{'65': 1, '37': 1, '18.5': 1, '28': 1, '2': 1}","Step 1: Total made - Made by teacher = 65 - 28 =
Step 2: Result = 37",GSM8k,LAMA-3.2-3B
74,guided,75,Mrs. Randall has taught third grade for 18 years. She has 26 students this year. She also taught second grade for 8 years How many years has Mrs. Randall been teaching?,26,Addition,26,True,majority,0.4,2,5,0.4,3,False,,"{'46': 1, '26': 2, '28': 1, '10': 1}","Step 1: Third-grade experience + Second-grade experience =
Step 2: Total experience = 18 + 8 =?",GSM8k,LAMA-3.2-3B
75,guided,76,Paco had 35 cookies. He ate 6 of them How many cookies did Paco have left?,29,Subtraction,29,True,majority,0.75,3,4,0.75,1,False,,"{'29': 3, '30': 1}","Step 1: Total - Ate = Remaining
Step 2: 35 - 6",GSM8k,LAMA-3.2-3B
76,guided,77,A fast food restaurant had ninety-one hotdogs. After selling some they had twenty left What's the difference between the number of hotdogs before selling and after selling?,71,Subtraction,71,True,majority,0.4,2,5,0.4,3,False,,"{'161': 1, '91': 1, '71': 2, '10': 1}","Step 1: Initial amount - Remaining amount = 91 - 20 =
Step 2: Difference = 71",GSM8k,LAMA-3.2-3B
77,guided,78,A book had a length of 5 inches and a total area of 50 square inches How wide is the book?,10,Multi-step,10,True,majority,0.75,3,4,0.75,1,False,,"{'1000': 1, '10': 3}","Step 1: Area / Length = Width
Step 2: 50 / 5 =?",GSM8k,LAMA-3.2-3B
78,guided,79,"Issa jogged two-thirds of the way home from school. Then he was tired, so he walked the remaining 3200 m How many kilometers did Issa travel from school to his house?",9.6,Multiplication,9600,False,refiner_tiebreak,0.5,0,4,0.0,2,True,False,"{'2997': 1, '3200': 1, '9600': 2}","Step 1: Two-thirds of distance + Remaining distance = Total distance
Step 2: (2/3) * x + 3200 = x",GSM8k,LAMA-3.2-3B
79,guided,80,Next on his list is the famous Empire State Building. There he learned that the building stands 1250 feet to the top floor and the antenna spire is 204 feet How tall is the Empire State Building?,1454,Addition,1454,True,majority,0.75,3,4,0.75,1,False,,"{'1454': 3, '1354': 1}","Step 1: Top of building + Antenna height = Total height
Step 2: 1250 + 204 =?",GSM8k,LAMA-3.2-3B
80,guided,81,The distance travelled by Ben and Tim is in the ratio 3:4. The distance travelled by Ben is 18 miles Find the distance travelled by Tim.,24,Multi-step,7,False,majority,0.6,2,5,0.4,2,False,,"{'7': 3, '24': 2}","Step 1: Total parts of the ratio = 3 + 4 = 7
Step 2: Value of one part = 18 / 3 = 6
Step 3: Distance travelled by Tim = 4 * 6 =?",GSM8k,LAMA-3.2-3B
81,guided,82,"For a party Janet bought some cupcakes. She bought 2 chocolate, 13 vanilla and 2 strawberry What's the difference between the number of cupcakes of chocolate flavor and the vanilla flavor?",11,Subtraction,26,False,coin_flip,0.1667,0,6,0.0,5,True,False,"{'26': 1, '2': 1, '-10': 1, '-11': 1, '-55': 1, '0': 1}","Step 1: Chocolate - Vanilla = 2 - 13 =
Step 2: Answer = -11",GSM8k,LAMA-3.2-3B
82,guided,83,"At the gym, Hillary swims every 6 days, runs every 4 days and cycles every 16 days. If she did all three activities today, in how many days will she do all three activities again on the same day?",48,Multi-step,12,False,majority,0.4,0,5,0.0,3,False,,"{'0': 1, '12': 2, '72': 1, '300': 1}","Step 1: Find LCM (Least Common Multiple) of 6, 4, and 16 to determine when they'll align together.
Step 2: The least common multiple of 6, 4, and 16 is calculated as follows:
   - Multiples of 6: 6, 12, 18, 24...
   - Multiples of 4: 4, 8, 12, 16, 20...
   - Multiples of 16: 16, 32, 48...
The first time they appear together at 12.",GSM8k,LAMA-3.2-3B
83,guided,84,"There are 72 boys and 90 girls on the math team. For the next math competition, Mr. Johnson would like to arrange all of the students in equal rows with only girls or only boys in each row What is the greatest number of students that can be in each row?",18,Multi-step,18,True,majority,0.4,2,5,0.4,3,False,,"{'1': 1, '72': 1, '18': 2, '162': 1}","Step 1: Total students = Boys + Girls = 72 + 90 =
Step 2: Greatest common divisor (GCD) of 72 and 90 =?",GSM8k,LAMA-3.2-3B
84,guided,85,A movie poster was 4 inches wide and 7 inches tall What is the area of the poster?,28,Multi-step,28,True,majority,0.8,4,5,0.8,1,False,,"{'28': 4, '36': 1}","Step 1: Length * Width = Area
Step 2: 4 * 7 =
Step 3: = 28",GSM8k,LAMA-3.2-3B
85,guided,86,Sally memorized eight poems. After some time she could only recite three of them How many poems did she forget?,5,Subtraction,5,True,majority,1.0,4,4,1.0,0,False,,{'5': 4},"Step 1: Total - Memorized = Forgotten
Step 2: 8 - 3 =?",GSM8k,LAMA-3.2-3B
86,guided,87,"Ellen had 380 legos, but she lost 57 of them How many legos does she have now?",323,Subtraction,323,True,majority,0.5,2,4,0.5,2,False,,"{'323': 2, '333': 1, '0': 1}","Step 1: Initial amount - Lost legos = Remaining legos
Step 2: 380 - 57",GSM8k,LAMA-3.2-3B
87,guided,88,"3 tons of mulch cost $15,000.00 What is the price per pound?",2.5,Division,7.5,False,majority,0.4,1,5,0.2,3,False,,"{'2.5.': 1, '2': 1, '7.5': 2, '2.5': 1}","Step 1: Total amount / Weight in pounds = Price per pound
Step 2: $15,000 ÷ 2000 (since there are 2000 pounds in one ton)",GSM8k,LAMA-3.2-3B
88,guided,89,Joey checked his pockets for money. He found 17 cents in his pants pocket. He found 24 cents more than that in his jacket pocket How much money did Joey find altogether?,58,Addition,41,False,majority,0.8,1,5,0.2,1,False,,"{'41': 4, '58': 1}","Step 1: Pocket 1 + Pocket 2 = 
Step 2: Total amount = 17 + 24",GSM8k,LAMA-3.2-3B
89,guided,90,"There are 5929 Skittles in Steven's Skittle collection. Steven also has 11 erasers. If the Skittles are organized into 77 groups, how big is each group?",77,Division,78,False,majority,0.4,1,5,0.2,3,False,,"{'78': 2, '77': 1, '5929': 1, '76.63': 1}","Step 1: Total items / Number of groups = Size per group
      Total Skittles = 5929
      Number of groups = 77
      Size per group =?",GSM8k,LAMA-3.2-3B
90,guided,91,"At Billy's Restaurant a group with two adults and five children came in to eat. If each meal cost three dollars, how much was the bill?",21,Multiplication,6,False,majority,0.8,1,5,0.2,1,False,,"{'21': 1, '6': 4}","Step 1: Adults * Price per adult = 2 * $3 =
Step 2: Children * Price per child + Adult meals = 5 * $3 + (2 * $3) =
Step 3: Total = ($12 + $9) = $21",GSM8k,LAMA-3.2-3B
91,guided,92,"On a modern art painting, there are 3 green dots in the first row, 6 green dots in the second row, 9 green dots in the third row, and 12 green dots in the fourth row. If this pattern continues, how many green dots will there be in the fifth row?",15,Multi-step,3,False,majority,0.8,0,5,0.0,1,False,,"{'39': 1, '3': 4}","Step 1: Pattern identification - Increase by adding consecutive integers (first difference = 3, second difference = 3).
Step 2: Third difference = same as previous differences = +3.
Step 3: Fourth difference = same as previous differences = +3.
Step 4: Fifth difference = same as previous differences = +3.",GSM8k,LAMA-3.2-3B
92,guided,93,Olivia was collecting cans for recycling. She had four bags with five cans inside each bag How many cans did she have?,20,Multiplication,20,True,majority,1.0,4,4,1.0,0,False,,{'20': 4},"Step 1: Bags * Cans per Bag = Total Cans
Step 2: 4 * 5 =?",GSM8k,LAMA-3.2-3B
93,guided,94,A window had a length of 6 feet and a width of 10 feet What is the area of the window?,60,Multi-step,60,True,refiner_tiebreak,0.5,3,6,0.5,3,True,True,"{'60': 3, '15': 2, '6000': 1}","Step 1: Length * Width = Area
Step 2: 6 * 10 =?",GSM8k,LAMA-3.2-3B
94,guided,95,"A 6 ft board is cut into two pieces, one twice as long as the other How long are the pieces?",2,Multi-step,2,True,majority,1.0,5,5,1.0,0,False,,{'2': 5},"Step 1: Let x represent the length of the shorter piece. Then 2x represents the longer piece.
Step 2: Since there's only one board, their sum equals its original length (6). So we can set up an equation to solve for x:
x + 2x = 6
Step 3: Combine like terms on left side of equation:
3x = 6",GSM8k,LAMA-3.2-3B
95,guided,96,Maria and her sister want to buy a present for their mother. Maria has $17. Her sister has double that amount. They want to buy their mom a coat that costs $80 How much more money do they need?,29,Subtraction,17,False,majority,0.4,0,5,0.0,3,False,,"{'35': 1, '17': 2, '-46': 1, '97': 1}","Step 1: Sister's money - Maria's money =? 
Step 2: Double of Maria's money - Cost of the coat =?",GSM8k,LAMA-3.2-3B
96,guided,97,"There are 5 people on the Green Bay High track team. If a relay race is 150 meters long, and all 5 team members participate, how far will each team member have to run?",30,Division,30,True,majority,0.8,4,5,0.8,1,False,,"{'25': 1, '30': 4}","Step 1: Total distance / Number of runners = Distance per runner
Step 2: 150 ÷ 5 =?",GSM8k,LAMA-3.2-3B
97,guided,98,Fabric is sold in stores from bolts that are 45 or 60 inches wide What is the width of the widest strips of fabric you can cut from either bolt without wasting any of the fabric if each strip has the same width?,15,Multi-step,2,False,refiner_tiebreak,0.3333,1,6,0.1667,4,True,False,"{'12': 1, '40': 1, '15': 1, '9.6': 1, '2': 2}","Step 1: Find GCD (Greatest Common Divisor) of 45 and 60.
Step 2: Divide both values by their GCD to find equal parts for each type of bolt.
Step 3: Determine which part size will yield more strips per yard since it's about ""the widest"" possible strip.",GSM8k,LAMA-3.2-3B
98,guided,99,"Lavinia has 9 glasses and 6 mugs. She would like to set them out in identical groups, with none left over, in preparation for a dinner party What is the greatest number of groups Lavinia can set out?",3,Multi-step,3,True,majority,0.6,3,5,0.6,2,False,,"{'3': 3, '21': 1, '0': 1}","Step 1: Find HCF (Highest Common Factor) of 9 and 6 = GCD(9, 6)
Step 2: Divide both values by their GCD = max(9 // 3, 6 // 3) 
Step 3: Determine how many times this value fits into each item.",GSM8k,LAMA-3.2-3B
99,guided,100,"Then he started to prepare the games. If each game takes 5 minutes to prepare and he prepared a total of 5 games, how many minutes did it take for Andrew to prepare all the games?",25,Multiplication,25,True,majority,1.0,4,4,1.0,0,False,,{'25': 4},"Step 1: Prepare per minute * Total games = Minutes taken
Step 2: 5 * 5 =?",GSM8k,LAMA-3.2-3B
100,guided,101,"Morgan has 65 red pens, 45 blue pens, and 58 black pens How many pens does she have?",168,Addition,110,False,majority,0.4,1,5,0.2,3,False,,"{'168': 1, '110': 2, '155': 1, '65': 1}","Step 1: Red + Blue + Black = Total
Step 2: Total = 65 + 45 + 58",GSM8k,LAMA-3.2-3B
101,guided,102,"For the final act, the circus brought out dancing animals wearing crowns. If each crown is made with 7 different colored feathers, how many feathers are needed for 934 crowns?",6538,Multiplication,93400,False,majority,0.4,1,5,0.2,3,False,,"{'6508': 1, '6538': 1, '93400': 2, '934': 1}","Step 1: Number of crowns * Number of colors per crown = Total number of feathers
Step 2: 934 * 7 =?",GSM8k,LAMA-3.2-3B
102,guided,103,"Mrs. Hilt baked pies last weekend for a holiday dinner. She baked 16 pecan pies and 14 apples pies. If she wants to arrange all of the pies in rows of 5 pies each, how many rows will she have?",6,Division,6,True,majority,0.6,3,5,0.6,2,False,,"{'30': 2, '6': 3}","Step 1: Total pies = Pecan + Apple = 16 + 14 =
Step 2: Rows = Total pies / Pies per row = (16 + 14) / 5 = 30 / 5",GSM8k,LAMA-3.2-3B
103,guided,104,Jae bought 12 cartons of ice cream and 3 cartons of yogurt. Each carton of ice cream cost $9 and each carton of yogurt cost $2 How much more did Jae spend on ice cream than on yogurt?,102,Subtraction,102,True,majority,0.8,4,5,0.8,1,False,,"{'108': 1, '102': 4}","Step 1: Cost of ice cream = Number of cartons * Price per carton = 12 * $9 = $108
Step 2: Cost of yogurt = Number of cartons * Price per carton = 3 * $2 = $6
Step 3: Difference in costs = Cost of ice cream - Cost of yogurt = $108 - $6",GSM8k,LAMA-3.2-3B
104,guided,105,Will was drawing super heroes on a sheet of scrap paper. He drew two heroes on the front and seven heroes on the back How many heroes did he draw total?,9,Addition,2,False,majority,0.6,2,5,0.4,2,False,,"{'2': 3, '9': 2}","Step 1: Front + Back = Total
Step 2: 2 + 7 =
Step 3: 9 =?",GSM8k,LAMA-3.2-3B
105,guided,106,"Christmas is near. Mr. Anderson, president of Nice People Inc. organized a charity event to share happiness to the less fortunate people. The first thing that he did is to visit an orphanage. There he dressed up as Santa and gave toys to the children. If he gave 134 toy cars to the boys and 269 dolls to the girls, how many toys did he give to all?",403,Addition,403,True,majority,0.8,4,5,0.8,1,False,,"{'403': 4, '134': 1}","Step 1: Toy cars + Dolls = Total toys given
Step 2: 134 + 269 =
Step 3: 403",GSM8k,LAMA-3.2-3B
106,guided,107,"There are two hundred eighty-seven people attending a luncheon. If a table can hold nine people, how many tables do they need?",32,Division,31.88888...,False,majority,0.4,1,5,0.2,3,False,,"{'31.88888...': 2, '335': 1, '32': 1, '31.888...': 1}","Step 1: Total attendees ÷ Capacity per table = 287 ÷ 9 =
Step 2: Result = 31.89 (round up since you cannot have fractions of a table) → 32",GSM8k,LAMA-3.2-3B
107,guided,108,"A food company has seven hundred seventy-seven kilograms of food to put into boxes. If each box gets exactly two kilograms, how many full boxes will they have?",388,Division,377,False,coin_flip,0.2,0,5,0.0,4,True,False,"{'377': 1, '388.5': 1, '387.5': 1, '0': 1, '288': 1}","Step 1: Total amount / Amount per box = 777 ÷ 2 =
Step 2: Result = 388.5",GSM8k,LAMA-3.2-3B
108,guided,109,Adam needed to climb ninety-six stair steps to reach the rooftop. He already climbed seventy-four How many stair steps do left for Adam to climb now?,22,Subtraction,22,True,majority,0.6,3,5,0.6,2,False,,"{'22': 3, '26': 1, '20': 1}","Step 1: Total - Climbed = Remaining
Step 2: 96 - 74 =?",GSM8k,LAMA-3.2-3B
109,guided,110,"For the school bake sale Katie made 26 cupcakes. If she sold 20 of them and then made 20 more, how many cupcakes would she have?",26,Multi-step,26,True,majority,0.6,3,5,0.6,2,False,,"{'26': 3, '0': 1, '6': 1}","Step 1: Initial amount + Additional amount = Total amount
Step 2: Total amount - Sold amount = Remaining amount",GSM8k,LAMA-3.2-3B
110,guided,111,"Matthew and Billie went apple picking. Matthew found 46 big, red apples. Billie found some as well. Together they found 80 apples How many apples did Billie find?",34,Subtraction,34,True,majority,0.75,3,4,0.75,1,False,,"{'34': 3, '30': 1}","Step 1: Total - Matthew's apples = Billie's apples
Step 2: 80 - 46 =?",GSM8k,LAMA-3.2-3B
111,guided,112,"Sean had 45 Starbursts. If Sean gave equal numbers of Starbursts to his 18 friends and then he ate what was left, how many Starbursts did each person eat?",2,Division,0,False,majority,0.4,0,5,0.0,3,False,,"{'0': 2, '1': 1, '3.5': 1, '63': 1}","Step 1: Total given away + Remaining = Initial amount
Step 2: (Total given away / Number of people) * Number of people
Step 3: ((Initial amount - Total given away) / Number of people) * Number of people",GSM8k,LAMA-3.2-3B
112,guided,113,Mrs. Hilt read 2 books per day How many books did she read in one week?,14,Addition,14,True,majority,0.6,3,5,0.6,2,False,,"{'14': 3, '7': 2}","Step 1: Days in a week = 7
Step 2: Books/day * Days/in a week = 2 * 7 =?",GSM8k,LAMA-3.2-3B
113,guided,114,"Sunday morning was spent for making wood carvings which can be sold as souvenir for tourists. They were placed in shelves that can contain 8 wood carvings at a time. If 56 wood carvings were displayed, how many shelves were filled with carvings?",7,Division,7,True,majority,1.0,4,4,1.0,0,False,,{'7': 4},"Step 1: Total carvings / Carvings per shelf = 56 ÷ 8 =
Step 2: Quotient (result of division) =?",GSM8k,LAMA-3.2-3B
114,guided,115,"For homework Megan had thirty-six math problems and twenty-eight spelling problems. If she can finish eight problems in an hour, how long will it take her to finish all the problems?",8,Division,8,True,majority,0.6,3,5,0.6,2,False,,"{'8': 3, '64': 2}","Step 1: Total problems = Math + Spelling = 36 + 28 =
Step 2: Time per problem = Total problems / Problems finished per hour = 64 / 8 =",GSM8k,LAMA-3.2-3B
115,guided,116,"Ann has $777 and Bill has $1,111 How much does Bill need to give to Ann, so that they would have the same amount of money?",167,Division,777,False,majority,0.4,0,5,0.0,3,False,,"{'777': 2, '2334': 1, '-534': 1, '434': 1}","Step 1: Ann's initial amount - Bill's initial amount = 1111 - 777 =
Step 2: Resulting difference =?",GSM8k,LAMA-3.2-3B
116,guided,117,"Allie has 5 math books and 10 science books. If she wants to distribute them evenly among some bookshelves so that each bookshelf has the same combination of math and science books, with no books left over, what is the greatest number of bookshelves Allie can use?",5,Multi-step,1,False,majority,0.75,0,4,0.0,1,False,,"{'1': 3, '2': 1}","Step 1: Find HCF (Highest Common Factor) of Math & Science Books.
Step 2: Divide both quantities by this value.
Step 3: Take square root of resulting quotient.",GSM8k,LAMA-3.2-3B
117,guided,118,"Rachel bought 8 music albums online. If each album had 2 songs, how many songs did she buy total?",16,Multiplication,16,True,majority,1.0,5,5,1.0,0,False,,{'16': 5},"Step 1: Albums * Songs per Album = Total Songs
Step 2: 8 * 2 =?",GSM8k,LAMA-3.2-3B
118,guided,119,532 people are watching a movie in a theater. The theater has 750 seats How many seats are empty in the theater?,218,Subtraction,218,True,majority,0.6,3,5,0.6,2,False,,"{'218': 3, '532': 1, '750': 1}","Step 1: Total available - People watching = Seats left
Step 2: 750 - 532 =?",GSM8k,LAMA-3.2-3B
119,guided,120,Maria took sixteen fish out of her fish tank. Now there are three fish in the tank How many fish were in the tank to start with?,19,Addition,16,False,coin_flip,0.1667,1,6,0.1667,5,True,True,"{'16': 1, '0': 1, '13': 1, '4': 1, '48': 1, '19': 1}","Step 1: Initial amount + Taken away = Remaining
Step 2: Initial amount = Remaining + Taken away",GSM8k,LAMA-3.2-3B
120,guided,121,Two marbles are in the basket. Two marbles are taken out of the basket How many marbles are in the basket now?,0,Subtraction,2,False,majority,0.4,1,5,0.2,3,False,,"{'2': 2, '10': 1, '6': 1, '0': 1}","Step 1: Initial amount - Removed = Remaining amount
Step 2: 4 - 2 =?",GSM8k,LAMA-3.2-3B
121,guided,122,"While counting chairs in the lunch room, Marie noticed that there were 14 chairs in the first row, 23 chairs in the second row, 32 chairs in the third row, 41 chairs in the fourth row, and 50 chairs in the fifth row. If this pattern continues, how many chairs will there be in the sixth row?",50,Multi-step,59,False,refiner_tiebreak,0.3333,0,6,0.0,4,True,False,"{'10': 1, '76': 1, '26': 1, '9': 1, '59': 2}","Step 1: Pattern difference between consecutive rows = 9 (23 - 14), 16 (32 - 16), 19 (41 - 22).
Step 2: Next difference should increase by 3 more than previous increment, so next difference = 22 + 3 = 25.
Step 3: Add this new difference to the last known value for the fifth row (50) to find the chair count of the sixth row.",GSM8k,LAMA-3.2-3B
122,guided,123,"Sullivan Stationery sells cards in packs of 20 and envelopes in packs of 17. If Vera wants the same number of each, what is the minimum number of cards that she will have to buy?",340,Multi-step,680,False,majority,0.6,1,5,0.2,2,False,,"{'340': 1, '20': 1, '680': 3}","Step 1: Find LCM (Least Common Multiple) of 20 and 17.
Step 2: Multiply LCM by 2 since both items need to be purchased equally.",GSM8k,LAMA-3.2-3B
123,guided,124,Garrett went shopping for snack supplies and bought 6 oatmeal raisin granola bars and 8 peanut granola bars How many granola bars did he buy in all?,14,Addition,14,True,majority,1.0,4,4,1.0,0,False,,{'14': 4},"Step 1: Oatmeal + Peanut = Total Granola Bars
Step 2: 6 + 8 =?",GSM8k,LAMA-3.2-3B
124,guided,125,"Martin is pasting pieces of square colored paper of equal size onto a board measuring 72 cm by 90 cm. If only whole square pieces are used, and the board is to be completely covered, what is the largest possible length of the side of each square colored paper?",18,Multi-step,2.5,False,coin_flip,0.3333,0,3,0.0,2,True,False,"{'2.5': 1, '6': 1, '12': 1}","Step 1: GCD(72, 90) =?
Step 2: Divide both dimensions by GCD result =? /?",GSM8k,LAMA-3.2-3B
125,guided,126,"It is harvest season in the country. Lewis, whose family owns a fruit farm, is busy overseeing their farmers while they are harvesting the fruits. His day starts by going to the apple orchard. The farmers reported that they harvest 45 sacks of apples from each of the 8 sections of the orchard daily How many apples are harvested every day?",360,Multiplication,360,True,majority,0.75,3,4,0.75,1,False,,"{'360': 3, '1280': 1}","Step 1: Sections * Apples per section = 8 * 45
Step 2: Multiply to find total apples = 360",GSM8k,LAMA-3.2-3B
126,guided,127,"By coincidence, Monica's Obedience School trained the same number of dogs and cats last week. The school teaches dogs in groups of 18 and cats in groups of 3 What is the smallest number of cats the school could have had?",18,Multi-step,54,False,majority,0.4,1,5,0.2,3,False,,"{'18': 1, '54': 2, '2': 1, '3': 1}","Step 1: Find LCM (Least Common Multiple) of 18 and 3.
Step 2: Divide LCM by 18 to find minimum possible group size for both animals.
Step 3: Multiply this value by 2 since there were equal amounts of each animal.",GSM8k,LAMA-3.2-3B
127,guided,128,Each side of a square piece of sheet metal is 7 meters long What is the sheet metal's perimeter?,28,Multi-step,28,True,majority,0.8,4,5,0.8,1,False,,"{'28': 4, '56': 1}","Step 1: Length * 4 = Perimeter
Step 2: 7 * 4 =?",GSM8k,LAMA-3.2-3B
128,guided,129,"Antonieta wants to ride the Ferris wheel, the roller coaster, and the log ride. The Ferris wheel costs 6 tickets, the roller coaster costs 5 tickets and the log ride costs 7 tickets. Antonieta has 2 tickets How many more tickets should Antonieta buy?",16,Subtraction,16,True,majority,0.4,2,5,0.4,3,False,,"{'18': 1, '16': 2, '6': 1, '0': 1}","Step 1: Total cost for all rides = Cost of Ferris wheel + Cost of roller coaster + Cost of log ride
Step 2: Total available tickets - Total cost for all rides = Remaining tickets needed",GSM8k,LAMA-3.2-3B
129,guided,130,Haley's favorite band was holding a concert where tickets were four dollars each. Haley bought three tickets for herself and her friends and five extra tickets in case anyone else wanted to go How much did she spend?,32,Multiplication,32,True,coin_flip,0.3333,2,6,0.3333,4,True,False,"{'4': 1, '32': 2, '3': 2, '12': 1}","Step 1: Tickets purchased by Haley = 3 (for herself) + 5 (extra) = 8
Step 2: Cost per ticket * Total tickets = $4 * 8 =?",GSM8k,LAMA-3.2-3B
130,guided,131,"Bianca had 45 coloring books. If she gave away 6 of them, but then bought 20 more, how many would she have total?",59,Multi-step,59,True,majority,0.4,2,5,0.4,3,False,,"{'19': 1, '45': 1, '39': 1, '59': 2}","Step 1: Initial amount + New purchases = Old amount + 20
Step 2: Subtracting given away = (Initial amount + 20) - 6",GSM8k,LAMA-3.2-3B
131,guided,132,Janet has nine oranges and Sharon has seven oranges How many oranges do Janet and Sharon have together?,16,Addition,16,True,majority,0.8,4,5,0.8,1,False,,"{'16': 4, '9': 1}","Step 1: Janet + Sharon = 
Step 2: 9 + 7 =
Step 3: 16",GSM8k,LAMA-3.2-3B
132,guided,133,The fraction whose numerator is 3 and the denominator is 1 more than twice the numerator Find the fraction.,3,Multi-step,7,False,majority,0.6,1,5,0.2,2,False,,"{'7': 3, '0': 1, '3': 1}","Step 1: Denominator = 2 * Numerator + 1 = 2 * 3 + 1 = 7
Step 2: Fraction = Numerator / Denominator = 3 / 7",GSM8k,LAMA-3.2-3B
133,guided,134,Emily was playing a trivia game. In the first round she scored 16 points and in the second round she scored 33 points. In the last round she lost 48 points How many points did she have at the end of the game?,1,Multi-step,49,False,majority,0.6,1,5,0.2,2,False,,"{'49': 3, '16': 1, '1': 1}","Step 1: First Round + Second Round = Total Points Before Loss
Step 2: Total Points Before Loss - Last Round = Final Score
Step 3: (First Round + Second Round) - Last Round",GSM8k,LAMA-3.2-3B
134,guided,135,Charles found 6 pennies on his way to school. He also had 3 nickels already at home How much money does he now have in all?,21,Addition,6.15,False,majority,0.6,0,5,0.0,2,False,,"{'6.15': 3, '6': 1, '0.6': 1}","Step 1: Pennies + Nickels = Cents
Step 2: Total cents * $0.01 = Dollars",GSM8k,LAMA-3.2-3B
135,guided,136,"The mini library also has a section for the classics. If Jack has a collection of 6 classic authors, with each author having 33 books, how many books does he have in the classics section?",198,Multiplication,198,True,majority,0.8,4,5,0.8,1,False,,"{'198': 4, '180': 1}","Step 1: Number of authors * Number of books per author = Total number of books
Step 2: 6 * 33 =?",GSM8k,LAMA-3.2-3B
136,guided,137,Mrs. Hilt owns a house on a lot shaped like a rectangle. The width is twice its length. The perimeter of the lot is 60 feet What is the length and the width of the lot?,10,Multi-step,30,False,coin_flip,0.2,1,5,0.2,4,True,False,"{'30': 1, '75': 1, '15': 1, '10': 1, '60': 1}","Step 1: Let's represent the unknowns as variables for easier calculation.
Let L = Length (in feet)
Since it's given that ""The width is twice its length"", we can express this relationship between L and W:
W = 2L

Step 2: Perimeter formula for a rectangle is P = 2(L + W). We know that P = 60 ft.
Substitute W from step 1 into the equation:
60 = 2(L + 2L)

Step 3: Combine like terms inside parentheses:
60 = 4L",GSM8k,LAMA-3.2-3B
137,guided,138,Bobby has 142 books. Kristi has 78 books What's the difference of the number of Bobby's books and Kristi's books?,64,Subtraction,64,True,majority,0.8,4,5,0.8,1,False,,"{'64': 4, '72': 1}","Step 1: Bobby's books - Kristi's books = 142 - 78 =
Step 2: Answer = 64",GSM8k,LAMA-3.2-3B
138,guided,139,Joe's Bath Shop sells bars of soap in boxes of 5 bars and bottles of soap in boxes of 19 bottles. An employee is surprised to discover that the shop sold the same number of bars and bottles last week What is the smallest number of each type of soap that the shop could have sold?,95,Multi-step,1,False,coin_flip,0.2,1,5,0.2,4,True,False,"{'1': 1, '95': 1, '0': 1, '100': 1, '19': 1}","Step 1: Bars * Bottles = Remaining products (since they're equal)
Step 2: Find common factors for 5x = 19y where x > y > 0. The least possible values would be when x=19 and y=5 since it's given that both quantities were equal.",GSM8k,LAMA-3.2-3B
139,guided,140,Students from Flora Middle School were asked to participate in the event. They planted 47 apple trees and 27 orange trees in the forest near their school How many trees in total did the students plant?,74,Addition,74,True,majority,0.6,3,5,0.6,2,False,,"{'74': 3, '148': 1, '1296': 1}","Step 1: Apple + Orange = Total Trees
Step 2: Total Trees = 47 + 27",GSM8k,LAMA-3.2-3B
140,guided,141,The third graders are having a fair. They have 90 tickets to sell. They sold 38 tickets the first week and 17 tickets the second week How many tickets do they have left to sell?,35,Multi-step,52,False,majority,0.6,0,5,0.0,2,False,,"{'90': 1, '50': 1, '52': 3}","Step 1: Total initial tickets - Tickets sold in Week 1 = 90 - 38 =
Step 2: Result of subtraction - Tickets sold in Week 2 = (90 - 38) - 17 =",GSM8k,LAMA-3.2-3B
141,guided,142,"Lizzie lives in a very big and polluted city. Being an advocate for the environment, she organized a cleanup drive to help reduce the pollution. They started by cleaning the rivers that flow through and around the city. If her group was able to collect 387 pounds of garbage and another group gathered 39 pounds less than Lizzie's group, how much garbage were the two groups able to gather?",735,Addition,387,False,majority,0.4,0,5,0.0,3,False,,"{'774': 1, '878': 1, '39': 1, '387': 2}","Step 1: Lizzie's collection + Other group's collection = Total collected garbage
Step 2: Lizzie's collection + (Lizzie's collection - 39) = Total collected garbage
Step 3: 2 * Lizzie's collection = Total collected garbage",GSM8k,LAMA-3.2-3B
142,guided,143,"George was comparing the points the Bulls scored for different games. He recorded: 81, 73, 83, 86 and 73 What is the mean of the points scored?",79.2,Multi-step,154,False,majority,0.6,1,5,0.2,2,False,,"{'79.2': 1, '154': 3, '74.8': 1}","Step 1: Add all scores together = 81 + 73 + 83 + 86 + 73 =
Step 2: Divide sum by total count of games played = (81 + 73 + 83 + 86 + 73) / 5",GSM8k,LAMA-3.2-3B
143,guided,144,"Some deer families are also moving out to avoid the shortage of grass that will result from occasional blizzards. If there are 79 deer families in the area and around 45 of them stayed, how many deer families moved out?",34,Subtraction,34,True,majority,0.8,4,5,0.8,1,False,,"{'34': 4, '45': 1}","Step 1: Total - Staying = Moving
Step 2: 79 - 45 =?",GSM8k,LAMA-3.2-3B
144,guided,145,"Luke had 48 dollars in January. By March he had spent 11 dollars. If he got another 21 dollars from his mom, how much money would he have?",58,Multi-step,58,True,majority,0.6,3,5,0.6,2,False,,"{'58': 3, '69': 1, '48': 1}","Step 1: Initial amount + Money received = 48 + 21 =
Step 2: Subtracting expenses = (48 + 21) - 11 =?",GSM8k,LAMA-3.2-3B
145,guided,146,"Shiela was into history of Asia. She can read 11 pages per hour of the book entitled ""Asia's History Made Easy"". If the encyclopedia has 143 pages, how many hours did it take Shiela to finish reading the book?",13,Division,13,True,majority,0.5,2,4,0.5,2,False,,"{'13': 2, '13.0909': 1, '12.9091': 1}","Step 1: Total Pages / Reading Speed = Time Taken
Step 2: 143 ÷ 11 =?",GSM8k,LAMA-3.2-3B
146,guided,147,Misha has 34 dollars How many dollars does she have to earn to have 47 dollars to buy a dog?,13,Subtraction,13,True,majority,0.6,3,5,0.6,2,False,,"{'13': 3, '34': 1, '81': 1}","Step 1: Current amount + Amount needed = Total cost
Step 2: 34 + x = 47",GSM8k,LAMA-3.2-3B
147,guided,148,"In a game you start with 2 lives. If you got 6 extra lives in the first level and 11 more in the second, how many lives would you have?",19,Multi-step,8,False,majority,0.8,0,5,0.0,1,False,,"{'8': 4, '2': 1}","Step 1: Initial Lives + Extra Lives Level 1 = 2 + 6 =
Step 2: Previous Total + Extra Lives Level 2 = (2 + 6) + 11 =?",GSM8k,LAMA-3.2-3B
148,guided,149,"At lunch a waiter had 10 customers and 5 of them didn't leave a tip. If he got $3 each from the ones who did tip, how much money did he earn?",15,Multiplication,5,False,majority,0.4,1,5,0.2,3,False,,"{'150': 1, '5': 2, '15': 1, '45': 1}","Step 1: Total tips received = Number of tipped customers * Tip amount per customer
Step 2: Total tips received = (Total customers - Non-tipped customers) * Tip amount per customer
Step 3: Total earnings = Total tips received",GSM8k,LAMA-3.2-3B
149,guided,150,A company donates 935 pencils to a school. The pencils are divided evenly among 9 classrooms. The rest of the pencils are given to the library How many pencils were donated to the library?,8,Multi-step,35,False,majority,0.4,0,5,0.0,3,False,,"{'102': 1, '-832': 1, '832': 1, '35': 2}","Step 1: Total - Classrooms = Pencils in Classrooms
Step 2: Pencils in Classrooms ÷ Classrooms = Pencils in Library",GSM8k,LAMA-3.2-3B
150,guided,151,Kira has $1.20 in quarters and dimes. She has minimized coins altogether How many coins does she have?,6,Addition,2000,False,coin_flip,0.25,0,4,0.0,3,True,False,"{'2000': 1, '12': 1, '1200': 1, '400': 1}","Step 1: Quarters + Dimes = Total amount of money (in cents)
Step 2: Convert dollars to cents; Divide by 100 for each type of coin then add them together. 
Quarters = 12 * 25 = 300 cents
Dimes = 10 * 10 = 100 cents
Total = 400 cents",GSM8k,LAMA-3.2-3B
151,guided,152,Jerry owned seven video games. For his birthday he got two more How many games did Jerry have total?,9,Addition,9,True,majority,1.0,5,5,1.0,0,False,,{'9': 5},"Step 1: Initial amount + Additional amount = Total amount
Step 2: 7 + 2 =?",GSM8k,LAMA-3.2-3B
152,guided,153,"Billy was making ice using ice trays. Each tray held nine ice cubes. If he had eight trays, how many cubes could he make?",72,Multiplication,72,True,majority,1.0,5,5,1.0,0,False,,{'72': 5},"Step 1: Trays * Cubes per tray = 8 * 9 =
Step 2: Total cubes = 72",GSM8k,LAMA-3.2-3B
153,guided,154,A radio station is having a promotion in which every 12th caller receives a free concert ticket and every 15th caller receives a limo ride Which caller will be the first one to win both?,The 60th caller.,Multi-step,60,False,refiner_tiebreak,0.4,0,5,0.0,3,True,False,"{'84': 1, '0': 1, '5': 1, '60': 2}","Step 1: LCM (Least Common Multiple) of 12 and 15 =?
Step 2: Find the smallest multiple that appears in both lists for each common factor.",GSM8k,LAMA-3.2-3B
154,guided,155,"While playing a trivia game, Adam answered five questions correct in the first half and five questions correct in the second half. If each question was worth five points, what was his final score?",50,Multiplication,10,False,majority,0.6,0,5,0.0,2,False,,"{'10': 3, '500': 1, '2.5': 1}","Step 1: First half + Second half = Total questions played
Step 2: (First half * Points per question) + (Second half * Points per question)
Step 3: Two times Five * Five",GSM8k,LAMA-3.2-3B
155,guided,156,Mindy's toothbrush is 17 centimeters long. Cesar's toothbrush is 1 centimeter longer than Mindy's Whose toothbrush is longer?,Cesar's toothbrush,Subtraction,-1,False,majority,0.4,0,5,0.0,3,False,,"{'17': 1, '-1': 2, '18': 1, '16': 1}","Step 1: Mindy's - Cesar's =? (longer)
Step 2: Mindy's + 1 - Cesar's",GSM8k,LAMA-3.2-3B
156,guided,157,A waiter had nineteen customers. After some left he still had four customers What's the difference between the number of customers before leaving and after leaving?,15,Subtraction,15,True,refiner_tiebreak,0.5,3,6,0.5,3,True,True,"{'15': 3, '19': 2, '4': 1}","Step 1: Initial - Remaining = 19 - 4 =
Step 2: Difference = 15",GSM8k,LAMA-3.2-3B
157,guided,158,An island in the Atlantic Ocean was 2 miles wide and 6 miles long What is the area of the island?,12,Multi-step,12,True,majority,1.0,4,4,1.0,0,False,,{'12': 4},"Step 1: Length * Width = Area
Step 2: 6 * 2 =?",GSM8k,LAMA-3.2-3B
158,guided,159,Each side of a square kitchen tile is 7 inches long What is the tile's area?,49,Multi-step,49,True,majority,0.8,4,5,0.8,1,False,,"{'49': 4, '7': 1}","Step 1: Length * Width = Area
Step 2: 7 * 7 =
Step 3: = 49",GSM8k,LAMA-3.2-3B
159,guided,160,Billy bought 7 boxes of candy with each box having 3 pieces inside of it How many pieces of candy did he have totaled?,21,Multiplication,21,True,majority,1.0,5,5,1.0,0,False,,{'21': 5},"Step 1: Number of boxes * Pieces per box = Total pieces
Step 2: 7 * 3 =?",GSM8k,LAMA-3.2-3B
160,guided,161,Mike owned sixty-four baseball cards. For his birthday he got eighteen more How many cards does Mike have total?,82,Addition,82,True,majority,1.0,5,5,1.0,0,False,,{'82': 5},"Step 1: Initial amount + Additional amount = Total amount
Step 2: 64 + 18 =?",GSM8k,LAMA-3.2-3B
161,guided,162,The book fair sold four posters. Now they have two posters left How many posters did they have to begin with?,6,Addition,6,True,refiner_tiebreak,0.5,3,6,0.5,3,True,True,"{'10': 1, '6': 3, '4': 2}","Step 1: Posters now + Remaining posters = Initial posters
Step 2: 4 + 2 =?",GSM8k,LAMA-3.2-3B
162,guided,163,"Susie and her family woke up early on the first weekend of spring. They had a long list of activities for spring cleaning. Susie's mom prepared 74 carrot sticks for breakfast. If the carrots were served equally to 12 people, how many carrot sticks were left uneaten?",2,Multi-step,814,False,refiner_tiebreak,0.3333,0,6,0.0,4,True,False,"{'67': 1, '74': 1, '814': 2, '78': 1, '6.1667': 1}","Step 1: Total carrot sticks - Carrot sticks per person * Number of people = Remaining carrot sticks
Step 2: 74 - (74 / 12) =?",GSM8k,LAMA-3.2-3B
163,guided,164,"Scott and Sam decided to sell their old comic books. They had 90 comic books altogether. After the sale, they only had 25 comic books How many comic books did Scott and Sam sell?",65,Subtraction,65,True,majority,0.8,4,5,0.8,1,False,,"{'65': 4, '32.5': 1}","Step 1: Total - Remaining = Sold
Step 2: 90 - 25 =?",GSM8k,LAMA-3.2-3B
164,guided,165,"The Central City Zoo has 45 chimpanzees. Every day the chimps eat a total of 72 bananas. Next week, the zoo is moving 18 chimps to a new cage How many chimps will stay in the old cage?",27,Subtraction,27,True,majority,1.0,5,5,1.0,0,False,,{'27': 5},"Step 1: Original - Moving = Remaining
Step 2: 45 - 18 =?",GSM8k,LAMA-3.2-3B
165,guided,166,"Feeling good about what he did, Mr. Anderson decided to continue giving to others. He went around the city and gave clothes to homeless people. If he gave 589 shirts and 345 trousers, how many pieces of clothing did he gave out in total?",934,Addition,934,True,majority,0.6,3,5,0.6,2,False,,"{'934': 3, '1024': 1, '1334': 1}","Step 1: Shirts + Trousers = Total given
Step 2: 589 + 345 =?",GSM8k,LAMA-3.2-3B
166,guided,167,Benny sold half of his comic books and then bought 6 more. He now has 17 How many did he begin with ?,22,Multi-step,22,True,majority,0.4,2,5,0.4,3,False,,"{'17': 1, '22': 2, '34': 1, '11': 1}","Step 1: Let x represent the original amount of comics.
Step 2: x / 2 + 6 = 17",GSM8k,LAMA-3.2-3B
167,guided,168,Mrs. Sheridan has 22 fish. Her sister gave her 47 more fish How many fish does she have now?,69,Addition,22,False,refiner_tiebreak,0.5,2,6,0.3333,3,True,False,"{'22': 3, '69': 2, '47': 1}","Step 1: Initial amount + Additional amount = Total amount
Step 2: 22 + 47 =?",GSM8k,LAMA-3.2-3B
168,guided,169,"Mary sold 9 boxes of Do-Si-Dos How many cases of 6 boxes, plus extra boxes does Mary need to deliver?",2,Division,3,False,majority,0.8,0,5,0.0,1,False,,"{'3': 4, '9': 1}","Step 1: Total boxes - Boxes in one case = 9 - 6 =
Step 2: Add extra boxes = (9 - 6) + x =?",GSM8k,LAMA-3.2-3B
169,guided,170,Sam put 86 pretzels in a bowl for the party. His friends ate 49 of them. Sam put in 27 more pretzels How many pretzels were in the bowl then?,64,Multi-step,64,True,majority,0.4,2,5,0.4,3,False,,"{'27': 1, '113': 1, '64': 2, '86': 1}","Step 1: Initial amount + Additional amount = Total amount
Step 2: Total amount - Amount eaten = Remaining amount",GSM8k,LAMA-3.2-3B
170,guided,171,"Mrs. Hilt has two pennies, two dimes, and two nickels. Jacob has four pennies, one nickel, and one dime Who has more money?",Mrs. Hilt,Subtraction,6,False,majority,0.8,0,5,0.0,1,False,,"{'6': 4, '16': 1}","Step 1: Pennies in Mrs. Hilt + Dimes in Mrs. Hilt + Nickels in Mrs. Hilt =
            2 + 2 + 2 =

Step 2: Pennies in Jacob + Nickel in Jacob + Dime in Jacob =
             4 + 1 + 1 =

Step 3: Compare amounts:
          (Mrs. Hilt) vs. (Jacob)",GSM8k,LAMA-3.2-3B
171,guided,172,"Alicia loves collecting art. She has a whole house filled with all the art she obtained since she was a little kid. When she decided to move away, she started donating some of her art to different museums. First museum she went to was the Metropolitan museum in New York. She donated 46 medieval art pieces from the 70 she originally has How many medieval art pieces were left with her?",24,Subtraction,24,True,majority,0.8,4,5,0.8,1,False,,"{'24': 4, '70': 1}","Step 1: Original amount - Donated amount = Remaining amount
Step 2: 70 - 46 =?",GSM8k,LAMA-3.2-3B
172,guided,173,"Their next destination is Lake Erie. Still in a contest, Hazel caught 48 different fishes while her father caught 46 How many fishes did they catch in Lake Erie?",94,Addition,94,True,majority,0.6,3,5,0.6,2,False,,"{'94': 3, '48': 2}","Step 1: Hazel's fish + Father's fish = Total fish
Step 2: Total fish = 48 + 46",GSM8k,LAMA-3.2-3B
173,guided,174,There are 95 pretzels in a bowl. John ate 28 pretzels. Alan ate 9 fewer pretzels than John. Marcus ate 12 more pretzels than John How many pretzels did Marcus eat?,40,Addition,67,False,majority,0.4,0,5,0.0,3,False,,"{'3.43': 1, '67': 2, '123': 1, '95': 1}","Step 1: John's share + Alan's share = Total - Remaining
Step 2: (John's share + 9) + 12 = Total - John's share",GSM8k,LAMA-3.2-3B
174,guided,175,"After agreeing that the school menu needs to be changed, they had a vote for food suggestions. If 337 voted to add more veggies to the menu and 335 voted to add more meat, how many students voted?",672,Addition,672,True,majority,0.6,3,5,0.6,2,False,,"{'337': 2, '672': 3}","Step 1: Veggies + Meat = Total votes cast
Step 2: Total votes cast = Veggies + Meat
Step 3: Total votes cast = 337 + 335",GSM8k,LAMA-3.2-3B
175,guided,176,There are 40 boys and some girls on the playground. There are 117 children altogether How many girls are on the playground?,77,Subtraction,77,True,majority,0.6,3,5,0.6,2,False,,"{'77': 3, '117': 1, '40': 1}","Step 1: Total - Boys = Girls
Step 2: 117 - 40 =?",GSM8k,LAMA-3.2-3B
176,guided,177,"After paying $2.30 for a drink, Bryon has $17.15 How much money did he have before buying the drink?",19.45,Addition,0,False,majority,0.4,0,5,0.0,3,False,,"{'0': 2, '14.85': 1, '0.2': 1, '2': 1}","Step 1: Initial amount + Cost = Final amount
Step 2: Initial amount = Final amount - Cost
Step 3: Initial amount = $17.15 - $2.30",GSM8k,LAMA-3.2-3B
177,guided,178,A florist needed to use 2 pounds of fertilizer for 9 days and then on the final day use the normal amount plus another 4 pounds How many pounds of fertilizer will she use all together?,22,Addition,28,False,coin_flip,0.2,0,5,0.0,4,True,False,"{'28': 1, '52': 1, '184': 1, '10': 1, '4.22': 1}","Step 1: Normal amount + Additional amount = Total amount
Step 2: Normal amount * Number of days + Extra amount = Total amount
Step 3: (Normal amount * Number of days) + Extra amount",GSM8k,LAMA-3.2-3B
178,guided,179,"A family is preparing backpacks filled with school supplies to donate to children in need. They have 9 pencils and 15 notebooks. If they want to make all the backpacks the same, with no school supplies left over, what is the greatest number of backpacks they can fill?",3,Multi-step,3,True,majority,1.0,5,5,1.0,0,False,,{'3': 5},"Step 1: Find GCD (Greatest Common Divisor) of given quantities.
Step 2: Divide both quantities by GCD.
Step 3: Minimum value obtained from division =?",GSM8k,LAMA-3.2-3B
179,guided,180,A movie theater sold 9 child tickets. The other 41 tickets it sold were adult tickets What is the ratio of the number of child tickets to the number of adult tickets?,9,Multi-step,9,True,majority,0.4,2,5,0.4,3,False,,"{'0.219': 1, '0.2208': 1, '0.2195': 1, '9': 2}","Step 1: Child / Adult = 9 / 41
Step 2: Simplify fraction if possible (not required in this case)",GSM8k,LAMA-3.2-3B
180,guided,181,"A car salesman sold 8 on Monday, 3 on Tuesday, 10 on Wednesday, 4 on Thursday, 4 on Friday and 4 on Saturday What is the mean of the number of cars he sold?",5.5,Multi-step,5,False,majority,0.4,0,5,0.0,3,False,,"{'5.5.': 1, '5': 2, '33': 1, '27': 1}","Step 1: Total sales = Sales per day +... = 8 + 3 + 10 + 4 + 4 + 4 =
Step 2: Add all amounts together to find total sales for six days = 29
Step 3: Divide by Number of days = Total sales / Number of days = 29 ÷ 6",GSM8k,LAMA-3.2-3B
181,guided,182,"Jordon has a different kind of number machine. Her machine doubles the number and adds 3 more. So when Jordon put in 25, the number 53 came out of the machine. Jordon put in the number 16 What number do you think came out of her machine?",35,Addition,53,False,coin_flip,0.3333,0,6,0.0,4,True,False,"{'53': 2, '50': 2, '28': 1, '25': 1}","Step 1: Initial amount * 2 = 25
Step 2: Added to that result + 3 =?",GSM8k,LAMA-3.2-3B
182,guided,183,"A baker has a pan of fudge that measures 18 inches on one side and 29 inches on another side. If the fudge is cut into square pieces 1 inch on each side, how many pieces of fudge does the pan hold?",522,Multiplication,522,True,majority,0.6,3,5,0.6,2,False,,"{'22': 1, '522': 3, '23': 1}","Step 1: Area = Length x Width = 18 * 29 =
Step 2: Square Root (Area) = √(18 * 29) = √522 ≈ 22.97
Step 3: Round down to nearest whole since you can't have fractions of an item. So, approximately 23 squares.",GSM8k,LAMA-3.2-3B
183,guided,184,"A store has thirty-five shirts. If they sold thirty of them, how many shirts would they have?",5,Subtraction,5,True,majority,0.8,4,5,0.8,1,False,,"{'5': 4, '35': 1}","Step 1: Initial amount - Sold = Remaining amount
Step 2: 35 - 30 =?",GSM8k,LAMA-3.2-3B
184,guided,185,The Greene family went to the amusement park. They spent $45 on admission tickets. They spent $13 less than that on food How much did the Greene family spend in all?,77,Addition,45,False,majority,0.5,1,4,0.25,2,False,,"{'44.45': 1, '45': 2, '77': 1}","Step 1: Admission + Food = Total Spent
Step 2: Admission + (Admission - 13) =?",GSM8k,LAMA-3.2-3B
185,guided,186,Paige used three of her pencils. Now she has ninety-one pencils How many pencils did Paige have to begin with?,94,Addition,88,False,majority,0.4,0,5,0.0,3,False,,"{'0': 1, '91': 1, '88': 2, '90': 1}","Step 1: Initial amount + Used = Total
Step 2: Initial amount = Total - Used
Step 3: Initial amount = 91 - 3",GSM8k,LAMA-3.2-3B
186,guided,187,"A video uploaded had 18 'up votes'. If the ratio of 'up votes' to 'down votes' was 9:2, how many 'down votes' did the video get?",4,Multi-step,4,True,refiner_tiebreak,0.3333,2,6,0.3333,4,True,True,"{'44': 1, '8.64.': 1, '4': 2, '11': 1, '22': 1}","Step 1: Total parts in ratio = 9 + 2 = 11
Step 2: Down votes per part = 2 / 11
Step 3: Down votes = (Down votes per part) * (Total parts) = (2/11)*11=2",GSM8k,LAMA-3.2-3B
187,guided,188,The teacher gave 42 pencils to 12 students equally How many pencils did each student get?,3,Division,4,False,coin_flip,0.25,0,4,0.0,3,True,False,"{'4': 1, '3.5': 1, '3.5.': 1, '1': 1}",Step 1: Total given / Number of students = 42 ÷ 12 =?,GSM8k,LAMA-3.2-3B
188,guided,189,"If each bus have nine rows of seats and each row of seats can accommodate 4 children, how many children can each bus accommodate?",36,Multiplication,36,True,refiner_tiebreak,0.3333,2,6,0.3333,4,True,True,"{'9': 1, '4': 1, '288': 1, '36': 2, '72': 1}","Step 1: Rows * Seats per row = Total capacity
Step 2: 9 * 4 =?",GSM8k,LAMA-3.2-3B
189,guided,190,"While comparing the other robots that they have, Tom and Michael talked about Bob who has a large collection of car robots. If Tom and Michael have 9 car robots and Bob has 9 times more than that, how many car robots does Bob have in total?",81,Multiplication,90,False,refiner_tiebreak,0.4,1,5,0.2,3,True,False,"{'81': 1, '72': 1, '90': 2, '9': 1}","Step 1: Other robot count * 9 =? (Bob's collection)
Step 2: Total = Other robot count + Bob's collection = 9 + (Other robot count * 9)",GSM8k,LAMA-3.2-3B
190,guided,191,"Paige sent out fifteen birthday party invitations. If nine people showed up, how many people didn't come?",6,Subtraction,6,True,majority,1.0,5,5,1.0,0,False,,{'6': 5},"Step 1: Total invited - Attended = 15 - 9 =
Step 2: Absent = 15 - 9",GSM8k,LAMA-3.2-3B
191,guided,192,Two number are in the ratio 3:4. sum of two numbers is equal to 56 Find the numbers.,24,Multi-step,56,False,majority,0.6,0,5,0.0,2,False,,"{'56': 3, '32': 1, '12': 1}","Step 1: Let's represent the two unknowns as variables (let one variable for each part). 
Let x be the first term and y be the second term.

Step 2: Since they're in the ratio 3:4, we can express this relationship as an equation:
x/y = 3/4

Step 3: We also know that their sum equals 56, so another equation based on this information would be:
x + y = 56",GSM8k,LAMA-3.2-3B
192,guided,193,"Frank had forty-two pieces of candy. If he put them into bags with seven pieces in each bag, how many bags would he have?",6,Division,6,True,majority,0.8,4,5,0.8,1,False,,"{'6': 4, '42': 1}","Step 1: Total candies / Pieces per bag = 42 / 7 =
Step 2: Result = 6",GSM8k,LAMA-3.2-3B
193,guided,194,"At a restaurant the ratio of kids meals sold to adult meals sold was 10:7. If there were 70 kids meals sold, how many adult meals were sold?",49,Multi-step,12,False,majority,0.4,0,5,0.0,3,False,,"{'12': 2, '17': 1, '12.9': 1, '1.19': 1}","Step 1: Parts in ratio = Total parts = 10 + 7 = 17
Step 2: Fraction for kids' portion = (Kids / Total) = 10/17
Step 3: Adult portions = Remaining parts * Fraction for adults = 7 * (17/10)",GSM8k,LAMA-3.2-3B
194,guided,195,A chef had forty-six apples. After making some pies he had fourteen left How many apples did he use?,32,Subtraction,32,True,majority,0.8,4,5,0.8,1,False,,"{'46': 1, '32': 4}","Step 1: Total - Remaining = Used
Step 2: 46 - 14 =?",GSM8k,LAMA-3.2-3B
195,guided,196,"After the aviary was the zoo's swamp area. Penny counted a total of 55 tree frogs, 10 poison frogs and 13 wood frogs How many frogs was Penny able to count?",78,Addition,65,False,majority,0.6,2,5,0.4,2,False,,"{'65': 3, '78': 2}","Step 1: Total frogs = Tree frogs + Poison frogs = 55 + 10 =
Step 2: Total frogs = Wood frogs + Total frogs = 13 + 65 =",GSM8k,LAMA-3.2-3B
196,guided,197,"Michelle also noticed that she was able to save a few $50 dollar bills. If she has a total of 7 pieces of $50 dollar bills, what is the total value of all her $50 bills combined?",350,Multiplication,350,True,refiner_tiebreak,0.5,3,6,0.5,3,True,True,"{'350': 3, '7': 2, '3150': 1}","Step 1: Number of bills * Value per bill = Total amount saved
Step 2: 7 * 50 =?",GSM8k,LAMA-3.2-3B
197,guided,198,"After recess, Buddy changed clothes for gym class. Down at the gym, all the students were divided into two groups. If one group has 34 members and the other has 37, how many students are in Buddy's gym class?",71,Addition,71,True,majority,1.0,5,5,1.0,0,False,,{'71': 5},"Step 1: Group A + Group B = Total students
Step 2: 34 + 37 =?",GSM8k,LAMA-3.2-3B
198,guided,199,"For homework, a student had to complete 15 problems total. If she finished 6 problems in class, what is the ratio of problems she still needs to complete to problems that she's already finished?",3,Multi-step,15,False,majority,0.4,0,5,0.0,3,False,,"{'15': 2, '0.67': 1, '6': 1, '9': 1}","Step 1: Total - Completed = Remaining
Step 2: Remaining / Completed =?",GSM8k,LAMA-3.2-3B
199,guided,200,The sum of three consecutive numbers is 90 What is the smallest of the three numbers ?,29,Multi-step,30,False,coin_flip,0.3333,1,6,0.1667,4,True,True,"{'30': 2, '90': 2, '32': 1, '29': 1}","Step 1: Let's represent the middle number as x. Then the other two numbers can be represented as (x-1) and (x+1).
Step 2: Set up an equation based on this information: (x - 1) + x + (x + 1) = 90
Step 3: Combine like terms to simplify the equation: 3x = 90",GSM8k,LAMA-3.2-3B
200,guided,201,"The first act included 5 clown mobiles, each stuffed with 28 clowns How many clowns are inside all the clown mobiles combined?",140,Multiplication,140,True,majority,0.8,4,5,0.8,1,False,,"{'140': 4, '5': 1}","Step 1: Number of clown mobiles * Number of clowns per mobile = Total number of clowns
Step 2: 5 * 28 =?",GSM8k,LAMA-3.2-3B
201,guided,202,The Book Nook sold 27 computer books last week. The sold 15 more cook books than computer books How many cook books did the Book Nook sell?,42,Addition,12,False,refiner_tiebreak,0.4,1,5,0.2,3,True,False,"{'42': 1, '34': 1, '12': 2, '21': 1}","Step 1: Computer books + More = Total books
Step 2: Total books / 2 = Cook books",GSM8k,LAMA-3.2-3B
202,guided,203,"There were 44 laptops in the shop, and Mike divided them equally into 5 rows How many are left?",4,Multi-step,4,True,majority,0.75,3,4,0.75,1,False,,"{'4': 3, '0': 1}","Step 1: Total Laptops / Number of Rows = 44 ÷ 5 =
Step 2: Remaining Laptops = 44 - (Total Laptops per Row * Number of Rows) = 44 - (8*5)",GSM8k,LAMA-3.2-3B
203,guided,204,"Oliver was yard sale shopping. He ended up buying 11 video games, but only 6 of them worked How many bad games did he buy?",5,Subtraction,11,False,majority,0.6,2,5,0.4,2,False,,"{'11': 3, '5': 2}","Step 1: Total bought - Working ones = Broken ones
Step 2: 11 - 6 =?",GSM8k,LAMA-3.2-3B
204,guided,205,Johnny practiced for the track team and ran 3 laps per minute How many minutes did it take Johnny to run 10 laps?,3.333,Division,30,False,majority,0.4,0,5,0.0,3,False,,"{'30': 2, '201.67': 1, '3.33': 1, '12': 1}","Step 1: Time = Total Laps / Laps Per Minute
Step 2: Time = 10 / 3",GSM8k,LAMA-3.2-3B
205,guided,206,"A chef served 3 different foods for a banquet: 25 plates lobster rolls, 14 plates of spicy hot noodles and 16 plates of seafood noodles How many plates of food did the chef make altogether?",55,Addition,39,False,refiner_tiebreak,0.4,1,5,0.2,3,True,False,"{'39': 2, '65': 1, '25': 1, '55': 1}","Step 1: Lobster + Noodles (Spicy) + Noodles (Seafood) =
Step 2: Add all three types together:
Lobster + Spicy + Seafood =?",GSM8k,LAMA-3.2-3B
206,guided,207,"Kaleb had sixty-seven cherries. After eating some, he had forty-two left How many cherries did Kaleb eat?",25,Subtraction,42,False,coin_flip,0.3333,1,6,0.1667,4,True,False,"{'42': 2, '92': 2, '25': 1, '27': 1}","Step 1: Total - Remaining = 67 - 42 =
Step 2: Subtracting again to find out how much was eaten = 25",GSM8k,LAMA-3.2-3B
207,guided,208,35 people visited the Statue of Liberty in the morning. 56 more people visited in the afternoon than in the morning How many people visited the Statue of Liberty in the afternoon?,91,Addition,91,True,majority,0.4,2,5,0.4,3,False,,"{'91': 2, '35': 1, '182': 1, '56': 1}","Step 1: Morning + Additional visitors = Total afternoon visitors
Step 2: Total afternoon visitors * 2 =? (since it's ""more"" which implies multiplication)",GSM8k,LAMA-3.2-3B
208,guided,209,"The following month, the four friends met again to share their collections. Carl, having the most number of stamps among all of them decided to give away some of his collections. If he has 96 stamps during that month, and he gave away 48, how many stamps were left with him?",48,Subtraction,48,True,majority,0.6,3,5,0.6,2,False,,"{'48': 3, '0': 1, '44': 1}","Step 1: Initial amount - Amount given away = Remaining amount
Step 2: 96 - 48 =?",GSM8k,LAMA-3.2-3B
209,guided,210,"Emily's mom was buying extra school supplies for Emily and her sister. She bought 13 packs of glue sticks total. If she gave Emily 6 packs, how many did her sister get?",7,Subtraction,7,True,majority,0.8,4,5,0.8,1,False,,"{'7': 4, '13': 1}","Step 1: Total - Given to Emily = Remaining for sister
Step 2: 13 - 6 =?",GSM8k,LAMA-3.2-3B
210,guided,211,"Dave had 10 video games but 2 of them weren't working. If he wanted to sell the working games for $4 each, how much money could he earn?",32,Multiplication,8,False,refiner_tiebreak,0.5,1,6,0.1667,3,True,False,"{'8': 3, '32': 1, '-6': 2}","Step 1: Non-working - Working = 2 - 8 =
Step 2: Working * Price per game = 8 * 4 =",GSM8k,LAMA-3.2-3B
211,guided,212,She also found out that she has 10 pieces of $5 bills What is the total value of money does she have in $5 bills?,50,Multiplication,50,True,majority,0.6,3,5,0.6,2,False,,"{'10': 2, '50': 3}","Step 1: Number of five-dollar bills * Value per bill = Total amount
Step 2: Total amount = 10 * 5",GSM8k,LAMA-3.2-3B
212,guided,213,"Annie's mother has also been asked to be a part of the surprise. She was tasked to be in charge of drinks. She made 25 glasses of orange juice, 15 glasses of grape juice and 5 glasses of apple juice How many glasses of juice would there be?",45,Addition,45,True,majority,0.8,4,5,0.8,1,False,,"{'45': 4, '40': 1}","Step 1: Orange + Grape + Apple = Total juices made
Step 2: Total juices made = 25 + 15 + 5",GSM8k,LAMA-3.2-3B
213,guided,214,Zoe was unboxing some of her old winter clothes. She found eight boxes of clothing and inside each box there were four scarves and six mittens How many pieces of winter clothing did Zoe have total?,80,Multiplication,80,True,majority,0.4,2,5,0.4,3,False,,"{'80': 2, '32': 1, '64': 1, '40': 1}","Step 1: Boxes * Scarves per Box = Total Scarves
Step 2: Total Scarves + Mittens per Box * Boxes = Total Winter Clothing",GSM8k,LAMA-3.2-3B
214,guided,215,"In a school, there are 542 girls and 387 boys How many pupils are there in that school?",929,Addition,929,True,majority,0.75,3,4,0.75,1,False,,"{'542': 1, '929': 3}","Step 1: Girls + Boys = Total students
Step 2: 542 + 387 =?",GSM8k,LAMA-3.2-3B
215,guided,216,"For the walls of the house, he would use 9 large planks of wood. If each plank of wood needs 8 pieces of nails to be secured, how many nails does John need for the house wall?",72,Multiplication,72,True,majority,0.6,3,5,0.6,2,False,,"{'72': 3, '576': 1, '81': 1}","Step 1: Planks * Nails per plank = Total nails needed
Step 2: 9 * 8 =?",GSM8k,LAMA-3.2-3B
216,guided,217,"A committee organizing a marathon has 16 jugs of water and 12 jugs of sports drink. The committee would like to set up a number of refreshment stations along the marathon course, with the same combination of jugs of water and jugs of sports drink at each station, with no beverages left over What is the greatest number of refreshment stations that can be set up?",4,Multi-step,4,True,majority,1.0,5,5,1.0,0,False,,{'4': 5},"Step 1: GCD (water) = 4
Step 2: GCD (sports drinks) = 4
Step 3: Min(GCD(water), GCD(sports drinks)) =?",GSM8k,LAMA-3.2-3B
217,guided,218,"Mrs. Hilt traveled 6, 760 miles to Japan. She read one book every 450 miles she traveled How many books had she finished when she got to Japan?",15,Division,17,False,majority,0.4,0,5,0.0,3,False,,"{'17': 2, '16': 1, '16.8': 1, '3': 1}","Step 1: Total distance / Distance per book = Total books
       7560 / 450 =?",GSM8k,LAMA-3.2-3B
218,guided,219,"A video game had 35 levels in it. If you beat 5 of the levels, what is the ratio of levels left to the levels that have been beaten?",6,Multi-step,30,False,majority,0.4,1,5,0.2,3,False,,"{'6': 1, '30': 2, '35': 1, '7': 1}","Step 1: Total - Levels Beaten = Remaining Levels
Step 2: (Total / Remaining) = 35 / (30)
Step 3: Simplify Fraction if necessary.",GSM8k,LAMA-3.2-3B
219,guided,220,At a school several teachers were holding a contest to see which class could earn the most trivia points. Mrs.William's class scored 50 points. Mr. Adams class earned 57 points. Mrs. Brown's class earned 49 and Mrs.Daniel's class earned 57 What is the mean of the number of points scored?,53.3,Multi-step,165,False,majority,0.6,0,5,0.0,2,False,,"{'165': 3, '107': 1, '26.75': 1}","Step 1: Add all scores together = 50 + 57 + 49 + 57 =
Step 2: Divide by total classes = (50 + 57 + 49 + 57) / 4 =?",GSM8k,LAMA-3.2-3B
220,guided,221,"A gas station sold 2 boxes of chocolate candy, 5 boxes of sugar candy and 2 boxes of gum What is the total number of boxes they sold?",9,Addition,9,True,majority,0.8,4,5,0.8,1,False,,"{'17': 1, '9': 4}","Step 1: Chocolate + Sugar + Gum = Total
Step 2: 2 + 5 + 2 =
Step 3: 9 =?",GSM8k,LAMA-3.2-3B
221,guided,222,"A number machine changes the value of the numbers placed inside it. My number machine will add 15 to a number and then subtract 6 from the sum. If I put in the number 68, what number will come out of the machine?",77,Multi-step,98,False,majority,0.4,1,5,0.2,3,False,,"{'83': 1, '77': 1, '98': 2, '-2': 1}","Step 1: Add 15 to 68 = 83
Step 2: Subtract 6 from 83 = 77",GSM8k,LAMA-3.2-3B
222,guided,223,A farm was 7 miles wide and 8 miles long What is the area of the farm?,56,Multi-step,56,True,majority,0.6,3,5,0.6,2,False,,"{'56': 3, '7': 1, '112': 1}","Step 1: Length * Width = Area
Step 2: 7 * 8 =
Step 3: = 56",GSM8k,LAMA-3.2-3B
223,guided,224,"Hazel and her father both love going on fishing trips. This year, they planned to go around the Great Lakes for a unique fishing experience. Their first stop is Lake Ontario. Hazel and her father decided to have a contest between them. If Hazel caught 24 salmons and her dad caught 27, how many salmons did they catch in total?",51,Addition,51,True,majority,0.8,4,5,0.8,1,False,,"{'81': 1, '51': 4}","Step 1: Hazel's fish + Dad's fish = Total fish
Step 2: 24 + 27 =
Step 3: 51",GSM8k,LAMA-3.2-3B
224,guided,225,"Many families serve each person in the family one 6-ounce glass of orange juice each morning. If they buy orange juice by the gallon, how many whole servings of juice will they get out of one gallon (one gallon = 4 quarts, 1 quart = 32 ounces) of juice?",21,Division,4,False,coin_flip,0.1667,0,6,0.0,5,True,False,"{'4': 1, '2.67': 1, '1': 1, '21.33': 1, '2': 1, '21.333...': 1}","Step 1: Quarts * Ounces/quart = Total ounces
Step 2: Divide total ounces by serving size (ounces)
Step 3: Resulting value",GSM8k,LAMA-3.2-3B
225,guided,226,A cafeteria was putting milk cartons into stacks. They had seven hundred ninety-nine cartons and were putting them into stacks with six cartons in each stack How many full stacks could they make?,133,Division,133,True,majority,0.8,4,5,0.8,1,False,,"{'133': 4, '133.833...': 1}","Step 1: Total Cartons / Cartons per Stack = 799 ÷ 6 =
Step 2: Quotient (whole part) =?",GSM8k,LAMA-3.2-3B
226,guided,227,14 red plums and four green plums are in the basket How many plums are in the basket?,18,Addition,18,True,majority,0.6,3,5,0.6,2,False,,"{'18': 3, '13': 1, '4': 1}","Step 1: Total plums + Green plums = Red plums + Green plums
Step 2: Total plums = 18",GSM8k,LAMA-3.2-3B
227,guided,228,"Amy uploaded 180 pics to Facebook. If she put the pics into 9 albums with the same number of photos in each album, how many photos were in each album?",20,Division,20,True,majority,0.8,4,5,0.8,1,False,,"{'20': 4, '2': 1}","Step 1: Total Pics / Number of Albums = Photos per Album
Step 2: 180 ÷ 9 =?",GSM8k,LAMA-3.2-3B
228,guided,229,"Willy has 5,092 crayons. Lucy has 3,971 crayons How many more crayons does Willy have than Lucy?",1121,Subtraction,1081,False,coin_flip,0.2,0,5,0.0,4,True,False,"{'1081': 1, '901': 1, '5092': 1, '931': 1, '1311': 1}","Step 1: Willy's Crayons - Lucy's Crayons =? 
Step 2: 5092 - 3971",GSM8k,LAMA-3.2-3B
229,guided,230,A chef used fifteen apples to make a pie. Now he has four apples left How many apples did he have before he made the pie?,19,Addition,6,False,majority,0.6,0,5,0.0,2,False,,"{'6': 3, '17': 1, '21': 1}","Step 1: Initial amount + Remaining = Total initial amount
Step 2: 15 (Initial) + x (Unknown) = 21 (Given)
Step 3: Subtracting ""Remaining"" from both sides gives us:
x = 21 - 4",GSM8k,LAMA-3.2-3B
230,guided,231,At Jake's stables there are 10 stallions and 15 mares. At Bridget's stables there are 17 stallions and 18 mares Where is there a lower ratio of stallions to mares?,Jake's stables,Subtraction,7.0769,False,coin_flip,0.3333,0,3,0.0,2,True,False,"{'7.0769': 1, '0.4.': 1, '10': 1}","Step 1: Compare ratios at each stable.
Step 2: Stallion-to-mare ratio for Jake's stables = 10/15 (simplifies to 2/3).
Step 3: Stallion-to-mare ratio for Bridget's stables = 17/18.",GSM8k,LAMA-3.2-3B
231,guided,232,Ned mowed his lawn six times in the spring and five times in the summer How many times did he mow total?,11,Addition,11,True,majority,0.4,2,5,0.4,3,False,,"{'11': 2, '5': 1, '19': 1, '5.5.': 1}","Step 1: Spring + Summer = Total
Step 2: 6 + 5 =?",GSM8k,LAMA-3.2-3B
232,guided,233,Atomic fireballs come in packages of 9. Barbara ate 59 Atomic Fireballs How many Atomic Fireballs does she have left?,5,Multi-step,0,False,coin_flip,0.3333,1,6,0.1667,4,True,True,"{'0': 2, '59': 1, '9': 2, '5': 1}","Step 1: Total - Packages per box * Remaining boxes = Leftover fireballs
Step 2: 72 - (Packages per box) * Number of boxes =? 
Step 3: 72 - 8 * 7 =?",GSM8k,LAMA-3.2-3B
233,guided,234,A pet store had 13 siamese cats and 5 house cats. During a sale they sold 10 cats How many cats do they have left?,8,Subtraction,8,True,majority,0.75,3,4,0.75,1,False,,"{'8': 3, '18': 1}","Step 1: Total initial cats + Cats initially present in the store = 13 + 5 =
Step 2: Subtracting the number of cats that were sold from the total = (13 + 5) - 10 =?",GSM8k,LAMA-3.2-3B
234,guided,235,Mrs. Hilt is baking bread. She needs 5 cups of flour to bake two loaves of bread How much flour will she need to make one loaf of bread?,2.5,Division,5,False,coin_flip,0.1667,1,6,0.1667,5,True,False,"{'5': 1, '2.5': 1, '1.25': 1, '10': 1, '1': 1, '144': 1}","Step 1: Two loaves / 2 =? 
Step 2:? ÷ 2",GSM8k,LAMA-3.2-3B
235,guided,236,86 students are going hiking. Each school- bus can take 9 students How many school-buses are needed?,9,Division,10,False,refiner_tiebreak,0.4,0,5,0.0,3,True,False,"{'86': 1, '9.5556': 1, '9.55': 1, '10': 2}","Step 1: Total Students / Capacity per Bus = Number of Buses Needed
Step 2: 86 ÷ 9 =?",GSM8k,LAMA-3.2-3B
236,guided,237,"Shannon is making identical balloon arrangements for a party. She has 32 maroon balloons, 24 white balloons, and 16 orange balloons. She wants each arrangement to have the same number of each color What is the greatest number of arrangements that she can make if every balloon is used?",8,Multi-step,4,False,majority,0.4,0,5,0.0,3,False,,"{'4': 2, '2': 1, '192': 1, '16': 1}","Step 1: Find GCD (Greatest Common Divisor) of all three types of balloons.
Step 2: Divide each type of balloon by this value.
Step 3: Multiply resulting values together.",GSM8k,LAMA-3.2-3B
237,guided,238,Anna has a total of 28 nickels and dimes in her piggy bank. She has 8 fewer nickels than dimes How many dimes does Anna have?,18,Multi-step,8.3448,False,coin_flip,0.2,0,5,0.0,4,True,False,"{'8.3448': 1, '280': 1, '0': 1, '8': 1, '28': 1}","Step 1: Let's represent the unknown as x for both nickels and dimes.
Since she has 8 fewer nickels than dimes, we can say that:
Nickels = Dimes - 8

Step 2: We know there are 5 nickels per dime (since each nickel equals $0.05 and each dime equals $0.10).
So, if N represents the number of nickels, then:
N = 0.05 * D

Step 3: Set up an equation based on given information to solve for D (number of dimes):
D - 8 = N
Substitute expression from step 2 into this equation:
D - 8 = 0.05*D",GSM8k,LAMA-3.2-3B
238,guided,239,"Professor Treehead of the Flora University requested his students to participate. He said that they planted 15 species of trees in the natural park, 20 species of trees in the neighboring forest and 10 species of trees all around different locations in town How many species of trees were planted by the students?",45,Addition,45,True,majority,0.6,3,5,0.6,2,False,,"{'65': 1, '15': 1, '45': 3}","Step 1: Species in Park + Species in Forest = Total Trees Planted
Step 2: Total Trees Planted + Additional Trees Around Town = Overall Number of Trees",GSM8k,LAMA-3.2-3B
239,guided,240,"A waiter had five tables he was waiting on, with five women and three men at each table How many customers total did the waiter have?",40,Multiplication,28,False,majority,0.6,0,5,0.0,2,False,,"{'28': 3, '25': 1, '27': 1}","Step 1: Number of women * Number of tables = 5 * 5 =?
Step 2: Add Number of men to previous result =? + 3",GSM8k,LAMA-3.2-3B
240,guided,241,"After the final bell rang, Buddy ran to the school bus with his new friends. On his ride home, he counted 36 students sitting on the left side of the bus and 27 sitting on the right How many students are on the bus ride home?",63,Addition,63,True,majority,0.4,2,5,0.4,3,False,,"{'36': 1, '90': 1, '24': 1, '63': 2}","Step 1: Left + Right = Total
Step 2: Total = 36 + 27",GSM8k,LAMA-3.2-3B
241,guided,242,The Vance family walked over to the post office. They bought 2 rooster stamps and 2 daffodil stamps What's the difference between of the number of the two kinds of stamps?,0,Subtraction,0,True,majority,0.75,3,4,0.75,1,False,,"{'2': 1, '0': 3}","Step 1: Roosters - Daffodils = 
Step 2: |2 - 2|",GSM8k,LAMA-3.2-3B
242,guided,243,"On the day of the awarding ceremony, Robyn and Lucy decided to sell more cookies during the morning to make sure they get the badge. Lucy sold 19 packs and Robyn sold 16 How many packs did they sell on their last day?",35,Addition,35,True,majority,0.4,2,5,0.4,3,False,,"{'30': 1, '35': 2, '7': 1, '19': 1}","Step 1: Total - Sold by both = Remaining
Step 2: (Lucy's sales + Robyn's sales) - Total sold =? 
Note: This implies that ""Total"" refers to the total number of packs they had initially which isn't given in the statement but can be inferred as it was an awarding ceremony where they would have started with some amount before selling any. However since we don't know what that initial amount was, let us assume it as x. So,
Step 3: (x + 16) - x = 19 + 16",GSM8k,LAMA-3.2-3B
243,guided,244,"Annie is about to celebrate her birthday next week so her friends decided to throw her a surprise birthday party. Jessica, Annie's best friend, is hosting the party. She plans on making pizza for everyone. If she bought 15 pieces of pepperoni, 10 pieces of salami and 30 pieces of bacon as meat ingredients, how many pieces of meat did she buy in total?",55,Addition,55,True,majority,0.8,4,5,0.8,1,False,,"{'55': 4, '25': 1}","Step 1: Pepperoni + Salami = 15 + 10 =
Step 2: Total Meat = (Pepperoni + Salami) + Bacon = 25 + 30 =",GSM8k,LAMA-3.2-3B
244,guided,245,"Jerry was weighing boxes for moving. The first was 2 pounds, the second was 11 pounds and the last was 5 pounds What is the combined weight of all three boxes?",18,Addition,13,False,majority,0.5,1,4,0.25,2,False,,"{'2': 1, '18': 1, '13': 2}","Step 1: Box 1 + Box 2 = 2 + 11 =
Step 2: Add Box 3 to that sum = (2 + 11) + 5 =",GSM8k,LAMA-3.2-3B
245,guided,246,"The traffic lights at two road junctions change after every 72 seconds and 108 seconds respectively. If they change simultaneously at 9 a.m., at what time will they change simultaneously again?",9,Addition,10,False,coin_flip,0.25,0,4,0.0,3,True,False,"{'10': 1, '72': 1, '21': 1, '216': 1}","Step 1: Find LCM (Least Common Multiple) of both times to find when they'll meet again.
Step 2: Add this value to initial meeting time (9 am).",GSM8k,LAMA-3.2-3B
246,guided,247,In fourth grade there were 35 students at the start of the year. During the year 10 students left and 10 new students came to school How many students were in fourth grade at the end?,35,Multi-step,35,True,majority,0.8,4,5,0.8,1,False,,"{'35': 4, '25': 1}","Step 1: Initial - Departure = 35 - 10 =? 
Step 2: Arrival + Remaining =? + 10",GSM8k,LAMA-3.2-3B
247,guided,248,"Harry Hound had a terrible earache yesterday. When I peered into his ears yesterday, I found 36 frisky fleas having a party in his right ear and 85 baby fleas sleeping peacefully in his left ear. I cleaned out Harry Hound's ears How many fleas perished?",121,Addition,121,True,refiner_tiebreak,0.5,3,6,0.5,3,True,True,"{'40': 2, '121': 3, '85': 1}","Step 1: Total fleas initially = Right ear + Left ear = 36 + 85 =
Step 2: Total fleas removed = Total fleas initially - Remaining fleas =?",GSM8k,LAMA-3.2-3B
248,guided,249,"Still a little behind, Robyn asked her mother to drive them around town on Wednesday to cover more houses. That day Robyn sold 55 packs of cookies while Lucy sold 43 How many packs were they able to sell that day?",98,Addition,98,True,majority,0.6667,2,3,0.6667,1,False,,"{'110': 1, '98': 2}","Step 1: Robyn + Lucy = Total
Step 2: Total = 55 + 43",GSM8k,LAMA-3.2-3B
249,guided,250,Two wires with lengths of 448 cm and 616 cm are to be cut into pieces of all the same length without remainder What is the greatest possible length of the pieces?,56,Multi-step,8,False,coin_flip,0.4,0,5,0.0,3,True,False,"{'8': 2, '0': 2, '264': 1}","Step 1: Find GCD (Greatest Common Divisor) of both wire lengths.
Step 2: Divide each wire length by their GCD.
Step 3: Compare results for equalizer.",GSM8k,LAMA-3.2-3B
250,guided,251,"While heating the wings, Charlie decided to make metal supports for the wings. If he needs 635 lbs of metal and he has 276 lbs in storage, how much additional metal does he need to buy?",359,Subtraction,359,True,majority,0.5,2,4,0.5,2,False,,"{'635': 1, '359': 2, '358': 1}","Step 1: Metal needed - Available metal = 635 - 276 =
Step 2: Metal needed - Available metal = 359",GSM8k,LAMA-3.2-3B
251,guided,252,"A box can hold 18 pieces of chalk. If there are 3,484 pieces of chalk, how many boxes are full to hold all the chalk?",194,Division,194,True,coin_flip,0.1667,1,6,0.1667,5,True,False,"{'194': 1, '194.4444': 1, '349': 1, '193.444': 1, '195': 1, '874': 1}","Step 1: Total Chalk / Box Capacity = 3484 ÷ 18 =
Step 2: Quotient (result) =?",GSM8k,LAMA-3.2-3B
252,guided,253,"Winter is almost here and most animals are migrating to warmer countries. There are 67 bird families living near the mountain. If 32 bird families flew away for winter, how many bird families were left near the mountain?",35,Subtraction,35,True,majority,0.6,3,5,0.6,2,False,,"{'35': 3, '67': 2}","Step 1: Total - Left = Remaining
Step 2: 67 - 32 =?",GSM8k,LAMA-3.2-3B
253,guided,254,"Because of the decision, Sofia asked the students to suggest specific types of food. If 279 students suggested adding mashed potatoes while 234 suggested adding bacon to the menu, how many students participated in the suggestion of new food items?",513,Addition,513,True,majority,0.6,3,5,0.6,2,False,,"{'513': 3, '423': 1, '65545': 1}","Step 1: Mashed potatoes + Bacon = Total suggestions
Step 2: Add both sides together = 279 + 234",GSM8k,LAMA-3.2-3B
254,guided,255,Belle collected 97 animal stickers. Carolyn collected 18 fewer stickers than Belle How many stickers did Carolyn collect?,79,Subtraction,79,True,majority,0.8,4,5,0.8,1,False,,"{'79': 4, '61': 1}","Step 1: Belle's collection - Fewer =? (Belle has more)
Step 2: Subtract 18 from Belle's collection to find out how many Carolyn had.",GSM8k,LAMA-3.2-3B
255,guided,256,"For an art show, an artist painted 153 pictures. During the show he sold 72 of his pictures What is the ratio of pictures he still has to pictures he sold?",9,Multi-step,81,False,majority,0.8,0,5,0.0,1,False,,"{'81': 4, '153': 1}","Step 1: Total - Sold = Remaining
Step 2: Remaining / Sold = 153 / 72",GSM8k,LAMA-3.2-3B
256,guided,257,"Marian also prepared 59 croissants which she plans to give to her 8 neighbors. If each neighbor received and equal number of croissants, how many will be left with Marian?",3,Multi-step,0,False,coin_flip,0.1667,0,6,0.0,5,True,False,"{'0': 1, '51': 1, '-413': 1, '45': 1, '59': 1, '-368': 1}","Step 1: Total - Number of Neighbors = Remaining Croissants
Step 2: 59 - 8 =?",GSM8k,LAMA-3.2-3B
257,guided,258,Mr. Lee gave out first place ribbons after each event. He had 38 ribbons at the start. He gave away 14 ribbons in the morning. He gave out 16 ribbons in the afternoon How many ribbons did Mr. Lee have left?,8,Multi-step,24,False,coin_flip,0.4,1,5,0.2,3,True,True,"{'24': 2, '40': 2, '8': 1}","Step 1: Initial amount - Morning giveaways = Starting amount - 14 = 38 - 14
Step 2: Remaining ribbons + Afternoon giveaways = Previous remainder + 16 = (38 - 14) + 16",GSM8k,LAMA-3.2-3B
258,guided,259,Zach scored 42 points in the football game. Ben scored 21 points How many more points did Zach score?,21,Subtraction,21,True,majority,1.0,5,5,1.0,0,False,,{'21': 5},"Step 1: Zach's score - Ben's score = 42 - 21
Step 2: Resulting difference = 21",GSM8k,LAMA-3.2-3B
259,guided,260,"There's only a week left before Christmas. John went out to buy gifts for his family. Having $999.00 for his budget, he went to a sports store and bought his brother a new pair of shoes for $165.00 How much money does he have left?",834,Subtraction,999,False,majority,0.8,1,5,0.2,1,False,,"{'999': 4, '834': 1}","Step 1: Initial amount - Cost of gift = Budget - Price of shoe
Step 2: Remaining funds = $999.00 - $165.00",GSM8k,LAMA-3.2-3B
260,guided,261,"A mailman has to give twenty-eight pieces of junk mail to each block. If there are four houses on a block, how many pieces of junk mail should he give each house?",7,Division,28,False,majority,0.8,0,5,0.0,1,False,,"{'28': 4, '4': 1}","Step 1: Blocks * Pieces per Block = Total Mail
Step 2: Total Mail ÷ Houses = Mail per House",GSM8k,LAMA-3.2-3B
261,guided,262,While exercising Paul did fifty-nine push-ups in the morning and thirty-eight more in the afternoon How many push-ups did Paul do total?,97,Addition,97,True,refiner_tiebreak,0.3333,2,6,0.3333,4,True,True,"{'80': 1, '1780': 1, '99': 1, '110': 1, '97': 2}","Step 1: Morning + Afternoon = Total
Step 2: 59 + 38 =?",GSM8k,LAMA-3.2-3B
262,guided,263,Ana is 5 years more than Jack. The sum of their ages is 29 Find the ages of Ana and Jack.,17,Multi-step,29,False,majority,1.0,0,5,0.0,0,False,,{'29': 5},"Step 1: Let's represent Ana's age as x + 5 (since she is 5 years older).
Step 2: Set up an equation to find both of their ages together: x + (x + 5) = 29",GSM8k,LAMA-3.2-3B
263,guided,264,"Derek is picking flowers in the garden. He picked 18 flowers from the first bush, 22 flowers from the second bush, 26 flowers from the third bush, 30 flowers from the fourth bush, and 34 flowers from the fifth bush. If this pattern continues, how many flowers will Derek pick from the sixth bush?",38,Multi-step,30,False,coin_flip,0.3333,1,6,0.1667,4,True,True,"{'64': 1, '30': 2, '4': 2, '38': 1}",Step 1: Fifth - Fourth = 34 - 30 =?,GSM8k,LAMA-3.2-3B
264,guided,265,The weight of 4 watermelons is 5 kg 200 g. The total weight of 3 such watermelons and 4 pineapples is 5 kg 700 g How much heavier is a watermelon than a pineapple?,850,Subtraction,900,False,coin_flip,0.25,0,4,0.0,3,True,False,"{'900': 1, '3500': 1, '200': 1, '2330': 1}","Step 1: Weight of one watermelon in grams = Total weight of four watermelons / 4 = (5000 + 200) / 4 = 600 g
Step 2: Difference between weights = Weight of three watermelons - Weight of four pineapples = (600 * 3) - (1700) = 1800 - 1700 = 100 g",GSM8k,LAMA-3.2-3B
265,guided,266,"A museum had fourteen paintings. After they got rid of some, they had four left What's the difference between the number of paintings before they got rid of and the left?",10,Subtraction,4,False,coin_flip,0.4,2,5,0.4,3,True,False,"{'-4': 1, '4': 2, '10': 2}","Step 1: Original - Removed = 14 - x
Step 2: Where x represents the unknown quantity (number of removed) that makes this equation true when set equal to 10.",GSM8k,LAMA-3.2-3B
266,guided,267,Eddie is thinking of a number that is divisible by both 8 and 5 What is the smallest possible number that Eddie could be thinking of?,40,Multi-step,40,True,majority,0.75,3,4,0.75,1,False,,"{'24': 1, '40': 3}","Step 1: Find LCM (Least Common Multiple) of 8 and 5 =?
Step 2: LCM(8, 5) =?",GSM8k,LAMA-3.2-3B
267,guided,268,"You have $12 in nickels and quarters. If you have the same number of each kind of coin, how many nickels do you have?",40,Division,4,False,coin_flip,0.2,0,5,0.0,4,True,False,"{'4': 1, '125': 1, '0': 1, '14': 1, '9': 1}","Step 1: Total value (nickel) + Total value (quarter) = Value per nickel + Value per quarter
Step 2: Let x represent the amount of each type of coin. Then, 5x + 25x = 0.05x + 0.25x",GSM8k,LAMA-3.2-3B
268,guided,269,Adam bought a new flat screen TV with an area of 21 square feets. The screen is 3 feet wide How tall is it?,7,Multi-step,7,True,majority,1.0,5,5,1.0,0,False,,{'7': 5},"Step 1: Area / Width = Height
Step 2: 21 / 3 =?",GSM8k,LAMA-3.2-3B
269,guided,270,"If you had 37 bags of cookies with 19 cookies in each bag, how many cookies would you have?",703,Multiplication,703,True,majority,1.0,5,5,1.0,0,False,,{'703': 5},"Step 1: Bags * Cookies per Bag = Total Cookies
Step 2: 37 * 19 =?",GSM8k,LAMA-3.2-3B
270,guided,271,"Irene's Bakery sells muffins in packages of 18 and cookies in packages of 5. Going through yesterday's receipts, a store manager notices that the bakery sold the same number of muffins and cookies yesterday afternoon What is the smallest number of muffins that the bakery could have sold?",90,Multi-step,60,False,coin_flip,0.25,0,4,0.0,3,True,False,"{'60': 1, '18': 1, '10': 1, '45': 1}","Step 1: Muffin package size * Number of muffins = Cookie package size * Number of cookies
Step 2: 18x = 5y
Step 3: Find least common multiple (LCM) for 18 and 5 to determine minimum values of x & y.",GSM8k,LAMA-3.2-3B
271,guided,272,A tape was thirteen meters long. Haley used some to seal cartons. Now the tape is six meters long How much tape did she use?,7,Subtraction,13,False,majority,0.8,1,5,0.2,1,False,,"{'13': 4, '7': 1}","Step 1: Original length - Remaining length = Length of tape used
Step 2: 13 - 6 =?",GSM8k,LAMA-3.2-3B
272,guided,273,"Her friends are coming over the next day so she also bought some refreshments. If she has $50.00 left from the money she had after buying cookies, and she has $69.00 before, how much did she spend on juice?",19,Subtraction,50,False,refiner_tiebreak,0.3333,0,6,0.0,4,True,False,"{'-31': 1, '70.8': 1, '50': 2, '89': 1, '0.8': 1}","Step 1: Initial amount + Cost of refreshments = Final amount
Step 2: Initial amount - Final amount = Cost of refreshments
Step 3: $69.00 - $50.00 =?",GSM8k,LAMA-3.2-3B
273,guided,274,Mrs. Hilt saw 2 dogs and 2 chickens How many animal legs did she see?,12,Addition,12,True,coin_flip,0.3333,2,6,0.3333,4,True,False,"{'5': 1, '12': 2, '8': 2, '4': 1}","Step 1: Dogs have 4 legs each, so multiply the number of dogs by their leg count (Dog * 4).
Step 2: Add the result to the number of chicken's legs which also equals 2 times two (Chicken * 2).",GSM8k,LAMA-3.2-3B
274,guided,275,Jerry had eleven cherries. He ate eight of them How many cherries does Jerry have left?,3,Subtraction,3,True,majority,0.5,2,4,0.5,2,False,,"{'88': 1, '19': 1, '3': 2}",Step 1: Total - Ate = 11 - 8 =?,GSM8k,LAMA-3.2-3B
275,guided,276,"After they vacation, they figured out that the farm was divided into 5 sections and each section has a land area of 60 acres What is the total area of the farm?",300,Multiplication,300,True,majority,0.4,2,5,0.4,3,False,,"{'300': 2, '30000': 1, '1200': 1, '3000': 1}","Step 1: Number of sections * Area per section = Total area
Step 2: 5 * 60 =?",GSM8k,LAMA-3.2-3B
276,guided,277,"It's basketball season in Ashford Elementary School. Chuck, the team captain of the Blue Team is feeling nervous about it. Their first opponent is the Red Team, composed of other 3rd graders, gave them a hard time. If they lost by 13 points and the Red Team scored 61 points, what is their team's final score?",48,Subtraction,48,True,majority,1.0,3,3,1.0,0,False,,{'48': 3},"Step 1: Lost - Scored =? (Subtracting the difference between scores)
Step 2: Scored - Difference =? (Subtracting the known value)",GSM8k,LAMA-3.2-3B
277,guided,278,"While playing at the arcade, Kaleb won eight tickets playing 'whack a mole' and seven tickets playing 'skee ball'. If he was trying to buy candy that cost five tickets a piece, how many could he buy?",3,Division,3,True,majority,0.8,4,5,0.8,1,False,,"{'3': 4, '15': 1}","Step 1: Total Tickets = Whack-a-Mole + Skee-Ball = 8 + 7 =
Step 2: Total Tickets ÷ Cost per Candy = Total Tickets ÷ 5 =?",GSM8k,LAMA-3.2-3B
278,guided,279,"A full moon occurs every 30 days. If the last full moon occurred on a Friday, how many days will pass before a full moon occurs again on a Friday?",210,Multi-step,30,False,majority,0.6,0,5,0.0,2,False,,"{'30': 3, '24': 1, '32': 1}","Step 1: Days in one cycle = 30
Step 2: Remainder when dividing current day (Friday) by days per cycle =? 
(Note: This step should be replaced with an equation that represents ""what's left over"".)
Step 3: Since we want another full moon on a Friday, add this remainder to the next multiple of 7 for the desired outcome.)",GSM8k,LAMA-3.2-3B
279,guided,280,"Henry and Margo both began traveling around a circular track. Henry is riding his bike, and Margo is walking. It takes Henry 7 minutes to make it all the way around, and Margo takes 12 minutes How much time will pass until they meet at the starting line?",84,Multi-step,24,False,coin_flip,0.2,0,5,0.0,4,True,False,"{'24': 1, '7': 1, '171': 1, '16.67': 1, '7200': 1}","Step 1: Find their relative speed difference in minutes per lap (Henry's speed / Margo's speed).
Step 2: Divide the length of the track by this difference to find how long it'll take for them to meet again.
Step 3: Since they're moving in opposite directions on a circle, we need half that amount since they'll meet exactly when one has completed an integer multiple of full laps more than the other.",GSM8k,LAMA-3.2-3B
280,guided,281,The Ferris wheel in Paradise Park has 14 seats. Each seat can hold 6 people How many people can ride the Ferris wheel at the same time?,84,Multiplication,84,True,majority,1.0,4,4,1.0,0,False,,{'84': 4},"Step 1: Number of seats * Capacity per seat = Total capacity
Step 2: 14 * 6 =?",GSM8k,LAMA-3.2-3B
281,guided,282,"Points A and B are 70 km apart on a highway. A car starts from A and another car starts from B at the same time. If they travel in the same direction, they meet in 7 hours, but if they travel towards each other they meet in one hour What are their respective speeds?",40,Multi-step,140,False,majority,0.8,0,5,0.0,1,False,,"{'140': 4, '.': 1}","Step 1: Let's denote speed of first car as x km/hour. Since distance covered by both cars when they meet while traveling in opposite directions equals sum of distances traveled by them individually (because they cover this amount together), we can set up equation:
x + y = 140 (since total distance between points A & B is 140km)
Step 2: When two vehicles move toward each other, their relative speed will be added to calculate time taken for meeting which should equal half of the total distance because it takes less time when moving towards each other compared to moving away from each other.
Therefore, we have another equation:
(x+y)/2=70
Step 3: Solve these equations simultaneously to find values of x & y. First solve second equation for y:
y = 140 - x
Substitute value of y into first equation:
x+(140-x)=140
Simplifying gives us:
140=140
This doesn't make sense so let's try again.
Let's rephrase our approach considering that when moving towards each other, their combined speed would give us the original distance divided by the new time taken which should also equal the sum of individual speeds since they're covering the entire gap in less time.
So correct formulation should look like this:
x + y = 140
And when moving towards each other:
(x+y) / t = 140 where t=1hr
Thus,
x + y = 140
x + y = 140
Now solving correctly:
x + y = 140
y = 140 - x
Substituting y back in first equation:
x +(140-x)=140
Solving for x:
140 = 140
Since",GSM8k,LAMA-3.2-3B
282,guided,283,"At the river, 25 out of 55 salmon families went to warmer waters to avoid being frozen How many salmon families were left in the river?",30,Subtraction,30,True,majority,0.8,4,5,0.8,1,False,,"{'30': 4, '55': 1}","Step 1: Total - Left = Remaining
Step 2: 55 - 25 =?",GSM8k,LAMA-3.2-3B
283,guided,284,Charlene made 60 bead necklaces. She sold 16 at a craft fair. She gave 18 to her friends How many necklaces did Charlene have then?,26,Multi-step,44,False,majority,0.4,0,5,0.0,3,False,,"{'62': 1, '44': 2, '60': 1, '34': 1}","Step 1: Initial amount - Sold = Remaining necklaces
Step 2: Remaining + Given away = Total remaining necklaces",GSM8k,LAMA-3.2-3B
284,guided,285,The ratio of the area of a rectangle to the area of a triangle is 2:5. The rectangle has a length of 6 cm and a width of 4 cm What is the area of the triangle?,60,Multi-step,20,False,coin_flip,0.25,0,4,0.0,3,True,False,"{'20': 1, '4': 1, '2': 1, '15': 1}","Step 1: Area of Rectangle / Area of Triangle = 2/5
Step 2: (Length * Width) for Rectangle / (Base * Height) for Triangle = 2/5
Step 3: (6*4)/(x*x) = 2/5",GSM8k,LAMA-3.2-3B
285,guided,286,"Among the third graders at Lanberry Elementary School, 12 play kickball during recess and 16 play four square. Among the fourth graders, 15 play kickball and 20 play four square In which grade is there a higher ratio of kickball players to four-square players?",They are equal,Subtraction,0,False,coin_flip,0.3333,0,3,0.0,2,True,False,"{'0': 1, '1': 1, '16': 1}","Step 1: Kickball / Four-Square ratios for each grade
Kickball (third) : Four-Square (third)
= 12 : 16
Kickball (fourth) : Four-Square (fourth)
= 15 : 20

Step 2: Compare both ratios
To compare these fractions, convert them to equivalent decimals:
Third-grade ratio in decimal form: 0.75 : 1
Fourth-grade ratio in decimal form: 0.75 : 1

Since they have equal values when converted to decimals, it's an equality.",GSM8k,LAMA-3.2-3B
286,guided,287,David has 7 boxes of stuffed toy dogs. Each box has four dogs in it How many legs are there in all?,112,Multiplication,28,False,majority,0.8,1,5,0.2,1,False,,"{'112': 1, '28': 4}","Step 1: Number of boxes * Number of dogs per box = Total number of dogs
Step 2: Total number of dogs * Legs per dog = Total number of legs
Step 3: Total number of legs",GSM8k,LAMA-3.2-3B
287,guided,288,"Tom had thirty-six pieces of clothing to wash. He put eighteen of them in one load, but decided to split the rest into two equal loads How many pieces of clothing could go in each of the small loads?",9,Division,9,True,majority,0.75,3,4,0.75,1,False,,"{'9': 3, '18': 1}","Step 1: Total - Loaded = Remaining
Step 2: Remaining / 2 =?",GSM8k,LAMA-3.2-3B
288,guided,289,An art museum had 15 pictures to split equally into 2 different exhibits How many more pictures would they need to make sure each exhibit had the same amount?,1,Multi-step,7.5,False,refiner_tiebreak,0.3333,0,6,0.0,4,True,False,"{'7.5': 2, '2': 1, '15': 1, '17': 1, '13': 1}","Step 1: Total - Exhibits / Exhibits per group = Remaining Pictures Needed
Step 2: (Total - Remaining) / Exhibits per group * Exhibits per group",GSM8k,LAMA-3.2-3B
289,guided,290,"A waiter had 47 customers to wait on. If 41 customers left and he got another 20 customers, how many customers would he have?",26,Multi-step,26,True,majority,0.6,3,5,0.6,2,False,,"{'6': 1, '26': 3, '67': 1}","Step 1: Initial - Left = 47 - 41 =
Step 2: + New arrivals = 6 =",GSM8k,LAMA-3.2-3B
290,guided,291,"Mrs. Hilt's favorite first grade classes are baking muffins. Mrs. Brier's class bakes 18 muffins, Mrs. MacAdams's class bakes 20 muffins, and Mrs. Flannery's class bakes 17 muffins How many muffins does first grade bake in all?",55,Addition,55,True,majority,1.0,5,5,1.0,0,False,,{'55': 5},"Step 1: Mrs. Brier + Mrs. MacAdams + Mrs. Flannery = 18 + 20 + 17 =
Step 2: Add these amounts together to find out how many muffins were baked by first-grade teachers.",GSM8k,LAMA-3.2-3B
291,guided,292,Lemon heads come in packages of 3. Patricia ate 15 Lemon Heads How many Lemon Heads does she have left?,0,Multi-step,5,False,majority,0.6,0,5,0.0,2,False,,"{'15': 1, '5': 3, '10': 1}","Step 1: Total - Ate = 20 - 15 =
Step 2: Remaining = 5",GSM8k,LAMA-3.2-3B
292,guided,293,"Packages of cheddar cheese come with 12 slices, while packages of Swiss cheese come with 28 slices. If Randy bought the same number of slices of each type of cheese, what is the smallest number of slices of each type that Randy could have bought?",84,Multi-step,7,False,majority,0.6,1,5,0.2,2,False,,"{'7': 3, '336': 1, '84': 1}","Step 1: Find LCM (Least Common Multiple) of 12 and 28.
Step 2: Divide LCM by both values to find minimum quantity for each package.",GSM8k,LAMA-3.2-3B
293,guided,294,"After the day, they were able to make 6 institutions happy. If each institution has 80 people How many people were made happy by the mayor and vice-mayor?",480,Multiplication,480,True,refiner_tiebreak,0.3333,2,6,0.3333,4,True,True,"{'60': 1, '120': 1, '720': 1, '480': 2, '0.45': 1}","Step 1: Total happy - Happy per institution * Institutions = People made happy by both officials
Step 2: (Mayor + Vice-Mayor) * Institutions = People made happy by both officials
Step 3: Mayor's share + Vice-Mayor's share = People made happy by both officials",GSM8k,LAMA-3.2-3B
294,guided,295,Emily collected eggs from the hen and put them into 303 baskets. She put 28 eggs into each basket How many eggs did Emily collect?,8484,Multiplication,8820,False,coin_flip,0.1667,1,6,0.1667,5,True,True,"{'8820': 1, '9000': 1, '3009': 1, '303': 1, '6060': 1, '8484': 1}","Step 1: Number of baskets * Eggs per basket = Total eggs
Step 2: 303 * 28 =?",GSM8k,LAMA-3.2-3B
295,guided,296,"Allen, Shiela's brother, likes to play with blocks. Shiela repainted Allen's old blocks in different colors. If Allen has 49 identical blocks and there are 7 blocks for every color of paint used, how many colors did Shiela use?",7,Division,7,True,majority,0.6,3,5,0.6,2,False,,"{'7': 3, '1': 1, '49': 1}","Step 1: Blocks per color / Blocks = Colors
Step 2: 49 ÷ 7 =?",GSM8k,LAMA-3.2-3B
296,guided,297,"Being his favorite, he saved checking on the grapevines for his last stop. He was told by one the pickers that they fill 324 drums of grapes per day How many drums of grapes would be filled in 9 days?",2916,Multiplication,3240,False,majority,0.4,1,5,0.2,3,False,,"{'5832': 1, '3240': 2, '36': 1, '2916': 1}","Step 1: Daily amount * Number of days = Total amount
Step 2: 324 * 9 =?",GSM8k,LAMA-3.2-3B
297,guided,298,A recipe for fruit punch says to use 8 ounces of orange juice for every 3 ounces of grape juice. Nicky used 72 ounces of orange juice How many fewer ounces of grape juice were used?,45,Subtraction,48,False,majority,0.6,0,5,0.0,2,False,,"{'24': 1, '48': 3, '69': 1}","Step 1: Orange Juice / 3 =? 
Step 2: Subtract this value from 72.",GSM8k,LAMA-3.2-3B
298,guided,299,The library is 14.2 km away from Daniel's apartment. The bus takes Daniel 11.15 km of the way to the library. He has to walk the remaining distance How many meters does Daniel have to walk?,3050,Subtraction,2050,False,majority,0.5,1,4,0.25,2,False,,"{'3.05': 1, '3050': 1, '2050': 2}","Step 1: Distance left - Distance traveled = Remaining distance in kilometers
Step 2: Convert kilometers to meters (since there are 1000 meters per kilometer)
Step 3: Multiply by 1000 for conversion",GSM8k,LAMA-3.2-3B
299,baseline,0,"He also has a section filled with short story booklets. If each booklet has 9 pages and there are 49 booklets in the short story section, how many pages will Jack need to go through if he plans to read them all?",441,Multiplication,49,False,coin_flip,0.1667,1,6,0.1667,5,True,,"{'49': 1, '360': 1, '98': 1, '432': 1, '4410': 1, '441': 1}",,GSM8k,LAMA-3.2-3B
300,baseline,1,29 birds were sitting in a tree. Some more fly up to the tree. Then there were 42 birds in the tree How many more flew up to the tree?,13,Subtraction,29,False,majority,0.8,1,5,0.2,1,False,,"{'29': 4, '13': 1}",,GSM8k,LAMA-3.2-3B
301,baseline,2,Terry cut a rope 35 inches long into two pieces in the ratio 3:4 What is the length of the longer piece?,20,Multi-step,20,True,coin_flip,0.3333,2,6,0.3333,4,True,,"{'20': 2, '35': 2, '5': 1, '24.5': 1}",,GSM8k,LAMA-3.2-3B
302,baseline,3,"Ramon works at the supermarket. He put 26 boxes of Choco Delights on the shelf. There were already 15 boxes there. Later that day, Ramon counted 22 boxes on the shelf How many boxes of Choco Delights were missing?",19,Multi-step,41,False,coin_flip,0.3333,0,6,0.0,4,True,,"{'41': 2, '4': 2, '33': 1, '22': 1}",,GSM8k,LAMA-3.2-3B
303,baseline,4,My ice cream shop was really busy today. It was 98 degrees and we sold 67 ice cream cones. We sold 15 more milkshakes than ice cream cones How many milkshakes were sold?,82,Addition,67,False,majority,0.75,1,4,0.25,1,False,,"{'67': 3, '82': 1}",,GSM8k,LAMA-3.2-3B
304,baseline,5,"My car gets 20 miles per gallon of gas. If Grandma's house is 100 miles away, how many gallons of gas would it take to get to her house?",5,Division,5,True,refiner_tiebreak,0.4,2,5,0.4,3,True,,"{'385': 1, '5': 2, '100': 1, '5.05': 1}",,GSM8k,LAMA-3.2-3B
305,baseline,6,"It usually takes Stanley 10 hours to go around his two favorite places. If he took 10 times longer than the usual, how many hours did it take him to go around the places this time?",100,Multiplication,20,False,majority,1.0,0,1,0.0,0,False,,{'20': 1},,GSM8k,LAMA-3.2-3B
306,baseline,7,"Roger is at the library helping put away books. There are fifty-four book to put away total but a librarian takes nineteen of them and leaves Roger with the rest. If he can fit five books on a shelf, how many shelves will he need?",7,Division,7,True,majority,0.8,4,5,0.8,1,False,,"{'7': 4, '35': 1}",,GSM8k,LAMA-3.2-3B
307,baseline,8,"They also prepared some chips. If he prepared 350 grams of chips and his father prepared 268 grams, how much chips should his brother prepare if they are to have 800 grams of chips?",182,Subtraction,182,True,majority,1.0,2,2,1.0,0,False,,{'182': 2},,GSM8k,LAMA-3.2-3B
308,baseline,9,"Paul was packing up his old toys. He managed to squeeze eight toys into a box. If Paul filled up four boxes, how many toys did he pack total?",32,Multiplication,32,True,majority,0.6,3,5,0.6,2,False,,"{'32': 3, '8': 1, '4': 1}",,GSM8k,LAMA-3.2-3B
309,baseline,10,Carla has some marbles. She bought 134 marbles. Now she has 187 marbles How many did she start with?,53,Subtraction,321,False,majority,0.5,0,4,0.0,2,False,,"{'321': 2, '317': 1, '287': 1}",,GSM8k,LAMA-3.2-3B
310,baseline,11,On the first day of the week Pat had 39 stickers. Pat earned 22 more during the week How many stickers did Pat have at the end of the week?,61,Addition,61,True,majority,0.75,3,4,0.75,1,False,,"{'61': 3, '39': 1}",,GSM8k,LAMA-3.2-3B
311,baseline,12,"For the roof, John would need 2 sets of metal bars for support. If each set has 7 metal bars, how many metal bars are there in all?",14,Multiplication,14,True,majority,0.8,4,5,0.8,1,False,,"{'14': 4, '2': 1}",,GSM8k,LAMA-3.2-3B
312,baseline,13,Sara bought decorations for her party. She paid $5 for balloons and $18 for tablecloths. She also spent $9 for streamers. She paid the cashier and got $8 back How much money did Sara give to the cashier?,40,Addition,5,False,majority,0.6,0,5,0.0,2,False,,"{'5': 3, '23': 1, '0': 1}",,GSM8k,LAMA-3.2-3B
313,baseline,14,Lou's Shoes must sell 80 pairs of shoes each month. They sold 27 pairs last week and 12 pairs this week How many more pairs of shoes must they sell?,41,Multi-step,41,True,majority,0.6,3,5,0.6,2,False,,"{'27': 1, '41': 3, '53': 1}",,GSM8k,LAMA-3.2-3B
314,baseline,15,Radio station Z-100 was giving away a $100 bill to every 100th caller during a contest and gave Jingle Ball tickets to every 40th caller How many callers must call before someone wins both a $100 bill and a Jingle Ball ticket?,200,Multi-step,40,False,coin_flip,0.25,0,4,0.0,3,True,,"{'40': 1, '1': 1, '1000': 1, '4': 1}",,GSM8k,LAMA-3.2-3B
315,baseline,16,"Tommy had some balloons. His mom gave him 34 more balloons for his birthday. Then, Tommy had 60 balloons How many balloons did Tommy have to start with?",26,Subtraction,94,False,majority,0.6,0,5,0.0,2,False,,"{'94': 3, '30': 1, '70': 1}",,GSM8k,LAMA-3.2-3B
316,baseline,17,"Virginia has 40 bananas and 4 marbles. If she shares the bananas among 40 friends, how many bananas does each friend get?",1,Division,1,True,majority,0.8,4,5,0.8,1,False,,"{'1600': 1, '1': 4}",,GSM8k,LAMA-3.2-3B
317,baseline,18,"A farmer bought 164 rabbits. If the farmer wanted to fill 17 cages with the same number of rabbits, how many more rabbits should the farmer buy?",6,Subtraction,9,False,majority,0.6667,0,3,0.0,1,False,,"{'3': 1, '9': 2}",,GSM8k,LAMA-3.2-3B
318,baseline,19,"Roger had sixty-three dollars. If he spent forty-eight bucks on a new game, how many three dollar toys could he buy with the money he had left?",5,Division,63,False,majority,0.8,0,5,0.0,1,False,,"{'63': 4, '48': 1}",,GSM8k,LAMA-3.2-3B
319,baseline,20,"Billy bought five boxes of books at a yard sale. If each box had seven books, how many books did he buy?",35,Multiplication,5,False,majority,0.4,1,5,0.2,3,False,,"{'5': 2, '35': 1, '15': 1, '50': 1}",,GSM8k,LAMA-3.2-3B
320,baseline,21,Annette and Caitlin weigh 95 pounds together. Caitlin and Sara weigh 87 pounds together How much more does Annette weigh than Sara?,8,Subtraction,8,True,majority,0.5,2,4,0.5,2,False,,"{'8': 2, '-8': 1, '-12': 1}",,GSM8k,LAMA-3.2-3B
321,baseline,22,Rachel picked three apples from her tree. Now the tree has four apples still on it How many apples did the tree have to begin with?,7,Addition,7,True,majority,0.8,4,5,0.8,1,False,,"{'7': 4, '2': 1}",,GSM8k,LAMA-3.2-3B
322,baseline,23,22 students are going on a field trip and 18 students are staying at school What is the ratio of the number of students who are going on the field trip to the number of students who are staying at school?,11,Multi-step,1.2222...,False,majority,0.5,0,4,0.0,2,False,,"{'1.22': 1, '1.22.': 1, '1.2222...': 2}",,GSM8k,LAMA-3.2-3B
323,baseline,24,3 owls were sitting on the fence. 2 more owls joined them How many owls are on the fence now?,5,Addition,3,False,majority,0.6,2,5,0.4,2,False,,"{'3': 3, '5': 2}",,GSM8k,LAMA-3.2-3B
324,baseline,25,"Ron and Chanarong had breakfast at a cafe. Muffins cost $2 each, and fruit cups cost $2 each. Ron had 1 muffin and 2 fruit cups. Chanarong had 1 muffin and 2 fruit cups How much did their breakfast cost?",12,Addition,6,False,refiner_tiebreak,0.3333,1,6,0.1667,4,True,,"{'2': 1, '6': 2, '12': 1, '10': 1, '4': 1}",,GSM8k,LAMA-3.2-3B
325,baseline,26,Adam could fit nine action figures on each shelf in his room. His room has three shelves How many action figures total could his shelves hold?,27,Multiplication,27,True,majority,0.8,4,5,0.8,1,False,,"{'3': 1, '27': 4}",,GSM8k,LAMA-3.2-3B
326,baseline,27,"A man is thrice as old as his son. After 12 years, he will be twice as old as his son Find their present ages.",36,Multi-step,12,False,majority,0.4,0,5,0.0,3,False,,"{'0': 1, '24': 1, '12': 2, '-12': 1}",,GSM8k,LAMA-3.2-3B
327,baseline,28,"In a telephone poll, 7 people said they like shopping and 20 people said they do not like shopping What is the ratio of the number of people who do not like shopping to the number of people who like shopping?",20,Multi-step,2.8571,False,refiner_tiebreak,0.3333,1,6,0.1667,4,True,,"{'2': 1, '2.9': 1, '3.5': 1, '20': 1, '2.8571': 2}",,GSM8k,LAMA-3.2-3B
328,baseline,29,Mrs. Hilt bought a notebook for $1.30. She paid with nickels How many nickels did she use to buy the notebook?,26,Multi-step,26,True,majority,0.4,2,5,0.4,3,False,,"{'26': 2, '1.3': 1, '0.7': 1, '46': 1}",,GSM8k,LAMA-3.2-3B
329,baseline,30,A comic book costs 37 cents. The store owner reversed the digits by mistake. He wrote that number on the comic book How much did the store owner overcharge his customer?,36,Multi-step,36,True,majority,0.4,2,5,0.4,3,False,,"{'10': 1, '36': 2, '27': 1, '0.37': 1}",,GSM8k,LAMA-3.2-3B
330,baseline,31,Mary is baking a cake. The recipe calls for 9 cups of flour and 3 cups of sugar. She already put in 2 cups of flour How many more cups of flour does she need to add ?,7,Subtraction,7,True,majority,1.0,1,1,1.0,0,False,,{'7': 1},,GSM8k,LAMA-3.2-3B
331,baseline,32,"Before reaching the mountains, Stanley stopped over a car shop to buy new tires for the road. If he bought four tires each for $60.00, how much did he spend for tires in total?",240,Multiplication,4,False,majority,0.6,1,5,0.2,2,False,,"{'4': 3, '60': 1, '240': 1}",,GSM8k,LAMA-3.2-3B
332,baseline,33,"At the end of the party, Mona gave away some souvenirs to her 6 closest friends. If each of them received 2 souvenir items, how many souvenirs did Mona give away?",12,Multiplication,6,False,coin_flip,0.3333,1,6,0.1667,4,True,,"{'6': 2, '5': 2, '10': 1, '12': 1}",,GSM8k,LAMA-3.2-3B
333,baseline,34,"A clown needed two hundred twenty-seven balloons for a party he was going to, but the balloons only came in packs of two How many packs of balloons would he need to buy?",114,Division,113.5,False,majority,0.8,0,5,0.0,1,False,,"{'113.5': 4, '123.5': 1}",,GSM8k,LAMA-3.2-3B
334,baseline,35,"Being his favorite, Michael has 4 times more flying robots than Tom. If Tom has 3 flying robots, how many flying robots does Michael have?",12,Multiplication,15,False,majority,0.5,0,4,0.0,2,False,,"{'15': 2, '3': 1, '13': 1}",,GSM8k,LAMA-3.2-3B
335,baseline,36,The third angle of a triangle is the same size as the first. The second angle is 4 times the third Find the measure of the angles.,30,Multi-step,180,False,majority,0.8,0,5,0.0,1,False,,"{'26': 1, '180': 4}",,GSM8k,LAMA-3.2-3B
336,baseline,37,A is two years older than B. A's father D is twice as old as A and B is twice old as his sister C. The ages of D and C differ by 40 years Find the ages of A and B.,26,Multi-step,20,False,coin_flip,0.2,0,5,0.0,4,True,,"{'20': 1, '40': 1, '42': 1, '4': 1, '2': 1}",,GSM8k,LAMA-3.2-3B
337,baseline,38,Miki bought 4 packs of red bouncy balls and 3 packs of yellow bouncy balls. Each package contained 7 bouncy balls How many more packs of red bouncy balls than yellow bouncy balls did Miki buy?,1,Subtraction,1,True,majority,0.6,3,5,0.6,2,False,,"{'1': 3, '7': 2}",,GSM8k,LAMA-3.2-3B
338,baseline,39,Joy will see her grandma in two days How many hours until she sees her?,48,Multiplication,-2,False,coin_flip,0.25,0,4,0.0,3,True,,"{'-2': 1, '-22': 1, '0.0833': 1, '0': 1}",,GSM8k,LAMA-3.2-3B
339,baseline,40,"Adam put eighteen items in the shopping cart. After deleting some, he had eight left How many items did Adam delete?",10,Subtraction,10,True,majority,0.6,3,5,0.6,2,False,,"{'10': 3, '18': 2}",,GSM8k,LAMA-3.2-3B
340,baseline,41,"Ned was helping the cafeteria workers pick up lunch trays, but he could only carry eight trays at a time. If he had to pick up twenty-seven trays from one table and five trays from another, how many trips will he make?",4,Division,3.375,False,majority,0.5,0,4,0.0,2,False,,"{'3.375': 2, '32': 1, '37': 1}",,GSM8k,LAMA-3.2-3B
341,baseline,42,"Allen, Charles, Lex and Shiela spent days reading books for their book report. The texts were printed very small so they were only able to cover very few pages a day. Allen read about the Solar System. He read 10 pages a day of a book which has 120 pages How many days did it take Allen to finish reading the book?",12,Division,12,True,majority,0.6,3,5,0.6,2,False,,"{'120': 1, '12': 3, '1200': 1}",,GSM8k,LAMA-3.2-3B
342,baseline,43,"A restaurant needs to buy three hundred eighty-seven new plates. If each box has five plates in it, how many boxes will they need to buy?",78,Division,77.4,False,coin_flip,0.2,0,5,0.0,4,True,,"{'77.4': 1, '76.4': 1, '6004': 1, '782': 1, '79': 1}",,GSM8k,LAMA-3.2-3B
343,baseline,44,"The exit door leads to a river 487 inches across, if the bridge he needs to cross is only 295 inches, how much longer does he need to build if he wants to cross the river using the bridge?",192,Subtraction,192,True,refiner_tiebreak,0.3333,2,6,0.3333,4,True,,"{'1.644': 1, '97': 1, '100': 1, '292': 1, '192': 2}",,GSM8k,LAMA-3.2-3B
344,baseline,45,"Sam invited 9 friends to a birthday party, but 6 couldn't come. If he wanted to buy enough cupcakes so each person could have exactly 2, how many should he buy?",6,Multiplication,3,False,majority,0.6,2,5,0.4,2,False,,"{'3': 3, '6': 2}",,GSM8k,LAMA-3.2-3B
345,baseline,46,"A P.E. teacher needs to divide 14 male students and 7 female students into teams, each with the same combination of male students and female students and nobody left out What is the greatest number of teams that can be formed?",7,Multi-step,14,False,majority,0.5,0,4,0.0,2,False,,"{'21': 1, '14': 2, '2380': 1}",,GSM8k,LAMA-3.2-3B
346,baseline,47,A lab technician cuts a 12 inch piece of tubing into two pieces in such a way that one piece is 2 times longer than the other How long are the pieces?,4,Multi-step,12,False,majority,1.0,0,5,0.0,0,False,,{'12': 5},,GSM8k,LAMA-3.2-3B
347,baseline,48,Divide 39 balloons into 7 equal groups How many balloons are there in each group?,5,Division,4,False,majority,1.0,0,1,0.0,0,False,,{'4': 1},,GSM8k,LAMA-3.2-3B
348,baseline,49,"Even the chipmunks are trying to get away to find other warmer places to stay. If 21 chipmunk families were left from the original 86 families, how many chipmunk families went away?",65,Subtraction,86,False,majority,0.6,1,5,0.2,2,False,,"{'86': 3, '66': 1, '65': 1}",,GSM8k,LAMA-3.2-3B
349,baseline,50,Randy has 78 blocks. He uses 19 blocks to build a tower How many blocks are left?,59,Subtraction,59,True,majority,0.8,4,5,0.8,1,False,,"{'59': 4, '78': 1}",,GSM8k,LAMA-3.2-3B
350,baseline,51,Zoe is on vacation. She has already taken 28 pictures. She has enough film left to take 32 more pictures. Zoe took 16 more pictures at the dolphin show How many pictures has Zoe taken altogether?,44,Addition,58,False,coin_flip,0.1667,1,6,0.1667,5,True,,"{'58': 1, '38': 1, '44': 1, '-12': 1, '48': 1, '16': 1}",,GSM8k,LAMA-3.2-3B
351,baseline,52,"While sorting some change into piggy banks, Diane put 72 coins in the first piggy bank, 81 coins in the second piggy bank, 90 coins in the third piggy bank, 99 coins in the fourth piggy bank, and 108 coins in the fifth piggy bank. If this pattern continues, how many coins will Diane put in the sixth piggy bank?",117,Multi-step,117,True,majority,0.4,2,5,0.4,3,False,,"{'117': 2, '113': 1, '118': 1, '130': 1}",,GSM8k,LAMA-3.2-3B
352,baseline,53,"Next on his checklist are wax glues to stick the feathers together. If the feathers require 469 g of wax and right now he just needs 257 g, how many grams of wax glue does he already have?",212,Subtraction,469,False,coin_flip,0.25,1,4,0.25,3,True,,"{'469': 1, '212': 1, '169': 1, '513': 1}",,GSM8k,LAMA-3.2-3B
353,baseline,54,"Alissa picked 16 flowers. Her twin sister, Melissa, also picked 16 flowers. They gave their mother 18 flowers How many flowers did the sisters have left?",14,Subtraction,32,False,coin_flip,0.3333,2,6,0.3333,4,True,,"{'32': 2, '544': 1, '14': 2, '-18': 1}",,GSM8k,LAMA-3.2-3B
354,baseline,55,"When she got to school, she saw that the school is composed of 9 buildings, each having 30 classrooms How many classrooms does the school have?",270,Multiplication,270,True,majority,0.6,3,5,0.6,2,False,,"{'90': 1, '9': 1, '270': 3}",,GSM8k,LAMA-3.2-3B
355,baseline,56,Jenny was told to clean up her room in fourteen days or she could not go to her best friend's birthday party. It is three days left but Jenny has cleaned up her room How many days did she spend?,11,Subtraction,11,True,majority,0.5,2,4,0.5,2,False,,"{'11': 2, '16': 1, '3': 1}",,GSM8k,LAMA-3.2-3B
356,baseline,57,Doug built a tent in the shape of a regular pentagon. Its perimeter is 60 feet What is the length of each side of the tent?,12,Multi-step,12,True,majority,0.6667,2,3,0.6667,1,False,,"{'12': 2, '5': 1}",,GSM8k,LAMA-3.2-3B
357,baseline,58,A group of science students went on a field trip. They took 2 vans and 3 buses. There were 8 people in each van and 20 people in each bus How many people went on the field trip?,76,Addition,76,True,majority,0.8,4,5,0.8,1,False,,"{'76': 4, '2': 1}",,GSM8k,LAMA-3.2-3B
358,baseline,59,"During a senate campaign, a volunteer passed out a ""Vote for Hatfield"" button. The campaign button has a diameter of 8 centimeters What is the button's circumference?",25.12,Multi-step,25.1,False,majority,0.6667,1,3,0.3333,1,False,,"{'25.1': 2, '25.12': 1}",,GSM8k,LAMA-3.2-3B
359,baseline,60,Fifteen more than three times a number is the same as ten less than six times the number What is the number?,25,Multi-step,0,False,coin_flip,0.2,0,5,0.0,4,True,,"{'0': 1, '20': 1, '8.33': 1, '4.17': 1, '8.333': 1}",,GSM8k,LAMA-3.2-3B
360,baseline,61,An egg seller finds 432 eggs are either spoiled or broken and 1080 eggs are in good condition Find the ratio of bad eggs to good eggs.,2,Multi-step,1512,False,coin_flip,0.1667,0,6,0.0,5,True,,"{'1512': 1, '1.07': 1, '1502': 1, '342': 1, '-648': 1, '1412': 1}",,GSM8k,LAMA-3.2-3B
361,baseline,62,Tony made 14 L of lemonade for a party. His guests drank 9500 mL of the lemonade How many milliliters of lemonade did Tony have left over?,4500,Subtraction,4500,True,coin_flip,0.3333,1,3,0.3333,2,True,,"{'4500': 1, '4900': 1, '4700': 1}",,GSM8k,LAMA-3.2-3B
362,baseline,63,"After New York, she decided to visit the Smithsonian in Washington DC. If she has 63 miniature aircrafts and she gave away 49 to the National Air and Space Museum, how many are left with her?",14,Subtraction,63,False,coin_flip,0.3333,2,6,0.3333,4,True,,"{'63': 2, '112': 1, '14': 2, '13': 1}",,GSM8k,LAMA-3.2-3B
363,baseline,64,"There were 36 dogs and 29 cats in a pet center. After 20 of the dogs were adopted by people, the pet center collected another 12 cats How many pets were there in the pet center in the end?",57,Multi-step,36,False,majority,0.6,0,5,0.0,2,False,,"{'28': 1, '36': 3, '41': 1}",,GSM8k,LAMA-3.2-3B
364,baseline,65,"Paul made forty-four dollars mowing lawns and twenty-eight dollars weed eating. If he only spent nine dollar a week, how long would the money last him?",8,Division,72,False,majority,0.6,2,5,0.4,2,False,,"{'72': 3, '8': 2}",,GSM8k,LAMA-3.2-3B
365,baseline,66,Amelia works at the candy store. She has to sell 90 Jet Bars each week. She sold 45 on Monday. She sold 16 fewer Jet Bars on Tuesday How many more Jet Bars does Ameila have to sell?,16,Subtraction,61,False,majority,0.4,0,5,0.0,3,False,,"{'90': 1, '45': 1, '61': 2, '29': 1}",,GSM8k,LAMA-3.2-3B
366,baseline,67,It takes 3 eggs to make a cake How many cakes can you make with 37 eggs?,12,Division,20,False,coin_flip,0.2,0,5,0.0,4,True,,"{'20': 1, '37': 1, '2': 1, '74': 1, '11': 1}",,GSM8k,LAMA-3.2-3B
367,baseline,68,"A farmer had ninety-seven tomatoes from his garden. If he picked eighty-three of them, how many would he have left?",14,Subtraction,14,True,majority,0.75,3,4,0.75,1,False,,"{'14': 3, '17': 1}",,GSM8k,LAMA-3.2-3B
368,baseline,69,"A grocery store needed eight hundred ten cans of peas. If the peas come in boxes with four cans in each box, how many boxes would they need to order?",203,Division,800,False,majority,0.4,0,5,0.0,3,False,,"{'810': 1, '800': 2, '200': 1, '8000': 1}",,GSM8k,LAMA-3.2-3B
369,baseline,70,Gina mixed paint to make her favorite shade of purple. She filled up one third of the container with red paint. Then she filled the remaining space with 4 L of blue paint How many milliliters of paint did Gina mix?,6000,Multiplication,0,False,refiner_tiebreak,0.6667,0,3,0.0,1,True,,"{'0': 2, '1000': 1}",,GSM8k,LAMA-3.2-3B
370,baseline,71,The school is planning a field trip. There are 60 students and 10 seats on each school bus How many buses are needed to take the trip?,6,Division,6,True,majority,0.8,4,5,0.8,1,False,,"{'6': 4, '60': 1}",,GSM8k,LAMA-3.2-3B
371,baseline,72,Tina had a large collection of beanie babies. She gave 8 beanie babies to her cousin. She gave half that amount to her sister. She gave 36 beanie babies to needy children. She kept 12 for herself How many beanie babies were in Tina's collection at first?,60,Addition,36,False,majority,0.75,0,4,0.0,1,False,,"{'56': 1, '36': 3}",,GSM8k,LAMA-3.2-3B
372,baseline,73,"The difference of two numbers is 70. If the larger number is 6 times the smaller number, find the numbers.",84,Multi-step,70,False,majority,1.0,0,5,0.0,0,False,,{'70': 5},,GSM8k,LAMA-3.2-3B
373,baseline,74,"If the group was able to make 65 recycled materials from what they gathered and the teachers were able to make 28, how many recycled products will they be able to sell at the fair?",93,Addition,93,True,refiner_tiebreak,0.4,2,5,0.4,3,True,,"{'93': 2, '0': 1, '65': 1, '37': 1}",,GSM8k,LAMA-3.2-3B
374,baseline,75,Mrs. Randall has taught third grade for 18 years. She has 26 students this year. She also taught second grade for 8 years How many years has Mrs. Randall been teaching?,26,Addition,26,True,majority,0.6,3,5,0.6,2,False,,"{'26': 3, '18': 2}",,GSM8k,LAMA-3.2-3B
375,baseline,76,Paco had 35 cookies. He ate 6 of them How many cookies did Paco have left?,29,Subtraction,35,False,majority,0.5,1,4,0.25,2,False,,"{'31': 1, '35': 2, '29': 1}",,GSM8k,LAMA-3.2-3B
376,baseline,77,A fast food restaurant had ninety-one hotdogs. After selling some they had twenty left What's the difference between the number of hotdogs before selling and after selling?,71,Subtraction,91,False,majority,0.6,2,5,0.4,2,False,,"{'71': 2, '91': 3}",,GSM8k,LAMA-3.2-3B
377,baseline,78,A book had a length of 5 inches and a total area of 50 square inches How wide is the book?,10,Multi-step,10,True,majority,1.0,4,4,1.0,0,False,,{'10': 4},,GSM8k,LAMA-3.2-3B
378,baseline,79,"Issa jogged two-thirds of the way home from school. Then he was tired, so he walked the remaining 3200 m How many kilometers did Issa travel from school to his house?",9.6,Multiplication,3200,False,majority,0.4,0,5,0.0,3,False,,"{'2400': 1, '3200': 2, '4800': 1, '1000': 1}",,GSM8k,LAMA-3.2-3B
379,baseline,80,Next on his list is the famous Empire State Building. There he learned that the building stands 1250 feet to the top floor and the antenna spire is 204 feet How tall is the Empire State Building?,1454,Addition,1154,False,coin_flip,0.5,1,2,0.5,1,True,,"{'1154': 1, '1454': 1}",,GSM8k,LAMA-3.2-3B
380,baseline,81,The distance travelled by Ben and Tim is in the ratio 3:4. The distance travelled by Ben is 18 miles Find the distance travelled by Tim.,24,Multi-step,18,False,coin_flip,0.3333,1,6,0.1667,4,True,,"{'18': 2, '21': 1, '72': 2, '24': 1}",,GSM8k,LAMA-3.2-3B
381,baseline,82,"For a party Janet bought some cupcakes. She bought 2 chocolate, 13 vanilla and 2 strawberry What's the difference between the number of cupcakes of chocolate flavor and the vanilla flavor?",11,Subtraction,2,False,majority,0.8,0,5,0.0,1,False,,"{'2': 4, '-11': 1}",,GSM8k,LAMA-3.2-3B
382,baseline,83,"At the gym, Hillary swims every 6 days, runs every 4 days and cycles every 16 days. If she did all three activities today, in how many days will she do all three activities again on the same day?",48,Multi-step,48,True,majority,0.6,3,5,0.6,2,False,,"{'48': 3, '288': 1, '56': 1}",,GSM8k,LAMA-3.2-3B
383,baseline,84,"There are 72 boys and 90 girls on the math team. For the next math competition, Mr. Johnson would like to arrange all of the students in equal rows with only girls or only boys in each row What is the greatest number of students that can be in each row?",18,Multi-step,72,False,majority,0.6,0,5,0.0,2,False,,"{'90': 1, '4': 1, '72': 3}",,GSM8k,LAMA-3.2-3B
384,baseline,85,A movie poster was 4 inches wide and 7 inches tall What is the area of the poster?,28,Multi-step,28,True,majority,1.0,4,4,1.0,0,False,,{'28': 4},,GSM8k,LAMA-3.2-3B
385,baseline,86,Sally memorized eight poems. After some time she could only recite three of them How many poems did she forget?,5,Subtraction,5,True,majority,0.6,3,5,0.6,2,False,,"{'5': 3, '8': 2}",,GSM8k,LAMA-3.2-3B
386,baseline,87,"Ellen had 380 legos, but she lost 57 of them How many legos does she have now?",323,Subtraction,380,False,majority,1.0,0,5,0.0,0,False,,{'380': 5},,GSM8k,LAMA-3.2-3B
387,baseline,88,"3 tons of mulch cost $15,000.00 What is the price per pound?",2.5,Division,3,False,coin_flip,0.2,1,5,0.2,4,True,,"{'3': 1, '5': 1, '5.00.': 1, '2.50.': 1, '2.5': 1}",,GSM8k,LAMA-3.2-3B
388,baseline,89,Joey checked his pockets for money. He found 17 cents in his pants pocket. He found 24 cents more than that in his jacket pocket How much money did Joey find altogether?,58,Addition,58,True,refiner_tiebreak,0.5,2,4,0.5,2,True,,"{'58': 2, '75': 1, '41': 1}",,GSM8k,LAMA-3.2-3B
389,baseline,90,"There are 5929 Skittles in Steven's Skittle collection. Steven also has 11 erasers. If the Skittles are organized into 77 groups, how big is each group?",77,Division,6027,False,coin_flip,0.2,0,5,0.0,4,True,,"{'6027': 1, '538': 1, '208': 1, '851': 1, '76': 1}",,GSM8k,LAMA-3.2-3B
390,baseline,91,"At Billy's Restaurant a group with two adults and five children came in to eat. If each meal cost three dollars, how much was the bill?",21,Multiplication,21,True,majority,0.8,4,5,0.8,1,False,,"{'21': 4, '6': 1}",,GSM8k,LAMA-3.2-3B
391,baseline,92,"On a modern art painting, there are 3 green dots in the first row, 6 green dots in the second row, 9 green dots in the third row, and 12 green dots in the fourth row. If this pattern continues, how many green dots will there be in the fifth row?",15,Multi-step,15,True,refiner_tiebreak,0.4,2,5,0.4,3,True,,"{'120': 1, '3': 1, '0': 1, '15': 2}",,GSM8k,LAMA-3.2-3B
392,baseline,93,Olivia was collecting cans for recycling. She had four bags with five cans inside each bag How many cans did she have?,20,Multiplication,4,False,majority,0.8,1,5,0.2,1,False,,"{'20': 1, '4': 4}",,GSM8k,LAMA-3.2-3B
393,baseline,94,A window had a length of 6 feet and a width of 10 feet What is the area of the window?,60,Multi-step,60,True,majority,1.0,4,4,1.0,0,False,,{'60': 4},,GSM8k,LAMA-3.2-3B
394,baseline,95,"A 6 ft board is cut into two pieces, one twice as long as the other How long are the pieces?",2,Multi-step,6,False,majority,0.6,2,5,0.4,2,False,,"{'6': 3, '2': 2}",,GSM8k,LAMA-3.2-3B
395,baseline,96,Maria and her sister want to buy a present for their mother. Maria has $17. Her sister has double that amount. They want to buy their mom a coat that costs $80 How much more money do they need?,29,Subtraction,34,False,majority,0.75,0,4,0.0,1,False,,"{'34': 3, '-29': 1}",,GSM8k,LAMA-3.2-3B
396,baseline,97,"There are 5 people on the Green Bay High track team. If a relay race is 150 meters long, and all 5 team members participate, how far will each team member have to run?",30,Division,30,True,majority,0.8,4,5,0.8,1,False,,"{'30': 4, '300': 1}",,GSM8k,LAMA-3.2-3B
397,baseline,98,Fabric is sold in stores from bolts that are 45 or 60 inches wide What is the width of the widest strips of fabric you can cut from either bolt without wasting any of the fabric if each strip has the same width?,15,Multi-step,15,True,coin_flip,0.3333,1,3,0.3333,2,True,,"{'15': 1, '105': 1, '0': 1}",,GSM8k,LAMA-3.2-3B
398,baseline,99,"Lavinia has 9 glasses and 6 mugs. She would like to set them out in identical groups, with none left over, in preparation for a dinner party What is the greatest number of groups Lavinia can set out?",3,Multi-step,3,True,majority,0.6,3,5,0.6,2,False,,"{'3': 3, '15': 1, '45': 1}",,GSM8k,LAMA-3.2-3B
399,baseline,100,"Then he started to prepare the games. If each game takes 5 minutes to prepare and he prepared a total of 5 games, how many minutes did it take for Andrew to prepare all the games?",25,Multiplication,5,False,majority,0.6667,1,3,0.3333,1,False,,"{'5': 2, '25': 1}",,GSM8k,LAMA-3.2-3B
400,baseline,101,"Morgan has 65 red pens, 45 blue pens, and 58 black pens How many pens does she have?",168,Addition,65,False,majority,0.4,1,5,0.2,3,False,,"{'65': 2, '110': 1, '195': 1, '168': 1}",,GSM8k,LAMA-3.2-3B
401,baseline,102,"For the final act, the circus brought out dancing animals wearing crowns. If each crown is made with 7 different colored feathers, how many feathers are needed for 934 crowns?",6538,Multiplication,6538,True,coin_flip,0.1667,1,6,0.1667,5,True,,"{'6538': 1, '934': 1, '6568': 1, '6548': 1, '6528': 1, '6558': 1}",,GSM8k,LAMA-3.2-3B
402,baseline,103,"Mrs. Hilt baked pies last weekend for a holiday dinner. She baked 16 pecan pies and 14 apples pies. If she wants to arrange all of the pies in rows of 5 pies each, how many rows will she have?",6,Division,6,True,majority,0.4,2,5,0.4,3,False,,"{'15': 1, '6': 2, '8': 1, '60': 1}",,GSM8k,LAMA-3.2-3B
403,baseline,104,Jae bought 12 cartons of ice cream and 3 cartons of yogurt. Each carton of ice cream cost $9 and each carton of yogurt cost $2 How much more did Jae spend on ice cream than on yogurt?,102,Subtraction,12,False,majority,0.4,1,5,0.2,3,False,,"{'15': 1, '12': 2, '108': 1, '102': 1}",,GSM8k,LAMA-3.2-3B
404,baseline,105,Will was drawing super heroes on a sheet of scrap paper. He drew two heroes on the front and seven heroes on the back How many heroes did he draw total?,9,Addition,9,True,majority,0.8,4,5,0.8,1,False,,"{'9': 4, '2': 1}",,GSM8k,LAMA-3.2-3B
405,baseline,106,"Christmas is near. Mr. Anderson, president of Nice People Inc. organized a charity event to share happiness to the less fortunate people. The first thing that he did is to visit an orphanage. There he dressed up as Santa and gave toys to the children. If he gave 134 toy cars to the boys and 269 dolls to the girls, how many toys did he give to all?",403,Addition,403,True,majority,0.6,3,5,0.6,2,False,,"{'403': 3, '134': 2}",,GSM8k,LAMA-3.2-3B
406,baseline,107,"There are two hundred eighty-seven people attending a luncheon. If a table can hold nine people, how many tables do they need?",32,Division,9.67,False,coin_flip,0.2,0,5,0.0,4,True,,"{'9.67': 1, '10': 1, '22.222...': 1, '31.888...': 1, '27': 1}",,GSM8k,LAMA-3.2-3B
407,baseline,108,"A food company has seven hundred seventy-seven kilograms of food to put into boxes. If each box gets exactly two kilograms, how many full boxes will they have?",388,Division,288,False,refiner_tiebreak,0.3333,0,6,0.0,4,True,,"{'338.5': 1, '3': 1, '289': 1, '288': 2, '389': 1}",,GSM8k,LAMA-3.2-3B
408,baseline,109,Adam needed to climb ninety-six stair steps to reach the rooftop. He already climbed seventy-four How many stair steps do left for Adam to climb now?,22,Subtraction,74,False,coin_flip,0.3333,1,6,0.1667,4,True,,"{'16': 1, '74': 2, '96': 2, '22': 1}",,GSM8k,LAMA-3.2-3B
409,baseline,110,"For the school bake sale Katie made 26 cupcakes. If she sold 20 of them and then made 20 more, how many cupcakes would she have?",26,Multi-step,-14,False,majority,0.4,1,5,0.2,3,False,,"{'46': 1, '-14': 2, '26': 1, '6': 1}",,GSM8k,LAMA-3.2-3B
410,baseline,111,"Matthew and Billie went apple picking. Matthew found 46 big, red apples. Billie found some as well. Together they found 80 apples How many apples did Billie find?",34,Subtraction,46,False,coin_flip,0.3333,2,6,0.3333,4,True,,"{'46': 2, '80': 2, '34': 2}",,GSM8k,LAMA-3.2-3B
411,baseline,112,"Sean had 45 Starbursts. If Sean gave equal numbers of Starbursts to his 18 friends and then he ate what was left, how many Starbursts did each person eat?",2,Division,0,False,majority,0.4,0,5,0.0,3,False,,"{'9': 1, '4': 1, '36': 1, '0': 2}",,GSM8k,LAMA-3.2-3B
412,baseline,113,Mrs. Hilt read 2 books per day How many books did she read in one week?,14,Addition,14,True,majority,1.0,5,5,1.0,0,False,,{'14': 5},,GSM8k,LAMA-3.2-3B
413,baseline,114,"Sunday morning was spent for making wood carvings which can be sold as souvenir for tourists. They were placed in shelves that can contain 8 wood carvings at a time. If 56 wood carvings were displayed, how many shelves were filled with carvings?",7,Division,7,True,majority,1.0,5,5,1.0,0,False,,{'7': 5},,GSM8k,LAMA-3.2-3B
414,baseline,115,"For homework Megan had thirty-six math problems and twenty-eight spelling problems. If she can finish eight problems in an hour, how long will it take her to finish all the problems?",8,Division,64,False,majority,0.6,0,5,0.0,2,False,,"{'64': 3, '36': 2}",,GSM8k,LAMA-3.2-3B
415,baseline,116,"Ann has $777 and Bill has $1,111 How much does Bill need to give to Ann, so that they would have the same amount of money?",167,Division,777,False,majority,0.6667,0,3,0.0,1,False,,"{'777': 2, '434': 1}",,GSM8k,LAMA-3.2-3B
416,baseline,117,"Allie has 5 math books and 10 science books. If she wants to distribute them evenly among some bookshelves so that each bookshelf has the same combination of math and science books, with no books left over, what is the greatest number of bookshelves Allie can use?",5,Multi-step,15,False,majority,0.6667,1,3,0.3333,1,False,,"{'15': 2, '5': 1}",,GSM8k,LAMA-3.2-3B
417,baseline,118,"Rachel bought 8 music albums online. If each album had 2 songs, how many songs did she buy total?",16,Multiplication,8,False,majority,0.6,1,5,0.2,2,False,,"{'8': 3, '16': 1, '24': 1}",,GSM8k,LAMA-3.2-3B
418,baseline,119,532 people are watching a movie in a theater. The theater has 750 seats How many seats are empty in the theater?,218,Subtraction,218,True,majority,0.5,2,4,0.5,2,False,,"{'532': 1, '218': 2, '750': 1}",,GSM8k,LAMA-3.2-3B
419,baseline,120,Maria took sixteen fish out of her fish tank. Now there are three fish in the tank How many fish were in the tank to start with?,19,Addition,19,True,majority,0.75,3,4,0.75,1,False,,"{'19': 3, '16': 1}",,GSM8k,LAMA-3.2-3B
420,baseline,121,Two marbles are in the basket. Two marbles are taken out of the basket How many marbles are in the basket now?,0,Subtraction,0,True,majority,0.6,3,5,0.6,2,False,,"{'4': 2, '0': 3}",,GSM8k,LAMA-3.2-3B
421,baseline,122,"While counting chairs in the lunch room, Marie noticed that there were 14 chairs in the first row, 23 chairs in the second row, 32 chairs in the third row, 41 chairs in the fourth row, and 50 chairs in the fifth row. If this pattern continues, how many chairs will there be in the sixth row?",50,Multi-step,9,False,majority,0.4,0,5,0.0,3,False,,"{'9': 2, '1': 1, '32': 1, '60': 1}",,GSM8k,LAMA-3.2-3B
422,baseline,123,"Sullivan Stationery sells cards in packs of 20 and envelopes in packs of 17. If Vera wants the same number of each, what is the minimum number of cards that she will have to buy?",340,Multi-step,340,True,majority,0.5,2,4,0.5,2,False,,"{'340': 2, '34': 1, '1': 1}",,GSM8k,LAMA-3.2-3B
423,baseline,124,Garrett went shopping for snack supplies and bought 6 oatmeal raisin granola bars and 8 peanut granola bars How many granola bars did he buy in all?,14,Addition,6,False,majority,0.6,1,5,0.2,2,False,,"{'6': 3, '14': 1, '54': 1}",,GSM8k,LAMA-3.2-3B
424,baseline,125,"Martin is pasting pieces of square colored paper of equal size onto a board measuring 72 cm by 90 cm. If only whole square pieces are used, and the board is to be completely covered, what is the largest possible length of the side of each square colored paper?",18,Multi-step,16,False,coin_flip,0.25,0,4,0.0,3,True,,"{'16': 1, '9': 1, '10': 1, '7.5': 1}",,GSM8k,LAMA-3.2-3B
425,baseline,126,"It is harvest season in the country. Lewis, whose family owns a fruit farm, is busy overseeing their farmers while they are harvesting the fruits. His day starts by going to the apple orchard. The farmers reported that they harvest 45 sacks of apples from each of the 8 sections of the orchard daily How many apples are harvested every day?",360,Multiplication,360,True,refiner_tiebreak,0.4,2,5,0.4,3,True,,"{'1': 1, '45': 1, '20': 1, '360': 2}",,GSM8k,LAMA-3.2-3B
426,baseline,127,"By coincidence, Monica's Obedience School trained the same number of dogs and cats last week. The school teaches dogs in groups of 18 and cats in groups of 3 What is the smallest number of cats the school could have had?",18,Multi-step,18,True,coin_flip,0.4,2,5,0.4,3,True,,"{'6': 1, '18': 2, '3': 2}",,GSM8k,LAMA-3.2-3B
427,baseline,128,Each side of a square piece of sheet metal is 7 meters long What is the sheet metal's perimeter?,28,Multi-step,28,True,majority,1.0,4,4,1.0,0,False,,{'28': 4},,GSM8k,LAMA-3.2-3B
428,baseline,129,"Antonieta wants to ride the Ferris wheel, the roller coaster, and the log ride. The Ferris wheel costs 6 tickets, the roller coaster costs 5 tickets and the log ride costs 7 tickets. Antonieta has 2 tickets How many more tickets should Antonieta buy?",16,Subtraction,16,True,majority,0.6667,2,3,0.6667,1,False,,"{'16': 2, '2': 1}",,GSM8k,LAMA-3.2-3B
429,baseline,130,Haley's favorite band was holding a concert where tickets were four dollars each. Haley bought three tickets for herself and her friends and five extra tickets in case anyone else wanted to go How much did she spend?,32,Multiplication,24,False,coin_flip,0.2,1,5,0.2,4,True,,"{'24': 1, '3': 1, '32': 1, '28': 1, '36': 1}",,GSM8k,LAMA-3.2-3B
430,baseline,131,"Bianca had 45 coloring books. If she gave away 6 of them, but then bought 20 more, how many would she have total?",59,Multi-step,45,False,majority,0.75,0,4,0.0,1,False,,"{'45': 3, '39': 1}",,GSM8k,LAMA-3.2-3B
431,baseline,132,Janet has nine oranges and Sharon has seven oranges How many oranges do Janet and Sharon have together?,16,Addition,9,False,majority,0.6,2,5,0.4,2,False,,"{'16': 2, '9': 3}",,GSM8k,LAMA-3.2-3B
432,baseline,133,The fraction whose numerator is 3 and the denominator is 1 more than twice the numerator Find the fraction.,3,Multi-step,7,False,majority,0.6,2,5,0.4,2,False,,"{'3': 2, '7': 3}",,GSM8k,LAMA-3.2-3B
433,baseline,134,Emily was playing a trivia game. In the first round she scored 16 points and in the second round she scored 33 points. In the last round she lost 48 points How many points did she have at the end of the game?,1,Multi-step,1,True,majority,0.5,2,4,0.5,2,False,,"{'7': 1, '1': 2, '49': 1}",,GSM8k,LAMA-3.2-3B
434,baseline,135,Charles found 6 pennies on his way to school. He also had 3 nickels already at home How much money does he now have in all?,21,Addition,0.06,False,majority,0.4,0,5,0.0,3,False,,"{'0': 1, '0.06': 2, '0.1': 1, '0.01': 1}",,GSM8k,LAMA-3.2-3B
435,baseline,136,"The mini library also has a section for the classics. If Jack has a collection of 6 classic authors, with each author having 33 books, how many books does he have in the classics section?",198,Multiplication,198,True,refiner_tiebreak,0.5,3,6,0.5,3,True,,"{'186': 2, '180': 1, '198': 3}",,GSM8k,LAMA-3.2-3B
436,baseline,137,Mrs. Hilt owns a house on a lot shaped like a rectangle. The width is twice its length. The perimeter of the lot is 60 feet What is the length and the width of the lot?,10,Multi-step,10,True,refiner_tiebreak,0.5,3,6,0.5,3,True,,"{'10': 3, '20': 1, '60': 2}",,GSM8k,LAMA-3.2-3B
437,baseline,138,Bobby has 142 books. Kristi has 78 books What's the difference of the number of Bobby's books and Kristi's books?,64,Subtraction,64,True,majority,0.6,3,5,0.6,2,False,,"{'52': 1, '64': 3, '62': 1}",,GSM8k,LAMA-3.2-3B
438,baseline,139,Joe's Bath Shop sells bars of soap in boxes of 5 bars and bottles of soap in boxes of 19 bottles. An employee is surprised to discover that the shop sold the same number of bars and bottles last week What is the smallest number of each type of soap that the shop could have sold?,95,Multi-step,95,True,majority,0.5,2,4,0.5,2,False,,"{'95': 2, '19': 1, '5': 1}",,GSM8k,LAMA-3.2-3B
439,baseline,140,Students from Flora Middle School were asked to participate in the event. They planted 47 apple trees and 27 orange trees in the forest near their school How many trees in total did the students plant?,74,Addition,74,True,majority,0.8,4,5,0.8,1,False,,"{'74': 4, '47': 1}",,GSM8k,LAMA-3.2-3B
440,baseline,141,The third graders are having a fair. They have 90 tickets to sell. They sold 38 tickets the first week and 17 tickets the second week How many tickets do they have left to sell?,35,Multi-step,38,False,majority,0.5,0,4,0.0,2,False,,"{'55': 1, '38': 2, '90': 1}",,GSM8k,LAMA-3.2-3B
441,baseline,142,"Lizzie lives in a very big and polluted city. Being an advocate for the environment, she organized a cleanup drive to help reduce the pollution. They started by cleaning the rivers that flow through and around the city. If her group was able to collect 387 pounds of garbage and another group gathered 39 pounds less than Lizzie's group, how much garbage were the two groups able to gather?",735,Addition,213,False,refiner_tiebreak,0.4,1,5,0.2,3,True,,"{'387': 1, '348': 1, '213': 2, '735': 1}",,GSM8k,LAMA-3.2-3B
442,baseline,143,"George was comparing the points the Bulls scored for different games. He recorded: 81, 73, 83, 86 and 73 What is the mean of the points scored?",79.2,Multi-step,154,False,majority,0.8,0,5,0.0,1,False,,"{'154': 4, '30.8': 1}",,GSM8k,LAMA-3.2-3B
443,baseline,144,"Some deer families are also moving out to avoid the shortage of grass that will result from occasional blizzards. If there are 79 deer families in the area and around 45 of them stayed, how many deer families moved out?",34,Subtraction,34,True,majority,0.4,2,5,0.4,3,False,,"{'34': 2, '124': 1, '40': 1, '79': 1}",,GSM8k,LAMA-3.2-3B
444,baseline,145,"Luke had 48 dollars in January. By March he had spent 11 dollars. If he got another 21 dollars from his mom, how much money would he have?",58,Multi-step,37,False,majority,0.4,0,5,0.0,3,False,,"{'37': 2, '26': 1, '65': 1, '21': 1}",,GSM8k,LAMA-3.2-3B
445,baseline,146,"Shiela was into history of Asia. She can read 11 pages per hour of the book entitled ""Asia's History Made Easy"". If the encyclopedia has 143 pages, how many hours did it take Shiela to finish reading the book?",13,Division,13,True,majority,0.5,2,4,0.5,2,False,,"{'1583': 1, '144.090909...': 1, '13': 2}",,GSM8k,LAMA-3.2-3B
446,baseline,147,Misha has 34 dollars How many dollars does she have to earn to have 47 dollars to buy a dog?,13,Subtraction,13,True,majority,0.6,3,5,0.6,2,False,,"{'13': 3, '47': 1, '34': 1}",,GSM8k,LAMA-3.2-3B
447,baseline,148,"In a game you start with 2 lives. If you got 6 extra lives in the first level and 11 more in the second, how many lives would you have?",19,Multi-step,2,False,majority,0.6,0,5,0.0,2,False,,"{'2': 3, '8': 1, '17': 1}",,GSM8k,LAMA-3.2-3B
448,baseline,149,"At lunch a waiter had 10 customers and 5 of them didn't leave a tip. If he got $3 each from the ones who did tip, how much money did he earn?",15,Multiplication,5,False,majority,0.6,1,5,0.2,2,False,,"{'15': 1, '45': 1, '5': 3}",,GSM8k,LAMA-3.2-3B
449,baseline,150,A company donates 935 pencils to a school. The pencils are divided evenly among 9 classrooms. The rest of the pencils are given to the library How many pencils were donated to the library?,8,Multi-step,103.44,False,coin_flip,0.2,0,5,0.0,4,True,,"{'103.44': 1, '17': 1, '844': 1, '0': 1, '831': 1}",,GSM8k,LAMA-3.2-3B
450,baseline,151,Kira has $1.20 in quarters and dimes. She has minimized coins altogether How many coins does she have?,6,Addition,0.35,False,coin_flip,0.1667,0,6,0.0,5,True,,"{'0.35': 1, '5': 1, '14': 1, '0.6': 1, '1.2': 1, '15': 1}",,GSM8k,LAMA-3.2-3B
451,baseline,152,Jerry owned seven video games. For his birthday he got two more How many games did Jerry have total?,9,Addition,7,False,majority,0.6,2,5,0.4,2,False,,"{'7': 3, '9': 2}",,GSM8k,LAMA-3.2-3B
452,baseline,153,"Billy was making ice using ice trays. Each tray held nine ice cubes. If he had eight trays, how many cubes could he make?",72,Multiplication,9,False,majority,0.6,1,5,0.2,2,False,,"{'9': 3, '72': 1, '8': 1}",,GSM8k,LAMA-3.2-3B
453,baseline,154,A radio station is having a promotion in which every 12th caller receives a free concert ticket and every 15th caller receives a limo ride Which caller will be the first one to win both?,The 60th caller.,Multi-step,60,False,majority,1.0,0,4,0.0,0,False,,{'60': 4},,GSM8k,LAMA-3.2-3B
454,baseline,155,"While playing a trivia game, Adam answered five questions correct in the first half and five questions correct in the second half. If each question was worth five points, what was his final score?",50,Multiplication,50,True,refiner_tiebreak,0.3333,2,6,0.3333,4,True,,"{'35': 1, '2': 1, '5': 1, '50': 2, '15': 1}",,GSM8k,LAMA-3.2-3B
455,baseline,156,Mindy's toothbrush is 17 centimeters long. Cesar's toothbrush is 1 centimeter longer than Mindy's Whose toothbrush is longer?,Cesar's toothbrush,Subtraction,18,False,majority,1.0,0,2,0.0,0,False,,{'18': 2},,GSM8k,LAMA-3.2-3B
456,baseline,157,A waiter had nineteen customers. After some left he still had four customers What's the difference between the number of customers before leaving and after leaving?,15,Subtraction,19,False,majority,0.6,1,5,0.2,2,False,,"{'15': 1, '19': 3, '7': 1}",,GSM8k,LAMA-3.2-3B
457,baseline,158,An island in the Atlantic Ocean was 2 miles wide and 6 miles long What is the area of the island?,12,Multi-step,12,True,majority,1.0,5,5,1.0,0,False,,{'12': 5},,GSM8k,LAMA-3.2-3B
458,baseline,159,Each side of a square kitchen tile is 7 inches long What is the tile's area?,49,Multi-step,49,True,majority,1.0,5,5,1.0,0,False,,{'49': 5},,GSM8k,LAMA-3.2-3B
459,baseline,160,Billy bought 7 boxes of candy with each box having 3 pieces inside of it How many pieces of candy did he have totaled?,21,Multiplication,7,False,majority,0.6,2,5,0.4,2,False,,"{'7': 3, '21': 2}",,GSM8k,LAMA-3.2-3B
460,baseline,161,Mike owned sixty-four baseball cards. For his birthday he got eighteen more How many cards does Mike have total?,82,Addition,82,True,refiner_tiebreak,0.3333,2,6,0.3333,4,True,,"{'64': 1, '74': 1, '70': 1, '78': 1, '82': 2}",,GSM8k,LAMA-3.2-3B
461,baseline,162,The book fair sold four posters. Now they have two posters left How many posters did they have to begin with?,6,Addition,6,True,majority,1.0,5,5,1.0,0,False,,{'6': 5},,GSM8k,LAMA-3.2-3B
462,baseline,163,"Susie and her family woke up early on the first weekend of spring. They had a long list of activities for spring cleaning. Susie's mom prepared 74 carrot sticks for breakfast. If the carrots were served equally to 12 people, how many carrot sticks were left uneaten?",2,Multi-step,74,False,coin_flip,0.25,0,4,0.0,3,True,,"{'74': 1, '6': 1, '0': 1, '876': 1}",,GSM8k,LAMA-3.2-3B
463,baseline,164,"Scott and Sam decided to sell their old comic books. They had 90 comic books altogether. After the sale, they only had 25 comic books How many comic books did Scott and Sam sell?",65,Subtraction,25,False,coin_flip,0.3333,2,6,0.3333,4,True,,"{'25': 2, '90': 2, '65': 2}",,GSM8k,LAMA-3.2-3B
464,baseline,165,"The Central City Zoo has 45 chimpanzees. Every day the chimps eat a total of 72 bananas. Next week, the zoo is moving 18 chimps to a new cage How many chimps will stay in the old cage?",27,Subtraction,3240,False,coin_flip,0.1667,1,6,0.1667,5,True,,"{'3240': 1, '44.19': 1, '45': 1, '1.6': 1, '7': 1, '27': 1}",,GSM8k,LAMA-3.2-3B
465,baseline,166,"Feeling good about what he did, Mr. Anderson decided to continue giving to others. He went around the city and gave clothes to homeless people. If he gave 589 shirts and 345 trousers, how many pieces of clothing did he gave out in total?",934,Addition,934,True,majority,0.6,3,5,0.6,2,False,,"{'934': 3, '589': 1, '933': 1}",,GSM8k,LAMA-3.2-3B
466,baseline,167,Benny sold half of his comic books and then bought 6 more. He now has 17 How many did he begin with ?,22,Multi-step,17,False,majority,0.8,0,5,0.0,1,False,,"{'6': 1, '17': 4}",,GSM8k,LAMA-3.2-3B
467,baseline,168,Mrs. Sheridan has 22 fish. Her sister gave her 47 more fish How many fish does she have now?,69,Addition,22,False,majority,0.8,1,5,0.2,1,False,,"{'22': 4, '69': 1}",,GSM8k,LAMA-3.2-3B
468,baseline,169,"Mary sold 9 boxes of Do-Si-Dos How many cases of 6 boxes, plus extra boxes does Mary need to deliver?",2,Division,2,True,refiner_tiebreak,0.3333,2,6,0.3333,4,True,,"{'9': 1, '0.0833': 1, '1.5': 1, '2': 2, '4': 1}",,GSM8k,LAMA-3.2-3B
469,baseline,170,Sam put 86 pretzels in a bowl for the party. His friends ate 49 of them. Sam put in 27 more pretzels How many pretzels were in the bowl then?,64,Multi-step,86,False,majority,0.6,0,5,0.0,2,False,,"{'86': 3, '37': 1, '113': 1}",,GSM8k,LAMA-3.2-3B
470,baseline,171,"Mrs. Hilt has two pennies, two dimes, and two nickels. Jacob has four pennies, one nickel, and one dime Who has more money?",Mrs. Hilt,Subtraction,22,False,majority,0.4,0,5,0.0,3,False,,"{'0.22': 1, '22': 2, '0.2': 1, '0.02': 1}",,GSM8k,LAMA-3.2-3B
471,baseline,172,"Alicia loves collecting art. She has a whole house filled with all the art she obtained since she was a little kid. When she decided to move away, she started donating some of her art to different museums. First museum she went to was the Metropolitan museum in New York. She donated 46 medieval art pieces from the 70 she originally has How many medieval art pieces were left with her?",24,Subtraction,46,False,majority,0.6,1,5,0.2,2,False,,"{'46': 3, '0': 1, '24': 1}",,GSM8k,LAMA-3.2-3B
472,baseline,173,"Their next destination is Lake Erie. Still in a contest, Hazel caught 48 different fishes while her father caught 46 How many fishes did they catch in Lake Erie?",94,Addition,94,True,majority,0.6,3,5,0.6,2,False,,"{'94': 3, '48': 2}",,GSM8k,LAMA-3.2-3B
473,baseline,174,There are 95 pretzels in a bowl. John ate 28 pretzels. Alan ate 9 fewer pretzels than John. Marcus ate 12 more pretzels than John How many pretzels did Marcus eat?,40,Addition,19,False,majority,0.4,0,5,0.0,3,False,,"{'95': 1, '19': 2, '59': 1, '87': 1}",,GSM8k,LAMA-3.2-3B
474,baseline,175,"After agreeing that the school menu needs to be changed, they had a vote for food suggestions. If 337 voted to add more veggies to the menu and 335 voted to add more meat, how many students voted?",672,Addition,672,True,majority,0.6,3,5,0.6,2,False,,"{'672': 3, '337': 2}",,GSM8k,LAMA-3.2-3B
475,baseline,176,There are 40 boys and some girls on the playground. There are 117 children altogether How many girls are on the playground?,77,Subtraction,40,False,refiner_tiebreak,0.3333,1,6,0.1667,4,True,,"{'40': 2, '0': 1, '77': 1, '36': 1, '117': 1}",,GSM8k,LAMA-3.2-3B
476,baseline,177,"After paying $2.30 for a drink, Bryon has $17.15 How much money did he have before buying the drink?",19.45,Addition,19.45,True,majority,0.6,3,5,0.6,2,False,,"{'19.45': 3, '17.15': 2}",,GSM8k,LAMA-3.2-3B
477,baseline,178,A florist needed to use 2 pounds of fertilizer for 9 days and then on the final day use the normal amount plus another 4 pounds How many pounds of fertilizer will she use all together?,22,Addition,20,False,coin_flip,0.25,0,4,0.0,3,True,,"{'20': 1, '2.875': 1, '9': 1, '26': 1}",,GSM8k,LAMA-3.2-3B
478,baseline,179,"A family is preparing backpacks filled with school supplies to donate to children in need. They have 9 pencils and 15 notebooks. If they want to make all the backpacks the same, with no school supplies left over, what is the greatest number of backpacks they can fill?",3,Multi-step,3,True,majority,0.4,2,5,0.4,3,False,,"{'0.6': 1, '3': 2, '9': 1, '1.8': 1}",,GSM8k,LAMA-3.2-3B
479,baseline,180,A movie theater sold 9 child tickets. The other 41 tickets it sold were adult tickets What is the ratio of the number of child tickets to the number of adult tickets?,9,Multi-step,9,True,majority,0.8,4,5,0.8,1,False,,"{'9': 4, '0.2': 1}",,GSM8k,LAMA-3.2-3B
480,baseline,181,"A car salesman sold 8 on Monday, 3 on Tuesday, 10 on Wednesday, 4 on Thursday, 4 on Friday and 4 on Saturday What is the mean of the number of cars he sold?",5.5,Multi-step,38.5.,False,coin_flip,0.1667,0,6,0.0,5,True,,"{'38.5.': 1, '11': 1, '8': 1, '21.6.': 1, '31': 1, '4.71': 1}",,GSM8k,LAMA-3.2-3B
481,baseline,182,"Jordon has a different kind of number machine. Her machine doubles the number and adds 3 more. So when Jordon put in 25, the number 53 came out of the machine. Jordon put in the number 16 What number do you think came out of her machine?",35,Addition,50,False,refiner_tiebreak,0.4,1,5,0.2,3,True,,"{'26.5': 1, '53': 1, '50': 2, '35': 1}",,GSM8k,LAMA-3.2-3B
482,baseline,183,"A baker has a pan of fudge that measures 18 inches on one side and 29 inches on another side. If the fudge is cut into square pieces 1 inch on each side, how many pieces of fudge does the pan hold?",522,Multiplication,522,True,majority,0.8,4,5,0.8,1,False,,"{'522': 4, '40625': 1}",,GSM8k,LAMA-3.2-3B
483,baseline,184,"A store has thirty-five shirts. If they sold thirty of them, how many shirts would they have?",5,Subtraction,5,True,coin_flip,0.25,1,4,0.25,3,True,,"{'5': 1, '35': 1, '55': 1, '0.05': 1}",,GSM8k,LAMA-3.2-3B
484,baseline,185,The Greene family went to the amusement park. They spent $45 on admission tickets. They spent $13 less than that on food How much did the Greene family spend in all?,77,Addition,77,True,majority,0.6,3,5,0.6,2,False,,"{'77': 3, '45': 1, '58': 1}",,GSM8k,LAMA-3.2-3B
485,baseline,186,Paige used three of her pencils. Now she has ninety-one pencils How many pencils did Paige have to begin with?,94,Addition,94,True,majority,0.6,3,5,0.6,2,False,,"{'91': 1, '94': 3, '88': 1}",,GSM8k,LAMA-3.2-3B
486,baseline,187,"A video uploaded had 18 'up votes'. If the ratio of 'up votes' to 'down votes' was 9:2, how many 'down votes' did the video get?",4,Multi-step,11,False,coin_flip,0.25,0,4,0.0,3,True,,"{'11': 1, '20': 1, '18': 1, '7': 1}",,GSM8k,LAMA-3.2-3B
487,baseline,188,The teacher gave 42 pencils to 12 students equally How many pencils did each student get?,3,Division,40,False,coin_flip,0.2,1,5,0.2,4,True,,"{'40': 1, '3': 1, '6': 1, '4': 1, '3.5': 1}",,GSM8k,LAMA-3.2-3B
488,baseline,189,"If each bus have nine rows of seats and each row of seats can accommodate 4 children, how many children can each bus accommodate?",36,Multiplication,9,False,majority,0.4,1,5,0.2,3,False,,"{'9': 2, '4': 1, '36': 1, '90': 1}",,GSM8k,LAMA-3.2-3B
489,baseline,190,"While comparing the other robots that they have, Tom and Michael talked about Bob who has a large collection of car robots. If Tom and Michael have 9 car robots and Bob has 9 times more than that, how many car robots does Bob have in total?",81,Multiplication,0,False,refiner_tiebreak,0.3333,1,6,0.1667,4,True,,"{'81': 1, '36': 1, '90': 1, '9': 1, '0': 2}",,GSM8k,LAMA-3.2-3B
490,baseline,191,"Paige sent out fifteen birthday party invitations. If nine people showed up, how many people didn't come?",6,Subtraction,15,False,majority,0.6,1,5,0.2,2,False,,"{'6': 1, '15': 3, '-6': 1}",,GSM8k,LAMA-3.2-3B
491,baseline,192,Two number are in the ratio 3:4. sum of two numbers is equal to 56 Find the numbers.,24,Multi-step,56,False,majority,1.0,0,5,0.0,0,False,,{'56': 5},,GSM8k,LAMA-3.2-3B
492,baseline,193,"Frank had forty-two pieces of candy. If he put them into bags with seven pieces in each bag, how many bags would he have?",6,Division,6,True,majority,0.8,4,5,0.8,1,False,,"{'6': 4, '5': 1}",,GSM8k,LAMA-3.2-3B
493,baseline,194,"At a restaurant the ratio of kids meals sold to adult meals sold was 10:7. If there were 70 kids meals sold, how many adult meals were sold?",49,Multi-step,100,False,majority,0.4,1,5,0.2,3,False,,"{'17': 1, '700': 1, '49': 1, '100': 2}",,GSM8k,LAMA-3.2-3B
494,baseline,195,A chef had forty-six apples. After making some pies he had fourteen left How many apples did he use?,32,Subtraction,46,False,majority,0.8,1,5,0.2,1,False,,"{'46': 4, '32': 1}",,GSM8k,LAMA-3.2-3B
495,baseline,196,"After the aviary was the zoo's swamp area. Penny counted a total of 55 tree frogs, 10 poison frogs and 13 wood frogs How many frogs was Penny able to count?",78,Addition,23,False,refiner_tiebreak,0.3333,1,6,0.1667,4,True,,"{'23': 2, '45': 1, '68': 1, '55': 1, '78': 1}",,GSM8k,LAMA-3.2-3B
496,baseline,197,"Michelle also noticed that she was able to save a few $50 dollar bills. If she has a total of 7 pieces of $50 dollar bills, what is the total value of all her $50 bills combined?",350,Multiplication,350,True,majority,0.6,3,5,0.6,2,False,,"{'350': 3, '50': 1, '100': 1}",,GSM8k,LAMA-3.2-3B
497,baseline,198,"After recess, Buddy changed clothes for gym class. Down at the gym, all the students were divided into two groups. If one group has 34 members and the other has 37, how many students are in Buddy's gym class?",71,Addition,71,True,majority,0.6,3,5,0.6,2,False,,"{'35': 1, '71': 3, '101': 1}",,GSM8k,LAMA-3.2-3B
498,baseline,199,"For homework, a student had to complete 15 problems total. If she finished 6 problems in class, what is the ratio of problems she still needs to complete to problems that she's already finished?",3,Multi-step,9,False,majority,0.6,0,5,0.0,2,False,,"{'9': 3, '15': 1, '6': 1}",,GSM8k,LAMA-3.2-3B
499,baseline,200,The sum of three consecutive numbers is 90 What is the smallest of the three numbers ?,29,Multi-step,29,True,majority,0.6,3,5,0.6,2,False,,"{'90': 1, '29': 3, '7': 1}",,GSM8k,LAMA-3.2-3B
500,baseline,201,"The first act included 5 clown mobiles, each stuffed with 28 clowns How many clowns are inside all the clown mobiles combined?",140,Multiplication,140,True,majority,0.6,3,5,0.6,2,False,,"{'140': 3, '100': 2}",,GSM8k,LAMA-3.2-3B
501,baseline,202,The Book Nook sold 27 computer books last week. The sold 15 more cook books than computer books How many cook books did the Book Nook sell?,42,Addition,27,False,majority,0.6,0,5,0.0,2,False,,"{'27': 3, '12': 1, '15': 1}",,GSM8k,LAMA-3.2-3B
502,baseline,203,"There were 44 laptops in the shop, and Mike divided them equally into 5 rows How many are left?",4,Multi-step,8,False,majority,0.6667,0,3,0.0,1,False,,"{'8': 2, '40': 1}",,GSM8k,LAMA-3.2-3B
503,baseline,204,"Oliver was yard sale shopping. He ended up buying 11 video games, but only 6 of them worked How many bad games did he buy?",5,Subtraction,11,False,majority,0.6,2,5,0.4,2,False,,"{'5': 2, '11': 3}",,GSM8k,LAMA-3.2-3B
504,baseline,205,Johnny practiced for the track team and ran 3 laps per minute How many minutes did it take Johnny to run 10 laps?,3.333,Division,3,False,majority,0.5,0,4,0.0,2,False,,"{'10': 1, '3': 2, '5': 1}",,GSM8k,LAMA-3.2-3B
505,baseline,206,"A chef served 3 different foods for a banquet: 25 plates lobster rolls, 14 plates of spicy hot noodles and 16 plates of seafood noodles How many plates of food did the chef make altogether?",55,Addition,55,True,majority,0.6,3,5,0.6,2,False,,"{'39': 2, '55': 3}",,GSM8k,LAMA-3.2-3B
506,baseline,207,"Kaleb had sixty-seven cherries. After eating some, he had forty-two left How many cherries did Kaleb eat?",25,Subtraction,67,False,majority,0.6,0,5,0.0,2,False,,"{'67': 3, '27': 1, '-25': 1}",,GSM8k,LAMA-3.2-3B
507,baseline,208,35 people visited the Statue of Liberty in the morning. 56 more people visited in the afternoon than in the morning How many people visited the Statue of Liberty in the afternoon?,91,Addition,91,True,coin_flip,0.4,2,5,0.4,3,True,,"{'91': 2, '70': 1, '35': 2}",,GSM8k,LAMA-3.2-3B
508,baseline,209,"The following month, the four friends met again to share their collections. Carl, having the most number of stamps among all of them decided to give away some of his collections. If he has 96 stamps during that month, and he gave away 48, how many stamps were left with him?",48,Subtraction,48,True,majority,0.6,3,5,0.6,2,False,,"{'48': 3, '96': 1, '54': 1}",,GSM8k,LAMA-3.2-3B
509,baseline,210,"Emily's mom was buying extra school supplies for Emily and her sister. She bought 13 packs of glue sticks total. If she gave Emily 6 packs, how many did her sister get?",7,Subtraction,13,False,majority,0.6,1,5,0.2,2,False,,"{'13': 3, '7': 1, '6': 1}",,GSM8k,LAMA-3.2-3B
510,baseline,211,"Dave had 10 video games but 2 of them weren't working. If he wanted to sell the working games for $4 each, how much money could he earn?",32,Multiplication,8,False,refiner_tiebreak,0.6,2,5,0.4,2,True,,"{'32': 2, '8': 3}",,GSM8k,LAMA-3.2-3B
511,baseline,212,She also found out that she has 10 pieces of $5 bills What is the total value of money does she have in $5 bills?,50,Multiplication,50,True,refiner_tiebreak,0.6,3,5,0.6,2,True,,"{'50': 3, '10': 2}",,GSM8k,LAMA-3.2-3B
512,baseline,213,"Annie's mother has also been asked to be a part of the surprise. She was tasked to be in charge of drinks. She made 25 glasses of orange juice, 15 glasses of grape juice and 5 glasses of apple juice How many glasses of juice would there be?",45,Addition,25,False,majority,0.6,1,5,0.2,2,False,,"{'25': 3, '45': 1, '40': 1}",,GSM8k,LAMA-3.2-3B
513,baseline,214,Zoe was unboxing some of her old winter clothes. She found eight boxes of clothing and inside each box there were four scarves and six mittens How many pieces of winter clothing did Zoe have total?,80,Multiplication,80,True,refiner_tiebreak,0.3333,2,6,0.3333,4,True,,"{'32': 1, '80': 2, '192': 1, '38': 1, '8': 1}",,GSM8k,LAMA-3.2-3B
514,baseline,215,"In a school, there are 542 girls and 387 boys How many pupils are there in that school?",929,Addition,929,True,majority,0.6,3,5,0.6,2,False,,"{'929': 3, '542': 2}",,GSM8k,LAMA-3.2-3B
515,baseline,216,"For the walls of the house, he would use 9 large planks of wood. If each plank of wood needs 8 pieces of nails to be secured, how many nails does John need for the house wall?",72,Multiplication,72,True,majority,0.5,2,4,0.5,2,False,,"{'72': 2, '9': 1, '90': 1}",,GSM8k,LAMA-3.2-3B
516,baseline,217,"A committee organizing a marathon has 16 jugs of water and 12 jugs of sports drink. The committee would like to set up a number of refreshment stations along the marathon course, with the same combination of jugs of water and jugs of sports drink at each station, with no beverages left over What is the greatest number of refreshment stations that can be set up?",4,Multi-step,4,True,majority,0.8,4,5,0.8,1,False,,"{'7': 1, '4': 4}",,GSM8k,LAMA-3.2-3B
517,baseline,218,"Mrs. Hilt traveled 6, 760 miles to Japan. She read one book every 450 miles she traveled How many books had she finished when she got to Japan?",15,Division,2,False,coin_flip,0.25,1,4,0.25,3,True,,"{'2': 1, '15': 1, '134': 1, '391': 1}",,GSM8k,LAMA-3.2-3B
518,baseline,219,"A video game had 35 levels in it. If you beat 5 of the levels, what is the ratio of levels left to the levels that have been beaten?",6,Multi-step,35,False,majority,0.6,1,5,0.2,2,False,,"{'35': 3, '6': 1, '30': 1}",,GSM8k,LAMA-3.2-3B
519,baseline,220,At a school several teachers were holding a contest to see which class could earn the most trivia points. Mrs.William's class scored 50 points. Mr. Adams class earned 57 points. Mrs. Brown's class earned 49 and Mrs.Daniel's class earned 57 What is the mean of the number of points scored?,53.3,Multi-step,50,False,majority,0.4,0,5,0.0,3,False,,"{'41.25': 1, '4': 1, '50': 2, '107': 1}",,GSM8k,LAMA-3.2-3B
520,baseline,221,"A gas station sold 2 boxes of chocolate candy, 5 boxes of sugar candy and 2 boxes of gum What is the total number of boxes they sold?",9,Addition,2,False,majority,0.6,1,5,0.2,2,False,,"{'2': 3, '9': 1, '7': 1}",,GSM8k,LAMA-3.2-3B
521,baseline,222,"A number machine changes the value of the numbers placed inside it. My number machine will add 15 to a number and then subtract 6 from the sum. If I put in the number 68, what number will come out of the machine?",77,Multi-step,83,False,refiner_tiebreak,0.5,1,6,0.1667,3,True,,"{'83': 3, '68': 2, '77': 1}",,GSM8k,LAMA-3.2-3B
522,baseline,223,A farm was 7 miles wide and 8 miles long What is the area of the farm?,56,Multi-step,56,True,majority,0.8,4,5,0.8,1,False,,"{'560': 1, '56': 4}",,GSM8k,LAMA-3.2-3B
523,baseline,224,"Hazel and her father both love going on fishing trips. This year, they planned to go around the Great Lakes for a unique fishing experience. Their first stop is Lake Ontario. Hazel and her father decided to have a contest between them. If Hazel caught 24 salmons and her dad caught 27, how many salmons did they catch in total?",51,Addition,51,True,majority,0.6,3,5,0.6,2,False,,"{'27': 1, '51': 3, '30': 1}",,GSM8k,LAMA-3.2-3B
524,baseline,225,"Many families serve each person in the family one 6-ounce glass of orange juice each morning. If they buy orange juice by the gallon, how many whole servings of juice will they get out of one gallon (one gallon = 4 quarts, 1 quart = 32 ounces) of juice?",21,Division,48,False,coin_flip,0.1667,0,6,0.0,5,True,,"{'48': 1, '1024': 1, '21.33': 1, '0.375': 1, '21.33...': 1, '64': 1}",,GSM8k,LAMA-3.2-3B
525,baseline,226,A cafeteria was putting milk cartons into stacks. They had seven hundred ninety-nine cartons and were putting them into stacks with six cartons in each stack How many full stacks could they make?,133,Division,133,True,coin_flip,0.25,1,4,0.25,3,True,,"{'133': 1, '133.33': 1, '132.833...': 1, '400': 1}",,GSM8k,LAMA-3.2-3B
526,baseline,227,14 red plums and four green plums are in the basket How many plums are in the basket?,18,Addition,18,True,majority,0.6,3,5,0.6,2,False,,"{'18': 3, '14': 1, '10': 1}",,GSM8k,LAMA-3.2-3B
527,baseline,228,"Amy uploaded 180 pics to Facebook. If she put the pics into 9 albums with the same number of photos in each album, how many photos were in each album?",20,Division,20,True,majority,0.8,4,5,0.8,1,False,,"{'20': 4, '40': 1}",,GSM8k,LAMA-3.2-3B
528,baseline,229,"Willy has 5,092 crayons. Lucy has 3,971 crayons How many more crayons does Willy have than Lucy?",1121,Subtraction,5,False,coin_flip,0.3333,0,3,0.0,2,True,,"{'5': 1, '1112': 1, '122': 1}",,GSM8k,LAMA-3.2-3B
529,baseline,230,A chef used fifteen apples to make a pie. Now he has four apples left How many apples did he have before he made the pie?,19,Addition,15,False,coin_flip,0.3333,2,6,0.3333,4,True,,"{'15': 2, '19': 2, '71': 1, '11': 1}",,GSM8k,LAMA-3.2-3B
530,baseline,231,At Jake's stables there are 10 stallions and 15 mares. At Bridget's stables there are 17 stallions and 18 mares Where is there a lower ratio of stallions to mares?,Jake's stables,Subtraction,27,False,coin_flip,0.3333,0,3,0.0,2,True,,"{'27': 1, '10': 1, '2': 1}",,GSM8k,LAMA-3.2-3B
531,baseline,232,Ned mowed his lawn six times in the spring and five times in the summer How many times did he mow total?,11,Addition,30,False,majority,0.4,1,5,0.2,3,False,,"{'11': 1, '30': 2, '6': 1, '17': 1}",,GSM8k,LAMA-3.2-3B
532,baseline,233,Atomic fireballs come in packages of 9. Barbara ate 59 Atomic Fireballs How many Atomic Fireballs does she have left?,5,Multi-step,50,False,coin_flip,0.1667,0,6,0.0,5,True,,"{'50': 1, '45': 1, '54': 1, '531': 1, '118': 1, '1062': 1}",,GSM8k,LAMA-3.2-3B
533,baseline,234,A pet store had 13 siamese cats and 5 house cats. During a sale they sold 10 cats How many cats do they have left?,8,Subtraction,18,False,majority,0.6,1,5,0.2,2,False,,"{'18': 3, '13': 1, '8': 1}",,GSM8k,LAMA-3.2-3B
534,baseline,235,Mrs. Hilt is baking bread. She needs 5 cups of flour to bake two loaves of bread How much flour will she need to make one loaf of bread?,2.5,Division,2,False,majority,1.0,0,1,0.0,0,False,,{'2': 1},,GSM8k,LAMA-3.2-3B
535,baseline,236,86 students are going hiking. Each school- bus can take 9 students How many school-buses are needed?,9,Division,10,False,refiner_tiebreak,0.3333,0,6,0.0,4,True,,"{'9.55': 1, '10': 2, '9.444...': 1, '28': 1, '9.4444...': 1}",,GSM8k,LAMA-3.2-3B
536,baseline,237,"Shannon is making identical balloon arrangements for a party. She has 32 maroon balloons, 24 white balloons, and 16 orange balloons. She wants each arrangement to have the same number of each color What is the greatest number of arrangements that she can make if every balloon is used?",8,Multi-step,72,False,majority,0.5,0,4,0.0,2,False,,"{'6': 1, '1': 1, '72': 2}",,GSM8k,LAMA-3.2-3B
537,baseline,238,Anna has a total of 28 nickels and dimes in her piggy bank. She has 8 fewer nickels than dimes How many dimes does Anna have?,18,Multi-step,280,False,coin_flip,0.2,0,5,0.0,4,True,,"{'280': 1, '300': 1, '100': 1, '10': 1, '36': 1}",,GSM8k,LAMA-3.2-3B
538,baseline,239,"Professor Treehead of the Flora University requested his students to participate. He said that they planted 15 species of trees in the natural park, 20 species of trees in the neighboring forest and 10 species of trees all around different locations in town How many species of trees were planted by the students?",45,Addition,15,False,majority,0.4,1,5,0.2,3,False,,"{'35': 1, '15': 2, '45': 1, '36': 1}",,GSM8k,LAMA-3.2-3B
539,baseline,240,"A waiter had five tables he was waiting on, with five women and three men at each table How many customers total did the waiter have?",40,Multiplication,40,True,majority,0.8,4,5,0.8,1,False,,"{'8': 1, '40': 4}",,GSM8k,LAMA-3.2-3B
540,baseline,241,"After the final bell rang, Buddy ran to the school bus with his new friends. On his ride home, he counted 36 students sitting on the left side of the bus and 27 sitting on the right How many students are on the bus ride home?",63,Addition,36,False,majority,0.6,2,5,0.4,2,False,,"{'63': 2, '36': 3}",,GSM8k,LAMA-3.2-3B
541,baseline,242,The Vance family walked over to the post office. They bought 2 rooster stamps and 2 daffodil stamps What's the difference between of the number of the two kinds of stamps?,0,Subtraction,2,False,majority,0.6,1,5,0.2,2,False,,"{'2': 3, '0': 1, '4': 1}",,GSM8k,LAMA-3.2-3B
542,baseline,243,"On the day of the awarding ceremony, Robyn and Lucy decided to sell more cookies during the morning to make sure they get the badge. Lucy sold 19 packs and Robyn sold 16 How many packs did they sell on their last day?",35,Addition,35,True,majority,0.75,3,4,0.75,1,False,,"{'35': 3, '19': 1}",,GSM8k,LAMA-3.2-3B
543,baseline,244,"Annie is about to celebrate her birthday next week so her friends decided to throw her a surprise birthday party. Jessica, Annie's best friend, is hosting the party. She plans on making pizza for everyone. If she bought 15 pieces of pepperoni, 10 pieces of salami and 30 pieces of bacon as meat ingredients, how many pieces of meat did she buy in total?",55,Addition,15,False,majority,0.6,1,5,0.2,2,False,,"{'15': 3, '25': 1, '55': 1}",,GSM8k,LAMA-3.2-3B
544,baseline,245,"Jerry was weighing boxes for moving. The first was 2 pounds, the second was 11 pounds and the last was 5 pounds What is the combined weight of all three boxes?",18,Addition,18,True,majority,0.6667,2,3,0.6667,1,False,,"{'13': 1, '18': 2}",,GSM8k,LAMA-3.2-3B
545,baseline,246,"The traffic lights at two road junctions change after every 72 seconds and 108 seconds respectively. If they change simultaneously at 9 a.m., at what time will they change simultaneously again?",9,Addition,36,False,majority,0.6667,0,3,0.0,1,False,,"{'216': 1, '36': 2}",,GSM8k,LAMA-3.2-3B
546,baseline,247,In fourth grade there were 35 students at the start of the year. During the year 10 students left and 10 new students came to school How many students were in fourth grade at the end?,35,Multi-step,35,True,majority,1.0,5,5,1.0,0,False,,{'35': 5},,GSM8k,LAMA-3.2-3B
547,baseline,248,"Harry Hound had a terrible earache yesterday. When I peered into his ears yesterday, I found 36 frisky fleas having a party in his right ear and 85 baby fleas sleeping peacefully in his left ear. I cleaned out Harry Hound's ears How many fleas perished?",121,Addition,36,False,coin_flip,0.3333,1,6,0.1667,4,True,,"{'36': 2, '-49': 1, '0': 2, '121': 1}",,GSM8k,LAMA-3.2-3B
548,baseline,249,"Still a little behind, Robyn asked her mother to drive them around town on Wednesday to cover more houses. That day Robyn sold 55 packs of cookies while Lucy sold 43 How many packs were they able to sell that day?",98,Addition,55,False,majority,0.5,1,4,0.25,2,False,,"{'98': 1, '220': 1, '55': 2}",,GSM8k,LAMA-3.2-3B
549,baseline,250,Two wires with lengths of 448 cm and 616 cm are to be cut into pieces of all the same length without remainder What is the greatest possible length of the pieces?,56,Multi-step,77,False,majority,1.0,0,3,0.0,0,False,,{'77': 3},,GSM8k,LAMA-3.2-3B
550,baseline,251,"While heating the wings, Charlie decided to make metal supports for the wings. If he needs 635 lbs of metal and he has 276 lbs in storage, how much additional metal does he need to buy?",359,Subtraction,359,True,majority,1.0,3,3,1.0,0,False,,{'359': 3},,GSM8k,LAMA-3.2-3B
551,baseline,252,"A box can hold 18 pieces of chalk. If there are 3,484 pieces of chalk, how many boxes are full to hold all the chalk?",194,Division,194,True,majority,0.4,2,5,0.4,3,False,,"{'194': 2, '240': 1, '194.44': 1, '34': 1}",,GSM8k,LAMA-3.2-3B
552,baseline,253,"Winter is almost here and most animals are migrating to warmer countries. There are 67 bird families living near the mountain. If 32 bird families flew away for winter, how many bird families were left near the mountain?",35,Subtraction,67,False,majority,0.6,1,5,0.2,2,False,,"{'35': 1, '67': 3, '32': 1}",,GSM8k,LAMA-3.2-3B
553,baseline,254,"Because of the decision, Sofia asked the students to suggest specific types of food. If 279 students suggested adding mashed potatoes while 234 suggested adding bacon to the menu, how many students participated in the suggestion of new food items?",513,Addition,513,True,majority,0.8,4,5,0.8,1,False,,"{'513': 4, '279': 1}",,GSM8k,LAMA-3.2-3B
554,baseline,255,Belle collected 97 animal stickers. Carolyn collected 18 fewer stickers than Belle How many stickers did Carolyn collect?,79,Subtraction,97,False,majority,0.8,0,5,0.0,1,False,,"{'97': 4, '96': 1}",,GSM8k,LAMA-3.2-3B
555,baseline,256,"For an art show, an artist painted 153 pictures. During the show he sold 72 of his pictures What is the ratio of pictures he still has to pictures he sold?",9,Multi-step,81,False,majority,0.6,0,5,0.0,2,False,,"{'1.13': 1, '81': 3, '153': 1}",,GSM8k,LAMA-3.2-3B
556,baseline,257,"Marian also prepared 59 croissants which she plans to give to her 8 neighbors. If each neighbor received and equal number of croissants, how many will be left with Marian?",3,Multi-step,7,False,refiner_tiebreak,0.4,0,5,0.0,3,True,,"{'472': 1, '11': 1, '7.375': 1, '7': 2}",,GSM8k,LAMA-3.2-3B
557,baseline,258,Mr. Lee gave out first place ribbons after each event. He had 38 ribbons at the start. He gave away 14 ribbons in the morning. He gave out 16 ribbons in the afternoon How many ribbons did Mr. Lee have left?,8,Multi-step,24,False,coin_flip,0.3333,2,6,0.3333,4,True,,"{'24': 2, '38': 2, '8': 2}",,GSM8k,LAMA-3.2-3B
558,baseline,259,Zach scored 42 points in the football game. Ben scored 21 points How many more points did Zach score?,21,Subtraction,21,True,majority,0.6,3,5,0.6,2,False,,"{'21': 3, '42': 1, '63': 1}",,GSM8k,LAMA-3.2-3B
559,baseline,260,"There's only a week left before Christmas. John went out to buy gifts for his family. Having $999.00 for his budget, he went to a sports store and bought his brother a new pair of shoes for $165.00 How much money does he have left?",834,Subtraction,999,False,majority,0.8,1,5,0.2,1,False,,"{'999': 4, '834': 1}",,GSM8k,LAMA-3.2-3B
560,baseline,261,"A mailman has to give twenty-eight pieces of junk mail to each block. If there are four houses on a block, how many pieces of junk mail should he give each house?",7,Division,7,True,majority,0.4,2,5,0.4,3,False,,"{'112': 1, '1120': 1, '7': 2, '4': 1}",,GSM8k,LAMA-3.2-3B
561,baseline,262,While exercising Paul did fifty-nine push-ups in the morning and thirty-eight more in the afternoon How many push-ups did Paul do total?,97,Addition,97,True,majority,0.4,2,5,0.4,3,False,,"{'97': 2, '1': 1, '455': 1, '295': 1}",,GSM8k,LAMA-3.2-3B
562,baseline,263,Ana is 5 years more than Jack. The sum of their ages is 29 Find the ages of Ana and Jack.,17,Multi-step,29,False,majority,0.6,0,5,0.0,2,False,,"{'29': 3, '5': 1, '2': 1}",,GSM8k,LAMA-3.2-3B
563,baseline,264,"Derek is picking flowers in the garden. He picked 18 flowers from the first bush, 22 flowers from the second bush, 26 flowers from the third bush, 30 flowers from the fourth bush, and 34 flowers from the fifth bush. If this pattern continues, how many flowers will Derek pick from the sixth bush?",38,Multi-step,38,True,majority,0.4,2,5,0.4,3,False,,"{'38': 2, '34': 1, '16': 1, '120': 1}",,GSM8k,LAMA-3.2-3B
564,baseline,265,The weight of 4 watermelons is 5 kg 200 g. The total weight of 3 such watermelons and 4 pineapples is 5 kg 700 g How much heavier is a watermelon than a pineapple?,850,Subtraction,-1421,False,coin_flip,0.3333,0,3,0.0,2,True,,"{'-1421': 1, '10': 1, '14': 1}",,GSM8k,LAMA-3.2-3B
565,baseline,266,"A museum had fourteen paintings. After they got rid of some, they had four left What's the difference between the number of paintings before they got rid of and the left?",10,Subtraction,14,False,majority,0.4,1,5,0.2,3,False,,"{'14': 2, '4': 1, '10': 1, '-10': 1}",,GSM8k,LAMA-3.2-3B
566,baseline,267,Eddie is thinking of a number that is divisible by both 8 and 5 What is the smallest possible number that Eddie could be thinking of?,40,Multi-step,40,True,majority,1.0,3,3,1.0,0,False,,{'40': 3},,GSM8k,LAMA-3.2-3B
567,baseline,268,"You have $12 in nickels and quarters. If you have the same number of each kind of coin, how many nickels do you have?",40,Division,1,False,majority,0.5,0,4,0.0,2,False,,"{'66.67': 1, '8': 1, '1': 2}",,GSM8k,LAMA-3.2-3B
568,baseline,269,Adam bought a new flat screen TV with an area of 21 square feets. The screen is 3 feet wide How tall is it?,7,Multi-step,7,True,majority,1.0,2,2,1.0,0,False,,{'7': 2},,GSM8k,LAMA-3.2-3B
569,baseline,270,"If you had 37 bags of cookies with 19 cookies in each bag, how many cookies would you have?",703,Multiplication,390,False,coin_flip,0.2,1,5,0.2,4,True,,"{'390': 1, '703': 1, '37': 1, '570': 1, '370': 1}",,GSM8k,LAMA-3.2-3B
570,baseline,271,"Irene's Bakery sells muffins in packages of 18 and cookies in packages of 5. Going through yesterday's receipts, a store manager notices that the bakery sold the same number of muffins and cookies yesterday afternoon What is the smallest number of muffins that the bakery could have sold?",90,Multi-step,90,True,coin_flip,0.2,1,5,0.2,4,True,,"{'90': 1, '9': 1, '10': 1, '60': 1, '18': 1}",,GSM8k,LAMA-3.2-3B
571,baseline,272,A tape was thirteen meters long. Haley used some to seal cartons. Now the tape is six meters long How much tape did she use?,7,Subtraction,13,False,majority,0.8,1,5,0.2,1,False,,"{'13': 4, '7': 1}",,GSM8k,LAMA-3.2-3B
572,baseline,273,"Her friends are coming over the next day so she also bought some refreshments. If she has $50.00 left from the money she had after buying cookies, and she has $69.00 before, how much did she spend on juice?",19,Subtraction,69,False,majority,0.4,1,5,0.2,3,False,,"{'1': 1, '50': 1, '69': 2, '19': 1}",,GSM8k,LAMA-3.2-3B
573,baseline,274,Mrs. Hilt saw 2 dogs and 2 chickens How many animal legs did she see?,12,Addition,8,False,majority,0.4,1,5,0.2,3,False,,"{'2': 1, '12': 1, '4': 1, '8': 2}",,GSM8k,LAMA-3.2-3B
574,baseline,275,Jerry had eleven cherries. He ate eight of them How many cherries does Jerry have left?,3,Subtraction,3,True,majority,0.8,4,5,0.8,1,False,,"{'11': 1, '3': 4}",,GSM8k,LAMA-3.2-3B
575,baseline,276,"After they vacation, they figured out that the farm was divided into 5 sections and each section has a land area of 60 acres What is the total area of the farm?",300,Multiplication,300,True,majority,0.6667,2,3,0.6667,1,False,,"{'13': 1, '300': 2}",,GSM8k,LAMA-3.2-3B
576,baseline,277,"It's basketball season in Ashford Elementary School. Chuck, the team captain of the Blue Team is feeling nervous about it. Their first opponent is the Red Team, composed of other 3rd graders, gave them a hard time. If they lost by 13 points and the Red Team scored 61 points, what is their team's final score?",48,Subtraction,61,False,refiner_tiebreak,0.3333,1,6,0.1667,4,True,,"{'61': 2, '62': 1, '50': 1, '222': 1, '48': 1}",,GSM8k,LAMA-3.2-3B
577,baseline,278,"While playing at the arcade, Kaleb won eight tickets playing 'whack a mole' and seven tickets playing 'skee ball'. If he was trying to buy candy that cost five tickets a piece, how many could he buy?",3,Division,15,False,majority,0.6,2,5,0.4,2,False,,"{'3': 2, '15': 3}",,GSM8k,LAMA-3.2-3B
578,baseline,279,"A full moon occurs every 30 days. If the last full moon occurred on a Friday, how many days will pass before a full moon occurs again on a Friday?",210,Multi-step,3,False,coin_flip,0.5,0,2,0.0,1,True,,"{'3': 1, '367': 1}",,GSM8k,LAMA-3.2-3B
579,baseline,280,"Henry and Margo both began traveling around a circular track. Henry is riding his bike, and Margo is walking. It takes Henry 7 minutes to make it all the way around, and Margo takes 12 minutes How much time will pass until they meet at the starting line?",84,Multi-step,0,False,majority,1.0,0,1,0.0,0,False,,{'0': 1},,GSM8k,LAMA-3.2-3B
580,baseline,281,The Ferris wheel in Paradise Park has 14 seats. Each seat can hold 6 people How many people can ride the Ferris wheel at the same time?,84,Multiplication,2,False,majority,0.4,1,5,0.2,3,False,,"{'3': 1, '2': 2, '2.33': 1, '84': 1}",,GSM8k,LAMA-3.2-3B
581,baseline,282,"Points A and B are 70 km apart on a highway. A car starts from A and another car starts from B at the same time. If they travel in the same direction, they meet in 7 hours, but if they travel towards each other they meet in one hour What are their respective speeds?",40,Multi-step,200,False,coin_flip,0.25,0,4,0.0,3,True,,"{'200': 1, '10': 1, '35': 1, '70': 1}",,GSM8k,LAMA-3.2-3B
582,baseline,283,"At the river, 25 out of 55 salmon families went to warmer waters to avoid being frozen How many salmon families were left in the river?",30,Subtraction,55,False,majority,0.6,1,5,0.2,2,False,,"{'55': 3, '25': 1, '30': 1}",,GSM8k,LAMA-3.2-3B
583,baseline,284,Charlene made 60 bead necklaces. She sold 16 at a craft fair. She gave 18 to her friends How many necklaces did Charlene have then?,26,Multi-step,60,False,majority,0.4,0,5,0.0,3,False,,"{'60': 2, '76': 1, '44': 1, '62': 1}",,GSM8k,LAMA-3.2-3B
584,baseline,285,The ratio of the area of a rectangle to the area of a triangle is 2:5. The rectangle has a length of 6 cm and a width of 4 cm What is the area of the triangle?,60,Multi-step,10,False,majority,0.4,0,5,0.0,3,False,,"{'4.8': 1, '10': 2, '3': 1, '24': 1}",,GSM8k,LAMA-3.2-3B
585,baseline,286,"Among the third graders at Lanberry Elementary School, 12 play kickball during recess and 16 play four square. Among the fourth graders, 15 play kickball and 20 play four square In which grade is there a higher ratio of kickball players to four-square players?",They are equal,Subtraction,12,False,majority,0.6,0,5,0.0,2,False,,"{'8': 1, '12': 3, '4': 1}",,GSM8k,LAMA-3.2-3B
586,baseline,287,David has 7 boxes of stuffed toy dogs. Each box has four dogs in it How many legs are there in all?,112,Multiplication,28,False,coin_flip,0.3333,2,6,0.3333,4,True,,"{'28': 2, '112': 2, '7': 2}",,GSM8k,LAMA-3.2-3B
587,baseline,288,"Tom had thirty-six pieces of clothing to wash. He put eighteen of them in one load, but decided to split the rest into two equal loads How many pieces of clothing could go in each of the small loads?",9,Division,18,False,majority,0.6,2,5,0.4,2,False,,"{'9': 2, '18': 3}",,GSM8k,LAMA-3.2-3B
588,baseline,289,An art museum had 15 pictures to split equally into 2 different exhibits How many more pictures would they need to make sure each exhibit had the same amount?,1,Multi-step,14,False,coin_flip,0.1667,0,6,0.0,5,True,,"{'14': 1, '0.75.': 1, '15': 1, '8': 1, '7.5': 1, '0': 1}",,GSM8k,LAMA-3.2-3B
589,baseline,290,"A waiter had 47 customers to wait on. If 41 customers left and he got another 20 customers, how many customers would he have?",26,Multi-step,47,False,majority,0.6,0,5,0.0,2,False,,"{'47': 3, '27': 1, '6': 1}",,GSM8k,LAMA-3.2-3B
590,baseline,291,"Mrs. Hilt's favorite first grade classes are baking muffins. Mrs. Brier's class bakes 18 muffins, Mrs. MacAdams's class bakes 20 muffins, and Mrs. Flannery's class bakes 17 muffins How many muffins does first grade bake in all?",55,Addition,55,True,majority,0.6,3,5,0.6,2,False,,"{'55': 3, '38': 1, '18': 1}",,GSM8k,LAMA-3.2-3B
591,baseline,292,Lemon heads come in packages of 3. Patricia ate 15 Lemon Heads How many Lemon Heads does she have left?,0,Multi-step,6,False,coin_flip,0.1667,1,6,0.1667,5,True,,"{'6': 1, '45': 1, '15': 1, '0': 1, '12': 1, '3': 1}",,GSM8k,LAMA-3.2-3B
592,baseline,293,"Packages of cheddar cheese come with 12 slices, while packages of Swiss cheese come with 28 slices. If Randy bought the same number of slices of each type of cheese, what is the smallest number of slices of each type that Randy could have bought?",84,Multi-step,84,True,majority,0.4,2,5,0.4,3,False,,"{'8': 1, '5': 1, '84': 2, '4': 1}",,GSM8k,LAMA-3.2-3B
593,baseline,294,"After the day, they were able to make 6 institutions happy. If each institution has 80 people How many people were made happy by the mayor and vice-mayor?",480,Multiplication,160,False,coin_flip,0.25,1,4,0.25,3,True,,"{'160': 1, '720': 1, '480': 1, '240': 1}",,GSM8k,LAMA-3.2-3B
594,baseline,295,Emily collected eggs from the hen and put them into 303 baskets. She put 28 eggs into each basket How many eggs did Emily collect?,8484,Multiplication,303,False,majority,0.6,0,5,0.0,2,False,,"{'303': 3, '20': 1, '6000': 1}",,GSM8k,LAMA-3.2-3B
595,baseline,296,"Allen, Shiela's brother, likes to play with blocks. Shiela repainted Allen's old blocks in different colors. If Allen has 49 identical blocks and there are 7 blocks for every color of paint used, how many colors did Shiela use?",7,Division,7,True,majority,1.0,4,4,1.0,0,False,,{'7': 4},,GSM8k,LAMA-3.2-3B
596,baseline,297,"Being his favorite, he saved checking on the grapevines for his last stop. He was told by one the pickers that they fill 324 drums of grapes per day How many drums of grapes would be filled in 9 days?",2916,Multiplication,324,False,refiner_tiebreak,0.3333,0,6,0.0,4,True,,"{'2': 1, '3240': 1, '162': 1, '324': 2, '675': 1}",,GSM8k,LAMA-3.2-3B
597,baseline,298,A recipe for fruit punch says to use 8 ounces of orange juice for every 3 ounces of grape juice. Nicky used 72 ounces of orange juice How many fewer ounces of grape juice were used?,45,Subtraction,24,False,majority,0.4,0,5,0.0,3,False,,"{'52': 1, '24': 2, '120': 1, '72': 1}",,GSM8k,LAMA-3.2-3B
598,baseline,299,The library is 14.2 km away from Daniel's apartment. The bus takes Daniel 11.15 km of the way to the library. He has to walk the remaining distance How many meters does Daniel have to walk?,3050,Subtraction,14.2,False,coin_flip,0.25,1,4,0.25,3,True,,"{'14.2': 1, '13195': 1, '13145': 1, '3050': 1}",,GSM8k,LAMA-3.2-3B
