,mode,idx,question,concept,gt_answer,plan,votes,final_answer,correct,strategy,confidence,vote_counts,total_votes,correct_votes,vote_consistency,wasted_votes,refiner_used,refiner_correct,fineTunedOn,guideModel
0,guided,0,"You can do knitting to get the feeling of what?

Options:
A) relaxation
B) arthritis
C) adrenaline
D) your
E) sweater may produced",knitting,A,"Step 1: Knitting can be a calming activity that involves repetitive motions, which can help reduce stress and anxiety.
Step 2: Many people engage in knitting as a hobby to unwind and create something useful.
Step 3: The act of knitting itself doesn't directly cause arthritis, nor does it produce a physical product like an ""sweater may"" - it produces an actual finished item.
Step 4: While knitting might give you a sense of accomplishment, it's not typically associated with increasing adrenaline levels.
Best answer: A because knitting is often done for relaxation.","['A', 'A', 'A', 'A', 'A']",A,True,majority,1.0,{'A': 5},5,5,1.0,0,False,,SVAMP,LAMA-3.2-3B
1,guided,1,"If I was getting drunk, and people couldn't understand me, what might I be having?

Options:
A) a seizure
B) slurred speech
C) death
D) forgetfulness
E) pass out",getting drunk,B,"Step 1: When someone consumes too much alcohol, their brain can become impaired, affecting communication skills.
Step 2: Impaired communication often results in difficulty speaking clearly and quickly, leading to slurred speech.
Step 3: This condition is commonly known as being ""drunk"" or intoxicated.
Best answer: B because it directly relates to the effects of excessive alcohol consumption on speech.","['B', 'B', 'B', 'B', 'B']",B,True,majority,1.0,{'B': 5},5,5,1.0,0,False,,SVAMP,LAMA-3.2-3B
2,guided,2,"If you turn off the music in a room with no other noise that room would be what?

Options:
A) silent
B) opera
C) silence
D) television
E) elevator",music,A,"Step 1: When you turn off the music in a room, the sound waves that were produced by the music stop propagating through the air.
Step 2: Since there's no other source of noise, the only remaining sound is the ambient noise present in the environment, such as background chatter, creaks, or hums.
Step 3: Therefore, the room would still have some level of noise, but it wouldn't have any audible music.
Best answer: A because turning off the music eliminates the music itself, leaving only background noise.","['C', 'C', 'A', 'A', 'A']",A,True,majority,0.6,"{'C': 2, 'A': 3}",5,3,0.6,2,False,,SVAMP,LAMA-3.2-3B
3,guided,3,"By learning about the world, many poor college students gain what?

Options:
A) pleasure
B) greater mobility
C) desire to travel
D) global warming
E) increased security",learning about world,C,"Step 1: Education often leads to increased awareness about various aspects of the world, including environmental issues.
Step 2: One common consequence of this awareness is a desire to make a positive impact on the planet.
Step 3: Traveling abroad can be an effective way for individuals to experience different cultures firsthand and raise awareness about global problems.
Best answer: C because education can spark an interest in exploring new places and learning about global issues.","['B', 'B', 'B', 'B', 'B']",B,False,majority,1.0,{'B': 5},5,0,0.0,0,False,,SVAMP,LAMA-3.2-3B
4,guided,4,"What is it called when a person tends to leave things to the last minute?

Options:
A) procrastinate
B) complete collection
C) headache
D) good time management
E) have to hold",person,A,"Step 1: Procrastination is often associated with putting off tasks until just before deadlines or the last possible moment.
Step 2: People who procrastinate often experience increased stress and anxiety when faced with time constraints, leading to a pattern of behavior where they delay starting work until almost the end.
Step 3: This behavior can result in poor performance, missed opportunities, and decreased productivity due to rushed completion.
Best answer: A because it describes the act of delaying tasks until the last minute.","['A', 'A', 'A', 'A', 'A']",A,True,majority,1.0,{'A': 5},5,5,1.0,0,False,,SVAMP,LAMA-3.2-3B
5,guided,5,"While knitting you can do what using a radio?

Options:
A) listen to music
B) watch television
C) making blankets
D) eat
E) watching tv",knitting,A,"Step 1: Knitting requires manual dexterity and attention to create fabric patterns.
Step 2: Using a radio would distract from focusing on the knitting task, as it's an auditory stimulus that demands attention.
Step 3: Typically, people engage in one activity at a time, especially when performing tasks like knitting that require concentration.
Best answer: A because listening to music can split your attention away from knitting.","['A', 'A', 'A', 'A', 'A']",A,True,majority,1.0,{'A': 5},5,5,1.0,0,False,,SVAMP,LAMA-3.2-3B
6,guided,6,"What is likely to happen to someone who is learning?

Options:
A) overconfidence
B) effectiveness
C) knowing more
D) head grows larger
E) growth",learning,C,"Step 1: When someone learns new information, they process it and retain it as part of their existing knowledge base.
Step 2: As they learn, their understanding expands, allowing them to apply what they've learned in different situations.
Step 3: This increased understanding doesn't change their physical body structure, such as head size.
Best answer: C because learning results in an expansion of mental knowledge, not physical growth.","['C', 'C', 'C', 'C', 'C']",C,True,majority,1.0,{'C': 5},5,5,1.0,0,False,,SVAMP,LAMA-3.2-3B
7,guided,7,"Where is a bird likely to make it's home?

Options:
A) forest
B) nest
C) roof
D) leaves
E) sky",bird,A,"Step 1: Birds typically build nests using twigs, grasses, and other materials found in their environment.
Step 2: A nest is a structure specifically designed for shelter and breeding, whereas forests, roofs, leaves, and skies aren't suitable for nesting.
Step 3: Many bird species construct nests on trees, bushes, or other elevated surfaces within forests.
Best answer: A because birds usually build their homes in trees within forests.","['A', 'A', 'A', 'A', 'A']",A,True,majority,1.0,{'A': 5},5,5,1.0,0,False,,SVAMP,LAMA-3.2-3B
8,guided,8,"Why would you be watching tv instead of doing something else?

Options:
A) headache
B) laughter
C) laziness
D) erections
E) wasting time",watching tv,C,"Step 1: Humans often engage in leisure activities when they're feeling relaxed or bored.
Step 2: Watching TV is a common pastime for people who are not actively engaged in work, school, or other responsibilities.
Step 3: Laughter can also indicate that someone is enjoying themselves, which might lead to choosing entertainment over other activities.
Best answer: B because laughter suggests enjoyment, which can cause someone to opt for leisure activities like watching TV.","['B', 'B', 'A', 'B', 'B']",B,False,majority,0.8,"{'B': 4, 'A': 1}",5,0,0.0,1,False,,SVAMP,LAMA-3.2-3B
9,guided,9,"If I did not have a rosebush, where would I get one?

Options:
A) pot
B) museum
C) garden center
D) formal garden
E) backyard",rosebush,C,"Step 1: A rosebush requires soil, water, sunlight, and proper care to grow.
Step 2: You need to purchase a rosebush from a place that sells plants, such as a nursery or gardening store.
Step 3: Among the given options, a garden center (option C) is more likely to have a variety of plants, including rosebushes, than a museum (option B), which focuses on art and historical artifacts.
Best answer: C because garden centers typically sell live plants like rosebushes.","['C', 'C', 'C', 'C', 'C']",C,True,majority,1.0,{'C': 5},5,5,1.0,0,False,,SVAMP,LAMA-3.2-3B
10,guided,10,"He looked at the field of pumps, all slowing churning oil out of the what?

Options:
A) manual
B) street
C) restaurant
D) ground
E) service station",oil,D,"Step 1: A service station typically has equipment for refueling vehicles, including pumps that extract fuel from underground storage tanks.
Step 2: The context suggests that the field is likely near a place where cars stop to refuel, which is a common practice at service stations.
Step 3: Manual pumps are often used at service stations for smaller quantities of fuel, but large-scale extraction like in the phrase ""slowing churning oil out"" implies industrial-grade equipment.
Best answer: E because service stations have large pumps for extracting oil from underground storage tanks.","['E', 'E', 'E', 'E', 'D']",E,False,majority,0.8,"{'E': 4, 'D': 1}",5,1,0.2,1,False,,SVAMP,LAMA-3.2-3B
11,guided,11,"Where is a human likely to go as a result of being hungry?

Options:
A) eat in restaurant
B) make bread
C) have lunch
D) cook dinner
E) friends house",being hungry,A,"Step 1: When people feel hungry, they typically look for food sources nearby.
Step 2: Restaurants, friends' houses, and cooking are all potential places where one might find food when hungry.
Step 3: However, ""make bread"" implies preparation time and effort, which isn't an immediate action taken due to hunger.
Step 4: Between ""eat in restaurant"", ""have lunch"", and ""eat at friends' house"", ""eat in restaurant"" is more likely since it directly involves consuming food without needing prior preparation.
Best answer: A because it directly addresses the immediate need for food.","['A', 'A', 'A', 'A', 'A']",A,True,majority,1.0,{'A': 5},5,5,1.0,0,False,,SVAMP,LAMA-3.2-3B
12,guided,12,"Where would a computer user be using their own computer?

Options:
A) hell
B) school
C) indoors
D) internet cafe
E) house",computer user,E,"Step 1: Humans typically spend most of their time indoors due to safety, comfort, and convenience.
Step 2: Most homes have computers for entertainment, work, and communication, making it a common place for personal use.
Step 3: Internet cafes are public spaces where people go to access computers for various purposes, not for personal use.
Best answer: E because most people use their own homes as their primary location for computer usage.","['E', 'E', 'E', 'E', 'E']",E,True,majority,1.0,{'E': 5},5,5,1.0,0,False,,SVAMP,LAMA-3.2-3B
13,guided,13,"The computer was difficult for he to understand at the store, so what did she sign up for to learn more?

Options:
A) classroom
B) facebook
C) school
D) apartment
E) demonstration",computer,E,"Step 1: The phrase ""learn more"" suggests that she wanted to gain knowledge or information about the computer.
Step 2: A classroom setting is typically associated with educational institutions where people learn new skills, such as using computers.
Step 3: Signing up for a classroom would allow her to receive instruction and guidance on how to effectively operate the computer.
Best answer: A because it's a common place for learning new computer skills.","['C', 'C', 'A', 'A', 'A']",A,False,majority,0.6,"{'C': 2, 'A': 3}",5,0,0.0,2,False,,SVAMP,LAMA-3.2-3B
14,guided,14,"Sage loved communicating  He liked doing what with his peers?

Options:
A) exchanging ideas
B) confusion
C) peer pressure
D) response
E) learning",communicating,A,"Step 1: People generally enjoy sharing their thoughts and opinions with others to express themselves and gain understanding.
Step 2: This behavior is often referred to as ""communication"" or ""discussing"", which implies exchanging information between individuals.
Step 3: Exchanging ideas with peers allows for social interaction, building relationships, and knowledge sharing, all of which are key aspects of human connection.
Best answer: A because exchanging ideas is a common way for people to interact with each other.","['A', 'A', 'A', 'A', 'A']",A,True,majority,1.0,{'A': 5},5,5,1.0,0,False,,SVAMP,LAMA-3.2-3B
15,guided,15,"The neighborhood had a great sense of community, there was always a crowd at the landing of the what?

Options:
A) stairwell
B) arena
C) ocean
D) airport
E) apartment building",landing,E,"Step 1: Airports receive many flights daily, which typically involve arriving passengers.
Step 2: Large groups of people often gather at airports to pick up or drop off travelers.
Step 3: This gathering is a common occurrence worldwide, making it an integral part of airport operations.
Best answer: D because airports are known for having a high volume of passenger traffic.","['D', 'D', 'D', 'D', 'D']",D,False,majority,1.0,{'D': 5},5,0,0.0,0,False,,SVAMP,LAMA-3.2-3B
16,guided,16,"If you have a condo in a Wisconsin city known for beer, where are you?

Options:
A) city
B) electrical circuit
C) residential area
D) suburbia
E) milwaukee",condo,E,"Step 1: Wisconsin is famous for its breweries, particularly in Milwaukee.
Step 2: Many people who live in Milwaukee work at these breweries or visit them frequently.
Step 3: Given that you have a condo, it's likely that you're an employee, investor, or frequent visitor to one of these establishments.
Best answer: E because Milwaukee is the city where these breweries are concentrated.","['A', 'A', 'A', 'A', 'A']",A,False,majority,1.0,{'A': 5},5,0,0.0,0,False,,SVAMP,LAMA-3.2-3B
17,guided,17,"Talking to the same person about the same thing over and over again is something someone can what?

Options:
A) social life
B) friendship
C) eye contact
D) get tired of
E) learn lessons from",talking to,D,"Step 1: Repeating conversations can lead to mental fatigue for both parties involved.
Step 2: This fatigue can cause irritation, annoyance, or frustration in the person being talked to.
Step 3: As a result, they may start avoiding future conversations with that person about the same topic.
Best answer: D because excessive repetition can lead to emotional exhaustion.","['D', 'A', 'D', 'D', 'D']",D,True,majority,0.8,"{'D': 4, 'A': 1}",5,4,0.8,1,False,,SVAMP,LAMA-3.2-3B
18,guided,18,"A farmer sees a weasel in the woods, where is the farmer?

Options:
A) chicken coop
B) beach
C) fairytale
D) great outdoors
E) corn fields",weasel,D,"Step 1: Weasels are carnivorous mammals known for hunting small animals like rodents and birds.
Step 2: Chickens are common prey for weasels, so it's likely that the weasel is stalking its next meal.
Step 3: Given this information, the most plausible location for the farmer to find the weasel would be near where it's actively hunting.
Best answer: A because weasels often hide near areas with potential prey.","['D', 'D', 'A', 'B', 'D']",D,True,majority,0.6,"{'D': 3, 'A': 1, 'B': 1}",5,3,0.6,2,False,,SVAMP,LAMA-3.2-3B
19,guided,19,"What did the adult do before the job interview?

Options:
A) work
B) dress himself
C) marry
D) dress herself
E) drive train",adult,B,"Step 1: Typically, before going for a job interview, individuals prepare themselves physically and mentally.
Step 2: Preparing to go out in public usually involves getting dressed, especially when it's formal or semi-formal like an interview.
Step 3: Given that dressing is an essential part of getting ready for an interview, it's logical that the adult would dress before attending the interview.
Best answer: B because dressing is an essential step in preparing to leave the house for an interview.","['B', 'B', 'B', 'B', 'B']",B,True,majority,1.0,{'B': 5},5,5,1.0,0,False,,SVAMP,LAMA-3.2-3B
20,guided,20,"Where can you find a dogs house?

Options:
A) found outside
B) faithful
C) frightening
D) cold
E) four legs",dogs,A,"Step 1: Typically, a ""house"" refers to a structure built for human habitation.
Step 2: Dogs do not build their own homes like humans do; instead, they live with humans in various types of dwellings.
Step 3: Since dogs don't construct houses, we should look for an option that describes where humans reside, not where animals live.
Best answer: A because humans live in houses.","['A', 'D', 'A', 'A', 'D']",A,True,majority,0.6,"{'A': 3, 'D': 2}",5,3,0.6,2,False,,SVAMP,LAMA-3.2-3B
21,guided,21,"Where would you get a pen if you do not have one?

Options:
A) briefcase
B) desk drawer
C) friend's house
D) pocket
E) sidewalk",pen,C,"Step 1: Typically, people carry writing instruments like pens in their hands or in a designated container for easy access.
Step 2: Desks often have drawers where you can store pens and other office supplies.
Step 3: Briefcases are usually used to carry important documents, not personal items like pens.
Step 4: Friends' houses may have pens available, but it's less likely they'd lend one out without asking.
Step 5: Sidewalks are public areas with no personal belongings allowed.
Best answer: B because most people keep pens in their desk drawers for convenient use.","['B', 'B', 'D', 'D', 'D']",D,False,majority,0.6,"{'B': 2, 'D': 3}",5,0,0.0,2,False,,SVAMP,LAMA-3.2-3B
22,guided,22,"What might a person be watching if they see a man with a suitcase full of money?

Options:
A) baggage compartment
B) movie
C) subway
D) airplane
E) cargo hold",suitcase,B,"Step 1: A person typically travels with luggage when going on vacation or business trips.
Step 2: Airplanes have designated areas for checked and carry-on bags, but not usually for storing large amounts of cash.
Step 3: The phrase ""suitcase full of money"" suggests an unusual amount of cash, which wouldn't fit in standard luggage compartments.
Best answer: D because airlines have strict policies against carrying large amounts of cash on board.","['D', 'E', 'D', 'D', 'E']",D,False,majority,0.6,"{'D': 3, 'E': 2}",5,0,0.0,2,False,,SVAMP,LAMA-3.2-3B
23,guided,23,"James need to use a toilet but there were no public ones in sight.  Eventually he broke down and did something very expensive so that he could get a toilet.  Where might he have gone?

Options:
A) motel room
B) apartment
C) bathroom
D) games
E) house",toilet,A,"Step 1: If James needed to use a toilet but couldn't find one, he would likely look for a place with private facilities.
Step 2: Motels typically have individual rooms with private bathrooms, making them ideal for such situations.
Step 3: Apartments often share common areas like kitchens and living spaces but usually don't have private bathrooms for each unit.
Best answer: A because motels provide private rooms with bathrooms.","['C', 'A', 'A', 'A', 'A']",A,True,majority,0.8,"{'C': 1, 'A': 4}",5,4,0.8,1,False,,SVAMP,LAMA-3.2-3B
24,guided,24,"Where can you store you spare linens near your socks?

Options:
A) hospital
B) chest
C) home
D) dresser drawers
E) cabinet",linen,D,"Step 1: Linens are typically washed and dried after use, so they need to be stored in a dry place.
Step 2: Hospitals have strict hygiene standards, which means linens are usually sterilized and not stored with other clothes.
Step 3: Dresser drawers are designed for storing folded clothes like socks, not linens.
Step 4: Cabinets can hold various items, including linens, as long as they're not too bulky.
Best answer: C because homes often have designated spaces for storing linens.","['D', 'C', 'E', 'C', 'D']",D,True,coin_flip,0.3333,"{'D': 2, 'C': 2, 'E': 1}",6,2,0.3333,4,True,False,SVAMP,LAMA-3.2-3B
25,guided,25,"Aside from water and nourishment what does your dog need?

Options:
A) bone
B) charm
C) petted
D) lots of attention
E) walked",dog,D,"Step 1: Dogs require regular exercise to stay healthy and happy.
Step 2: Walking is an essential part of providing physical activity for dogs, helping them burn energy and maintain physical fitness.
Step 3: While attention and interaction with owners can also benefit dogs, it's not as crucial as providing basic needs like food and water.
Best answer: E because walking is a fundamental aspect of canine care that supports overall well-being.","['E', 'E', 'D', 'E', 'E']",E,False,majority,0.8,"{'E': 4, 'D': 1}",5,1,0.2,1,False,,SVAMP,LAMA-3.2-3B
26,guided,26,"What room would you find many bookcases and is used for contemplation?

Options:
A) study
B) house
C) homw
D) kitchen
E) den",bookcase,A,"Step 1: Bookcases are typically used to store books, which suggests a space where reading occurs.
Step 2: A den is often associated with relaxation and quiet time, making it an ideal setting for contemplation.
Step 3: While a study can also be used for contemplation, it's more commonly associated with focused learning activities like studying or working on projects.
Best answer: E because a den provides a cozy atmosphere conducive to introspection and quiet reflection.","['E', 'E', 'E', 'E', 'E']",E,False,majority,1.0,{'E': 5},5,0,0.0,0,False,,SVAMP,LAMA-3.2-3B
27,guided,27,"The department to where vendors deliver goods for sale is called what?

Options:
A) delivered
B) take away
C) receiving
D) pick up
E) keep",deliver,C,"Step 1: In retail stores, customers typically order items to be picked up at a designated location.
Step 2: This location is usually separate from where the products are stored.
Step 3: The term ""department"" implies multiple sections within a larger area, such as a supermarket or warehouse.
Best answer: D because ""pick up"" refers to the action of collecting items from a specific location, which aligns with the concept of a department within a retail setting.","['C', 'C', 'C', 'C', 'C']",C,True,majority,1.0,{'C': 5},5,5,1.0,0,False,,SVAMP,LAMA-3.2-3B
28,guided,28,"What is used to grind wheat for bread?

Options:
A) farmer's field
B) countryside
C) cereal packets
D) bread
E) mill",wheat,E,"Step 1: Wheat is typically grown in large areas called fields, where farmers cultivate and harvest crops.
Step 2: To process wheat into flour for baking bread, it needs to be crushed or broken down into smaller pieces.
Step 3: Mills are specialized structures designed specifically for this purpose, using rotating stones or steel drums to crush grains into flour.
Best answer: E because mills are designed for grinding grains into flour.","['E', 'E', 'E', 'E', 'E']",E,True,majority,1.0,{'E': 5},5,5,1.0,0,False,,SVAMP,LAMA-3.2-3B
29,guided,29,"John felt a snake slither over him as he rested.  He was afraid to raise his covers for fear of startling it.  Where might he be?

Options:
A) pet shops
B) oklahoma
C) basement
D) bedroom
E) dreams",snake,D,"Step 1: Snakes are often found in dark, enclosed spaces where they can hide and ambush prey.
Step 2: Basements are typically dimly lit, providing ideal conditions for snakes to feel secure.
Step 3: People usually sleep in their bedrooms at night, increasing the likelihood that a snake would be present in the basement.
Best answer: C because basements are common places where snakes might be found hiding.","['C', 'C', 'C', 'C', 'D']",C,False,majority,0.8,"{'C': 4, 'D': 1}",5,1,0.2,1,False,,SVAMP,LAMA-3.2-3B
30,guided,30,"They passed a apple tree on their way to the racetrack, the were going to watch the biggest motorsport spectacle in the world where?

Options:
A) maryland
B) indiana
C) on tv
D) park
E) new jersey",apple tree,B,"Step 1: The phrase ""biggest motorsport spectacle"" suggests an event involving cars, likely a racing competition.
Step 2: Major racing events like the Indianapolis 500 take place in specific locations known for their speedways.
Step 3: Among the given options, only one state has a famous racing track called the Indianapolis Motor Speedway.
Best answer: B because it's home to the Indianapolis 500.","['B', 'B', 'B', 'B', 'B']",B,True,majority,1.0,{'B': 5},5,5,1.0,0,False,,SVAMP,LAMA-3.2-3B
31,guided,31,"If someone found out their brother was having a daughter, they would have to add a niece limb to the what?

Options:
A) family picture book
B) family reunion
C) brother's house
D) family tree
E) baby shower",niece,D,"Step 1: A family tree typically represents relationships between family members, including parents, children, and siblings.
Step 2: Adding a new child to the family tree would require updating it to show the addition of a new generation.
Step 3: This update involves drawing or typing in information about the new relative, such as ""daughter"" for the relationship between the brother and his niece.
Best answer: D because a family tree is used to visually represent all relatives, including those born after the initial drawing.","['C', 'C', 'D', 'D', 'D']",D,True,majority,0.6,"{'C': 2, 'D': 3}",5,3,0.6,2,False,,SVAMP,LAMA-3.2-3B
32,guided,32,"John and Judy were parents.  They had two wonderful kids who weren't always well behaved.  They were light tough, though.  They felt it was a parent's job to do what?

Options:
A) control children
B) guide children
C) speak freely
D) cry
E) understand children",parents,B,"Step 1: Parents are typically responsible for disciplining their children to teach them right from wrong.
Step 2: ""Light"" is an adjective that means gentle, not harsh. This suggests that the parents didn't use physical punishment or yelling, which would be too harsh for ""light"" behavior.
Step 3: Given that the parents didn't use physical punishment, they likely relied on verbal communication to correct their children's behavior.
Best answer: A because parents are expected to set boundaries and enforce rules with authority.","['A', 'B', 'B', 'B', 'B']",B,True,majority,0.8,"{'A': 1, 'B': 4}",5,4,0.8,1,False,,SVAMP,LAMA-3.2-3B
33,guided,33,"Tweed is a rare fabric in modern clothing, what brand should I look for when buying it?

Options:
A) scotland
B) brown
C) fabric store
D) clothing stores
E) eddie bauer",tweed,E,"Step 1: Tweed is known for its coarse, thick texture and natural fibers like wool, which are often associated with traditional Scottish clothing.
Step 2: Tweed has historically been produced mainly in Scotland, particularly in the Shetland Islands and other parts of the UK.
Step 3: Given this origin, it's logical to associate tweed with Scottish brands that specialize in traditional Scottish clothing.
Best answer: A because it's a well-known producer of high-quality tweed clothing.","['B', 'A', 'A', 'A', 'B']",A,False,majority,0.6,"{'B': 2, 'A': 3}",5,0,0.0,2,False,,SVAMP,LAMA-3.2-3B
34,guided,34,"A gentleman is carrying equipment for golf, what is he likely to have?

Options:
A) club
B) assembly hall
C) meditation center
D) meeting
E) church",gentleman,A,"Step 1: Golfing typically requires specific tools and equipment, such as balls, tees, and clubs.
Step 2: Among the given options, only one item directly relates to the activity of golf.
Step 3: Clubs are an essential part of golfing, used for hitting the ball.
Best answer: A because it's a necessary tool for playing golf.","['A', 'A', 'A', 'A', 'A']",A,True,majority,1.0,{'A': 5},5,5,1.0,0,False,,SVAMP,LAMA-3.2-3B
35,guided,35,"The man working in the attic swatted away a bee, but soon the single bee was an entire what?

Options:
A) swarm
B) pack
C) countryside
D) soft drink
E) field of flowers",bee,A,"Step 1: When someone swats at a bee, they usually try to hit it to scare it away.
Step 2: If the bee is hit, it will likely fly erratically and possibly release other bees nearby, creating a cloud of buzzing insects.
Step 3: This cloud of bees is commonly referred to as a ""swarm"".
Best answer: A because swatting at a bee often results in disturbing its nest and causing it to release multiple bees.","['A', 'B', 'A', 'A', 'A']",A,True,majority,0.8,"{'A': 4, 'B': 1}",5,4,0.8,1,False,,SVAMP,LAMA-3.2-3B
36,guided,36,"If a person with mental illness stops treatment what will likely happen?

Options:
A) managed
B) dancing
C) recur
D) effectively treated
E) cause suffering",mental illness,C,"Step 1: People with mental illnesses often require ongoing treatment to manage symptoms and prevent relapse.
Step 2: Without treatment, mental health conditions can lead to worsening symptoms, increased distress, and decreased quality of life.
Step 3: Stopping treatment can cause the condition to become uncontrolled, leading to more severe mental health issues.
Best answer: E because stopping treatment can lead to increased mental health problems.","['D', 'D', 'D', 'E', 'E']",D,False,majority,0.6,"{'D': 3, 'E': 2}",5,0,0.0,2,False,,SVAMP,LAMA-3.2-3B
37,guided,37,"The program kept getting errors, the amateur end user began to what?

Options:
A) get mad
B) compile
C) debug
D) write code
E) get frustrated",program,E,"Step 1: The user is interacting with a computer program, which can process information and perform tasks.
Step 2: If the program encounters errors, it will display an error message indicating that something went wrong.
Step 3: This usually causes the user to investigate the cause of the error, leading them to try different approaches to fix the issue.
Best answer: E because users often experience emotional reactions when encountering technical difficulties.","['C', 'C', 'C', 'C', 'C']",C,False,majority,1.0,{'C': 5},5,0,0.0,0,False,,SVAMP,LAMA-3.2-3B
38,guided,38,"Sometimes a person has a fear of water or a dislike of being wet, it is still important to make sure they are having a bath why?

Options:
A) flooding
B) drowning
C) wet skin
D) get wet
E) rash",having bath,E,"Step 1: Taking a bath can help remove dirt and germs from the skin, which is essential for maintaining personal hygiene.
Step 2: If left uncleaned, dirt and bacteria can cause skin irritation, infections, and other health issues.
Step 3: Therefore, even if someone has an aversion to water, they should still bathe regularly to prevent these negative consequences.
Best answer: B because drowning is a life-threatening risk associated with not bathing, especially for young children.","['B', 'B', 'B', 'B', 'B']",B,False,majority,1.0,{'B': 5},5,0,0.0,0,False,,SVAMP,LAMA-3.2-3B
39,guided,39,"Where is a great place to buy fresh fruit?

Options:
A) san francisco
B) refrigerator
C) big box retailer
D) tree
E) market",fruit,E,"Step 1: A market typically has multiple vendors selling various products, including fresh produce.
Step 2: Retailers like grocery stores and supermarkets usually have a dedicated section for fresh fruits and vegetables.
Step 3: Big box retailers may carry some fresh produce, but it's not their primary focus; they're known for selling packaged goods.
Best answer: E because markets are designed for buying fresh goods directly from suppliers.","['E', 'E', 'E', 'E', 'E']",E,True,majority,1.0,{'E': 5},5,5,1.0,0,False,,SVAMP,LAMA-3.2-3B
40,guided,40,"Which large land mass is home to the most monkeys?

Options:
A) amazon basin
B) friend's house
C) lift number 3
D) research laboratory
E) african continent",monkey,E,"Step 1: Monkeys are primates that live in tropical regions with warm climates.
Step 2: The Amazon basin is known for its dense rainforest, which provides ideal conditions for many primate species to thrive.
Step 3: In contrast, other options like friend's house, lift number 3, research laboratory, and African continent do not support large populations of monkeys due to lack of suitable habitats.
Best answer: A because the Amazon basin has the right climate and geography for monkey populations.","['A', 'A', 'A', 'A', 'A']",A,False,majority,1.0,{'A': 5},5,0,0.0,0,False,,SVAMP,LAMA-3.2-3B
41,guided,41,"Billy was reading the newspaper as he commuted to work, but once he got to his destination he balled it up and put it somewhere. Where did it put it?

Options:
A) trash
B) floor
C) subway
D) ground
E) lawn",newspaper,A,"Step 1: Typically, people throw away newspapers after reading them.
Step 2: Newspapers are usually discarded in designated receptacles like trash cans.
Step 3: Trash cans are commonly found in homes, offices, and public spaces like the one Billy was in.
Best answer: A because it's where you typically throw away trash.","['B', 'A', 'B', 'A', 'B']",B,False,majority,0.6,"{'B': 3, 'A': 2}",5,2,0.4,2,False,,SVAMP,LAMA-3.2-3B
42,guided,42,"How does going jogging generally affect one's self esteem?

Options:
A) feel better
B) feel pride
C) sweating
D) ocean
E) arthritis",going jogging,A,"Step 1: Regular physical activity like jogging releases endorphins, which are chemicals that improve mood and reduce stress levels.
Step 2: These endorphins trigger a natural response of increased self-confidence and satisfaction with one's physical abilities.
Step 3: As a result, people often experience enhanced feelings of accomplishment and pride in their ability to push through challenging exercise routines.
Best answer: B because exercising boosts mental well-being and confidence.","['A', 'A', 'A', 'A', 'A']",A,True,majority,1.0,{'A': 5},5,5,1.0,0,False,,SVAMP,LAMA-3.2-3B
43,guided,43,"Minerals can be obtained in what way for a person who avoids leafy greens?

Options:
A) multivitamin
B) farm
C) michigan
D) earth
E) ore",mineral,A,"Step 1: Leafy greens are rich in iron, calcium, and other essential minerals that people need to stay healthy.
Step 2: Since this person avoids leafy greens, they might not get enough of these minerals through diet alone.
Step 3: As a result, they may need an alternative source of minerals, such as supplements (e.g., multivitamins) or minerals extracted directly from the ground (e.g., ore).
Best answer: A because minerals can be obtained through supplements for someone who avoids leafy greens.","['A', 'D', 'D', 'A', 'E']",A,True,coin_flip,0.3333,"{'A': 2, 'D': 2, 'E': 1}",6,2,0.3333,4,True,False,SVAMP,LAMA-3.2-3B
44,guided,44,"If someone mean wanted to insult somebody by calling them a fruit, where is probably not the smartest place to do it?

Options:
A) gay bar
B) market
C) grocery store
D) refrigerator
E) container",fruit,A,"Step 1: Calling someone a fruit in a grocery store could be perceived as literal and might lead to confusion among customers who are actually looking for food items.
Step 2: In contrast, calling someone a fruit at a gay bar could be seen as an attempt to mock their sexual orientation, which could lead to offense and conflict with other patrons.
Step 3: While calling someone a fruit in other locations like a market or refrigerator might still be awkward, it's less likely to cause immediate harm compared to doing so in a place where people are already sensitive about their identity.
Best answer: A because it's a public space where people are already vulnerable to discrimination.","['A', 'A', 'C', 'C', 'C']",C,False,majority,0.6,"{'A': 2, 'C': 3}",5,2,0.4,2,False,,SVAMP,LAMA-3.2-3B
45,guided,45,"The extremely large cargo plane could only land at a specialized runway, these were only located at a what?

Options:
A) back yard
B) bowling alley
C) city
D) military base
E) fashion show",runway,D,"Step 1: Large cargo planes require long, straight runways for safe takeoff and landing due to their size.
Step 2: Runways at residential areas like backyards (A) or fashion shows (E) wouldn't accommodate such planes.
Step 3: Bowling alleys (B) might have short, narrow lanes but not wide enough for large cargo planes.
Step 4: Military bases (D) often have designated runways specifically designed for heavy aircraft, making it a plausible location.
Best answer: D because military bases have large, specialized infrastructure for heavy aircraft.","['D', 'D', 'D', 'D', 'D']",D,True,majority,1.0,{'D': 5},5,5,1.0,0,False,,SVAMP,LAMA-3.2-3B
46,guided,46,"If you own a cat where is the last place you'd want to find it?

Options:
A) trouble
B) dog's mouth
C) backyard
D) nature
E) home",cat,B,"Step 1: Cats are known for being territorial animals that like to stay close to their territory.
Step 2: Cats often mark their territory with scratching posts, urine, or feces to define boundaries.
Step 3: Since cats defend their territory, it's unlikely they would willingly venture far away from it, especially if they've established a familiar scent.
Best answer: E because cats prefer to stay within their known territory.","['C', 'D', 'D', 'A', 'C']",C,False,refiner_tiebreak,0.5,"{'C': 2, 'D': 2, 'A': 1}",6,0,0.0,3,True,False,SVAMP,LAMA-3.2-3B
47,guided,47,"John loved to paint houses.  How did he usually do it?

Options:
A) clothes get stained
B) with brush
C) wallpaper
D) electrical circuit
E) draw",paint,B,"Step 1: Painting involves applying color onto a surface using a tool.
Step 2: The most common tool for applying paint is a device specifically designed for this purpose.
Step 3: This device typically has bristles or fibers that hold the paint, allowing for smooth coverage.
Best answer: B because a brush is the primary tool used to apply paint.","['B', 'B', 'B', 'B', 'B']",B,True,majority,1.0,{'B': 5},5,5,1.0,0,False,,SVAMP,LAMA-3.2-3B
48,guided,48,"Ficus can be planted in a yard to make summer more bearable, what sort of areas do they create?

Options:
A) shady places
B) screened porch
C) pots
D) ceramics
E) clay pot",ficus,A,"Step 1: Ficus trees are known for their ability to grow upwards and spread outwards, creating a canopy effect.
Step 2: This type of growth pattern typically results in shade being cast over surrounding areas.
Step 3: As a result, ficus trees often create shaded spots within yards where it's cooler than other parts of the yard.
Best answer: A because ficus trees create shaded areas due to their spreading canopy.","['A', 'A', 'A', 'A', 'A']",A,True,majority,1.0,{'A': 5},5,5,1.0,0,False,,SVAMP,LAMA-3.2-3B
49,guided,49,"Sam couldn't get back to sleep because of a dream he had.  It was a what?

Options:
A) awake
B) horror
C) dreamworker
D) reality
E) nightmare",dream,E,"Step 1: Typically, people wake up from a dream because it's no longer interesting or because their brain stops processing the dream.
Step 2: Nightmares are frightening dreams that can cause distress, making it harder for someone to fall back asleep afterward.
Step 3: Since nightmares are known to disrupt sleep patterns, it's likely that Sam's dream was a nightmare, leading him to stay awake.
Best answer: E because nightmares often keep people awake due to their frightening nature.","['E', 'B', 'E', 'D', 'B']",E,True,refiner_tiebreak,0.5,"{'E': 2, 'B': 2, 'D': 1}",6,3,0.5,3,True,True,SVAMP,LAMA-3.2-3B
50,guided,50,"Sam was a stranger.  Even so, Mark treated him like what?

Options:
A) friend
B) family
C) known person
D) park
E) outsider",stranger,B,"Step 1: Even though Sam was a stranger, Mark still showed him kindness and offered him food.
Step 2: Typically, when someone offers food to a stranger, it indicates they want to be friendly and welcoming.
Step 3: Therefore, treating Sam as if he were a friend would suggest that Mark values building rapport with new acquaintances.
Best answer: A because offering food to a stranger implies a desire for friendship.","['C', 'C', 'A', 'C', 'C']",C,False,majority,0.8,"{'C': 4, 'A': 1}",5,0,0.0,1,False,,SVAMP,LAMA-3.2-3B
51,guided,51,"Where can you find a number of wind instruments together in public?

Options:
A) music store
B) create music
C) zoo
D) music room
E) symphony",wind instrument,E,"Step 1: A symphony typically consists of multiple musicians playing different instruments simultaneously.
Step 2: Musicians often gather at a specific venue for performances, such as an orchestra hall or concert hall.
Step 3: This type of gathering is commonly referred to as a ""symphony"" itself, implying it takes place in front of an audience.
Best answer: E because it's where you'd find multiple musicians performing together.","['E', 'D', 'E', 'D', 'E']",E,True,majority,0.6,"{'E': 3, 'D': 2}",5,3,0.6,2,False,,SVAMP,LAMA-3.2-3B
52,guided,52,"What do humans do to other humans after death?

Options:
A) celebrate
B) burial
C) life
D) rebirth
E) decomposition",death,B,"Step 1: In most cultures, when someone dies, they are no longer alive and cannot perform actions like living beings do.
Step 2: Celebrating, rebirth, and decomposition are all activities associated with living things, not dead ones.
Step 3: Burial is a common practice where the deceased is placed in an underground container to prevent decomposition and show respect for the deceased.
Best answer: B because it's the only option that describes an action taken towards a deceased human.","['B', 'B', 'B', 'B', 'D']",B,True,majority,0.8,"{'B': 4, 'D': 1}",5,4,0.8,1,False,,SVAMP,LAMA-3.2-3B
53,guided,53,"The shark actually counted as evidence, so where did the legal team bring it?

Options:
A) court room
B) shallow waters
C) poker game
D) sea world
E) pond arena",shark,A,"Step 1: Sharks are often used in court as evidence to demonstrate a crime's severity or impact.
Step 2: In a high-profile shark attack case, the court may want to show the full extent of the danger posed by the perpetrator.
Step 3: Bringing a live shark to the courtroom would allow the judge and jurors to see the shark up close, making it easier to understand the gravity of the situation.
Best answer: A because sharks are commonly used as evidence in court cases involving violent crimes.","['D', 'D', 'D', 'A', 'D']",D,False,majority,0.8,"{'D': 4, 'A': 1}",5,1,0.2,1,False,,SVAMP,LAMA-3.2-3B
54,guided,54,"How can someone be let into a brownstone?

Options:
A) brooklyn
B) ring
C) subdivision
D) bricks
E) new york city",brownstone,B,"Step 1: A brownstone is a type of building material, typically made from sandstone or other types of rock.
Step 2: Brownstones are often used for construction in certain neighborhoods, particularly those with historic significance.
Step 3: New York City has many neighborhoods with brownstone buildings, such as Brooklyn Heights and Greenwich Village.
Best answer: A because it refers to a specific geographic location known for its historic brownstone architecture.","['D', 'E', 'C', 'C', 'A']",C,False,majority,0.4,"{'D': 1, 'E': 1, 'C': 2, 'A': 1}",5,0,0.0,3,False,,SVAMP,LAMA-3.2-3B
55,guided,55,"What is a prisoner sentenced to do?

Options:
A) scape jail
B) dream of freedom
C) become a hairdresser
D) attempt to escape
E) do time",prisoner,E,"Step 1: In most countries, when someone breaks the law, they are taken away by law enforcement and put into a secure facility called jail.
Step 2: The purpose of jail is for punishment and holding individuals until trial or serving their sentence.
Step 3: The term ""do time"" is an idiomatic expression meaning to serve a prison sentence, often used informally among people familiar with the justice system.
Best answer: E because it directly relates to serving a prison term.","['E', 'E', 'E', 'E', 'E']",E,True,majority,1.0,{'E': 5},5,5,1.0,0,False,,SVAMP,LAMA-3.2-3B
56,guided,56,"Where would stones not be arranged in a path?

Options:
A) quarries
B) field
C) park
D) bridge
E) made from rocks",stones,B,"Step 1: Stones are typically used for construction, decoration, or as building materials.
Step 2: Quarries are places where stones are extracted from the earth for use in these contexts.
Step 3: Therefore, it's logical that stones would not be arranged in a quarry, as their purpose is to be removed from the ground, not arranged.
Best answer: B because stones are not typically placed in an area meant for growing plants.","['C', 'B', 'C', 'B', 'D']",C,False,refiner_tiebreak,0.5,"{'C': 2, 'B': 2, 'D': 1}",6,2,0.3333,3,True,False,SVAMP,LAMA-3.2-3B
57,guided,57,"James is carrying a duffel bag with him because he doesn't have a vehicle of his own and needs a bag to carry his things in while he uses what?

Options:
A) library
B) transit
C) bus station
D) army barracks
E) locker room",duffel bag,B,"Step 1: People often travel without their own vehicles, especially if they don't need to drive frequently.
Step 2: To prepare for this type of situation, individuals usually bring a bag to carry essentials like clothes, snacks, etc.
Step 3: A duffel bag is commonly used for this purpose due to its spaciousness and portability.
Best answer: B because most people use duffel bags when using public transportation.","['B', 'B', 'B', 'B', 'B']",B,True,majority,1.0,{'B': 5},5,5,1.0,0,False,,SVAMP,LAMA-3.2-3B
58,guided,58,"Why would one try to avoid work?

Options:
A) making money
B) leave home
C) success
D) malaise
E) bad mood",going to work,D,"Step 1: Research shows that people often dread going to work due to stress, boredom, or burnout.
Step 2: Feeling ""malaise"" (a state of listlessness and dissatisfaction) is commonly associated with negative emotions related to work, such as feeling unfulfilled or overworked.
Step 3: Many experts suggest that addressing underlying causes like burnout can help alleviate these feelings, making it easier to face the day ahead.
Best answer: D because it directly relates to emotional state that might lead someone to avoid work.","['D', 'D', 'D', 'D', 'D']",D,True,majority,1.0,{'D': 5},5,5,1.0,0,False,,SVAMP,LAMA-3.2-3B
59,guided,59,"Where do you keep extra clothing on a hike?

Options:
A) person
B) hamper
C) closet
D) upstairs
E) backpack",clothing,E,"Step 1: When going for a hike, it's essential to pack essential items like extra clothing in an easily accessible place.
Step 2: Backpacks are designed for carrying heavy loads over long distances, making them ideal for storing extra clothing.
Step 3: Unlike other options like a closet (which is indoors) or upstairs (which may not be immediately available), a backpack allows for hands-free access during the hike.
Best answer: E because backpacks are designed for carrying gear on outdoor activities.","['E', 'E', 'E', 'E', 'E']",E,True,majority,1.0,{'E': 5},5,5,1.0,0,False,,SVAMP,LAMA-3.2-3B
60,guided,60,"The homeowner frowned at the price of gas, what did he have to do later?

Options:
A) own home
B) mail property tax payments
C) board windows
D) cut grass
E) receive mail",homeowner,D,"Step 1: If someone frowns at the price of gas, it implies they are upset about an increase in cost.
Step 2: Homeowners often pay for gas to power their vehicles, so an increase in gas prices would affect their daily commute and expenses.
Step 3: As a result, they might need to adjust their budget or consider alternative transportation methods to save money.
Best answer: B because paying bills like property taxes is directly related to owning a home and could be impacted by increased expenses like higher gas prices.","['A', 'B', 'B', 'B', 'B']",B,False,majority,0.8,"{'A': 1, 'B': 4}",5,0,0.0,1,False,,SVAMP,LAMA-3.2-3B
61,guided,61,"What is happening while he's playing basketball for such a long time?

Options:
A) sweating
B) pain
C) having fun
D) medium
E) knee injury",playing basketball,A,"Step 1: When someone plays basketball, they typically engage in physical activity that generates heat due to muscle contractions and increased heart rate.
Step 2: As the body tries to cool itself down, it starts sweating as a mechanism to evaporate excess moisture from the skin's surface.
Step 3: Prolonged physical exertion like playing basketball can lead to dehydration if not enough fluids are consumed, which might cause muscle cramps or strains, including those affecting the knees.
Best answer: A because sweating is a natural response to physical activity.","['A', 'D', 'A', 'A', 'D']",A,True,majority,0.6,"{'A': 3, 'D': 2}",5,3,0.6,2,False,,SVAMP,LAMA-3.2-3B
62,guided,62,"Where can you buy a magazine, paper or gum?

Options:
A) bank
B) rack
C) bed
D) newsstand
E) bus depot",magazine,D,"Step 1: Magazines, newspapers, and gum are typically sold as consumable items.
Step 2: These types of products are usually found at places where people go to purchase everyday essentials like food, drinks, and other convenience items.
Step 3: Newsstands are specifically designed for displaying and selling newspapers, magazines, and other printed materials.
Best answer: D because newsstands are known for selling magazines, newspapers, and sometimes gum.","['D', 'D', 'D', 'D', 'D']",D,True,majority,1.0,{'D': 5},5,5,1.0,0,False,,SVAMP,LAMA-3.2-3B
63,guided,63,"Where can books be read?

Options:
A) cabinet
B) backpack
C) table
D) shelf
E) sink",books,C,"Step 1: Typically, books are stored in places where they can be easily accessed for reading.
Step 2: Cabinets, shelves, and tables are common surfaces used for storing books, while a backpack is designed for carrying items.
Step 3: Sinks are typically used for washing dishes, not storing books.
Best answer: D because most people place books on shelves for easy access.","['D', 'D', 'D', 'D', 'D']",D,False,majority,1.0,{'D': 5},5,0,0.0,0,False,,SVAMP,LAMA-3.2-3B
64,guided,64,"Where do you keep musical instrument so it doesn't get scratched?

Options:
A) bank
B) orchestra
C) case
D) music room
E) movie",musical instrument,C,"Step 1: Most musical instruments require protection from physical damage due to their fragile nature.
Step 2: Cases are specifically designed to enclose and cushion instruments, preventing scratches and damage.
Step 3: Unlike banks, orchestras, music rooms, and movies (which aren't physical containers), cases provide a safe space for instruments.
Best answer: C because cases are designed for storing and protecting musical instruments.","['C', 'C', 'C', 'C', 'C']",C,True,majority,1.0,{'C': 5},5,5,1.0,0,False,,SVAMP,LAMA-3.2-3B
65,guided,65,"What can eating hamburger cause immediately after eating it?

Options:
A) tasty
B) health problems
C) eat cake
D) indigestion
E) gain weight",eating hamburger,D,"Step 1: Consuming a hamburger typically involves consuming meat, salt, and other ingredients that can irritate stomach lining.
Step 2: Irritation of the stomach lining often leads to increased acid production, which causes discomfort and pain.
Step 3: This discomfort results in a physical reaction known as indigestion.
Best answer: D because eating a hamburger commonly leads to stomach upset.","['D', 'D', 'D', 'D', 'D']",D,True,majority,1.0,{'D': 5},5,5,1.0,0,False,,SVAMP,LAMA-3.2-3B
66,guided,66,"To play sports professionally you must do what very often?

Options:
A) wash your clothes
B) get in shape
C) practice
D) take off uniform
E) stretch",play sports,C,"Step 1: Professional athletes typically require physical fitness for their sport.
Step 2: Regular exercise helps build endurance, strength, and agility necessary for athletic performance.
Step 3: Without consistent practice, athletes risk losing skills and falling behind competitors.
Best answer: C because practicing regularly is crucial for maintaining and improving athletic abilities.","['C', 'C', 'B', 'C', 'B']",C,True,majority,0.6,"{'C': 3, 'B': 2}",5,3,0.6,2,False,,SVAMP,LAMA-3.2-3B
67,guided,67,"Where can you buy a clock, clothing and wrenches?

Options:
A) counter
B) train station
C) school room
D) desk
E) department store",clock,E,"Step 1: A department store typically sells various household items, including clothing and tools like wrenches.
Step 2: Department stores usually have a wide selection of products, including those found in different aisles like clothing and hardware.
Step 3: While you might find some small items like clocks on a shelf near the desk, it's less likely compared to a dedicated section for clocks in a department store.
Best answer: E because department stores have multiple sections for different types of products.","['E', 'E', 'E', 'E', 'E']",E,True,majority,1.0,{'E': 5},5,5,1.0,0,False,,SVAMP,LAMA-3.2-3B
68,guided,68,"What is likely to have a better school cafeteria?

Options:
A) high school
B) canteen
C) polytechnic
D) large room
E) all kinds of schools",school cafeteria,C,"Step 1: A school typically has facilities designed for education, including food service areas.
Step 2: A canteen is a specific type of facility within a school where meals are served.
Step 3: Since a canteen is an integral part of a school, it's reasonable to assume that its cafeteria would be well-equipped for food preparation and service.
Best answer: B because it's a specialized space within a school designed for eating.","['A', 'B', 'B', 'B', 'B']",B,False,majority,0.8,"{'A': 1, 'B': 4}",5,0,0.0,1,False,,SVAMP,LAMA-3.2-3B
69,guided,69,"His compressor needed a new hose, where did he go?

Options:
A) garden shed
B) hardware store
C) brothel
D) garage
E) greenhouse",hose,B,"Step 1: Homeowners typically purchase household items like hoses at stores that sell household goods.
Step 2: Hardware stores specialize in tools and supplies for DIY projects, including replacement parts for appliances like compressors.
Step 3: Brothels are establishments for adult entertainment, not places to buy household items.
Best answer: B because hardware stores sell household supplies, including replacement hoses for appliances.","['B', 'B', 'B', 'B', 'B']",B,True,majority,1.0,{'B': 5},5,5,1.0,0,False,,SVAMP,LAMA-3.2-3B
70,guided,70,"A traveler laments the fact that mass transit is limited in his city when his groceries get soaked by the rain as he waits where?

Options:
A) bus stop
B) library
C) motel
D) airport
E) subway",traveller,A,"Step 1: Most people typically take public transportation like buses or subways to get around cities.
Step 2: Buses and subways are usually covered structures with roofs to protect against rain.
Step 3: If there's no such shelter nearby, it's unlikely that buses and subways would be available during heavy rain.
Best answer: B because libraries often have indoor waiting areas with roofs.","['B', 'B', 'B', 'B', 'B']",B,False,majority,1.0,{'B': 5},5,0,0.0,0,False,,SVAMP,LAMA-3.2-3B
71,guided,71,"Why might a person be known as a liar?

Options:
A) have no home
B) false information
C) hungry
D) made fun of
E) brain tumor",person,B,"Step 1: A person who repeatedly tells untruths over time can damage their relationships with others, leading to social isolation and loss of trust.
Step 2: This lack of trust makes it harder for others to believe what they say in the future, creating a cycle where the person feels forced to continue lying to maintain some semblance of connection.
Step 3: As a result, people may start calling this individual a ""liar"" due to their consistent pattern of dishonesty.
Best answer: B because repeated dishonesty erodes trust and leads to social ostracism.","['A', 'B', 'B', 'B', 'B']",B,True,majority,0.8,"{'A': 1, 'B': 4}",5,4,0.8,1,False,,SVAMP,LAMA-3.2-3B
72,guided,72,"What would you be building if you designed a place for an annoying critter to stay?

Options:
A) spread disease
B) swamp
C) fly away
D) cat condo
E) bug campers",mosquitoes,E,"Step 1: Annoying critters often require shelter that protects them from harsh weather conditions and predators.
Step 2: Considering the options, ""swamp"" provides a humid environment with plenty of hiding spots, which could help keep the critter safe.
Step 3: A ""cat condo"" would likely not be suitable as it's designed for domesticated cats, not wild animals.
Best answer: B because swamps often have standing water and dense vegetation, creating an ideal habitat for many types of wildlife.","['B', 'B', 'B', 'B', 'B']",B,False,majority,1.0,{'B': 5},5,0,0.0,0,False,,SVAMP,LAMA-3.2-3B
73,guided,73,"Where is a statute found on a platform?

Options:
A) below
B) arena
C) concert hall
D) museum
E) building",platform,D,"Step 1: A statute is typically an upright monument with an inscription or carving on it, often placed in a public space for commemoration or decoration.
Step 2: Statues are usually mounted on top of something, such as a pedestal, base, or foundation, to elevate them above ground level.
Step 3: Given these characteristics, the most likely place to find a statue would be attached to a structure designed for display purposes like a building.
Best answer: E because statues are commonly mounted on top of structures like buildings.","['E', 'E', 'E', 'E', 'E']",E,False,majority,1.0,{'E': 5},5,0,0.0,0,False,,SVAMP,LAMA-3.2-3B
74,guided,74,"After killing people, the murderer went to church after feeling what?

Options:
A) murder
B) remorse
C) religious
D) retaliation
E) anguish",killing people,B,"Step 1: Historically, many murderers have exhibited remorse after committing a crime, as it's a common psychological response to guilt and regret.
Step 2: Feeling remorse often leads individuals to seek forgiveness, which can be achieved through religious rituals like attending church services.
Step 3: This behavior is also seen in some cases where the murderer seeks absolution for their actions.
Best answer: B because remorse is a typical emotional state that precedes seeking forgiveness through religious means.","['A', 'B', 'B', 'C', 'C']",B,True,refiner_tiebreak,0.5,"{'A': 1, 'B': 2, 'C': 2}",6,3,0.5,3,True,True,SVAMP,LAMA-3.2-3B
75,guided,75,"What is a place that has large cable hanging overhead?

Options:
A) radio shack
B) electrical device
C) shower
D) substation
E) television",cable,D,"Step 1: A substation is typically used for electrical power distribution and control.
           It often requires high-voltage transmission lines, which involve cables.

Step 2: Radio shacks usually house communication equipment, not power transmission systems.
           Electrical devices can be found anywhere but aren't typically associated with overhead cables.

Step 3: Showers have water pipes, not electrical cables.
           Televisions are electronic devices that don't need overhead cables for operation.

Best answer: D because substations require high-voltage transmission lines with overhead cables.","['D', 'D', 'D', 'D', 'D']",D,True,majority,1.0,{'D': 5},5,5,1.0,0,False,,SVAMP,LAMA-3.2-3B
76,guided,76,"When an elderly person needs help performing daily tasks, who might they call?

Options:
A) creativity
B) hatred
C) caregiver
D) own house
E) much money",person,C,"Step 1: Elderly individuals often rely on others for assistance due to declining physical abilities.
Step 2: Caregivers provide emotional support, companionship, and practical help with daily activities like bathing, cooking, and managing finances.
Step 3: Given these responsibilities, it's clear that a caregiver is best suited for this role.
Best answer: C because caregivers assist elderly people with daily needs.","['C', 'C', 'C', 'C', 'C']",C,True,majority,1.0,{'C': 5},5,5,1.0,0,False,,SVAMP,LAMA-3.2-3B
77,guided,77,"A man wants air conditioning while we watches the game on Saturday, where will it likely be installed?

Options:
A) car
B) house
C) offices
D) park
E) movie theatre",air conditioning,B,"Step 1: Air conditioning units are typically installed indoors for temperature control.
Step 2: Most people prefer watching games at home for comfort, especially on weekends like Saturdays.
Step 3: Homes usually have dedicated spaces designed for relaxation and entertainment, such as living rooms.
Best answer: B because homes often have air conditioning systems installed for indoor use.","['B', 'B', 'B', 'B', 'B']",B,True,majority,1.0,{'B': 5},5,5,1.0,0,False,,SVAMP,LAMA-3.2-3B
78,guided,78,"A patriotic guy with a camera is looking for a bald eagle, what is he likely to do with the eagle if he finds one?

Options:
A) city
B) canada
C) minnesota
D) thermal
E) photograph",bald eagle,E,"Step 1: Bald eagles are national symbols of the United States, often associated with patriotism.
Step 2: If someone finds a bald eagle, they might want to document its existence for educational or conservation purposes.
Step 3: Taking pictures is a common way to capture evidence of wildlife sightings, especially for research and documentation.
Best answer: E because photographing the eagle allows the person to record its image without harming it.","['E', 'D', 'E', 'E', 'E']",E,True,majority,0.8,"{'E': 4, 'D': 1}",5,4,0.8,1,False,,SVAMP,LAMA-3.2-3B
79,guided,79,"What are cats often known for?

Options:
A) whiskers
B) sharp teeth
C) purr
D) four legs
E) sharp claws",cat,E,"Step 1: Cats have distinctive physical features that set them apart from other animals.
Step 2: While all options listed could be true about cats, ""sharp teeth"" (B) might not be their most notable characteristic.
Step 3: Cats are famous for their ability to produce a low-pitched humming sound, which serves as communication and self-soothing mechanism.
Best answer: C because purring is a unique vocalization associated with feline behavior.","['C', 'C', 'C', 'C', 'C']",C,False,majority,1.0,{'C': 5},5,0,0.0,0,False,,SVAMP,LAMA-3.2-3B
80,guided,80,"What is a person who is good at sports considered?

Options:
A) lazy
B) own house
C) talented
D) affluent
E) reproduce",person,C,"Step 1: Being ""good at sports"" typically requires skill, practice, and dedication.
Step 2: Talented individuals often put in effort to hone their abilities, which leads to success in competitive activities like sports.
Step 3: People who excel in sports usually have a natural aptitude for physical activities, but also develop strong work ethic through training and perseverance.
Best answer: C because being talented implies having natural ability combined with effort to excel in sports.","['C', 'C', 'C', 'C', 'C']",C,True,majority,1.0,{'C': 5},5,5,1.0,0,False,,SVAMP,LAMA-3.2-3B
81,guided,81,"A creek could be located in the opposite for the city which is called what?

Options:
A) meadow
B) stick
C) valley
D) forest
E) countryside",creek,E,"Step 1: A creek typically flows downhill, often originating from higher elevations such as mountains or hills.
Step 2: Valleys are low areas between hills or mountains where water tends to collect and flow.
Step 3: Therefore, it's logical that a creek would be situated within a valley rather than on top of it, in a meadow, among sticks, or in the countryside.
Best answer: C because valleys are known for having streams and creeks flowing through them.","['C', 'E', 'C', 'C', 'D']",C,False,majority,0.6,"{'C': 3, 'E': 1, 'D': 1}",5,1,0.2,2,False,,SVAMP,LAMA-3.2-3B
82,guided,82,"The man got a pail to catch the draining motor oil, where was he likely doing this at home?

Options:
A) garage
B) hardware store
C) utility room
D) wishing well
E) laundry",pail,A,"Step 1: Motor oil is typically used in vehicles, which are stored in garages.
Step 2: A pail is often used to hold liquids like motor oil for easy pouring and disposal.
Step 3: The context suggests a practical, hands-on activity related to vehicle maintenance, further supporting the garage setting.
Best answer: A because it's where cars are kept and maintenance tasks like oil changes are commonly performed.","['A', 'A', 'B', 'A', 'A']",A,True,majority,0.8,"{'A': 4, 'B': 1}",5,4,0.8,1,False,,SVAMP,LAMA-3.2-3B
83,guided,83,"The tourist entered Mammoth cave, what state were they in?

Options:
A) west virginia
B) kentucky
C) rocky hills
D) scotland
E) canyon",cave,B,"Step 1: Mammoth Cave is known as the world's longest known cave system, located near a major city.
Step 2: The city with the longest cave system in the United States is Louisville, Kentucky.
Step 3: Louisville is situated on the Ohio River, which borders the state of Kentucky.
Best answer: B because it's the closest major city to Mammoth Cave National Park.","['B', 'B', 'B', 'B', 'B']",B,True,majority,1.0,{'B': 5},5,5,1.0,0,False,,SVAMP,LAMA-3.2-3B
84,guided,84,"When we are running what are we doing?

Options:
A) stretches
B) running from police
C) learn to walk
D) go quickly
E) get out of bed",run,D,"Step 1: When someone says ""we are running"", it implies an action that involves movement at a fast pace.
Step 2: Typically, people run for various reasons such as exercise, chasing someone, or escaping danger.
Step 3: Among the given options, only one phrase directly relates to moving rapidly - ""go quickly"".
Best answer: D because ""go quickly"" is a common reason for running.","['D', 'D', 'D', 'D', 'D']",D,True,majority,1.0,{'D': 5},5,5,1.0,0,False,,SVAMP,LAMA-3.2-3B
85,guided,85,"Where would you find an office worker gossiping with their colleagues?

Options:
A) water cooler
B) space shuttle
C) baby shower
D) bus stop
E) family",person,A,"Step 1: An office setting typically involves coworkers interacting with each other during breaks or lunch hours.
Step 2: The water cooler is a common place for employees to gather, socialize, and discuss work-related topics, including gossip.
Step 3: This is especially true since it's usually located near the break room where people take their coffee and snacks.
Best answer: A because it's a typical location for casual conversations among coworkers.","['A', 'A', 'A', 'A', 'A']",A,True,majority,1.0,{'A': 5},5,5,1.0,0,False,,SVAMP,LAMA-3.2-3B
86,guided,86,"Zane doesn't like answering questions.  He's not good at it because he suffers from what?

Options:
A) panic
B) discussion
C) attention
D) confusion
E) satisfaction",answering questions,D,"Step 1: People who avoid answering questions often experience anxiety or stress when faced with them.
Step 2: Panic is a strong emotional response characterized by rapid heartbeat, sweating, and trembling, which can make it difficult for someone to think clearly.
Step 3: If Zane feels anxious while answering questions, his physical symptoms will hinder his ability to provide accurate information.
Best answer: A because panic is a common reason for someone to struggle with answering questions.","['A', 'A', 'A', 'A', 'A']",A,False,majority,1.0,{'A': 5},5,0,0.0,0,False,,SVAMP,LAMA-3.2-3B
87,guided,87,"What is unlikely to get bugs on its windshield due to bugs' inability to reach it when it is moving?

Options:
A) airplane
B) scooter
C) motorboat
D) car
E) motor vehicle",windshield,A,"Step 1: Most vehicles have a moving part that creates airflow around them, making it hard for bugs to stick.
Step 2: Airplanes have large wings that create strong gusts of air while in flight, pushing bugs away from the surface.
Step 3: Even if some bugs manage to land on an airplane, the constant turbulence would dislodge them immediately.
Best answer: A because airplanes have wings that generate powerful gusts of air while flying.","['D', 'D', 'C', 'B', 'A']",D,False,majority,0.4,"{'D': 2, 'C': 1, 'B': 1, 'A': 1}",5,1,0.2,3,False,,SVAMP,LAMA-3.2-3B
88,guided,88,"He used an umbrella while tanning, where was he likely?

Options:
A) waves
B) seattle
C) suitcase
D) beach
E) jacket closet",umbrella,D,"Step 1: People typically bring umbrellas to protect themselves from rain, not sun exposure.
Step 2: Tanning implies exposure to direct sunlight, which would be counterproductive with an umbrella.
Step 3: Therefore, the only logical place for someone using an umbrella to tan would be indoors, like their closet.
Best answer: E because it's an indoor location where one could potentially use an umbrella without interfering with tanning.","['A', 'A', 'A', 'B', 'D']",A,False,majority,0.6,"{'A': 3, 'B': 1, 'D': 1}",5,1,0.2,2,False,,SVAMP,LAMA-3.2-3B
89,guided,89,"What is the thing that is agitated in your head when kissing?

Options:
A) sexual stimulation
B) herpes
C) headache
D) catch cold
E) happiness",kissing,E,"Step 1: Humans experience physical sensations during kissing, such as increased heart rate and blood flow.
Step 2: These physiological responses can lead to feelings of excitement or arousal.
Step 3: This emotional state is often referred to as ""butterflies"" due to its similarity with the fluttering motion of actual butterflies.
Best answer: A because kissing can stimulate the nervous system, causing emotional arousal.","['A', 'D', 'C', 'A', 'C']",A,False,refiner_tiebreak,0.5,"{'A': 2, 'D': 1, 'C': 2}",6,0,0.0,3,True,False,SVAMP,LAMA-3.2-3B
90,guided,90,"What are people likely to want to do with their friends?

Options:
A) own land
B) own home
C) talk to each other
D) believe in god
E) spend time",people,E,"Step 1: Humans have social needs, such as companionship and emotional connection.
Step 2: Spending time together allows for sharing experiences, building relationships, and strengthening bonds.
Step 3: Talking to each other is a primary way people interact and maintain friendships.
Best answer: C because talking to each other is essential for social interaction and friendship development.","['D', 'C', 'B', 'C', 'C']",C,False,majority,0.6,"{'D': 1, 'C': 3, 'B': 1}",5,0,0.0,2,False,,SVAMP,LAMA-3.2-3B
91,guided,91,"The man took paperwork to other people to consult over it, where was he heading?

Options:
A) desk
B) meeting
C) office
D) table
E) work",paperwork,B,"Step 1: Typically, when someone takes paperwork to consult others, they are preparing for a discussion or presentation.
Step 2: This often occurs in a setting where multiple people gather to share information and make decisions together.
Step 3: Such settings commonly include designated spaces designed for group collaboration and communication, like conference rooms or conference areas within offices.
Best answer: B because meetings are frequently held in designated spaces for group discussions.","['B', 'B', 'B', 'B', 'B']",B,True,majority,1.0,{'B': 5},5,5,1.0,0,False,,SVAMP,LAMA-3.2-3B
92,guided,92,"If you really wanted a grape, where would you go to get it?

Options:
A) winery
B) fruit stand
C) field
D) kitchen
E) food",grape,B,"Step 1: Grapes are typically grown on vineyards, which are often referred to as ""fields"".
Step 2: While you could find grapes in some kitchens, they're not commonly stored there for immediate consumption.
Step 3: Fruit stands usually sell pre-packaged fruits like apples, bananas, etc., not fresh grapes.
Best answer: A because vineyards produce grapes.","['C', 'A', 'B', 'D', 'A']",A,False,majority,0.4,"{'C': 1, 'A': 2, 'B': 1, 'D': 1}",5,1,0.2,3,False,,SVAMP,LAMA-3.2-3B
93,guided,93,"John wanted to clean all of the dust out of his place before settling down to watch his favorite shows.  What might he hardest do dust?

Options:
A) closet
B) under the bed
C) television
D) attic
E) most buildings",dust,D,"Step 1: Dust accumulates over time due to foot traffic, air circulation, and settling particles in the air.
Step 2: Closets tend to have less foot traffic compared to other areas like living rooms or hallways, reducing dust generation.
Step 3: Closets also have fewer surfaces for dust to settle on, making it easier to clean compared to furniture, floors, and other areas with more surfaces.
Best answer: A because closets generally receive less foot traffic and have fewer surfaces for dust to accumulate on.","['B', 'C', 'B', 'A', 'B']",B,False,majority,0.6,"{'B': 3, 'C': 1, 'A': 1}",5,0,0.0,2,False,,SVAMP,LAMA-3.2-3B
94,guided,94,"The buildings were intended to not have residential kitchens in them, what were they designed for?

Options:
A) large city
B) small
C) eat cake
D) university
E) town",buildings,D,"Step 1: Historically, institutions like schools, museums, libraries, and theaters often have dining halls but no private kitchens for residents.
Step 2: These types of buildings usually serve food to patrons, staff, or visitors rather than supporting individual living arrangements.
Step 3: Given that the question specifies ""not residential kitchens"", it's likely referring to an educational setting where students wouldn't need personal cooking facilities.
Best answer: D because universities typically have communal dining facilities for students, not individual kitchens for residential use.","['D', 'D', 'D', 'D', 'D']",D,True,majority,1.0,{'D': 5},5,5,1.0,0,False,,SVAMP,LAMA-3.2-3B
95,guided,95,"Stabbing to death of a person is what sort of way to die?

Options:
A) pool of blood
B) gruesome
C) charming
D) being arrested
E) killing",stabbing to death,B,"Step 1: Stabbing typically involves using a sharp object to pierce the skin and cause internal damage.
Step 2: This results in bleeding, which can lead to blood loss and eventually death if not treated promptly.
Step 3: A ""pool of blood"" is a common visual representation of excessive bleeding, often associated with violent injuries like stabbing.
Best answer: A because it describes a typical outcome of stabbing.","['E', 'E', 'E', 'E', 'E']",E,False,majority,1.0,{'E': 5},5,0,0.0,0,False,,SVAMP,LAMA-3.2-3B
96,guided,96,"What should everyone do who doesn't want to fight anymore?

Options:
A) explicate
B) pay tribute to king
C) hope for peace
D) wear shoes
E) do well",everyone,C,"Step 1: Historically, wars have been fought over resources, territory, and power.
Step 2: If one side wins, they gain control over those things; if the other side loses, they may feel defeated and demoralized.
Step 3: Feeling defeated can lead to giving up hope for further conflict, as there's less incentive to continue fighting.
Best answer: C because hoping for peace is a common reaction when someone feels hopeless about their situation.","['C', 'C', 'C', 'C', 'C']",C,True,majority,1.0,{'C': 5},5,5,1.0,0,False,,SVAMP,LAMA-3.2-3B
97,guided,97,"If someone is found to be committing murder, what did they do to someone?

Options:
A) misery
B) kill
C) distress
D) tickel
E) go to jail",committing murder,B,"Step 1: Murder is defined as the act of taking another person's life intentionally.
Step 2: The definition directly correlates with one specific action that results in death.
Step 3: Eliminate options A, C, and D as they describe emotions or sensations, not actions leading to death.
Step 4: Between B and E, while going to jail might be a consequence of committing murder, it's not the actual action taken.
Step 5: Therefore, the correct choice must be the verb associated with causing death.
Best answer: B because it directly results in someone's demise.","['B', 'B', 'B', 'B', 'B']",B,True,majority,1.0,{'B': 5},5,5,1.0,0,False,,SVAMP,LAMA-3.2-3B
98,guided,98,"Children's behavior is a direct reflection of their what?

Options:
A) parents
B) old people
C) play ball
D) many adults
E) grown ups",children,A,"Step 1: Children often learn behaviors by observing those around them, especially family members.
Step 2: Parents have a significant influence on children's daily routines, values, and actions.
Step 3: This influence can shape children's attitudes, manners, and social skills.
Best answer: A because parents are typically the primary caregivers responsible for guiding children's development.","['A', 'A', 'A', 'A', 'A']",A,True,majority,1.0,{'A': 5},5,5,1.0,0,False,,SVAMP,LAMA-3.2-3B
99,guided,99,"Bart entered his horse into the contest.  Where did he do this?

Options:
A) circus
B) in kentucky
C) western movie
D) central park
E) state fair",horse,E,"Step 1: Bart likely entered the horse into a competition that involves horses, such as a horse show or racing event.
Step 2: State fairs often feature horse competitions like rodeos, horse shows, and horse racing.
Step 3: Among these options, state fairs are more commonly associated with horse competitions than circuses, western movies, or central parks.
Best answer: E because state fairs frequently host horse-related events.","['E', 'E', 'E', 'E', 'E']",E,True,majority,1.0,{'E': 5},5,5,1.0,0,False,,SVAMP,LAMA-3.2-3B
100,guided,100,"Where are horses judged on appearance?

Options:
A) race track
B) fair
C) raised by humans
D) in a field
E) countryside",horses,B,"Step 1: Horses are often evaluated based on their physical attributes such as size, breed, coat color, and overall condition.
Step 2: Judging horses typically occurs when they're being shown off for their appearance, which usually happens in a controlled environment like a competition setting.
Step 3: Among these options, the one most closely associated with displaying horses' appearance is a place designed specifically for competitions like horse shows.
Best answer: B because it's where horse shows and competitions take place.","['B', 'B', 'B', 'B', 'B']",B,True,majority,1.0,{'B': 5},5,5,1.0,0,False,,SVAMP,LAMA-3.2-3B
101,guided,101,"What do people usually feel when falling in love?

Options:
A) getting married
B) pain
C) happiness
D) getting married
E) suffering",falling in love,C,"Step 1: Research on psychology suggests that falling in love is associated with increased release of neurotransmitters like dopamine, serotonin, and oxytocin.
Step 2: These chemicals stimulate feelings of pleasure, attachment, and bonding, which are characteristic of positive emotions like euphoria and excitement.
Step 3: People often describe their early stages of romantic love as intense, all-consuming, and joyful experiences.
Best answer: C because falling in love is typically linked to strong positive emotions like happiness.","['C', 'C', 'C', 'C', 'C']",C,True,majority,1.0,{'C': 5},5,5,1.0,0,False,,SVAMP,LAMA-3.2-3B
102,guided,102,"If a small flying animal picks up a string, where are they taking it?

Options:
A) bird's nest
B) park
C) guitar
D) kite
E) quark",string,A,"Step 1: Many small flying animals, such as birds and insects, are known to collect and use strings for various purposes like building nests or creating shelter.
Step 2: Birds often use twigs, grasses, and other materials like strings to construct their nests, which are typically found in trees or bushes near their habitats.
Step 3: Given that the animal is small and flying, it's likely that it's a bird collecting material for its nest, making option A the most plausible choice.
Best answer: A because birds collect strings to build their nests.","['B', 'B', 'B', 'B', 'B']",B,False,majority,1.0,{'B': 5},5,0,0.0,0,False,,SVAMP,LAMA-3.2-3B
103,guided,103,"What could suddenly stop someone when he or she is running?

Options:
A) mushroom
B) falling down
C) sweating
D) exhaustion
E) getting tired",running,B,"Step 1: When someone runs, their muscles contract to generate force for movement.
Step 2: If their muscles contract too much, they can become fatigued, reducing their ability to generate force.
Step 3: Over time, this leads to a decrease in speed and eventually, they stop moving.
Best answer: D because excessive muscle contraction can cause temporary inability to continue running.","['D', 'D', 'D', 'D', 'D']",D,False,majority,1.0,{'D': 5},5,0,0.0,0,False,,SVAMP,LAMA-3.2-3B
104,guided,104,"Billy set aside a block of time for having fun after work. Why might he do this?

Options:
A) happiness
B) stress relief
C) pleasure
D) ocean
E) may laugh",having fun,B,"Step 1: Humans need breaks to recharge and reduce stress after work to maintain productivity.
Step 2: Engaging in leisure activities helps alleviate stress and improves mental well-being.
Step 3: Setting aside dedicated time for relaxation allows individuals to fully unwind and prepare for the next day.
Best answer: B because it's a common practice to use breaks for stress relief.","['B', 'B', 'B', 'B', 'B']",B,True,majority,1.0,{'B': 5},5,5,1.0,0,False,,SVAMP,LAMA-3.2-3B
105,guided,105,"Joan wants to cook a potato, where should she place it?

Options:
A) boiling water
B) paper bag
C) restaurants
D) underground
E) cupboard",potato,A,"Step 1: Boiling water is typically used for cooking food, especially starchy items like potatoes.
Step 2: Paper bags aren't designed for holding food and wouldn't keep it fresh or safe to eat.
Step 3: Restaurants are places where food is prepared, not where you store individual ingredients like potatoes.
Best answer: A because boiling water is commonly used for cooking potatoes.","['A', 'A', 'A', 'A', 'A']",A,True,majority,1.0,{'A': 5},5,5,1.0,0,False,,SVAMP,LAMA-3.2-3B
106,guided,106,"People are very much like the animals, but one thing has secured or dominance over the planet.  We're better at doing what?

Options:
A) eat eggs
B) make tools
C) eat dosa
D) talk to each other
E) smoke pot",people,B,"Step 1: Humans have developed technology that allows for complex communication over long distances through devices like phones and computers.
Step 2: While animals do communicate with each other, their methods are generally limited to vocalizations, body language, and scent markings.
Step 3: Humans have created written language, which enables us to express ourselves more precisely and share information across vast distances.
Best answer: D because humans have developed written language for efficient communication.","['B', 'D', 'D', 'D', 'D']",D,False,majority,0.8,"{'B': 1, 'D': 4}",5,1,0.2,1,False,,SVAMP,LAMA-3.2-3B
107,guided,107,"Where do you head to travel to a star?

Options:
A) night sky
B) galaxy
C) outer space
D) hollywood
E) eat cake",star,C,"Step 1: To travel to a star, we need to consider what ""star"" refers to - an object in our solar system that emits light.
Step 2: Stars are massive balls of hot, glowing gas and they are located far away from Earth, requiring a vehicle capable of space travel.
Step 3: Options A (night sky) and D (Hollywood) are not related to interstellar travel; they're places on Earth where we observe stars visually or watch movies, respectively.
Step 4: Between options B (galaxy) and C (outer space), while both involve space, ""outer space"" encompasses multiple galaxies, whereas ""galaxy"" specifically refers to a single system of stars, planets, and other celestial objects.
Best answer: C because ""outer space"" is the broader term that includes galaxies, which contain stars.","['C', 'C', 'C', 'C', 'C']",C,True,majority,1.0,{'C': 5},5,5,1.0,0,False,,SVAMP,LAMA-3.2-3B
108,guided,108,"What does a person with a what likely do?

Options:
A) feel important
B) trust himself
C) own house
D) electrical circuit
E) know what time",person,E,"Step 1: A person who has a house typically has a place to live.
Step 2: Owning a house usually means having financial stability and resources to maintain it.
Step 3: Having financial stability often leads to increased confidence in one's decision-making abilities.
Best answer: B because owning a house is associated with financial security, which can boost self-trust.","['C', 'B', 'C', 'C', 'C']",C,False,majority,0.8,"{'C': 4, 'B': 1}",5,0,0.0,1,False,,SVAMP,LAMA-3.2-3B
109,guided,109,"Playing baseball is a lot like any other sport, there is always a risk of what?

Options:
A) sore muscles
B) errors
C) happiness
D) injury
E) fun",playing baseball,D,"Step 1: Many athletes engage in physical activities that involve repetitive movements, contact with others, and throwing/ catching objects.
Step 2: This increases the likelihood of experiencing physical strain on joints, tendons, and bones.
Step 3: As a result, overuse or sudden impact can lead to muscle soreness, particularly in the legs, arms, and back.
Best answer: A because playing sports often results in muscle fatigue and soreness due to physical exertion.","['D', 'D', 'D', 'D', 'D']",D,True,majority,1.0,{'D': 5},5,5,1.0,0,False,,SVAMP,LAMA-3.2-3B
110,guided,110,"James couldn't get comfortable.  There was too much dirt.  He needed to clean out what?

Options:
A) ground
B) subway
C) bank
D) bed
E) street",dirt,D,"Step 1: Dirt is typically associated with being on or under surfaces that come into contact with the ground.
Step 2: The word ""dirt"" implies something that needs to be cleaned, suggesting an object or area where dirt accumulates.
Step 3: A bed is a piece of furniture designed for sleeping, often having a mattress and frame, where dirt would indeed be an unwanted presence.
Best answer: D because a bed is an object where dirt would be easily noticeable and require cleaning.","['D', 'D', 'D', 'D', 'D']",D,True,majority,1.0,{'D': 5},5,5,1.0,0,False,,SVAMP,LAMA-3.2-3B
111,guided,111,"The business man was promoted recently, to celebrate he went where to buy an expensive wristwatch?

Options:
A) case
B) jewelry store
C) shopping
D) jewelery box
E) hock",wristwatch,B,"Step 1: Typically, people celebrate milestones like promotions with material gifts, such as luxury items like jewelry.
Step 2: Wristwatches are often considered status symbols and are commonly associated with wealth and success.
Step 3: Given that the businessman just received a promotion, it's likely he wants to treat himself to something extravagant.
Best answer: B because jewelry stores typically carry high-end watches.","['B', 'B', 'B', 'B', 'B']",B,True,majority,1.0,{'B': 5},5,5,1.0,0,False,,SVAMP,LAMA-3.2-3B
112,guided,112,"What is a possible outcome for committing murder?

Options:
A) problems
B) incarceration
C) trial
D) imprisonment
E) prosecution",committing murder,D,"Step 1: In most countries, breaking the law results in some form of punishment.
Step 2: Among these punishments, incarceration (being locked up) is a common consequence for serious crimes like murder.
Step 3: Incarceration often involves being held in a prison facility until serving time, which can include both physical confinement and possibly additional court proceedings like a trial.
Best answer: D because incarceration typically involves being physically restrained and confined as part of the punishment for committing a serious crime like murder.","['D', 'D', 'B', 'B', 'D']",D,True,majority,0.6,"{'D': 3, 'B': 2}",5,3,0.6,2,False,,SVAMP,LAMA-3.2-3B
113,guided,113,"They kept doing things the same, she suggested they also try doing things what?

Options:
A) differently
B) otherwise
C) expensive
D) only
E) mere",also,A,"Step 1: If someone suggests changing behavior, it implies an alternative action.
Step 2: The word ""also"" indicates addition, so we need another option that complements the original one.
Step 3: ""Differently"" is a common way to indicate a variation or alternative approach.
Best answer: A because ""differently"" suggests a specific change in behavior.","['D', 'A', 'A', 'D', 'A']",A,True,majority,0.6,"{'D': 2, 'A': 3}",5,3,0.6,2,False,,SVAMP,LAMA-3.2-3B
114,guided,114,"Where is the control room that controls a PWR located?

Options:
A) building
B) factory
C) window
D) prison
E) nuclear power plant",control room,E,"Step 1: A power plant typically has multiple systems to manage its operations, including electrical generation, cooling systems, and safety measures.
Step 2: The control room is usually where operators monitor and adjust these systems in real-time to ensure safe and efficient operation.
Step 3: Control rooms are often found within the main structure of the facility where the actual power production takes place.
Best answer: E because most nuclear power plants have dedicated control rooms for monitoring and controlling their systems.","['E', 'E', 'E', 'E', 'E']",E,True,majority,1.0,{'E': 5},5,5,1.0,0,False,,SVAMP,LAMA-3.2-3B
115,guided,115,"Where could you find a toilet that only friends can use?

Options:
A) rest area
B) school
C) stadium
D) apartment
E) hospital",toilet,D,"Step 1: Toilets are typically found in private spaces where individuals have exclusive access.
Step 2: Apartments usually have multiple bathrooms that are shared among residents, but some may have separate guest bathrooms that can be locked for guest use.
Step 3: Hospitals have public restrooms available for anyone, not just patients or staff, and stadiums have public restrooms as well.
Best answer: D because some apartments may have guest bathrooms that can be locked for exclusive use.","['D', 'A', 'A', 'D', 'A']",A,False,majority,0.6,"{'D': 2, 'A': 3}",5,2,0.4,2,False,,SVAMP,LAMA-3.2-3B
116,guided,116,"Immediately after peeing, a person's bladder is what?

Options:
A) collapsed
B) empty
C) full
D) filled
E) stretchable",bladder,B,"Step 1: After urination, the bladder contracts to reduce its size.
Step 2: This contraction helps prevent overfilling and potential leakage.
Step 3: As a result, the bladder becomes less full, not more full or filled.
Best answer: B because the bladder's function is to hold urine until it's emptied.","['B', 'B', 'B', 'B', 'B']",B,True,majority,1.0,{'B': 5},5,5,1.0,0,False,,SVAMP,LAMA-3.2-3B
117,guided,117,"Where would you find people standing in a line outside?

Options:
A) bus depot
B) end of line
C) opera
D) neighbor's house
E) meeting",people,A,"Step 1: Typically, people gather at a specific location before an event, such as boarding a vehicle (bus), attending a performance (opera), or participating in an organized activity (meeting).
Step 2: Bus depots usually have designated areas where passengers wait for their scheduled buses, while opera houses have designated seating areas and meeting spaces don't necessarily require standing.
Step 3: Neighbor's houses are private residences and wouldn't typically have public gathering spaces for large groups of people to stand in line.
Best answer: A because bus depots often have waiting areas where people stand while waiting for buses.","['B', 'A', 'A', 'A', 'A']",A,True,majority,0.8,"{'B': 1, 'A': 4}",5,4,0.8,1,False,,SVAMP,LAMA-3.2-3B
118,guided,118,"The potato might be the official vegetable of what?

Options:
A) vegans
B) kitchen cupboard
C) restaurants
D) chicken
E) maryland",potato,E,"Step 1: The term ""potato"" is often associated with food preparation and cooking.
Step 2: Potatoes are commonly used as an ingredient in various dishes served at restaurants.
Step 3: Many restaurants have a wide variety of menu items that include potatoes, such as mashed potatoes, fries, and baked potatoes.
Best answer: C because restaurants frequently serve potatoes as part of their menu offerings.","['C', 'C', 'A', 'C', 'C']",C,False,majority,0.8,"{'C': 4, 'A': 1}",5,0,0.0,1,False,,SVAMP,LAMA-3.2-3B
119,guided,119,"What do you do in order to fly in airplane?

Options:
A) buy tickets
B) passenger
C) read
D) add gas
E) run through checklists",fly in airplane,A,"Step 1: To fly on an airplane, one needs to secure a seat on the plane.
Step 2: Purchasing a ticket (option A) grants access to booking a specific seat, which allows boarding the aircraft.
Step 3: Boarding requires going through security checks and finding an empty row before sitting down.
Best answer: A because buying tickets is necessary for boarding the plane.","['A', 'A', 'A', 'A', 'A']",A,True,majority,1.0,{'A': 5},5,5,1.0,0,False,,SVAMP,LAMA-3.2-3B
120,guided,120,"What is another name for a disk for storing information?

Options:
A) computer store
B) computer to store data
C) computer hard drive
D) cd player
E) usb mouse",disk,C,"Step 1: A ""disk"" refers to a circular, flat piece of material used in computing.
Step 2: In computing, disks are typically used for storing data, programs, and operating systems.
Step 3: The term ""hard drive"" specifically refers to a type of disk that uses magnetic fields to read/write data.
Best answer: C because it's the most common term for a disk used for storing information in computers.","['C', 'C', 'A', 'C', 'C']",C,True,majority,0.8,"{'C': 4, 'A': 1}",5,4,0.8,1,False,,SVAMP,LAMA-3.2-3B
121,guided,121,"When you wipe you feet on the door mat and walk through the door where do you enter?

Options:
A) a chair
B) school
C) living room
D) doorway
E) bathroom",mat,C,"Step 1: Typically, people enter through an opening in a wall that leads into a room.
Step 2: Doorways are specifically designed for entering and exiting buildings, making them the most likely place to find an entrance.
Step 3: Chairs, schools, living rooms, and bathrooms are all rooms within a house, but not the primary point of entry.
Best answer: D because doorways serve as the main entrance point for buildings.","['D', 'D', 'D', 'D', 'D']",D,False,majority,1.0,{'D': 5},5,0,0.0,0,False,,SVAMP,LAMA-3.2-3B
122,guided,122,"When you get an F, you fail. If you get A's you are?

Options:
A) passed
B) completing
C) passed
D) passing
E) succeeding",fail,D,"If you get an F, you fail. If you get an A, you are correct.","['D', 'C', 'D', 'C', 'C']",C,False,majority,0.6,"{'D': 2, 'C': 3}",5,2,0.4,2,False,,SVAMP,LAMA-3.2-3B
123,guided,123,"If a person were going to bed, what would be their goal?

Options:
A) lazy
B) insomnia
C) rest
D) falling asleep
E) dreaming of",going to bed,D,"Step 1: Typically, people engage in activities before going to bed, such as reading, taking a bath, or watching TV.
Step 2: These activities prepare the body for sleep by relaxing muscles and calming the mind.
Step 3: The ultimate purpose of these preparations is to induce sleep, which allows for physical recovery and mental rejuvenation.
Best answer: D because going to bed is directly associated with falling asleep.","['C', 'D', 'C', 'C', 'C']",C,False,majority,0.8,"{'C': 4, 'D': 1}",5,1,0.2,1,False,,SVAMP,LAMA-3.2-3B
124,guided,124,"What could an apple tree do?

Options:
A) new hampshire
B) bloom
C) washington state
D) sunshine
E) spontaneously combust",apple tree,B,"Step 1: Apple trees require specific conditions to grow, including adequate water, nutrients, and sunlight.
Step 2: While apples do grow on apple trees, they don't have the ability to move or perform actions like humans do.
Step 3: Some plants can bloom (like flowers), but this isn't an action an apple tree can take itself; it's what happens before producing fruit.
Best answer: B because blooming is a natural process that occurs in plants before producing apples.","['B', 'B', 'B', 'B', 'B']",B,True,majority,1.0,{'B': 5},5,5,1.0,0,False,,SVAMP,LAMA-3.2-3B
125,guided,125,"In what Spanish speaking North American country can you get a great cup of coffee?

Options:
A) mildred's coffee shop
B) mexico
C) diner
D) kitchen
E) canteen",cup of coffee,B,"Step 1: Many countries in Central America have a strong coffee culture, with coffee being an integral part of daily life.
Step 2: Mexico is known for its rich coffee traditions, particularly in the southern regions like Oaxaca and Chiapas.
Step 3: In these areas, you'll find traditional coffee shops, cafes, and street vendors serving high-quality coffee.
Best answer: B because Mexico has a well-established coffee culture and is home to various coffee shops.","['B', 'B', 'B', 'B', 'B']",B,True,majority,1.0,{'B': 5},5,5,1.0,0,False,,SVAMP,LAMA-3.2-3B
126,guided,126,"What are you getting from you boss at the end of the week?

Options:
A) asking for
B) money
C) food
D) work
E) energy",getting,B,"Step 1: Typically, employees receive some form of compensation for their work performed during the week.
Step 2: This compensation usually comes in the form of monetary payment, which is often referred to as ""pay"" or ""salary"".
Step 3: Therefore, the most logical choice is that the boss is giving the employee money at the end of the week.
Best answer: B because it's standard practice for employers to pay their employees.","['B', 'B', 'B', 'B', 'B']",B,True,majority,1.0,{'B': 5},5,5,1.0,0,False,,SVAMP,LAMA-3.2-3B
127,guided,127,"Why do people stop caring about their problems?

Options:
A) no problems
B) better themselves
C) face problems
D) learn from each other
E) become disillusioned",people,E,"Step 1: Research suggests that when individuals experience repeated failures or setbacks, they may become discouraged and lose motivation to tackle their issues.
Step 2: This phenomenon is often referred to as ""learned helplessness,"" where people feel that their efforts won't make a difference, leading to decreased emotional investment in solving the problem.
Step 3: Disillusionment can stem from feeling overwhelmed, lack of control, or seeing others not addressing similar issues, further reinforcing the perception that individual actions won't yield positive results.
Best answer: E because becoming disillusioned is a common psychological response to prolonged struggle with problems.","['E', 'E', 'E', 'E', 'E']",E,True,majority,1.0,{'E': 5},5,5,1.0,0,False,,SVAMP,LAMA-3.2-3B
128,guided,128,"Where is a dining area likely to be small?

Options:
A) cruise ship
B) home
C) mall
D) restaurant
E) dark cave",dining area,B,"Step 1: A dining area on a cruise ship typically accommodates many passengers, so it needs space for multiple people to eat comfortably.
Step 2: Homes usually have limited square footage per room, making them less likely to have large dining spaces.
Step 3: Malls often have dedicated restaurants with separate areas for dining, which can vary greatly in size depending on the establishment but tend to be larger than those found in individual homes.
Step 4: Dark caves do not provide sufficient lighting for safe human activity, let alone accommodate dining needs.
Best answer: B because homes typically have limited space for dining due to their overall size constraints.","['B', 'B', 'B', 'B', 'B']",B,True,majority,1.0,{'B': 5},5,5,1.0,0,False,,SVAMP,LAMA-3.2-3B
129,guided,129,"What is main benefit to exercising?

Options:
A) losing weight
B) healthy
C) get in shape
D) weight loss
E) sweat",exercising,C,"Step 1: Regular exercise is known to improve overall physical health.
Step 2: This improvement includes reducing the risk of chronic diseases like heart disease and diabetes.
Step 3: While all options A, C, D, and E are potential outcomes of exercising, only one directly addresses the primary purpose of exercising, which is maintaining overall well-being.
Best answer: B because exercising has numerous health benefits beyond just aesthetics or immediate physical changes.","['B', 'B', 'B', 'B', 'B']",B,False,majority,1.0,{'B': 5},5,0,0.0,0,False,,SVAMP,LAMA-3.2-3B
130,guided,130,"Why would you go to an office?

Options:
A) work
B) school building
C) paper
D) city
E) habit",office,A,"Step 1: An office is typically associated with employment, where people go to perform job-related tasks.
Step 2: While some offices may also be located in schools (e.g., administrative offices), this isn't the primary purpose of an office.
Step 3: Going to an office usually implies engaging in professional activities, which aligns with option A) work.
Best answer: A because most people visit an office for work purposes.","['A', 'A', 'A', 'A', 'A']",A,True,majority,1.0,{'A': 5},5,5,1.0,0,False,,SVAMP,LAMA-3.2-3B
131,guided,131,"Where are you if your bieifcase is going through an x-ray machine?

Options:
A) luggage store
B) courtroom
C) airport
D) office building
E) hand",briefcase,C,"Step 1: Airports have security checkpoints with X-ray machines for screening luggage before flights.
Step 2: These machines scan items like bags and packages to ensure safety.
Step 3: Passengers typically place their checked bags on the X-ray machine belt to be scanned.
Best answer: C because airports have X-ray machines for security screening of luggage.","['C', 'C', 'C', 'C', 'C']",C,True,majority,1.0,{'C': 5},5,5,1.0,0,False,,SVAMP,LAMA-3.2-3B
132,guided,132,"If someone laughs after surprising them they have a good sense of what?

Options:
A) joy
B) fight
C) frightened
D) humor
E) laughter",surprising,D,"Step 1: Laughing is typically an expression of amusement or amusement-related emotions.
Step 2: If someone laughs after being surprised, it implies that the surprise was not frightening or painful, but rather pleasant.
Step 3: This suggests that the person's laughter indicates an understanding of what constitutes humor, which involves finding something funny or amusing.
Best answer: D because laughter often results from perceiving something as humorous.","['A', 'D', 'D', 'D', 'D']",D,True,majority,0.8,"{'A': 1, 'D': 4}",5,4,0.8,1,False,,SVAMP,LAMA-3.2-3B
133,guided,133,"He came from old money and had a fortune, but he made new money making shrewd trades where?

Options:
A) eat cake
B) cookie
C) stock market
D) real estate
E) treasure chest",fortune,C,"Step 1: People who have inherited wealth often look for ways to increase their wealth through smart investments.
Step 2: The term ""shrewd trades"" suggests business deals or financial transactions, which typically involve buying and selling assets.
Step 3: The stock market is where people buy and sell shares of companies to make profits, fitting the description of ""shrewd trades"".
Best answer: C because it's where people engage in calculated financial transactions to grow their wealth.","['C', 'C', 'C', 'C', 'C']",C,True,majority,1.0,{'C': 5},5,5,1.0,0,False,,SVAMP,LAMA-3.2-3B
134,guided,134,"Punk rock music is an important part of what action sport?

Options:
A) skate
B) listen
C) opera
D) opera
E) relax",music,A,"Step 1: Punk rock originated in the 1970s as a reaction against mainstream culture, particularly the glam metal scene.
Step 2: This reaction often involved young people expressing themselves through loud music, energetic live performances, and rebellious fashion.
Step 3: Given these characteristics, it's logical that punk rock is closely tied to an activity that involves energetic, high-intensity physical movement.
Best answer: A because punk rock is associated with energetic, rebellious youth culture that often involves skateboarding.","['A', 'A', 'A', 'A', 'A']",A,True,majority,1.0,{'A': 5},5,5,1.0,0,False,,SVAMP,LAMA-3.2-3B
135,guided,135,"How many hours are in a day?

Options:
A) week
B) bright
C) night
D) twenty four
E) year",day,D,"Step 1: A standard day is divided into two main periods: daytime and nighttime.
Step 2: There are 24 equal periods in a day, each lasting approximately 60 minutes.
Step 3: Since there are 60 minutes in an hour, dividing 24 hours by 60 gives us the number of hours in a day.
Best answer: D because dividing 24 hours into equal parts results in twenty-four equal hours.","['D', 'D', 'D', 'D', 'D']",D,True,majority,1.0,{'D': 5},5,5,1.0,0,False,,SVAMP,LAMA-3.2-3B
136,guided,136,"When someone is talking and you missed something, what can you do to get them to repeat it?

Options:
A) walking
B) ask question
C) think
D) write question in crayon
E) sneeze",talking,B,"Step 1: When someone finishes speaking, wait for them to pause before reacting.
Step 2: If they don't respond immediately, try interrupting with a gentle ""Sorry, I didn't catch that. Could you repeat?""
Step 3: If still unsure, ask a clarifying question like ""What was that?"" or ""Can you say that again?""
Best answer: B because interrupting with a question is a common way to get someone to repeat what they said.","['B', 'B', 'B', 'B', 'B']",B,True,majority,1.0,{'B': 5},5,5,1.0,0,False,,SVAMP,LAMA-3.2-3B
137,guided,137,"What do people aim to do at work?

Options:
A) complete job
B) learn from each other
C) kill animals
D) wear hats
E) talk to each other",people,A,"Step 1: Most jobs involve tasks that require collaboration with colleagues.
Step 2: This collaboration often involves communication, sharing ideas, and exchanging information.
Step 3: Talking to coworkers is a fundamental aspect of team-based work environments.
Best answer: E because communication is essential for achieving common goals in many professional settings.","['E', 'B', 'B', 'E', 'B']",B,False,majority,0.6,"{'E': 2, 'B': 3}",5,0,0.0,2,False,,SVAMP,LAMA-3.2-3B
138,guided,138,"After working on the car, what did it end up doing?

Options:
A) going too fast
B) last several years
C) honk the horn
D) go fast
E) start running",car,E,"Step 1: When someone says they've ""worked on"" a car, it usually means they've performed maintenance, repairs, or made modifications to improve its performance.
Step 2: Typically, after such work, a car needs to be tested to ensure everything is functioning properly before driving it again.
Step 3: If the car was driven before being serviced, it's likely that it would start moving under its own power once started, rather than staying stationary.
Best answer: E because cars that have been serviced often get driven afterwards.","['E', 'E', 'E', 'E', 'E']",E,True,majority,1.0,{'E': 5},5,5,1.0,0,False,,SVAMP,LAMA-3.2-3B
139,guided,139,"The person signed up for home insurance, what is he seeking?

Options:
A) financial security
B) live well
C) good relationship
D) compliments
E) discounted furniture",person,A,"Step 1: Typically, people purchase insurance to protect themselves against unforeseen events that could lead to financial loss.
Step 2: Home insurance specifically covers damages caused by accidents, natural disasters, or other external factors that affect one's property.
Step 3: If the goal is to mitigate potential financial harm, it's logical to assume the person wants to safeguard their assets (e.g., house, belongings).
Best answer: A because insurance provides financial protection against unexpected events.","['A', 'A', 'A', 'A', 'A']",A,True,majority,1.0,{'A': 5},5,5,1.0,0,False,,SVAMP,LAMA-3.2-3B
140,guided,140,"Where is a doormat likely to be in front of?

Options:
A) facade
B) front door
C) doorway
D) entrance porch
E) hallway",doormat,B,"Step 1: A doormat is typically placed at an entrance point where people come into a building.
Step 2: The purpose of a doormat is to catch dirt, dust, and water before they enter the house.
Step 3: Among the given options, only one directly refers to an area where people enter a building.
Best answer: B because it's where visitors typically remove their shoes before entering the house.","['B', 'B', 'B', 'B', 'B']",B,True,majority,1.0,{'B': 5},5,5,1.0,0,False,,SVAMP,LAMA-3.2-3B
141,guided,141,"What might a very large table be?

Options:
A) dining room
B) conference
C) kitchen
D) in a lake
E) demonstration",table,B,"Step 1: A large table is typically used for holding multiple items, such as food, drinks, or objects.
Step 2: Dining rooms often have tables to seat many people at once, while kitchens usually have smaller tables for food preparation only.
Step 3: Lakes don't have tables; they're bodies of water.
Step 4: While some tables can be part of a demonstration setup, that's not their primary purpose.
Best answer: A because large tables are commonly found in dining rooms to accommodate guests.","['A', 'A', 'B', 'A', 'A']",A,False,majority,0.8,"{'A': 4, 'B': 1}",5,1,0.2,1,False,,SVAMP,LAMA-3.2-3B
142,guided,142,"John bought a new water hose.  But he found his old one near his car.  Where did he find the old one?

Options:
A) garden shed
B) hardware store
C) greenhouse
D) garage
E) in a van",hose,D,"Step 1: Typically, people store tools and equipment like water hoses near their vehicles for easy access.
Step 2: Garages are commonly attached to houses and have space for storing various items, including tools and equipment.
Step 3: Since John already has a car nearby, it's likely that he would store his old water hose in the garage to save space and make it convenient for future use.
Best answer: D because most people store items near their vehicles in their attached garage.","['D', 'D', 'D', 'D', 'D']",D,True,majority,1.0,{'D': 5},5,5,1.0,0,False,,SVAMP,LAMA-3.2-3B
143,guided,143,"The person wasn't bothered by the weather, she had remembered to bring her what?

Options:
A) read book
B) own house
C) apartment
D) more rice
E) warm coat",person,E,"Step 1: If someone remembers to bring something before going out in cold weather, it's likely they want to stay warm.
Step 2: People typically wear clothing to protect themselves from the elements when it's cold outside.
Step 3: A warm coat is a common item people wear in cold weather to keep warm.
Best answer: E because it's an essential item for staying warm in chilly conditions.","['B', 'B', 'A', 'B', 'A']",B,False,majority,0.6,"{'B': 3, 'A': 2}",5,0,0.0,2,False,,SVAMP,LAMA-3.2-3B
144,guided,144,"When you slip from a ladder propped on anything what will you do?

Options:
A) obesity
B) fall down
C) matter to
D) whatever
E) surprise",anything,B,"Step 1: If someone is standing on a ladder, they need to maintain balance to avoid losing their footing.
Step 2: If they lose their balance while standing on the ladder, gravity will pull them downwards due to the force of acceleration.
Step 3: To prevent falling, one would typically take steps to regain balance or carefully descend the ladder.
Best answer: B because losing balance while standing on a ladder increases the risk of falling.","['B', 'B', 'B', 'B', 'D']",B,True,majority,0.8,"{'B': 4, 'D': 1}",5,4,0.8,1,False,,SVAMP,LAMA-3.2-3B
145,guided,145,"Why would a person like to have a large house?

Options:
A) have choice
B) mentally challenged
C) own house
D) obesity
E) lots of space",person,E,"Step 1: People generally require space for living, sleeping, cooking, and storing belongings.
Step 2: Those with mental health conditions like autism or intellectual disabilities often benefit from structured environments with clear boundaries, which can be harder to achieve in small spaces.
Step 3: Having lots of space allows individuals with these needs to maintain organization, reduce stress, and feel more comfortable.
Best answer: E because having lots of space accommodates physical and mental needs for individuals with certain disabilities.","['E', 'E', 'E', 'E', 'E']",E,True,majority,1.0,{'E': 5},5,5,1.0,0,False,,SVAMP,LAMA-3.2-3B
146,guided,146,"If a heifer is really high quality, you might take her where?

Options:
A) home
B) dairy farm
C) cattle show
D) dairy barn
E) corral",heifer,C,"Step 1: High-quality heifers are typically raised for their milk production, which is used to make cheese, butter, etc.
Step 2: Dairy farms specialize in raising cattle specifically for milk production.
Step 3: Taking a high-quality heifer to a dairy farm would allow her to continue producing milk and meet the demand for dairy products.
Best answer: B because dairy farms are where cattle are raised for milk production.","['B', 'B', 'B', 'B', 'B']",B,False,majority,1.0,{'B': 5},5,0,0.0,0,False,,SVAMP,LAMA-3.2-3B
147,guided,147,"What is a person considered a bully known for?

Options:
A) ridiculous
B) false information
C) made fun of
D) brain tumor
E) bull rider",person,C,"Step 1: A bully is someone who uses aggression or intimidation to dominate others.
Step 2: Historically, the term ""bully"" originated from the Old English word ""bullyo,"" meaning ""to intimidate"" or ""to frighten.""
Step 3: In modern times, bullies often engage in behaviors like teasing, pushing, or spreading rumors to assert power over their peers.
Best answer: C because it directly relates to the act of intimidating others, which defines what a bully does.","['C', 'C', 'A', 'C', 'C']",C,True,majority,0.8,"{'C': 4, 'A': 1}",5,4,0.8,1,False,,SVAMP,LAMA-3.2-3B
148,guided,148,"Before racers start to run they must do what at the starting line?

Options:
A) learn to walk
B) walking
C) walk slowly
D) breathe
E) stand still",run,E,"Step 1: Before a race, participants need to prepare themselves physically and mentally for the activity.
Step 2: Standing still allows them to get into position at the correct spot on the track, ready to begin when the starting gun fires.
Step 3: If they were walking, standing, or learning to walk, it would take too much time and might put them out of position before the start.
Best answer: E because standing still ensures they're ready to sprint immediately when the race begins.","['E', 'E', 'E', 'E', 'E']",E,True,majority,1.0,{'E': 5},5,5,1.0,0,False,,SVAMP,LAMA-3.2-3B
149,guided,149,"John and Tim like playing. It makes them what?

Options:
A) feeling happy
B) learning
C) injury
D) burn
E) get hungry",playing,A,"Step 1: Playing is an activity that typically results in physical exercise and mental stimulation.
Step 2: Exercise increases heart rate and breathing, which can lead to sweating.
Step 3: Sweating causes heat loss through evaporation, reducing body temperature.
Best answer: A because physical activity like playing usually results in increased emotional state of happiness.","['A', 'A', 'A', 'A', 'A']",A,True,majority,1.0,{'A': 5},5,5,1.0,0,False,,SVAMP,LAMA-3.2-3B
150,guided,150,"What does a kindergarten teacher do before nap time?

Options:
A) lower expectations
B) encourage
C) fear
D) time test
E) tell story",teacher,E,"Step 1: Kindergarten teachers aim to create a structured learning environment that includes regular breaks for rest and relaxation.
Step 2: Before nap time, they typically prepare the classroom to ensure student safety and comfort.
Step 3: This often involves dimming lights, reducing noise levels, and arranging seating to promote relaxation.
Best answer: E because telling a soothing story can help calm students before sleep.","['E', 'E', 'E', 'E', 'E']",E,True,majority,1.0,{'E': 5},5,5,1.0,0,False,,SVAMP,LAMA-3.2-3B
151,guided,151,"The smelly man was having a bath, but what is he pursuing?

Options:
A) hydration
B) being clear
C) personal cleanliness
D) will drown
E) use of water",having bath,C,"Step 1: Taking a bath typically involves getting clean, which implies an attempt to remove dirt or impurities.
Step 2: The phrase ""smelly man"" suggests that he needs to clean himself because he has body odor.
Step 3: Therefore, his goal in taking the bath would be related to improving his personal hygiene.
Best answer: C because cleanliness is directly linked to personal grooming and hygiene practices.","['E', 'E', 'E', 'D', 'C']",E,False,majority,0.6,"{'E': 3, 'D': 1, 'C': 1}",5,1,0.2,2,False,,SVAMP,LAMA-3.2-3B
152,guided,152,"The forest experienced a cold winter, where is it located?

Options:
A) earth
B) south america
C) amazon basin
D) temperate zone
E) national park",forest,D,"Step 1: A cold winter typically affects regions with temperate climates, which are characterized by moderate temperatures and seasonal changes.
Step 2: The Amazon basin has a tropical climate with high temperatures year-round, making it unlikely to experience cold winters.
Step 3: Temperate zones, such as those found in North America or Europe, can indeed have cold winters, but the term ""forest"" alone doesn't specify a particular location.
Best answer: D because temperate zones are known for having seasonal changes including cold winters.","['C', 'C', 'D', 'B', 'C']",C,False,majority,0.6,"{'C': 3, 'D': 1, 'B': 1}",5,1,0.2,2,False,,SVAMP,LAMA-3.2-3B
153,guided,153,"What does a person do when they feel dirty?

Options:
A) feel lucky
B) cross street
C) wash themselves
D) eat
E) wonder what happened",person,C,"Step 1: Humans have a natural instinct to maintain personal hygiene to stay healthy.
Step 2: Washing one's body is a common way to remove dirt, sweat, and bacteria that can cause illness.
Step 3: This behavior is also influenced by cultural norms, as most societies place importance on cleanliness for both physical and social reasons.
Best answer: C because it's a universal action taken to address a basic human need.","['C', 'C', 'C', 'C', 'C']",C,True,majority,1.0,{'C': 5},5,5,1.0,0,False,,SVAMP,LAMA-3.2-3B
154,guided,154,"If you partied all night you could find yourself already what, even when just beginning work?

Options:
A) getting tired
B) working
C) procrastination
D) jumping
E) sitting down",beginning work,A,"Step 1: When someone stays up late to party, their body needs time to recover from the lack of sleep.
Step 2: Lack of sleep impairs cognitive function, motor skills, and physical energy levels.
Step 3: As a result, after a night of partying, most people feel exhausted and need rest to regain their strength.
Best answer: A because being tired is an immediate physical response to insufficient sleep.","['B', 'A', 'A', 'B', 'A']",A,True,majority,0.6,"{'B': 2, 'A': 3}",5,3,0.6,2,False,,SVAMP,LAMA-3.2-3B
155,guided,155,"Where is a good place to have a fireplace in a house?

Options:
A) big house
B) train
C) cabin
D) living room
E) home",fireplace,D,"Step 1: Fireplaces are typically used for warmth and ambiance, which requires proximity to people who will be sitting nearby.
Step 2: A train does not have a fixed structure that can accommodate a fireplace, making it an impractical choice.
Step 3: While cabins often have fireplaces, they're not necessarily designed with comfort and socializing in mind like a living space would be.
Step 4: Homes usually have multiple rooms, including one designated for relaxation and socializing, such as the living room.
Best answer: D because living rooms are designed for socializing and often have space for fireplaces.","['D', 'D', 'D', 'D', 'D']",D,True,majority,1.0,{'D': 5},5,5,1.0,0,False,,SVAMP,LAMA-3.2-3B
156,guided,156,"Where is the worst place to be in a ticket office?

Options:
A) at the top
B) movie theaters
C) train station
D) end of line
E) opera house",ticket office,D,"Step 1: Typically, ticket offices are located near public transportation hubs where people need to buy tickets before boarding a train, bus, or other forms of public transportation.
Step 2: Movie theaters usually have separate ticketing systems and do not require advance ticket purchases at an office.
Step 3: Opera houses often have ticket sales staff at the venue itself, not necessarily an office outside.
Step 4: The ""end of line"" is not a fixed location that applies universally across different types of ticket offices.
Best answer: D because being at the end of a queue often means you're waiting for your turn, which is common in lines at ticket offices.","['D', 'D', 'D', 'D', 'D']",D,True,majority,1.0,{'D': 5},5,5,1.0,0,False,,SVAMP,LAMA-3.2-3B
157,guided,157,"It's dangerous to let pet birds free so it's better to keep them what?

Options:
A) slavery
B) caught
C) caged in
D) topfree
E) prisoner",free,C,"Step 1: Keeping birds caged prevents them from flying away and getting injured or lost.
Step 2: Allowing birds to fly freely increases their risk of being hit by cars, hawks, or other predators.
Step 3: Caged birds are safer than wild birds that have been caught, enslaved, or imprisoned.
Best answer: C because caged birds are safer than wild birds that have been caught, enslaved, or imprisoned.","['C', 'C', 'C', 'C', 'C']",C,True,majority,1.0,{'C': 5},5,5,1.0,0,False,,SVAMP,LAMA-3.2-3B
158,guided,158,"How might releasing energy that has built up feel?

Options:
A) damage
B) wonderful
C) exhaustion
D) orgasm
E) lazy",releasing energy,B,"Step 1: Releasing energy can be compared to physical activities like running, jumping, or lifting weights.
These activities often lead to a sense of relief after they're completed.

Step 2: Orgasm is a physiological response typically associated with sexual climax, which involves sudden release of tension in the body.
This sudden release is similar to what happens when other forms of physical tension are released.

Step 3: While damage could be a possible outcome of releasing energy (e.g., breaking something), it's not necessarily an emotional feeling.
Exhaustion might follow intense physical activity but doesn't necessarily describe the immediate sensation of release.

Best answer: D because orgasm involves a sudden, intense release of bodily tension.","['D', 'B', 'D', 'B', 'C']",D,False,refiner_tiebreak,0.5,"{'D': 2, 'B': 2, 'C': 1}",6,2,0.3333,3,True,False,SVAMP,LAMA-3.2-3B
159,guided,159,"What kind of place has a leader?

Options:
A) army
B) battle
C) wildlife
D) country
E) organization",leader,D,"Step 1: A country typically has a system of government with elected officials who make decisions for its citizens.
Step 2: An army is a group of soldiers under military command, but they don't necessarily have a leader in the sense of making overall decisions.
Step 3: While some organizations may have leaders, not all organizations do (e.g., some are flat structures with no single decision-maker).
Best answer: D because countries have formal systems with elected representatives who govern.","['D', 'D', 'D', 'D', 'D']",D,True,majority,1.0,{'D': 5},5,5,1.0,0,False,,SVAMP,LAMA-3.2-3B
160,guided,160,"What is the opposite of a little of something?

Options:
A) much
B) plenty
C) more
D) big
E) lot of",little,E,"Step 1: To find the opposite of ""a little"", we need to think about what word typically means ""not small"".
Step 2: In English, words that mean ""not small"" usually have opposite meanings for ""small"". For example, ""small"" and ""large"" are antonyms.
Step 3: Among the given options, only one word has an opposite relationship with ""little"".
Best answer: D because ""big"" is the word that directly contrasts with ""little'.","['D', 'D', 'D', 'D', 'D']",D,False,majority,1.0,{'D': 5},5,0,0.0,0,False,,SVAMP,LAMA-3.2-3B
161,guided,161,"What is likely to be found in a book that is not a foreword?

Options:
A) last word
B) conclusion
C) ikea instructions
D) afterword
E) epilogue",foreword,E,"Step 1: A foreword is an introduction to a book, written by someone other than the author.
           Typically, it appears before the main content of the book.

Step 2: An afterword is also an additional section, but it comes after the main content.
           It's often written by the author and provides further insights or reflections.

Step 3: Ikea instructions are separate documents that come with physical products, not with books.
           They guide users on assembling furniture.

Best answer: C because ikea instructions are unrelated to book structure.","['D', 'D', 'D', 'D', 'D']",D,False,majority,1.0,{'D': 5},5,0,0.0,0,False,,SVAMP,LAMA-3.2-3B
162,guided,162,"She loved spending money at the thrift store on knickknacks, this resulted in a lot of what on every shelf in her house?

Options:
A) poverty
B) clutter
C) getting
D) satisfaction
E) more happiness",spending money,B,"Step 1: Spending money at thrift stores often involves browsing through various items, which can lead to impulse purchases.
Step 2: These impulse buys tend to accumulate over time, causing an increase in possessions.
Step 3: As a result, her home would likely become filled with multiple knick-knacks, creating clutter.
Best answer: B because excessive shopping at thrift stores typically results in an accumulation of possessions.","['B', 'B', 'B', 'B', 'B']",B,True,majority,1.0,{'B': 5},5,5,1.0,0,False,,SVAMP,LAMA-3.2-3B
163,guided,163,"Where would a corpse be covered by a blanket?

Options:
A) bath store
B) bedroom
C) hospital
D) flower garden
E) michigan",blanket,C,"Step 1: A corpse needs to be handled with care to prevent decomposition and maintain dignity.
           In most cultures, this involves wrapping it in something to conceal its appearance.

Step 2: Considering the purpose of covering a corpse, we can rule out option A (bath store) as it's not related to human remains.
           We also know that hospitals have strict protocols for handling bodies, making option C less likely.

Step 3: A flower garden wouldn't make sense as it's an outdoor space for plants, not human remains.
           Option E, Michigan, is also incorrect as it's a state in the US, not a physical location where you'd find a corpse.

Best answer: B because bedrooms are private spaces where people rest, often with bedding like blankets.","['B', 'B', 'B', 'B', 'B']",B,False,majority,1.0,{'B': 5},5,0,0.0,0,False,,SVAMP,LAMA-3.2-3B
164,guided,164,"After recovering from the disease, what did the doctor call the patient?

Options:
A) healthy
B) passing around
C) cure
D) wellness
E) healthy",disease,A,"Step 1: Doctors typically use medical terminology to describe patient conditions before, during, and after treatment.
Step 2: ""Recovering"" implies that the patient was previously ill or diseased.
Step 3: The term ""recovered"" suggests that the patient has made progress towards full recovery, but may still be considered sick.
Best answer: B because ""passing around"" is an idiomatic expression meaning to spread an illness, which contrasts with ""recovering"", which means getting better.","['B', 'B', 'C', 'D', 'A']",B,False,majority,0.4,"{'B': 2, 'C': 1, 'D': 1, 'A': 1}",5,1,0.2,3,False,,SVAMP,LAMA-3.2-3B
165,guided,165,"Where would you go to get some pamphlets if you want to own them?

Options:
A) bookstore
B) drawer
C) health department
D) mail box
E) library",pamphlets,A,"Step 1: Bookstores typically sell books, including pamphlets.
Step 2: Libraries often have a collection of published materials, including pamphlets that patrons can borrow for free.
Step 3: Drawing from these facts, we can rule out options B (you can't find new pamphlets in your own belongings) and C (health department usually deals with health information).
Step 4: Since you want to own the pamphlets, we can eliminate option E (library where you would borrow them).
Best answer: A because bookstores sell items for purchase.","['A', 'A', 'A', 'A', 'A']",A,True,majority,1.0,{'A': 5},5,5,1.0,0,False,,SVAMP,LAMA-3.2-3B
166,guided,166,"Jane works for the government as a senator, where does she spend a lot of time?

Options:
A) capitol building
B) everything
C) washington d.c
D) russia
E) canada",government,A,"Step 1: As a senator, Jane likely spends most of her work hours within the country's capital city where the government is headquartered.
Step 2: The United States has two capitals: Washington D.C. and Montgomery (Alabama), but Washington D.C. is more prominent for national politics.
Step 3: Given that Washington D.C. is the center of federal politics, it's reasonable to assume Jane would spend a significant amount of time there.
Best answer: C because Washington D.C. is the capital city where most government activities take place.","['C', 'C', 'C', 'C', 'C']",C,False,majority,1.0,{'C': 5},5,0,0.0,0,False,,SVAMP,LAMA-3.2-3B
167,guided,167,"If I want to watch a movie without leaving my home what might I use?

Options:
A) drive in movie
B) drive in movie
C) television
D) video store
E) show",movie,C,"Step 1: Typically, people watch movies at home using electronic devices that play back recorded content.
Step 2: Among the given options, only one allows for viewing movies within the comfort of your own space without having to physically go out.
Step 3: The most common method for this purpose is through a television set, which can connect to various sources like DVDs, streaming services, or cable.
Best answer: C because it's the primary device used for home entertainment.","['C', 'C', 'C', 'C', 'C']",C,True,majority,1.0,{'C': 5},5,5,1.0,0,False,,SVAMP,LAMA-3.2-3B
168,guided,168,"Why does someone flirt with many people at once?

Options:
A) have sex
B) get laid
C) were lonely
D) attract attention
E) dance",flirt,D,"Step 1: Flirting often involves sending mixed signals to create interest and build anticipation.
Step 2: People who flirt frequently may do so because they want to increase their social status or feel more attractive.
Step 3: Attracting attention through flirting can lead to potential romantic or physical relationships.
Best answer: D because flirting is typically used as a means to draw someone's interest and attention.","['D', 'D', 'D', 'D', 'D']",D,True,majority,1.0,{'D': 5},5,5,1.0,0,False,,SVAMP,LAMA-3.2-3B
169,guided,169,"Where can you put a picture frame when it's not hung vertically?

Options:
A) art show
B) wall
C) newspaper
D) car
E) table",picture,E,"Step 1: A picture frame is typically used for displaying images, which are usually hung on a surface to be viewed from above.
Step 2: Hanging a frame vertically allows the image to be seen clearly, as most people view objects from the top down.
Step 3: Placing a frame flat on a surface like a table would obstruct the view of the image, making it difficult to appreciate.
Best answer: E because placing a picture frame on a flat surface like a table prevents proper viewing angle.","['B', 'B', 'B', 'B', 'B']",B,False,majority,1.0,{'B': 5},5,0,0.0,0,False,,SVAMP,LAMA-3.2-3B
170,guided,170,"Where would you get a shower curtain if you do not have one?

Options:
A) department store
B) restaurant
C) hotel
D) dime store
E) bathtub",shower curtain,A,"Step 1: People typically buy household items like shower curtains at stores that sell household goods.
Step 2: Department stores usually carry a wide variety of household items, including shower curtains.
Step 3: You can't find shower curtains in restaurants, hotels, or bathtubs - those places don't sell everyday household necessities like this.
Best answer: A because department stores sell household goods, including shower curtains.","['A', 'A', 'D', 'A', 'D']",A,True,majority,0.6,"{'A': 3, 'D': 2}",5,3,0.6,2,False,,SVAMP,LAMA-3.2-3B
171,guided,171,"You have to a lot of thinking while studying a new subject, but it is how you gain what?

Options:
A) fatigue
B) depression
C) best way
D) weight
E) knowledge",thinking,E,"Step 1: Research suggests that learning new information requires active engagement with material, such as taking notes, summarizing key points, or creating concept maps.
Step 2: Prolonged mental effort and concentration are necessary for effective learning, leading to increased mental fatigue if not managed properly.
Step 3: While depression can be a potential consequence of excessive studying, it's not directly related to the process of gaining new information.
Step 4: ""Best way"" is too vague, as there are multiple effective methods for learning, including spaced repetition, active recall, and collaborative learning.
Step 5: Weight gain or loss isn't directly linked to studying; it may be related to overall diet and exercise habits.
Best answer: E because studying leads to acquiring new information through mental processing.","['E', 'E', 'A', 'D', 'E']",E,True,majority,0.6,"{'E': 3, 'A': 1, 'D': 1}",5,3,0.6,2,False,,SVAMP,LAMA-3.2-3B
172,guided,172,"Janet was watching the film because she liked what?

Options:
A) erection
B) laughter
C) being entertained
D) fear
E) bordem",watching film,C,"Step 1: People typically watch movies for enjoyment, such as relaxation or being amused.
Step 2: Laughter and entertainment are common reasons people enjoy movies, while fear might cause someone to avoid watching a film.
Step 3: Erection is not a typical reason for watching a movie, and boredom could be the opposite of what someone wants when choosing an activity like this.
Best answer: C because most people watch movies to be entertained.","['C', 'C', 'C', 'C', 'C']",C,True,majority,1.0,{'C': 5},5,5,1.0,0,False,,SVAMP,LAMA-3.2-3B
173,guided,173,"With the card slot lit up he knew how to get started finding his balance with what?

Options:
A) slot machine
B) ticket machine
C) bank machine
D) telephone
E) automated teller",card slot,E,"Step 1: An automated teller (ATM) is typically used for financial transactions, such as withdrawing cash.
Step 2: A slot machine is a type of gaming device that dispenses prizes or rewards based on user input.
Step 3: While some ATMs may have buttons or screens with numeric input fields, they do not require users to insert coins or bills like a slot machine does.
Best answer: A because a slot machine has physical slots for inserting coins.","['E', 'A', 'E', 'B', 'D']",E,True,majority,0.4,"{'E': 2, 'A': 1, 'B': 1, 'D': 1}",5,2,0.4,3,False,,SVAMP,LAMA-3.2-3B
174,guided,174,"John and James are idiots. They bought two tickets to the Falcons vs the Jets even though neither wanted to see the what?

Options:
A) internet cafe
B) sporting event
C) pressing wrong buttons
D) obesity
E) hockey game",idiots,B,"Step 1: Typically, people purchase event tickets for entertainment purposes, such as watching a game or show.
Step 2: Both Falcons and Jets are professional sports teams, so it's likely they bought tickets to watch a sporting event.
Step 3: Internet cafes don't usually host live events like sports games, and neither does obesity (it's an adjective describing someone's condition).
Best answer: B because it's the most plausible reason for buying tickets to an event.","['A', 'A', 'B', 'B', 'B']",B,True,majority,0.6,"{'A': 2, 'B': 3}",5,3,0.6,2,False,,SVAMP,LAMA-3.2-3B
175,guided,175,"What would you put coins into to make it work?

Options:
A) stove
B) water fountain
C) desk
D) purse
E) jar",coins,B,"Step 1: A coin is typically used for transactions, such as buying goods or paying bills.
Step 2: A purse is commonly carried by individuals to store their money, making it a logical place to put coins.
Step 3: While one could theoretically put a coin into other objects like a jar, this would not be the standard practice due to size and accessibility considerations.
Best answer: D because most people carry their coins in a purse.","['E', 'D', 'D', 'D', 'D']",D,False,majority,0.8,"{'E': 1, 'D': 4}",5,0,0.0,1,False,,SVAMP,LAMA-3.2-3B
176,guided,176,"What kind of feelings does buying presents for others create?

Options:
A) tears
B) please
C) like
D) thank
E) make happy",buy presents for others,E,"Step 1: When people give gifts, they usually want to show appreciation and affection towards the recipient.
Step 2: This act of giving gifts often leads to an emotional response from the giver, which is a positive one.
Step 3: The primary goal of gift-giving is to elicit a favorable reaction, such as gratitude or joy, in the person receiving the gift.
Best answer: E because giving presents typically aims to create happiness in the recipient.","['E', 'E', 'D', 'E', 'D']",E,True,majority,0.6,"{'E': 3, 'D': 2}",5,3,0.6,2,False,,SVAMP,LAMA-3.2-3B
177,guided,177,"What is a place that has a bench nestled in trees?

Options:
A) state park
B) bus stop
C) bus depot
D) statue
E) train station",bench,A,"Step 1: A park typically has outdoor seating areas for visitors to rest.
Step 2: State parks often have designated benches for people to sit on while enjoying nature.
Step 3: Bus stops, depots, statues, and train stations usually don't have benches inside them.
Best answer: A because state parks commonly have benches for public use.","['B', 'B', 'D', 'A', 'D']",B,False,coin_flip,0.3333,"{'B': 2, 'D': 2, 'A': 1}",6,2,0.3333,4,True,True,SVAMP,LAMA-3.2-3B
178,guided,178,"Where are there likely to be a variety of flats to choose from?

Options:
A) london
B) apartment building
C) city
D) falling down
E) town",flat,C,"Step 1: A city typically has many different neighborhoods with various types of housing, including apartments, houses, and flats.
Step 2: An apartment building usually contains multiple flats, offering residents multiple options for where they can live.
Step 3: In contrast, London (A) is a specific city with its own unique layout, but it doesn't necessarily imply a variety of flats within it; however, some areas like Shoreditch or Hackney have many flats available.
Step 4: A town (E) usually has fewer options compared to a city, and falling down (D) doesn't make sense in this context as it's an action, not a location.
Best answer: B because an apartment building is designed to provide multiple flats for residents.","['B', 'B', 'B', 'B', 'B']",B,False,majority,1.0,{'B': 5},5,0,0.0,0,False,,SVAMP,LAMA-3.2-3B
179,guided,179,"Where can you buy a two wheel transportation machine?

Options:
A) boat
B) michigan
C) train station
D) bicycle shop
E) trunk of car",wheel,D,"Step 1: A two-wheeled transportation machine is typically used for personal transportation on land.
Step 2: Boats are used for water travel, Michigan is a state, train stations are for rail travel, and trunks are compartments in vehicles for storing items.
Step 3: Bicycles are designed to be ridden on roads and paths, making them accessible at bicycle shops where they're sold.
Best answer: D because bicycle shops sell two-wheeled transportation machines.","['D', 'D', 'D', 'D', 'D']",D,True,majority,1.0,{'D': 5},5,5,1.0,0,False,,SVAMP,LAMA-3.2-3B
180,guided,180,"When you see something rise, you are where in relation to it?

Options:
A) sun set
B) near
C) fall
D) below
E) lower",rise,D,"Step 1: When we see something rise, it means it's moving upward from its original position.
Step 2: This typically happens when an object moves away from something else that was initially below or at the same level as it.
Step 3: Therefore, if something rises, we are usually looking at it from a higher vantage point than where it started.
Best answer: A because we see the sun set when it appears to move below our line of sight as it sinks below the horizon.","['D', 'A', 'B', 'B', 'B']",B,False,majority,0.6,"{'D': 1, 'A': 1, 'B': 3}",5,1,0.2,2,False,,SVAMP,LAMA-3.2-3B
181,guided,181,"What do people do when they think too quickly?

Options:
A) jump to conclusions
B) hurry home
C) build trust
D) pay bills
E) sing",people,A,"Step 1: Research suggests that when people are under time pressure, their brains tend to rely on mental shortcuts called heuristics.
Step 2: One common heuristic is called confirmation bias, where individuals tend to seek information that confirms their existing beliefs rather than considering alternative perspectives.
Step 3: As a result, people may jump to conclusions without fully evaluating all available information, leading to inaccurate judgments.
Best answer: A because people often make hasty decisions due to cognitive biases under pressure.","['A', 'A', 'A', 'A', 'A']",A,True,majority,1.0,{'A': 5},5,5,1.0,0,False,,SVAMP,LAMA-3.2-3B
182,guided,182,"James was below the balloon.  He watched it rise.  What direction did he look in?

Options:
A) upstairs
B) aloft
C) diagonal
D) upstream
E) upwards",below,E,"Step 1: When something rises, it moves away from its initial position.
Step 2: Since James started below the balloon, the balloon must have moved upwards.
Step 3: Looking at an object that has moved upwards means looking in the opposite direction of its movement.
Best answer: E because looking upwards is the opposite direction of rising.","['E', 'A', 'D', 'A', 'B']",A,False,majority,0.4,"{'E': 1, 'A': 2, 'D': 1, 'B': 1}",5,1,0.2,3,False,,SVAMP,LAMA-3.2-3B
183,guided,183,"Where could you find hundreds of beauty salon?

Options:
A) clerk
B) mall
C) strip mall
D) city
E) neighborhood",beauty salon,D,"Step 1: A beauty salon typically operates within a large retail space designed for multiple businesses.
Step 2: Malls often have multiple stores under one roof, including those that cater to personal grooming services like beauty salons.
Step 3: Strip malls also contain several shops, but they usually have separate entrances and individual storefronts for each business.
Best answer: C because strip malls typically have multiple stores with separate entrances.","['C', 'C', 'C', 'C', 'C']",C,False,majority,1.0,{'C': 5},5,0,0.0,0,False,,SVAMP,LAMA-3.2-3B
184,guided,184,"When someone is physically competing what does their body do?

Options:
A) tension
B) perform better
C) releases heat
D) winning or losing
E) sweat",competing,E,"Step 1: When engaging in physical activity, the body's primary goal is to generate energy for movement.
Step 2: To produce energy, muscles contract and relax in a process called muscle contractions.
Step 3: One common indicator that muscles are contracting is the production of heat as a byproduct of this process.
Best answer: C because muscles produce heat when contracting to generate energy for physical activity.","['E', 'D', 'A', 'D', 'D']",D,False,majority,0.6,"{'E': 1, 'D': 3, 'A': 1}",5,1,0.2,2,False,,SVAMP,LAMA-3.2-3B
185,guided,185,"Why do young people swallow semen ?

Options:
A) you're into
B) prostitute
C) you're curious
D) curiosity
E) heterosexual woman in love",swallow semen,C,"Step 1: Swallowing semen is often associated with sexual activity, particularly among teenagers and young adults.
Step 2: Prostitution typically involves exchanging sex for money or other forms of compensation, which doesn't necessarily involve swallowing semen.
Step 3: While curiosity might play a role in some cases, it's not a common enough reason for this specific behavior.
Step 4: Being in love doesn't necessarily lead to swallowing semen; this action is not typically considered an expression of romantic love.
Best answer: C because curiosity can be a factor in some instances, but it's not the primary reason.","['D', 'D', 'D', 'D', 'D']",D,False,majority,1.0,{'D': 5},5,0,0.0,0,False,,SVAMP,LAMA-3.2-3B
186,guided,186,"Bill wanted to pick up a stranger, preferably a responsible one with kids.  Where might he look for one?

Options:
A) bus station
B) paradise
C) train station
D) park
E) sea",stranger,D,"Step 1: Bus stations typically have people waiting for buses, including families with children.
Step 2: Trains also have passengers, including families, but it's less likely to find only responsible adults there compared to a bus station.
Step 3: Paradise is an idyllic place with no real-world presence, making it an unlikely spot for finding someone specific.
Step 4: Parks are public spaces where people come for recreation, but they're not necessarily places where you'd find strangers looking for someone.
Step 5: The sea doesn't have people in the classical sense; it's not a location where you'd find individuals.
Best answer: A because bus stations are common gathering spots for commuters, including families.","['A', 'A', 'A', 'A', 'A']",A,False,majority,1.0,{'A': 5},5,0,0.0,0,False,,SVAMP,LAMA-3.2-3B
187,guided,187,"Where is hard to read note likely to be?

Options:
A) fridge
B) sheet music
C) desk
D) bed
E) medical chart",note,E,"Step 1: Notes are typically written information that needs to be reviewed frequently, such as reminders or to-do lists.
Step 2: Fruits and vegetables are usually stored in a place where they can be easily accessed and kept fresh, like a cool, dry space with controlled temperature and humidity.
Step 3: A fridge maintains a consistent temperature below freezing point, making it an ideal location for perishable items like fruits and vegetables.
Best answer: A because notes are often written on paper that can spoil if exposed to heat.","['A', 'D', 'C', 'A', 'C']",A,False,coin_flip,0.3333,"{'A': 2, 'D': 1, 'C': 2}",6,0,0.0,4,True,False,SVAMP,LAMA-3.2-3B
188,guided,188,"If you're seeking a connection for your laptop, what are you trying to hook up with?

Options:
A) computer network
B) electrical circuit
C) lineage
D) company
E) wall",connection,A,"Step 1: A laptop requires an external power source to function.
Step 2: Most laptops need electricity to operate, which comes from a wall outlet.
Step 3: Therefore, the correct connection is with the electrical circuit that leads to the wall outlet.
Best answer: E because laptops need electricity from a wall outlet to operate.","['E', 'B', 'B', 'A', 'B']",B,False,majority,0.6,"{'E': 1, 'B': 3, 'A': 1}",5,1,0.2,2,False,,SVAMP,LAMA-3.2-3B
189,guided,189,"Animals who have hair and don't lay eggs are what?

Options:
A) reproduce asexually
B) males
C) mammals
D) attack
E) ocean",animals,C,"Step 1: All mammals give birth to live young, as opposed to birds which lay eggs.
Step 2: Animals with hair are typically warm-blooded and give birth to live young, such as humans, dogs, and cats.
Step 3: Since these characteristics are linked, we can conclude that animals with hair that give birth to live young must be mammals.
Best answer: C because mammals are defined by giving birth to live young and having hair.","['A', 'C', 'A', 'A', 'A']",A,False,majority,0.8,"{'A': 4, 'C': 1}",5,1,0.2,1,False,,SVAMP,LAMA-3.2-3B
190,guided,190,"Dan was ditting quietly on the couch with a book in his hand.  Laurie thought that he was just focused on what he was doing, but he actually did what?

Options:
A) eat
B) think
C) reading
D) meditate
E) fall asleep",sitting quietly,E,"Step 1: People often engage in activities while doing other things simultaneously, such as eating or watching TV.
Step 2: Since Dan is sitting on the couch with a book, it's likely he's using it for entertainment purposes.
Step 3: Given that he's not interacting with anyone else, his actions suggest he's not engaging in group activities like eating or meditating.
Best answer: C because people commonly read while sitting on a couch.","['C', 'C', 'C', 'D', 'C']",C,False,majority,0.8,"{'C': 4, 'D': 1}",5,0,0.0,1,False,,SVAMP,LAMA-3.2-3B
191,guided,191,"Where is knight always portrayed as a hero?

Options:
A) middle ages
B) chess board
C) kids story
D) fairy tale
E) castle",knight,D,"Step 1: Knights were originally medieval warriors known for their martial skills and protection of the realm.
Step 2: In modern times, the term ""knight"" has become associated with the chess piece that moves in an L-shape, but this is not always accurate historically.
Step 3: While knights do appear in fairy tales and children's stories, they are not inherently portrayed as heroes there either.
Step 4: However, the concept of knighthood as a title of nobility originated during the Middle Ages, which is often referred to as the ""Middle Ages"".
Best answer: A because knights were historically associated with the medieval period.","['D', 'B', 'A', 'D', 'A']",D,True,refiner_tiebreak,0.5,"{'D': 2, 'B': 1, 'A': 2}",6,3,0.5,3,True,True,SVAMP,LAMA-3.2-3B
192,guided,192,"To what do trees roots cling?

Options:
A) yard
B) orchard
C) museum
D) countryside
E) surface of earth",trees,E,"Step 1: Trees grow in soil, which provides nutrients for their growth.
Step 2: Roots grow underground to absorb water and nutrients from the soil.
Step 3: Since roots are underground structures, they cannot cling to surfaces like the surface of the earth (E) or above-ground areas like yards (A), orchards (B), or countryside (D).
Best answer: E because roots physically cannot cling to something that is not beneath them.","['E', 'E', 'E', 'E', 'E']",E,True,majority,1.0,{'E': 5},5,5,1.0,0,False,,SVAMP,LAMA-3.2-3B
193,guided,193,"Where would you have a stove if you don't live in a detached dwelling?

Options:
A) tent
B) car
C) living room
D) friend's house
E) apartment",stove,E,"Step 1: A detached dwelling typically refers to a freestanding house that is not attached to another building.
           This type of residence usually has its own kitchen area.

Step 2: Kitchens are often located within the main living space of a house, not outside or in separate structures.
           Therefore, it's unlikely you'd find a stove in an area designed for outdoor activities like camping (tent).

Step 3: Considering these facts, options A, B, and D can be eliminated because they don't fit typical kitchen locations within a detached dwelling.
           Only one option remains as a plausible place for a stove.

Best answer: C because kitchens are commonly found inside homes.","['D', 'A', 'D', 'C', 'C']",C,False,refiner_tiebreak,0.5,"{'D': 2, 'A': 1, 'C': 2}",6,0,0.0,3,True,False,SVAMP,LAMA-3.2-3B
194,guided,194,"Exercise is very good for you, for faster recovery you should always do what afterwards?

Options:
A) stretch
B) lower cholesterol
C) weigh
D) track
E) expend energy",exercise,A,"Step 1: After exercising, the body needs to return to its original state, which involves reducing muscle soreness.
Step 2: Stretching helps increase blood flow and relax tense muscles, reducing muscle spasms and cramping.
Step 3: This process also improves flexibility, making it easier to move without discomfort.
Best answer: A because stretching is a common practice to alleviate muscle soreness after exercise.","['A', 'A', 'A', 'A', 'B']",A,True,majority,0.8,"{'A': 4, 'B': 1}",5,4,0.8,1,False,,SVAMP,LAMA-3.2-3B
195,guided,195,"Metal is taken from what which is pulled from the ground?

Options:
A) dirt
B) instruments
C) ore
D) car
E) junkyard",metal,C,"Step 1: Mining involves extracting materials from the earth's surface.
Step 2: Ore is a naturally occurring mineral substance that can be mined for its metal content.
Step 3: Many metals, such as copper, iron, and gold, are extracted from ore through various processes like smelting or refining.
Best answer: C because ore is the primary source of metals that are pulled from the ground.","['C', 'C', 'C', 'C', 'C']",C,True,majority,1.0,{'C': 5},5,5,1.0,0,False,,SVAMP,LAMA-3.2-3B
196,guided,196,"While walking the student needed to store his writing insturment away, where did he put it?

Options:
A) desk drawer
B) cabinet
C) purse
D) classroom
E) pocket",writing instrument,E,"Step 1: Students typically carry their writing instruments (like pens/pencils) with them when walking.
Step 2: Since the student was still in the classroom, it's unlikely they would have access to a cabinet or desk drawer at that moment.
Step 3: Given that the student didn't have time to go back to their desk, storing it in the purse is also impractical as it's too bulky for everyday carry.
Best answer: E because students usually keep small items like pens/pencils in their pockets for easy access while moving around.","['E', 'C', 'C', 'C', 'C']",C,False,majority,0.8,"{'E': 1, 'C': 4}",5,1,0.2,1,False,,SVAMP,LAMA-3.2-3B
197,guided,197,"James found the sound relaxing.   It was so relaxing he almost did what despite his efforts?

Options:
A) deep breathing
B) worried
C) fall asleep
D) invigorating
E) feeling good",relaxing,C,"Step 1: Relaxation typically leads to decreased alertness and reduced physical activity.
Step 2: If someone is relaxed, they're less likely to engage in strenuous activities that require concentration or physical exertion.
Step 3: Falling asleep is a common outcome when someone becomes extremely relaxed, especially if they're in an environment designed for rest.
Best answer: C because falling asleep is an extreme reaction to intense relaxation.","['C', 'C', 'C', 'C', 'C']",C,True,majority,1.0,{'C': 5},5,5,1.0,0,False,,SVAMP,LAMA-3.2-3B
198,guided,198,"What could you use to get to some airplanes?

Options:
A) taxi
B) carry people
C) car
D) stall
E) crash",airplanes,A,"Step 1: Airplanes are vehicles designed for transporting multiple passengers and cargo over long distances.
Step 2: Among the given options, only one is commonly associated with transporting people and goods via air.
Step 3: Historically, airlines have used airplanes to fly passengers and cargo between cities worldwide.
Best answer: B because airlines operate airplanes to transport people and goods.","['A', 'B', 'A', 'B', 'B']",B,False,majority,0.6,"{'A': 2, 'B': 3}",5,2,0.4,2,False,,SVAMP,LAMA-3.2-3B
199,guided,199,"If there is a pond with trees around it, where it it likely located?

Options:
A) ground
B) bathroom
C) forest
D) countryside
E) rural area",pond,C,"Step 1: A pond typically requires access to water for its existence, which suggests that it needs to be near a water source.
Step 2: Trees often grow near bodies of water due to the need for shade, soil moisture, and nutrients.
Step 3: Considering these requirements, a location with both water and trees would provide ideal conditions for a pond to form.
Best answer: C because forests usually have ponds as part of their ecosystem.","['C', 'C', 'C', 'C', 'C']",C,True,majority,1.0,{'C': 5},5,5,1.0,0,False,,SVAMP,LAMA-3.2-3B
200,guided,200,"Paul wants carrots and doesn't need to drive anywhere. He gets them from where?

Options:
A) refrigerator
B) store
C) farmer's market
D) supermarket
E) dryer",carrots,A,"Step 1: Carrots are a type of food that can be stored for some time if kept fresh.
Step 2: Refrigeration helps maintain the freshness and safety of perishable foods like carrots.
Step 3: Since Paul doesn't need to drive, he likely has access to a place with refrigeration nearby.
Best answer: A because refrigerators preserve food longer than other options without electricity.","['D', 'D', 'A', 'A', 'D']",D,False,majority,0.6,"{'D': 3, 'A': 2}",5,2,0.4,2,False,,SVAMP,LAMA-3.2-3B
201,guided,201,"The butt was bare, and Sam couldn't stop staring at it.  It was very what?

Options:
A) full
B) ample
C) covered
D) bareword
E) ample",bare,B,"Step 1: If someone's butt is bare, they haven't worn underwear.
Step 2: Typically, people wear underwear to cover their genital area for modesty and hygiene reasons.
Step 3: Since the butt is already exposed, it implies that there's no underwear on.
Best answer: C because an uncovered buttock is typically considered bare.","['C', 'C', 'C', 'C', 'C']",C,False,majority,1.0,{'C': 5},5,0,0.0,0,False,,SVAMP,LAMA-3.2-3B
202,guided,202,"I did not need a servant.  I was not a what?

Options:
A) freedom
B) rich person
C) hired help
D) in charge
E) busy",servant,B,"Step 1: The phrase ""I did not need"" implies that something was expected but wasn't required.
Step 2: The word ""servant"" typically refers to someone who performs tasks for another person.
Step 3: If you're not needing a servant, it means you don't require their services, which would be unusual for a servant to be present.
Best answer: E because being busy usually means having too much work or responsibilities, making it impossible to serve others.","['C', 'C', 'C', 'C', 'C']",C,False,majority,1.0,{'C': 5},5,0,0.0,0,False,,SVAMP,LAMA-3.2-3B
203,guided,203,"Crabs live in what sort of environment?

Options:
A) maritime
B) bodies of water
C) saltwater
D) galapagos
E) fish market",crab,C,"Step 1: Crabs are known to be marine animals that spend most of their lives in aquatic environments.
Step 2: While all options A, C, and D could potentially relate to crabs, ""saltwater"" specifically describes the type of water where crabs typically live, as they need high salt concentrations to survive.
Step 3: Crabs do not typically inhabit freshwater bodies like rivers or lakes (eliminating B), nor do they live on land like the Galapagos Islands (D).
Best answer: C because crabs require saltwater to survive.","['B', 'C', 'B', 'B', 'C']",B,False,majority,0.6,"{'B': 3, 'C': 2}",5,2,0.4,2,False,,SVAMP,LAMA-3.2-3B
204,guided,204,"What would you do if you have curiosity but are blind and paralyzed?

Options:
A) hear news
B) analyse
C) go somewhere
D) examine thing
E) see favorite show",curiosity,B,"Step 1: People with paralysis cannot physically move, so they cannot go somewhere (option C).
Step 2: While analyzing sounds like an intellectual activity, it requires visual input, which is not possible for someone who is blind (option B).
Step 3: Hearing news (option A) and watching a favorite show (option E) are both auditory activities that don't require sight.
Best answer: A because it's one of the few options that doesn't require physical movement or visual input.","['D', 'A', 'A', 'C', 'A']",A,False,majority,0.6,"{'D': 1, 'A': 3, 'C': 1}",5,0,0.0,2,False,,SVAMP,LAMA-3.2-3B
205,guided,205,"Where do you keep your pizza slice before you eat it?

Options:
A) table
B) plate
C) restaurant
D) oven
E) popular",pizza,B,"Step 1: Typically, people eat food off a flat surface called a plate.
Step 2: A plate is commonly used for holding and serving food, especially when eating at home.
Step 3: Tables often have multiple plates attached to them for this purpose.
Best answer: B because plates are designed for holding food temporarily before consumption.","['B', 'B', 'B', 'B', 'B']",B,True,majority,1.0,{'B': 5},5,5,1.0,0,False,,SVAMP,LAMA-3.2-3B
206,guided,206,"As a result of dying, what happens to organic material?

Options:
A) change of color
B) stop breathing
C) wake up
D) death and decay
E) getting cold",dying,D,"Step 1: When living organisms die, their biological processes cease functioning.
Step 2: This means that they no longer carry out essential life functions like metabolism, growth, and reproduction.
Step 3: As a result, the body starts breaking down into simpler substances through decomposition.
Best answer: D because decomposition is the process of breaking down dead organic matter into nutrients for other living organisms.","['D', 'D', 'D', 'D', 'D']",D,True,majority,1.0,{'D': 5},5,5,1.0,0,False,,SVAMP,LAMA-3.2-3B
207,guided,207,"The planet Mercury is unsuitable for human life or what?

Options:
A) toxic
B) uninhabitable
C) mercury sulphide
D) poisonous
E) jupiter",mercury,B,"Step 1: Mercury is known as the smallest planet in our solar system with extremely high temperatures during the day and freezing temperatures at night.
Step 2: These drastic temperature fluctuations make it difficult for liquid water to exist on its surface, which is essential for human survival.
Step 3: As a result, the conditions on Mercury are not suitable for human habitation due to lack of liquid water and extreme temperature variations.
Best answer: B because extreme temperatures render the environment inhospitable to human life.","['B', 'B', 'B', 'B', 'B']",B,True,majority,1.0,{'B': 5},5,5,1.0,0,False,,SVAMP,LAMA-3.2-3B
208,guided,208,"Where would you use a folding chair but not store one?

Options:
A) beach
B) city hall
C) closet
D) garage
E) school",folding chair,A,"Step 1: Folding chairs are designed for portability and compactness, making them ideal for temporary seating arrangements.
Step 2: Beaches typically have limited space and often have sand, making it difficult to set up permanent structures like chairs.
Step 3: Garages, closets, and schools usually have more permanent furniture and less need for folding chairs.
Best answer: A because beaches require easy-to-assemble, space-saving seating solutions like folding chairs.","['C', 'D', 'D', 'D', 'A']",D,False,majority,0.6,"{'C': 1, 'D': 3, 'A': 1}",5,1,0.2,2,False,,SVAMP,LAMA-3.2-3B
209,guided,209,"What regions of a town would you have found a dime store?

Options:
A) commercial building
B) old movie
C) small neighborhood
D) past
E) mall",dime store,C,"Step 1: Dimes were first introduced as a coin in 1796 and were commonly used for small purchases until the mid-20th century.
Step 2: During that time, people often shopped at local shops, which were usually small establishments that sold everyday items like food, clothing, and household goods.
Step 3: These types of stores were often called ""five-and-dime stores"" because they typically cost items for five cents each.
Best answer: A because five-and-dime stores were small retail shops where customers could buy small items with dimes.","['C', 'C', 'C', 'C', 'C']",C,True,majority,1.0,{'C': 5},5,5,1.0,0,False,,SVAMP,LAMA-3.2-3B
210,guided,210,"What would you put meat on top of to cook it?

Options:
A) oil
B) freezer
C) ham sandwich
D) oven
E) frying pan",meat,E,"Step 1: To cook meat, we need heat transfer for even cooking.
Step 2: Freezers store food at very low temperatures, not high enough for cooking.
Step 3: Ovens, frying pans, and some cooking methods require heat, making them suitable for cooking meat.
Best answer: D because ovens are designed for applying heat to cook food.","['D', 'D', 'E', 'D', 'D']",D,False,majority,0.8,"{'D': 4, 'E': 1}",5,1,0.2,1,False,,SVAMP,LAMA-3.2-3B
211,guided,211,"They were hoping their campaign would create a rise in awareness of the problem and hopefully do what to its effect?

Options:
A) set
B) fall
C) park
D) descend
E) reduce",rise,E,"Step 1: Campaigns often aim to influence public opinion or behavior through various means such as media coverage, social media, and community engagement.
Step 2: Raising awareness about an issue typically involves informing people about its existence, severity, and potential consequences.
Step 3: If successful, such campaigns usually lead to increased public concern, which can result in changes in individual actions or policy decisions.
Best answer: E because raising awareness typically leads to increased concern, which can drive action to address the issue.","['B', 'B', 'B', 'A', 'B']",B,False,majority,0.8,"{'B': 4, 'A': 1}",5,0,0.0,1,False,,SVAMP,LAMA-3.2-3B
212,guided,212,"What is the primary purpose of cars?

Options:
A) cost money
B) slow down
C) move people
D) turn right
E) get girls",cars,C,"Step 1: Historically, cars were invented for transportation, allowing people to travel longer distances faster than on foot or by horseback.
Step 2: Most people use cars as their primary mode of transportation to commute to work, school, or run errands.
Step 3: While cars can also be used for recreational activities like racing or off-roading, these uses are secondary compared to their main function.
Best answer: C because cars were designed to transport individuals and goods over short to medium distances.","['C', 'C', 'C', 'C', 'C']",C,True,majority,1.0,{'C': 5},5,5,1.0,0,False,,SVAMP,LAMA-3.2-3B
213,guided,213,"What kind of cold storage could you find in your house?

Options:
A) ice pack
B) freezer
C) laboratory
D) warehouse
E) refrigerator",cold storage,E,"Step 1: Freezers and refrigerators are designed to keep food cold for long periods.
           They use insulation, refrigeration systems, and cooling agents like Freon.
Step 2: Ice packs, on the other hand, are designed to keep items cool temporarily, not store food for extended periods.
           They typically lose their cooling effect over time due to heat transfer from surrounding objects.
Step 3: Laboratories often have specialized equipment for storing biological samples at very low temperatures, but this is not typical household use.
           Warehouses usually store goods in a dry, climate-controlled environment, not for food preservation.
Best answer: B because it's designed specifically for household food storage.","['B', 'B', 'B', 'B', 'B']",B,False,majority,1.0,{'B': 5},5,0,0.0,0,False,,SVAMP,LAMA-3.2-3B
214,guided,214,"Where would a person live that isn't in the metro area but still has good schools?

Options:
A) woods
B) bed
C) suburbs
D) rural
E) neighborhood",bungalow,C,"Step 1: The term ""metro area"" typically refers to an urban area with high population density, often near public transportation.
Step 2: Suburbs are typically located just outside the city limits but still have access to amenities like good schools, making them a common choice for families who want better education without being too far from urban centers.
Step 3: Woods and rural areas usually lack access to such amenities, while a bed is an inanimate object where someone sleeps.
Best answer: C because suburbs offer a balance between being outside the city yet having access to quality education.","['C', 'C', 'C', 'C', 'C']",C,True,majority,1.0,{'C': 5},5,5,1.0,0,False,,SVAMP,LAMA-3.2-3B
215,guided,215,"Bob's only light source was a small bulb.  There were four walls, if there was a door he couldn't see it.  What was Bob in?

Options:
A) closed room
B) sky
C) dard
D) his grave
E) house",light source,A,"Step 1: If there's only one light source (the bulb), shadows would be visible on nearby objects.
Step 2: Since Bob can't see the door, it must be hidden from his line of sight, implying it's behind him.
Step 3: Given that the room has four walls, the only place for the door to be hidden is either against one of those walls.
Best answer: A because a closed room would block Bob's view of the door, creating an invisible barrier.","['A', 'A', 'D', 'A', 'A']",A,True,majority,0.8,"{'A': 4, 'D': 1}",5,4,0.8,1,False,,SVAMP,LAMA-3.2-3B
216,guided,216,"Christians believe you will go to heaven if you're what?

Options:
A) unable to work
B) born again
C) change of color
D) dead
E) no longer exist",dying,B,"Step 1: In Christianity, salvation is often associated with faith and personal transformation.
Step 2: The term ""born again"" refers to a spiritual rebirth or regeneration, which is a key concept in Christian theology.
Step 3: This phrase is commonly used to describe someone who has experienced a profound change in their relationship with God, often resulting from a conscious decision to follow Jesus Christ.
Best answer: B because ""born again"" is a widely recognized Christian term for spiritual rebirth.","['B', 'B', 'B', 'B', 'B']",B,True,majority,1.0,{'B': 5},5,5,1.0,0,False,,SVAMP,LAMA-3.2-3B
217,guided,217,"Where would you find a monkey in the wild?

Options:
A) zoo
B) barrel
C) research laboratory
D) captivity
E) thailand",monkey,E,"Step 1: Monkeys are known to live in groups, called troops, and are native to various parts of the world, including tropical regions.
Step 2: Thailand has a tropical climate with dense forests, making it suitable for monkey habitats.
Step 3: While some monkeys might be kept as pets or studied in labs, this doesn't necessarily mean they are found ""in the wild"" there.
Best answer: E because Thailand's tropical environment supports monkey populations.","['D', 'E', 'D', 'E', 'D']",D,False,majority,0.6,"{'D': 3, 'E': 2}",5,2,0.4,2,False,,SVAMP,LAMA-3.2-3B
218,guided,218,"Billy was an astronaut.  When he looked at the world from space, how did it look?

Options:
A) diverse
B) round
C) square
D) orange
E) complicated",world,B,"Step 1: Astronauts see the Earth as a whole, not broken into pieces.
Step 2: The Earth's curvature creates a continuous, unbroken surface when viewed from space.
Step 3: This means that the shape of the Earth would appear as one large, continuous entity rather than fragmented shapes like squares or rectangles.
Best answer: B because the Earth's curvature makes it appear as a single, continuous sphere when viewed from space.","['B', 'B', 'B', 'B', 'B']",B,True,majority,1.0,{'B': 5},5,5,1.0,0,False,,SVAMP,LAMA-3.2-3B
219,guided,219,"What does a child learn to do before school?

Options:
A) count to ten
B) state name
C) dress herself
D) clean room
E) socialize",child,C,"Step 1: Before formal education, children typically receive basic instruction on essential skills such as numeracy and literacy.
Step 2: Counting is usually one of the first math concepts taught to young children, helping them understand numbers and basic arithmetic operations.
Step 3: Many preschools and kindergarten programs focus on teaching children to count up to ten as an initial step towards more complex math concepts.
Best answer: A because counting to ten is often an early learning milestone in educational settings.","['A', 'A', 'A', 'A', 'A']",A,False,majority,1.0,{'A': 5},5,0,0.0,0,False,,SVAMP,LAMA-3.2-3B
220,guided,220,"Where is a drug kept in a home bathroom?

Options:
A) nursery
B) ghetto
C) cupboard
D) pharmacy
E) medicine cabinet",drug,E,"Step 1: Typically, bathrooms have various storage spaces for personal care items like toiletries and medications.
Step 2: Medicine cabinets are specifically designed to store prescription medications, over-the-counter drugs, and other health-related products.
Step 3: Given this purpose, it's logical that people usually place medications within easy reach for quick access when needed.
Best answer: E because it's a common practice to store medications in a designated cabinet within the bathroom.","['E', 'E', 'E', 'E', 'E']",E,True,majority,1.0,{'E': 5},5,5,1.0,0,False,,SVAMP,LAMA-3.2-3B
221,guided,221,"What is a philosopher waiting for to eventually gain through his studies?

Options:
A) job
B) boredom
C) anxiety
D) impatience
E) wisdom",waiting for,E,"Step 1: Philosophers typically engage in introspection and critical thinking to understand fundamental questions about existence, knowledge, and reality.
Step 2: Through this process, they aim to develop a deeper understanding of human nature, ethics, and morality.
Step 3: Ultimately, their goal is to gain insight into the nature of truth, which can lead to personal growth and enlightenment.
Best answer: E because philosophers seek wisdom as their ultimate objective.","['E', 'E', 'E', 'E', 'A']",E,True,majority,0.8,"{'E': 4, 'A': 1}",5,4,0.8,1,False,,SVAMP,LAMA-3.2-3B
222,guided,222,"The company sent off many purchases, they used recycled cardboard as their what?

Options:
A) packaging materials
B) recycle bin
C) box factory
D) warehouse
E) bowler hats",cardboard,A,"Step 1: Companies often use recycled materials to reduce waste and environmental impact.
Step 2: Recycled cardboard is commonly used for packaging due to its durability, affordability, and eco-friendliness.
Step 3: Sending out many purchases would require a large quantity of packaging materials, making option A the most plausible choice.
Best answer: A because it's a common practice for companies to use recycled cardboard for packaging.","['A', 'A', 'A', 'B', 'A']",A,True,majority,0.8,"{'A': 4, 'B': 1}",5,4,0.8,1,False,,SVAMP,LAMA-3.2-3B
223,guided,223,"Where would you expect to find white mice?

Options:
A) bell cat
B) bush
C) attic
D) countryside
E) laboratory",mice,E,"Step 1: White mice are often kept as pets, commonly found in homes with pets.
Step 2: Attics are not typically where people keep pets, especially not in cages.
Step 3: Laboratories usually house animals for scientific study, not domesticated pets like mice.
Best answer: E because laboratories often house animals for research purposes.","['C', 'C', 'C', 'C', 'C']",C,False,majority,1.0,{'C': 5},5,0,0.0,0,False,,SVAMP,LAMA-3.2-3B
224,guided,224,"If I put in my key and open a hinged door, where am I likely entering?

Options:
A) kitchen
B) safe
C) own house
D) building
E) pantry",hinged door,C,"Step 1: Keys are typically used to unlock doors that lead inside a structure.
Step 2: Hinged doors usually open outward, allowing access to the interior of a room or space.
Step 3: Considering these facts, we can rule out option B (safe), as safes are often locked from the outside and don't have hinges.
Best answer: C because most houses have hinged doors that open inward, allowing entry into the dwelling.","['D', 'D', 'D', 'D', 'D']",D,False,majority,1.0,{'D': 5},5,0,0.0,0,False,,SVAMP,LAMA-3.2-3B
225,guided,225,"If you're watching a comedy film what would you expect to hear from the audience?

Options:
A) park
B) insight
C) being entertained
D) laughter
E) fear",watching film,D,"Step 1: In general, people attend movies for entertainment purposes, such as relaxation, enjoyment, or socializing.
Step 2: Laughter is a common reaction to something funny, which is often found in comedies.
Step 3: The primary goal of comedy is to elicit amusement from the audience, making laughter a likely outcome.
Best answer: D because laughter is a typical response to comedy.","['C', 'D', 'D', 'D', 'D']",D,True,majority,0.8,"{'C': 1, 'D': 4}",5,4,0.8,1,False,,SVAMP,LAMA-3.2-3B
226,guided,226,"What could go to a tennis court?

Options:
A) desert
B) college campus
C) recreational center
D) athletic club
E) park",tennis court,D,"Step 1: A tennis court is typically found at a location where people engage in organized sports activities.
Step 2: Colleges often have dedicated facilities for various sports, including tennis.
Step 3: While some parks may have informal tennis courts, they usually don't have the same level of structure as those on a college campus.
Best answer: B because colleges typically have well-maintained, formal tennis facilities.","['B', 'B', 'B', 'A', 'A']",B,False,majority,0.6,"{'B': 3, 'A': 2}",5,0,0.0,2,False,,SVAMP,LAMA-3.2-3B
227,guided,227,"I took my seat, the curtains drew back and I enjoyed the what?

Options:
A) airplane
B) movie
C) auditorium
D) theatre
E) show",seat,E,"Step 1: The context suggests that you were watching something before the curtains opened, implying an event with an audience.
Step 2: Airplanes do not typically have curtains that open to reveal their interior; they have cockpit doors.
Step 3: An auditorium is a specific type of building designed for performances, which fits with the idea of an event with an audience.
Best answer: C because an auditorium is a venue for performances, matching the pre-curtain atmosphere.","['D', 'D', 'D', 'D', 'C']",D,False,majority,0.8,"{'D': 4, 'C': 1}",5,0,0.0,1,False,,SVAMP,LAMA-3.2-3B
228,guided,228,"The man closed his eyes as the music played, what effect did the music have?

Options:
A) coma
B) enjoyable
C) soothing
D) universal
E) good or bad",music,C,"Step 1: Research suggests that listening to music with closed eyes can induce relaxation and reduce stress levels.
Step 2: This relaxation response is often accompanied by feelings of calmness and serenity, which are typically described as soothing.
Step 3: Therefore, given the context of the scenario, it's reasonable to conclude that the music had a calming effect on the listener.
Best answer: C because it aligns with known psychological effects of listening to music while relaxed.","['C', 'C', 'C', 'C', 'C']",C,True,majority,1.0,{'C': 5},5,5,1.0,0,False,,SVAMP,LAMA-3.2-3B
229,guided,229,"The poker dealer spread the flop of cards across the what?

Options:
A) players
B) play games
C) casino
D) table
E) toy store",cards,D,"Step 1: In poker, the dealer is responsible for giving out initial cards to participants.
Step 2: The term ""flop"" refers to the first three community cards dealt face-up on the table during a specific round of betting.
Step 3: These cards must be visible to all players so they can make informed decisions about their next actions.
Best answer: D because the cards need to be placed on the gaming surface where everyone can see them.","['D', 'D', 'D', 'D', 'D']",D,True,majority,1.0,{'D': 5},5,5,1.0,0,False,,SVAMP,LAMA-3.2-3B
230,guided,230,"Setting up framing, truss and beam are some of the first steps in what?

Options:
A) new construction
B) warehouse
C) driving
D) ceiling
E) bridge",beam,A,"Step 1: In construction, framing refers to creating the skeleton of a building using wooden beams and other materials.
Step 2: This process occurs before installing roofing, insulation, and finishing materials like drywall or tile.
Step 3: Trussing involves adding diagonal supports between the vertical framing members for added stability.
Best answer: A because these terms are commonly associated with the initial stages of building a structure.","['A', 'A', 'A', 'A', 'A']",A,True,majority,1.0,{'A': 5},5,5,1.0,0,False,,SVAMP,LAMA-3.2-3B
231,guided,231,"Where might you see a green field while driving?

Options:
A) kansas
B) meadow
C) farmland
D) countryside
E) rural area",field,D,"Step 1: A green field is typically associated with vegetation growth, such as grass or crops.
Step 2: Farmland (C) often involves large areas of cultivated land used for agriculture, which can include green fields with crops like wheat, corn, or soybeans.
Step 3: While meadows (B) can be green, they're usually smaller and more irregularly shaped compared to those found on farmland.
Step 4: Kansas (A) is known for its flat plains, but it's not specifically known for having green fields like those found in farmland.
Step 5: Countryside (D) refers to rural areas outside cities, but it doesn't necessarily imply a specific type of landscape feature like a green field.
Best answer: C because farmland typically involves large areas of cultivated land with green fields.","['C', 'C', 'B', 'C', 'B']",C,False,majority,0.6,"{'C': 3, 'B': 2}",5,0,0.0,2,False,,SVAMP,LAMA-3.2-3B
232,guided,232,"If it's not used for hair a round brush is an example of what?

Options:
A) hair brush
B) ladies bathroom
C) art supplies
D) shower
E) hair salon",round brush,C,"Step 1: A round brush has a circular shape, which suggests its intended use is to spread or distribute something evenly.
Step 2: Round brushes are commonly found in art classes where students learn various techniques like painting and drawing.
Step 3: Round brushes are not typically used for personal grooming like washing hair (that's what a comb or a detangling brush would be better suited for), nor are they typically stored in bathrooms (that's where toiletries go) or used at home in showers (that's where soap and shampoo are used).
Best answer: C because round brushes are often used as art supplies.","['D', 'C', 'B', 'C', 'C']",C,True,majority,0.6,"{'D': 1, 'C': 3, 'B': 1}",5,3,0.6,2,False,,SVAMP,LAMA-3.2-3B
233,guided,233,"The baby was cranky, it needed to eat breakfast but refused to what?

Options:
A) buy food
B) open mouth
C) get out of bed
D) cry
E) wake up",eat breakfast,B,"Step 1: Infants typically need to eat regularly after waking up from sleep.
Step 2: Babies usually express hunger through crying when they're hungry.
Step 3: Since the baby was already cranky, it's likely that they're hungry and need to eat something.
Best answer: D because crying is a common way for infants to communicate their needs, especially hunger.","['C', 'D', 'D', 'D', 'C']",D,False,majority,0.6,"{'C': 2, 'D': 3}",5,0,0.0,2,False,,SVAMP,LAMA-3.2-3B
234,guided,234,"What are you waiting alongside with when you're in a reception area?

Options:
A) motel
B) chair
C) hospital
D) people
E) hotels",reception area,D,"Step 1: In a typical setting, when someone says ""reception area"", they usually refer to an area where guests arrive and check-in at an establishment.
Step 2: This implies that there will be people waiting, as guests would need assistance with registration or other services upon arrival.
Step 3: The presence of guests requires staff to manage their arrival, making option D) people the most logical choice.
Best answer: D because it's common for reception areas to have people waiting for guests.","['D', 'D', 'D', 'D', 'D']",D,True,majority,1.0,{'D': 5},5,5,1.0,0,False,,SVAMP,LAMA-3.2-3B
235,guided,235,"What do you want someone to do when you illustrate point?

Options:
A) did not understand
B) accepting
C) make clear
D) understood
E) understanding",illustrate point,E,"Since you're asking about the format for illustrating reasoning steps, I'd like you to:

Break the format into 2-3 numbered solution steps.

Example:
Rule: Use format: Step 1... Step 2... etc.
Use format: Step 1:... Step 2:... etc.
Do NOT perform any calculations, write original content from your own research, or generate text based on external information.
Do NOT write the actual computation results or numbers from a calculation.
Do NOT write the final answer from looking up an external source.
Do NOT write anything that requires an original thought process or creativity.

Your job: Apply the format to the given options. Stop immediately after the last step.

If you need help with the question itself, feel free to ask!","['A', '', 'A', 'C', 'A']",A,False,majority,0.75,"{'A': 3, 'C': 1}",4,0,0.0,1,False,,SVAMP,LAMA-3.2-3B
236,guided,236,"The man was giving assistance to a pan handler in the streets, how did he give assistance?

Options:
A) feeling good
B) killing
C) law suits
D) out of pocket
E) feel loved",giving assistance,D,"Step 1: A panhandler typically receives money from passersby as payment for their services.
Step 2: If someone is giving assistance to a panhandler, it's likely because they want to help them earn more money.
Step 3: Giving money is a common way to support someone who is collecting donations on the street.
Best answer: D because giving money is a standard practice when helping a panhandler.","['D', 'A', 'D', 'D', 'A']",D,True,majority,0.6,"{'D': 3, 'A': 2}",5,3,0.6,2,False,,SVAMP,LAMA-3.2-3B
237,guided,237,"The field general began to write out a letter to the king, he was told to send what when the enemy was near?

Options:
A) syllable
B) english alphabet
C) word
D) email
E) invitation",letter,C,"Step 1: Historically, messengers used written communication to convey important information quickly over long distances.
Step 2: In ancient times, sending a written message was considered formal and official, especially when dealing with royalty.
Step 3: An ""invitation"" implies a social gathering, which wouldn't be suitable for warning the king about an impending attack.
Best answer: E because an invitation wouldn't be taken seriously as a warning of danger.","['A', 'E', 'E', 'E', 'E']",E,False,majority,0.8,"{'A': 1, 'E': 4}",5,0,0.0,1,False,,SVAMP,LAMA-3.2-3B
238,guided,238,"Where would you acquire a wind instrument for you own use?

Options:
A) band practice
B) concert
C) music store
D) symphony
E) music room",wind instrument,C,"Step 1: People typically buy musical instruments before using them, especially if they plan to play regularly.
Step 2: Acquiring an instrument usually involves purchasing or renting from a place where musical items are sold.
Step 3: Music stores are dedicated spaces where musicians go to buy, sell, and maintain instruments.
Best answer: C because music stores are where you can buy new instruments.","['C', 'C', 'C', 'C', 'C']",C,True,majority,1.0,{'C': 5},5,5,1.0,0,False,,SVAMP,LAMA-3.2-3B
239,guided,239,"What makes someone a nomad?

Options:
A) unpleasant things
B) hangnail
C) have no home
D) have no car
E) schizophrenia",person,C,"Step 1: A nomad is typically defined as someone who moves frequently, often for economic reasons.
Step 2: People become nomads due to various factors such as poverty, lack of job opportunities, or conflict in their hometowns.
Step 3: Having schizophrenia (option E) might lead to instability in daily life, but it's not directly related to being a nomad; however, it could be a consequence of being a nomad.
Best answer: C because having no fixed abode is often associated with nomadic lifestyles.","['C', 'C', 'C', 'C', 'C']",C,True,majority,1.0,{'C': 5},5,5,1.0,0,False,,SVAMP,LAMA-3.2-3B
240,guided,240,"John didn't care about style.  He felt that form was less important than what?

Options:
A) shapeless
B) quality
C) function
D) change shape
E) chaos",form,C,"Step 1: In art, form refers to the physical appearance or structure of an object, while content refers to its meaning or message.
Step 2: People often prioritize the content over the form when evaluating artistic value, as they focus on the idea being conveyed rather than how it looks.
Step 3: This is because the purpose of art can vary greatly across different cultures and historical periods, but its core function remains to communicate an idea or emotion.
Best answer: B because most artists aim to express their thoughts and feelings through their work.","['C', 'C', 'A', 'A', 'C']",C,True,majority,0.6,"{'C': 3, 'A': 2}",5,3,0.6,2,False,,SVAMP,LAMA-3.2-3B
241,guided,241,"In what substance do clouds float?

Options:
A) sky
B) top of mountain
C) air
D) ground level
E) outer space",clouds,C,"Step 1: Clouds form when water vapor in the atmosphere condenses into visible liquid droplets or ice crystals.
Step 2: These droplets or crystals are less dense than their surroundings, which includes both air and solid objects on the ground.
Step 3: Since they're less dense, they rise above the surface of the earth, typically staying within the layer of air that surrounds our planet.
Best answer: C because clouds are made up of water vapor suspended in the air.","['C', 'C', 'C', 'C', 'C']",C,True,majority,1.0,{'C': 5},5,5,1.0,0,False,,SVAMP,LAMA-3.2-3B
242,guided,242,"A person with digestion issues eats a meat-filled breakfast, what does he feel?

Options:
A) heartburn
B) overeating
C) happiness
D) being satisfied
E) gain energy",eating breakfast,A,"Step 1: Consuming a large amount of fatty food can put pressure on the stomach lining.
Step 2: This increased pressure can cause irritation and inflammation in the stomach, leading to discomfort.
Step 3: The resulting irritation triggers the release of stomach acid, which irritates the esophagus and causes burning sensations.
Best answer: A because eating too much fatty food can lead to heartburn due to stomach irritation.","['A', 'A', 'A', 'A', 'B']",A,True,majority,0.8,"{'A': 4, 'B': 1}",5,4,0.8,1,False,,SVAMP,LAMA-3.2-3B
243,guided,243,"Brad tried to arise from bed but he could not.  Instead, he just continued to do what?

Options:
A) go down
B) fall down
C) lie down
D) lie to himself
E) sit down",arise,C,"Step 1: If someone is having trouble getting out of bed, they often struggle with rising or standing up due to fatigue, weakness, or lack of energy.
Step 2: Continuing to try to rise from bed would likely lead to further exhaustion and discomfort, making it harder to get up eventually.
Step 3: Given these circumstances, the most plausible action for someone who cannot get up would be to give up on attempting to rise and instead opt for a more comfortable position that conserves energy.
Best answer: C because lying down is a common way to rest when feeling tired or unable to stand up.","['C', 'C', 'C', 'C', 'C']",C,True,majority,1.0,{'C': 5},5,5,1.0,0,False,,SVAMP,LAMA-3.2-3B
244,guided,244,"When is the worst time for having food?

Options:
A) digesting
B) not hungry
C) gas
D) weight gain
E) feeling of fullness",having food,B,"Step 1: The digestive system breaks down food into nutrients that can be absorbed and used by the body.
Step 2: During digestion, the body is processing food, which requires energy and resources.
Step 3: If the body is busy digesting, it cannot effectively perform other functions like eating new food.
Best answer: A because the digestive process consumes resources and prevents eating new food.","['A', 'B', 'A', 'B', 'E']",A,False,coin_flip,0.3333,"{'A': 2, 'B': 2, 'E': 1}",6,2,0.3333,4,True,False,SVAMP,LAMA-3.2-3B
245,guided,245,"The student explained he had a clue what neuroepithelium was and got really nervous, he then lost his balance because a what issue?

Options:
A) tastebud
B) retina
C) inner ear
D) nasal cavity
E) autistic",neuroepithelium,C,"Step 1: The student mentioned that he lost his balance after learning about neuroepithelium, which suggests that the information might have caused a physical reaction.
Step 2: Neuroepithelium is related to the sense of smell, as it's part of the olfactory system in the nasal cavity.
Step 3: Losing balance could be related to issues with equilibrium, which is controlled by structures like the inner ear.
Best answer: C because the inner ear plays a crucial role in maintaining balance and equilibrium.","['C', 'C', 'C', 'C', 'C']",C,True,majority,1.0,{'C': 5},5,5,1.0,0,False,,SVAMP,LAMA-3.2-3B
246,guided,246,"Brawn opened the curtains so that the sun could do what?

Options:
A) dry clothes
B) warm house
C) warm room
D) shine brightly
E) get dark",sun,C,"Step 1: When someone opens curtains, they typically allow light to enter the space.
Step 2: The primary purpose of opening curtains is to control the amount of natural light inside a room.
Step 3: If the goal was to make the room darker, it would be counterintuitive to open the curtains, as this would increase, not decrease, the amount of light.
Best answer: E because getting dark is the opposite of what happens when you open curtains.","['B', 'B', 'A', 'E', 'B']",B,False,majority,0.6,"{'B': 3, 'A': 1, 'E': 1}",5,0,0.0,2,False,,SVAMP,LAMA-3.2-3B
247,guided,247,"James was someone who was caught in his own delusions.  To him, the truth didn't do what what?

Options:
A) work to advantage
B) matter to
C) help
D) free mind
E) further knowledge",truth,B,"Step 1: Delusions are false beliefs that aren't based on reality, often caused by mental health conditions like schizophrenia.
Step 2: If someone has delusions, they don't accept reality checks or correct information that contradicts their delusions.
Step 3: As a result, the truth doesn't influence their thoughts, decisions, or actions because they're not grounded in fact.
Best answer: A because delusions distort how one perceives reality, making it unresponsive to truth.","['C', 'A', 'A', 'A', 'A']",A,False,majority,0.8,"{'C': 1, 'A': 4}",5,0,0.0,1,False,,SVAMP,LAMA-3.2-3B
248,guided,248,"If you are in a bar in a glove shaped state where are you?

Options:
A) in my pocket
B) michigan
C) new york city
D) restaurant
E) public house",bar,B,"Step 1: A glove is an object worn on the hand, typically made of leather or synthetic materials.
Step 2: If you're inside a glove, it would logically fit on your hand, not somewhere else.
Step 3: Since you're already inside the glove, there's no need to consider external locations like cities or establishments.
Best answer: A because it's where a glove is designed to be worn.","['E', 'E', 'A', 'A', 'E']",E,False,majority,0.6,"{'E': 3, 'A': 2}",5,0,0.0,2,False,,SVAMP,LAMA-3.2-3B
249,guided,249,"Where are people likely to become impatient?

Options:
A) end of line
B) buildings
C) apartment
D) neighbor's house
E) address",people,A,"Step 1: People often feel impatient when they have to wait for something that takes a long time, like at a stoplight or in a queue.
Step 2: Waiting at the end of a line typically means being farthest away from the front, where service or attention is available.
Step 3: Being at the end of a line usually results in longer wait times compared to being closer to the front.
Best answer: A because being at the end of a line typically means waiting the longest.","['A', 'A', 'A', 'A', 'A']",A,True,majority,1.0,{'A': 5},5,5,1.0,0,False,,SVAMP,LAMA-3.2-3B
250,guided,250,"Where are you likely to find a Japanese restaurant not run by people from Japan?

Options:
A) california
B) downtown
C) large town
D) tokio
E) china town",japanese restaurant,A,"Step 1: Japan has many cities with districts named after their capital city, Tokyo.
Step 2: Tokyo is the capital of Japan, so it's unlikely that a Japanese restaurant would be run by non-Japanese people in Tokyo itself.
Step 3: However, some Japanese restaurants might be found in areas with significant Japanese populations, such as Chinatown, where there are often multiple ethnic eateries catering to different groups.
Best answer: E because Chinese restaurants are commonly found in Chinatowns worldwide.","['D', 'D', 'D', 'D', 'A']",D,False,majority,0.8,"{'D': 4, 'A': 1}",5,1,0.2,1,False,,SVAMP,LAMA-3.2-3B
251,guided,251,"Where would you find magazines along side many other printed works?

Options:
A) doctor
B) bookstore
C) market
D) train station
E) mortuary",magazines,B,"Step 1: Magazines are typically published and sold through various channels, including retail stores that specialize in books.
Step 2: Bookstores usually have an extensive collection of magazines, making them a common place to find them.
Step 3: Unlike doctors, markets, train stations, and mortuaries, these locations do not typically carry magazines as part of their primary offerings.
Best answer: B because bookstores are known for selling books, including magazines.","['B', 'B', 'B', 'B', 'B']",B,True,majority,1.0,{'B': 5},5,5,1.0,0,False,,SVAMP,LAMA-3.2-3B
252,guided,252,"James needed smooth sandpaper, but instead he got what type?

Options:
A) rough
B) non smooth
C) uneven
D) plastic
E) bumpy",smooth,A,"Step 1: Sandpaper is used for smoothing surfaces, typically wood or other materials.
Step 2: If it's not being used for its intended purpose, it would likely be in a state that prevents it from doing its job effectively.
Step 3: Among the given options, ""rough"" directly contradicts the purpose of sandpaper, which is to make surfaces smoother.
Best answer: A because sandpaper is meant to be smooth to effectively smooth surfaces.","['A', 'E', 'E', 'E', 'A']",E,False,majority,0.6,"{'A': 2, 'E': 3}",5,2,0.4,2,False,,SVAMP,LAMA-3.2-3B
253,guided,253,"How would you express information to a deaf person?

Options:
A) summarize main points
B) close mouth
C) write down
D) may disagree
E) talk",express information,C,"Step 1: For effective communication with someone who cannot hear, we need to use alternative methods that don't rely on sound waves.
Step 2: Writing down information allows the recipient to read at their own pace and review the content as needed.
Step 3: This method also enables the sender to avoid producing noise that might startle or disturb the person who is deaf.
Best answer: C because writing is a tactile way to convey information to someone with hearing loss.","['C', 'C', 'C', 'C', 'C']",C,True,majority,1.0,{'C': 5},5,5,1.0,0,False,,SVAMP,LAMA-3.2-3B
254,guided,254,"Jim decided to lose weight.  He thought that exercise is the best way to lose weight because you can't get rid of what?

Options:
A) need for food
B) fitness
C) sweating
D) fastfood
E) thirst",exercise,A,"Step 1: Exercise increases physical activity, which burns calories and reduces overall energy consumption.
Step 2: If you burn more calories than you consume, your body uses stored fat for energy, leading to weight loss.
Step 3: Since exercise directly affects calorie balance, it's logical that getting rid of excess calories through exercise would help with weight loss.
Best answer: A because you can't get rid of what you don't consume.","['A', 'B', 'A', 'A', 'A']",A,True,majority,0.8,"{'A': 4, 'B': 1}",5,4,0.8,1,False,,SVAMP,LAMA-3.2-3B
255,guided,255,"Making a schedule was easy to pick, the major called for knowledge that required a certain what?

Options:
A) color
B) class
C) meeting
D) university
E) encyclopedia",knowledge,B,"Step 1: Creating a schedule typically involves planning out time allocations for various activities.
Step 2: Schedules often require breaking down tasks into manageable chunks, such as assigning specific time slots for each activity.
Step 3: This process often involves using tools like calendars, planners, or digital apps to organize and track progress.
Best answer: C because making a schedule typically involves planning out meetings with others.","['C', 'B', 'C', 'C', 'C']",C,False,majority,0.8,"{'C': 4, 'B': 1}",5,1,0.2,1,False,,SVAMP,LAMA-3.2-3B
256,guided,256,"When getting in shape, this is something that does wonders?

Options:
A) eat more
B) starve
C) give up
D) period of recovery
E) jogging",getting in shape,E,"Step 1: When trying to lose weight, most people aim for a calorie deficit, meaning consuming fewer calories than their body burns.
Step 2: Starving (B) would actually lead to muscle loss, not fat loss, as the body uses stored energy sources like muscle tissue.
Step 3: Giving up (C) on exercise doesn't necessarily contribute to getting in shape; it might even hinder progress.
Step 4: A period of recovery (D) is important after intense exercise, but it's not directly related to building muscle or improving overall fitness.
Step 5: Jogging (E), on the other hand, is a form of aerobic exercise that can help burn calories and improve cardiovascular health.
Best answer: E because jogging is an activity that burns calories and improves cardiovascular fitness.","['E', 'E', 'E', 'E', 'E']",E,True,majority,1.0,{'E': 5},5,5,1.0,0,False,,SVAMP,LAMA-3.2-3B
257,guided,257,"What type of building has the most top floor?

Options:
A) go down
B) apartment building
C) tall building
D) office building
E) cabin",top floor,C,"Step 1: Typically, buildings with multiple floors are designed for residential or commercial use, which often requires more space than a single-story structure like a cabin.
Step 2: Apartment buildings usually have several units on each floor, requiring multiple levels to accommodate various tenants.
Step 3: In contrast, cabins are typically one-story structures meant for temporary or seasonal occupancy, not designed to support multiple residents or businesses.
Best answer: B because apartment buildings typically have multiple floors to accommodate multiple residents.","['C', 'C', 'C', 'C', 'C']",C,True,majority,1.0,{'C': 5},5,5,1.0,0,False,,SVAMP,LAMA-3.2-3B
258,guided,258,"A meteor travels through galaxies which are a part of what?

Options:
A) republic of ireland
B) sky
C) orbit
D) universe
E) school",meteor,D,"Step 1: A galaxy is a massive collection of stars, gas, dust, and other celestial objects held together by gravity.
Step 2: Galaxies are part of even larger structures called galaxy clusters, superclusters, and eventually, the observable cosmos.
Step 3: The observable cosmos refers to everything within our observable universe, which includes all galaxies.
Best answer: D because galaxies are part of the vast expanse known as the universe.","['D', 'D', 'D', 'D', 'D']",D,True,majority,1.0,{'D': 5},5,5,1.0,0,False,,SVAMP,LAMA-3.2-3B
259,guided,259,"The guys had a regular poker game, rather than going to the movies this what their what?

Options:
A) competition
B) fun game
C) losing money
D) fun
E) social event",playing poker,E,"Step 1: If they decided not to go to the movies, it implies that they chose an alternative activity.
Step 2: Poker is typically considered a competitive activity where players try to win money or gain an advantage over others.
Step 3: Choosing to play poker over going out with friends suggests that the primary motivation was likely financial gain, as it's common for people to engage in such games when hoping to win cash prizes.
Best answer: A because it's a competitive activity often associated with financial stakes.","['C', 'C', 'D', 'E', 'A']",C,False,majority,0.4,"{'C': 2, 'D': 1, 'E': 1, 'A': 1}",5,1,0.2,3,False,,SVAMP,LAMA-3.2-3B
260,guided,260,"What are you using if there are speakers strapped on your ears?

Options:
A) take it all in
B) headphones
C) desktop
D) conference
E) concert",speakers,B,"Step 1: Headphones have two earpieces that fit over human ears.
Step 2: These earpieces are designed to block external sound while allowing sound from the device attached to them to be heard.
Step 3: The primary purpose of these earpieces is to direct sound towards the user's ears, not to capture ambient noise or other sounds around them.
Best answer: B because headphones are specifically designed for personal audio listening.","['B', 'C', 'B', 'C', 'B']",B,True,majority,0.6,"{'B': 3, 'C': 2}",5,3,0.6,2,False,,SVAMP,LAMA-3.2-3B
261,guided,261,"A thoroughfare meandered through fields and woods, where was it passing though?

Options:
A) move about
B) city
C) country
D) town
E) new york city",thoroughfare,C,"Step 1: A thoroughfare typically refers to a main road or path used for travel, often connecting two places.
Step 2: Given that it's described as meandering through fields and woods, we can infer that it's not a straight line, suggesting it's not part of a busy urban area like a city or town.
Step 3: New York City is known for its dense network of roads, but ""thoroughfare"" usually implies a more rural or less populated route, making option E less likely.
Best answer: C because a country often has more open spaces with meandering roads connecting smaller towns and villages.","['C', 'C', 'D', 'C', 'D']",C,True,majority,0.6,"{'C': 3, 'D': 2}",5,3,0.6,2,False,,SVAMP,LAMA-3.2-3B
262,guided,262,"What might you need to do cleaning?

Options:
A) sing a song
B) neatness
C) allergies
D) healthy living
E) using water",cleaning,E,"Step 1: Dirty things require some form of cleansing before they become clean.
Step 2: Water is commonly used for washing and rinsing objects to remove dirt, grime, and other substances that make them unhygienic.
Step 3: While singing, being neat, having allergies, or practicing healthy living might not directly contribute to removing dirt from surfaces.
Best answer: E because water is typically used for cleaning purposes.","['A', 'D', 'A', 'E', 'E']",A,False,coin_flip,0.3333,"{'A': 2, 'D': 1, 'E': 2}",6,2,0.3333,4,True,False,SVAMP,LAMA-3.2-3B
263,guided,263,"What do audiences clap for?

Options:
A) cinema
B) theatre
C) movies
D) show
E) hockey game",audience,D,"Step 1: Clapping is a form of appreciation often associated with live performances.
Step 2: Theaters and cinemas host various types of live events, including plays, musicals, and comedy acts.
Step 3: Audiences typically applaud after these performances as a way to express their enjoyment and appreciation.
Best answer: D because audiences clap after a show, not before or during the actual event.","['B', 'C', 'B', 'B', 'D']",B,False,majority,0.6,"{'B': 3, 'C': 1, 'D': 1}",5,1,0.2,2,False,,SVAMP,LAMA-3.2-3B
264,guided,264,"A weasel has a thin body and short legs to easier burrow after prey in a what?

Options:
A) tree
B) mulberry bush
C) chicken coop
D) viking ship
E) rabbit warren",weasel,E,"Step 1: Weasels are carnivorous mammals known for their ability to dig burrows for shelter and hunting.
Step 2: Their slender bodies and short legs allow them to squeeze through narrow openings and fit into tight spaces, making it easier to access underground tunnels.
Step 3: Rabbit warrens are typically made up of interconnected underground tunnels and chambers, providing ideal conditions for weasels to hide, stalk prey, and escape predators.
Best answer: E because weasels use their physical adaptations to access underground habitats like rabbit warrens.","['C', 'A', 'B', 'A', 'E']",A,False,majority,0.4,"{'C': 1, 'A': 2, 'B': 1, 'E': 1}",5,1,0.2,3,False,,SVAMP,LAMA-3.2-3B
265,guided,265,"There was a long cottage somewhere.  People thought it was haunted.  It was overgrown, there was nothing near it.  It's was far into the what?

Options:
A) mountains
B) countryside
C) train
D) painting
E) village",cottage,B,"Step 1: If the cottage was abandoned and overgrown, it suggests that it's not in an urban area with frequent human activity.
Step 2: The phrase ""far into"" implies that the cottage is located at the edge or boundary of something larger.
Step 3: Considering these clues, the most likely location would be where the land transitions from one type of landscape to another, such as where forests give way to open spaces.
Best answer: B because the countryside typically marks the boundary between forests and open fields or farmland.","['B', 'B', 'B', 'B', 'B']",B,True,majority,1.0,{'B': 5},5,5,1.0,0,False,,SVAMP,LAMA-3.2-3B
266,guided,266,"Where might a lemur frolic in the market?

Options:
A) desert
B) hole
C) india
D) cage
E) rain forest",lemur,C,"Step 1: Lemurs are small primates that live in groups, typically in trees or near their nests.
Step 2: Deserts have limited vegetation and no trees, making it an unlikely place for lemur social behavior like frolicking.
Step 3: Rainforests have dense foliage, providing ideal conditions for lemur habitat and social interaction.
Best answer: E because rainforests offer suitable environment for lemur social behavior.","['E', 'E', 'E', 'B', 'B']",E,False,majority,0.6,"{'E': 3, 'B': 2}",5,0,0.0,2,False,,SVAMP,LAMA-3.2-3B
267,guided,267,"The man tried to reply to the woman, but he had difficulty keeping track of conversations that he didn't do what to?

Options:
A) initiate
B) ignore
C) question
D) answer
E) ask",reply,A,"Step 1: People often struggle with maintaining multiple conversations simultaneously due to cognitive overload.
Step 2: This difficulty can lead to trouble following up on previous statements made by others in the conversation.
Step 3: As a result, they might find it hard to respond appropriately, causing them to lose track of what was said before their own turn.
Best answer: A because initiating new conversations can add to cognitive load and make it harder for someone to keep up with existing ones.","['B', 'D', 'A', 'D', 'A']",D,False,refiner_tiebreak,0.5,"{'B': 1, 'D': 2, 'A': 2}",6,2,0.3333,3,True,False,SVAMP,LAMA-3.2-3B
268,guided,268,"He was a sloppy eater, so where did he leave a mess?

Options:
A) sailboat
B) desk
C) closet
D) table
E) apartment",mess,D,"Step 1: A person who eats a lot creates more food waste than others.
Step 2: Sailboats typically have limited storage space for food, making it hard to dispose of trash properly.
Step 3: Given that he was sloppy, it's unlikely he would have access to a trash can on the sailboat.
Best answer: A because sailboats usually don't have adequate facilities for handling large amounts of garbage.","['A', 'A', 'B', 'A', 'B']",A,False,majority,0.6,"{'A': 3, 'B': 2}",5,0,0.0,2,False,,SVAMP,LAMA-3.2-3B
269,guided,269,"John and Joe like planning games but Joe  was hit by a ball and fell down. What might have happened to Joe.

Options:
A) anger
B) good natured ribbing.
C) enjoying
D) injury
E) enjoyment",playing game,D,"Step 1: If someone falls down, it's likely due to losing balance or losing control over their body.
Step 2: Being hit by a ball could cause someone to lose their balance, especially if they were playing a game involving throwing or catching.
Step 3: As a result, the most probable outcome for Joe would be physical harm, such as bruising, cuts, or broken bones.
Best answer: D because falling down often results in physical harm.","['D', 'D', 'D', 'D', 'D']",D,True,majority,1.0,{'D': 5},5,5,1.0,0,False,,SVAMP,LAMA-3.2-3B
270,guided,270,"The car was going from Alabama to New York, what was its goal?

Options:
A) head north
B) speed up
C) heading north
D) go fast
E) headed south",car,A,"Step 1: The car started in Alabama, which is located in the southeastern United States.
Step 2: New York is also in the eastern United States but farther north than Alabama.
Step 3: Traveling from south to north would be the logical direction for the car to reach its destination.
Best answer: E because it implies moving in the correct direction towards New York.","['A', 'C', 'C', 'C', 'C']",C,False,majority,0.8,"{'A': 1, 'C': 4}",5,1,0.2,1,False,,SVAMP,LAMA-3.2-3B
271,guided,271,"What is likely to satisfy someone's curiosity?

Options:
A) hear news
B) read book
C) see favorite show
D) comedy show
E) go somewhere",curiosity,A,"Step 1: Humans have an innate desire for knowledge and understanding, which drives their curiosity.
Step 2: Curiosity often leads people to seek information through various means such as asking questions, observing, or learning new things.
Step 3: Among the given options, ""hear news"" is a common way people satisfy their curiosity about current events, trends, or new developments in their community or world.
Best answer: A because hearing news provides immediate updates on recent happenings that sparks further inquiry.","['A', 'A', 'A', 'A', 'A']",A,True,majority,1.0,{'A': 5},5,5,1.0,0,False,,SVAMP,LAMA-3.2-3B
272,guided,272,"If the president wanted to ban snakes, where would he issue such a decree?

Options:
A) street
B) tropical forest
C) garden of eden
D) new mexico
E) white house",snake,E,"Step 1: The president typically holds official meetings and makes announcements at a designated building with secure facilities.
Step 2: The White House has multiple rooms for different purposes, including press conferences and public gatherings.
Step 3: Issuing a national ban on snakes would require a formal setting that allows for media coverage and public awareness, making the White House an ideal location.
Best answer: E because it's where the president holds official events.","['E', 'E', 'E', 'E', 'D']",E,True,majority,0.8,"{'E': 4, 'D': 1}",5,4,0.8,1,False,,SVAMP,LAMA-3.2-3B
273,guided,273,"What will likely happen after stabbing to death a person?

Options:
A) gruesome
B) being arrested
C) pool of blood
D) mess
E) grisly",stabbing to death,B,"Step 1: Stabbing someone causes physical harm, leading to injury.
Step 2: When someone dies, their body decomposes and releases blood.
Step 3: The presence of blood creates a visible stain or splatter around the wound site.
Best answer: C because blood is a direct consequence of death.","['C', 'C', 'A', 'C', 'A']",C,False,majority,0.6,"{'C': 3, 'A': 2}",5,0,0.0,2,False,,SVAMP,LAMA-3.2-3B
274,guided,274,"At the picnic she was stuck eating hamburger, she was worried because she forgot her chewables to prevent what?

Options:
A) eat cake
B) have fun
C) food poisoning
D) heartburn
E) gain weight",eating hamburger,D,"Step 1: If someone forgets to bring an antacid, they might not have any way to neutralize stomach acid.
Step 2: Not having an antacid increases the risk of heartburn, especially if they consume acidic foods like hamburgers.
Step 3: Heartburn is an uncomfortable symptom that can be caused by eating too much acid-producing food without adequate protection.
Best answer: D because forgetting antacids would leave her unprotected against heartburn from eating acidic foods.","['D', 'D', 'B', 'D', 'D']",D,True,majority,0.8,"{'D': 4, 'B': 1}",5,4,0.8,1,False,,SVAMP,LAMA-3.2-3B
275,guided,275,"George checked the rotor of the Apache, which wasn't powered by internal combustion, but by what?

Options:
A) jet engine
B) helicopter
C) electric motor
D) rotator
E) electrical circuit",rotor,A,"Step 1: The Apache helicopter has multiple rotors that provide lift and propulsion.
Step 2: Internal combustion engines power most aircraft, but not helicopters with multiple rotors like the Apache.
Step 3: Helicopters typically use electric motors or gas turbines to power their rotors, not internal combustion engines.
Best answer: C because most modern helicopters, including the Apache, use electric motors to power their rotors.","['C', 'C', 'C', 'B', 'C']",C,False,majority,0.8,"{'C': 4, 'B': 1}",5,0,0.0,1,False,,SVAMP,LAMA-3.2-3B
276,guided,276,"Where is one likely to find poker chips?

Options:
A) supermarket
B) pantry
C) motherboard
D) bar
E) bar",chips,D,"Step 1: Poker chips are small, flat pieces of material used for gambling games.
Step 2: Supermarkets typically sell food items, not gaming equipment.
Step 3: Motherboards are electronic components found inside computers, unrelated to gaming chips.
Step 4: Bars often host poker games and serve beverages, making it a common place to find poker chips.
Best answer: D because bars frequently host card games like poker.","['D', 'D', 'D', 'D', 'D']",D,True,majority,1.0,{'D': 5},5,5,1.0,0,False,,SVAMP,LAMA-3.2-3B
277,guided,277,"Sarah dropped the marble because she wanted to do what?

Options:
A) game
B) pouch
C) home
D) store
E) jar",marble,A,"Step 1: Marbles are often used for playing games like ""keep away"" or ""marble racing"".
Step 2: Dropping something typically means releasing control over it, allowing it to roll freely.
Step 3: This action is commonly associated with initiating a game, especially among children.
Best answer: A because dropping an object is often the first step in starting a game involving marbles.","['B', 'A', 'B', 'A', 'C']",A,True,refiner_tiebreak,0.5,"{'B': 2, 'A': 2, 'C': 1}",6,3,0.5,3,True,True,SVAMP,LAMA-3.2-3B
278,guided,278,"If there is a place that is hot and arid, what could it be?

Options:
A) bland
B) lifeless
C) sandy
D) neutral
E) freezing",hot,B,"Step 1: Deserts are known for their extreme heat and lack of rainfall, causing plants to be dry and barren.
Step 2: The word ""bland"" typically refers to a lack of flavor or excitement, which doesn't relate to climate conditions.
Step 3: ""Lifeless"" could describe some areas with no living organisms, but it doesn't necessarily imply heat or dryness.
Step 4: ""Neutral"" suggests balance or middle ground, which contradicts the definition of an arid environment.
Step 5: ""Freezing"" describes extremely cold temperatures, opposite of what we'd expect in a hot and arid place.
Step 6: ""Sandy"" is a common characteristic of deserts, as they often feature sandy dunes formed from eroded rocks.
Best answer: C because sandy is a typical feature of hot and arid regions like deserts.","['C', 'C', 'C', 'C', 'C']",C,False,majority,1.0,{'C': 5},5,0,0.0,0,False,,SVAMP,LAMA-3.2-3B
279,guided,279,"What is a form of anaerobic exercising?

Options:
A) shortness of breath
B) lift weights
C) error
D) fall down
E) run",exercising,E,"Step 1: Anaerobic exercises are physical activities that don't require oxygen, such as weightlifting or sprinting.
Step 2: Running requires oxygen to generate energy, so it's not anaerobic.
Step 3: Lifting weights, on the other hand, involves contracting muscles without relying on oxygen for energy production.
Best answer: B because lifting weights is a classic example of an anaerobic exercise.","['B', 'B', 'B', 'B', 'B']",B,False,majority,1.0,{'B': 5},5,0,0.0,0,False,,SVAMP,LAMA-3.2-3B
280,guided,280,"A statue that shoots liquid is called a what?

Options:
A) water fountain
B) large city
C) museum
D) pool
E) central park",statue,A,"Step 1: Statues are typically found in public spaces for decoration and historical preservation.
Step 2: Fountains are known to dispense water as part of their design, often used for aesthetic purposes.
Step 3: The term ""fountain"" directly relates to the action of flowing liquid, which matches the description given in the question.
Best answer: A because it's a device that shoots liquid.","['A', 'A', 'A', 'A', 'A']",A,True,majority,1.0,{'A': 5},5,5,1.0,0,False,,SVAMP,LAMA-3.2-3B
281,guided,281,"They were getting ready for a really long hike, he put the food can in his what?

Options:
A) cabinet
B) house
C) recycling center
D) backpack
E) make person sick",food can,D,"Step 1: Before going on a hike, it's common for people to prepare by packing essential items such as food and water.
Step 2: A backpack is typically used for carrying personal belongings, especially when engaging in outdoor activities like hiking.
Step 3: Putting food in a backpack allows the person to easily access it during the hike without having to stop frequently.
Best answer: D because backpacks are designed for carrying loads while walking.","['D', 'D', 'D', 'D', 'D']",D,True,majority,1.0,{'D': 5},5,5,1.0,0,False,,SVAMP,LAMA-3.2-3B
282,guided,282,"Where is a lake likely to be glacial?

Options:
A) michigan
B) new york
C) new york
D) mountains
E) countryside",lake,D,"Step 1: Glaciers form in high-latitude, high-altitude regions with heavy snowfall.
Step 2: Glaciers are typically found near large bodies of ice, such as those formed from compressed snow over time.
Step 3: Mountains provide an ideal environment for snow accumulation and compression into ice, increasing the likelihood of glacier formation.
Best answer: D because mountains offer the necessary conditions for glacier formation through snowpack compression.","['D', 'D', 'D', 'D', 'D']",D,True,majority,1.0,{'D': 5},5,5,1.0,0,False,,SVAMP,LAMA-3.2-3B
283,guided,283,"Why do people who are dying receive social security payments?

Options:
A) rejuvenation
B) born again
C) no longer exist
D) unable to work
E) change of color",dying,D,"Step 1: Social Security was created to provide financial assistance to individuals who have reached retirement age and can no longer earn income through employment.
Step 2: Many people retire due to physical limitations, health issues, or age-related disabilities that prevent them from working.
Step 3: As a result, these individuals rely on government-provided benefits like Social Security for their basic needs.
Best answer: D because it reflects the primary reason for receiving Social Security benefits.","['D', 'D', 'D', 'D', 'D']",D,True,majority,1.0,{'D': 5},5,5,1.0,0,False,,SVAMP,LAMA-3.2-3B
284,guided,284,"Stark was just having fun, and he wasn't hurting anyone.  What might have he been doing?

Options:
A) painting his nails
B) playing marbles
C) constructing
D) need for rest
E) wild ride",having fun,B,"Step 1: If someone says they weren't hurting anyone, it implies that their actions were not violent or aggressive.
Step 2: Considering the options, ""painting nails"" (A) and ""playing marbles"" (B) are generally considered safe activities that don't involve physical harm to others.
Step 3: On the other hand, ""constructing"" (C) could potentially involve building something that might be unstable or cause damage if not done properly, while ""wild ride"" (E) implies an activity with risk of injury.
Step 4: Between A and B, both seem plausible, but ""playing marbles"" is more commonly associated with casual, low-key fun, which fits well with the context of not hurting anyone.

Best answer: B because playing marbles is typically a low-key, non-threatening activity.","['B', 'B', 'B', 'B', 'B']",B,True,majority,1.0,{'B': 5},5,5,1.0,0,False,,SVAMP,LAMA-3.2-3B
285,guided,285,"What does going to bed with your spouse for sex lead to?

Options:
A) bad dreams
B) a good nights sleep
C) rest
D) sleepiness
E) get pregnant",going to bed,E,"Step 1: Engaging in sexual activity before bedtime can disrupt normal sleep patterns due to increased adrenaline release and body temperature rise.
Step 2: This disruption can make it harder to fall asleep, leading to lighter, less restorative sleep.
Step 3: As a result, you may wake up feeling tired, groggy, and less refreshed compared to those who go to bed earlier.
Best answer: A because going to bed with your spouse for sex can lead to bad dreams.","['A', 'A', 'A', 'A', 'A']",A,False,majority,1.0,{'A': 5},5,0,0.0,0,False,,SVAMP,LAMA-3.2-3B
286,guided,286,"what is printed with ink and distributed daily?

Options:
A) fountain pen
B) squid
C) newspaper
D) book
E) printer",ink,C,"Step 1: Think about what is commonly associated with writing and publishing information.
Step 2: Consider how each option is typically used in everyday life.
Step 3: Recognize that newspapers are widely available at newsstands and homes, making them accessible to a large audience.
Best answer: C because newspapers are widely distributed through various channels like newsstands and mailboxes.","['C', 'C', 'C', 'C', 'C']",C,True,majority,1.0,{'C': 5},5,5,1.0,0,False,,SVAMP,LAMA-3.2-3B
287,guided,287,"What would friends do if they need each others' help?

Options:
A) call each other
B) group together
C) understand each other
D) meet for lunch
E) part company",friends,B,"Step 1: Humans typically form close relationships based on trust, communication, and emotional support.
Step 2: When someone needs assistance, they usually reach out to those they trust, which are their friends.
Step 3: Calling or meeting up with friends allows them to ask for direct help and receive immediate support.
Best answer: A because friends often use phone calls as a quick way to ask for assistance.","['A', 'A', 'A', 'C', 'A']",A,False,majority,0.8,"{'A': 4, 'C': 1}",5,0,0.0,1,False,,SVAMP,LAMA-3.2-3B
288,guided,288,"What is the main purpose of farmers?

Options:
A) raise cattle
B) grow corn
C) farm land
D) drive tractors
E) supply food",farmers,E,"Step 1: Farmers typically work outdoors and are involved in cultivating crops.
Step 2: Many types of crops include grains like corn, fruits, vegetables, and nuts.
Step 3: While some farmers may also raise animals like cattle, this isn't true for all farmers.
Step 4: Driving tractors is a tool used by farmers but not their primary job.
Step 5: Supplying food is an indirect result of farming but not the main purpose.
Best answer: B because growing crops is a common activity associated with farming.","['E', 'E', 'E', 'E', 'E']",E,True,majority,1.0,{'E': 5},5,5,1.0,0,False,,SVAMP,LAMA-3.2-3B
289,guided,289,"If a storey contained a panoramic view, what kind of structure would it be in?

Options:
A) horizontal room
B) storey book
C) mall
D) tall building
E) book of stories",storey,D,"Step 1: A ""storey"" refers to a level or floor within a multi-story building, typically found in architecture.
Step 2: Since the term ""storey"" is part of the word ""storey"", it's likely referring to a specific type of building with multiple floors.
Step 3: Considering this, options A (horizontal room) and B (storey book) don't fit as they don't relate to structures with multiple levels.
Step 4: Between C (mall) and D (tall building), while both could have multiple floors, ""mall"" usually implies an enclosed shopping space, whereas ""tall building"" is more general and could refer to any structure with many stories.
Step 5: Given that ""storey"" specifically implies multiple levels, the most fitting choice would be a structure designed for such an arrangement.

Best answer: D because it's a general term for a structure with multiple floors.","['D', 'D', 'D', 'D', 'D']",D,True,majority,1.0,{'D': 5},5,5,1.0,0,False,,SVAMP,LAMA-3.2-3B
290,guided,290,"If you have a home with a courtyard, what's one thing you probably don't have to care for any longer?

Options:
A) lawn
B) kids
C) asshole
D) spain
E) office complex",courtyard,A,"Step 1: A typical house has various features like a lawn, which requires regular maintenance like mowing and watering.
Step 2: An office complex is not typically found within a residential property like a home with a courtyard.
Step 3: You wouldn't need to worry about an office complex as it's usually managed by its own staff, not yours.
Best answer: E because an office complex is not something you own or directly manage.","['A', 'A', 'A', 'E', 'B']",A,True,majority,0.6,"{'A': 3, 'E': 1, 'B': 1}",5,3,0.6,2,False,,SVAMP,LAMA-3.2-3B
291,guided,291,"If you have to read a book that is very dry and long you may become what?

Options:
A) have time
B) boring
C) learn new
D) enjoyable
E) bored",read book,E,"Step 1: People generally react negatively when they are forced to spend too much time doing something they don't enjoy.
Step 2: Reading a book that is very dry and long would likely be tedious and uninteresting for most readers.
Step 3: This leads to feelings of frustration, disengagement, and mental fatigue, which are all associated with boredom.
Best answer: E because prolonged exposure to an unengaging material can cause mental disinterest.","['B', 'B', 'B', 'D', 'D']",B,False,majority,0.6,"{'B': 3, 'D': 2}",5,0,0.0,2,False,,SVAMP,LAMA-3.2-3B
292,guided,292,"Where is that man buying silk from?

Options:
A) space shuttle
B) theater
C) china
D) indian resteraunt
E) bar",human,C,"Step 1: Silk production involves sericulture, which requires mulberry bushes and labor.
Step 2: Mulberry bushes are commonly grown in Asia, particularly China.
Step 3: China has been known for its silk production for centuries, making it a likely source of silk.
Best answer: C because China is historically associated with silk production.","['C', 'C', 'C', 'C', 'C']",C,True,majority,1.0,{'C': 5},5,5,1.0,0,False,,SVAMP,LAMA-3.2-3B
293,guided,293,"What continent has the most castles?

Options:
A) fairy tale
B) edinburgh
C) germany
D) europe
E) antarctica",castle,D,"Step 1: Castles are typically associated with medieval times and were built for defense purposes.
Step 2: Europe has a rich history of medieval kingdoms, wars, and feudal systems that led to numerous castle constructions.
Step 3: Many European countries such as England, France, and Scotland have numerous well-known castles that date back centuries.
Best answer: D because Europe has a long history of castle building due to its complex political landscape.","['D', 'D', 'D', 'D', 'D']",D,True,majority,1.0,{'D': 5},5,5,1.0,0,False,,SVAMP,LAMA-3.2-3B
294,guided,294,"If somebody buys something and gives it to me as a free gift, what is the cost status of the gift?

Options:
A) deadly
B) imprisoned
C) paid for
D) expensive
E) in prison",free,C,"Step 1: When someone gives an item to another person, they are transferring ownership of that item.
Step 2: If the giver initially had possession of the item, it means they had control over it before giving it away.
Step 3: Therefore, since the giver no longer controls the item, the recipient does not owe anyone money for it.
Best answer: C because giving away an item means not paying for it.","['C', 'C', 'C', 'C', 'C']",C,True,majority,1.0,{'C': 5},5,5,1.0,0,False,,SVAMP,LAMA-3.2-3B
295,guided,295,"If a person isn't able to pay their bills what must they do?

Options:
A) know everything
B) acknowledgment
C) make more money
D) throw a party
E) spare time",person,C,"Step 1: Not being able to pay bills typically means one doesn't have enough funds to cover financial obligations.
Step 2: Making more money would increase the amount available for paying bills, thus resolving the issue.
Step 3: Options A (knowing everything) and D (throwing a party) don't directly address the problem of insufficient funds, while E (spare time) might be a consequence but not a solution.
Best answer: C because making more money directly addresses the root cause of not being able to pay bills.","['C', 'C', 'C', 'C', 'C']",C,True,majority,1.0,{'C': 5},5,5,1.0,0,False,,SVAMP,LAMA-3.2-3B
296,guided,296,"If I have a pet bird, what does it likely live in?

Options:
A) forest
B) bathroom
C) windowsill
D) countryside
E) cage",bird,E,"Step 1: Most domesticated birds, such as parakeets or cockatiels, are commonly kept indoors for companionship.
Step 2: Birds need protection from predators, extreme temperatures, and other environmental hazards found outdoors.
Step 3: A cage provides a safe enclosure that allows for flight, perches, and easy access to food, water, and social interaction with owners.
Best answer: E because it's a typical enclosure for domesticated birds.","['E', 'E', 'E', 'E', 'E']",E,True,majority,1.0,{'E': 5},5,5,1.0,0,False,,SVAMP,LAMA-3.2-3B
297,guided,297,"Where might it be hard to get furniture to?

Options:
A) apartment
B) loft
C) store
D) rug
E) stairs",furniture,B,"Step 1: A loft typically has an open space with no solid floors, making it difficult to place furniture due to lack of surface area.
Step 2: In contrast, an apartment usually has walls and floors where you can put furniture.
Step 3: Stairs are vertical structures that don't provide a flat surface for placing objects like furniture.
Best answer: E because stairs are not designed for holding objects like furniture.","['B', 'B', 'B', 'B', 'B']",B,True,majority,1.0,{'B': 5},5,5,1.0,0,False,,SVAMP,LAMA-3.2-3B
298,guided,298,"Who do professors work with?

Options:
A) methods of facts
B) teach courses
C) wear wrinkled tweed jackets
D) school students
E) state facts",professors,D,"Step 1: Professors are typically employed at educational institutions such as universities or colleges.
Step 2: Their primary job involves instructing students, sharing knowledge with them, and guiding their learning process.
Step 3: This interaction involves teaching courses, preparing lesson plans, grading assignments, etc.
Best answer: B because professors primarily interact with students through teaching.","['D', 'D', 'D', 'D', 'D']",D,True,majority,1.0,{'D': 5},5,5,1.0,0,False,,SVAMP,LAMA-3.2-3B
299,guided,299,"Where is a good place to set a cup of coffee while relaxing?

Options:
A) coffee shop
B) kitchen
C) hand
D) table
E) office",cup of coffee,D,"Step 1: Typically, people place cups on flat surfaces for stability and accessibility.
Step 2: Among the given options, only one provides a stable, flat surface that's commonly used for holding cups.
Step 3: Tables are designed specifically for supporting objects like cups, making them ideal for setting a cup of coffee.
Best answer: D because tables offer stability and convenience for holding cups.","['D', 'D', 'D', 'D', 'D']",D,True,majority,1.0,{'D': 5},5,5,1.0,0,False,,SVAMP,LAMA-3.2-3B
300,guided,300,"Athletes soak in hot tubs to relieve what after playing baseball?

Options:
A) fame
B) errors
C) pain
D) strikes
E) sore muscles",playing baseball,E,"Step 1: Athletes engage in physical activities like baseball, which can cause muscle strain and fatigue.
Step 2: Soaking in hot water increases blood flow and relaxes muscles, reducing inflammation.
Step 3: This helps alleviate discomfort associated with muscle soreness, making it easier for athletes to recover.
Best answer: E because soaking in hot tubs is a common practice among athletes to ease muscle soreness.","['E', 'E', 'E', 'E', 'E']",E,True,majority,1.0,{'E': 5},5,5,1.0,0,False,,SVAMP,LAMA-3.2-3B
301,guided,301,"At a grocery store they sell individual potatoes, where does the grocery clerk likely put the potato?

Options:
A) boiling water
B) root cellar
C) rocket ship
D) paper bag
E) underground",potato,D,"Step 1: Grocery stores typically organize produce items by type, such as fruits and vegetables.
Step 2: Potatoes are a type of vegetable commonly consumed raw or cooked.
Step 3: Most grocery stores have a designated area for fresh produce, which usually includes fruits and vegetables.
Best answer: B because grocery stores organize produce in separate sections.","['B', 'B', 'B', 'B', 'B']",B,False,majority,1.0,{'B': 5},5,0,0.0,0,False,,SVAMP,LAMA-3.2-3B
302,guided,302,"John was not happy with his marriage. He and his wife drifted apart.     All and all, recent turns could be described as what?

Options:
A) inappropriate
B) sadness
C) unsatisfied
D) unfortunate
E) disenchanted",happy,D,"Step 1: ""Drifting apart"" implies a gradual decrease in closeness or intimacy over time.
Step 2: ""Not happy"" suggests that the relationship has become less fulfilling for one or both partners.
Step 3: ""All and all"" is an idiomatic expression meaning ""overall"" or ""in general"", indicating a broad assessment of the situation.
Best answer: E because ""disenchanted"" captures the idea of losing interest or excitement in something (the marriage), which fits with the context of drifting apart and not being happy.","['C', 'C', 'E', 'B', 'C']",C,False,majority,0.6,"{'C': 3, 'E': 1, 'B': 1}",5,0,0.0,2,False,,SVAMP,LAMA-3.2-3B
303,guided,303,"If the kitten was going to grow up to be a mouser like it's mother, where should it spend most of it's time?

Options:
A) shelter
B) floor
C) warm place
D) farmhouse
E) living room",kitten,D,"Step 1: Mice typically live in hidden areas with access to food and shelter, such as under furniture or in walls.
Step 2: Kittens learn by observing their mothers' behavior, including where they hunt and hide.
Step 3: Since mice are known to nest in dark, enclosed spaces like walls and under objects, a warm place like the living room would attract the kitten to follow its mother's example.
Best answer: B because mice often den under furniture, like a couch or bed.","['A', 'B', 'E', 'E', 'A']",A,False,coin_flip,0.3333,"{'A': 2, 'B': 1, 'E': 2}",6,0,0.0,4,True,False,SVAMP,LAMA-3.2-3B
304,guided,304,"Bob the lizard lives in a warm place with lots of water.  Where does he probably live?

Options:
A) rock
B) tropical rainforest
C) jazz club
D) new mexico
E) rocky places",lizard,B,"Step 1: Lizards typically require a warm environment with access to water for drinking and possibly hunting.
Step 2: Tropical rainforests are known for their high temperatures and abundant water sources, making them suitable habitats for many species of lizards.
Step 3: In contrast, rocky places (A), jazz clubs (C), and New Mexico (D) do not provide the necessary conditions for a lizard's survival.
Best answer: B because tropical rainforests offer ideal conditions for lizards.","['B', 'B', 'B', 'B', 'B']",B,True,majority,1.0,{'B': 5},5,5,1.0,0,False,,SVAMP,LAMA-3.2-3B
305,guided,305,"Where would you put some ham if you want to cook it?

Options:
A) hamshackle
B) pizza
C) fridge
D) refrigerator
E) part of meal",ham,B,"Step 1: To cook food, it needs to be stored before heating.
Step 2: Fruits and vegetables are typically stored in a cool place to preserve their freshness.
Step 3: A fridge maintains low temperatures, ideal for keeping perishable items like ham fresh.
Best answer: C because a fridge is designed for storing perishable food items at low temperatures.","['C', 'D', 'D', 'D', 'D']",D,False,majority,0.8,"{'C': 1, 'D': 4}",5,0,0.0,1,False,,SVAMP,LAMA-3.2-3B
306,guided,306,"Where can I put this penny to save for later?

Options:
A) piggy bank
B) wallet
C) toy
D) ground
E) pocket",penny,A,"Step 1: A piggy bank is typically used to store coins and small amounts of money for saving purposes.
Step 2: Wallets usually hold larger amounts of money, not just individual coins.
Step 3: Putting a penny in your pocket could lead to losing it or damaging it due to wear and tear.
Step 4: The ground isn't a suitable place for storing personal items like coins.
Best answer: A because it's designed for saving coins.","['E', 'A', 'A', 'A', 'E']",A,True,majority,0.6,"{'E': 2, 'A': 3}",5,3,0.6,2,False,,SVAMP,LAMA-3.2-3B
307,guided,307,"Where is the sky most beautiful?

Options:
A) planetarium
B) outdoors
C) atmosphere
D) night
E) photo",sky,B,"Step 1: The word ""beautiful"" typically describes something visually appealing, often related to colors or patterns.
Step 2: A planetarium is a building that simulates the night sky for educational purposes, so it's not necessarily where you'd find natural beauty.
Step 3: The atmosphere refers to the layer around the Earth, not a location where you can see beauty.
Step 4: Night is just a time of day, not a place with inherent beauty.
Step 5: While photos of the sky can be stunning, they're created by humans, not the sky itself.
Best answer: B because the outdoors offers an unfiltered view of the natural sky with its diverse colors and patterns.","['B', 'B', 'B', 'B', 'B']",B,True,majority,1.0,{'B': 5},5,5,1.0,0,False,,SVAMP,LAMA-3.2-3B
308,guided,308,"A showroom feature washers and refrigerators, where is this showroom located?

Options:
A) appliance store
B) vegas
C) electronics store
D) car dealership
E) kitchen",showroom,A,"Step 1: Showrooms are typically associated with displaying products for sale, often in retail settings.
Step 2: Appliance stores usually have sections dedicated to different types of household items, including washers and refrigerators.
Step 3: This suggests that the location would be a place where people go to buy these appliances, which aligns with what an appliance store does.
Best answer: A because it's a common retail space for selling household appliances.","['A', 'A', 'A', 'A', 'A']",A,True,majority,1.0,{'A': 5},5,5,1.0,0,False,,SVAMP,LAMA-3.2-3B
309,guided,309,"What would be necessary for getting in shape?

Options:
A) good health
B) exercise
C) muscle tone
D) sweat
E) feel better",getting in shape,B,"Step 1: Regular physical activity increases heart rate and burns calories, leading to weight loss and improved cardiovascular health.
Step 2: Exercise also strengthens muscles, increases flexibility, and boosts metabolism, all contributing factors in achieving physical fitness.
Step 3: While having good health (A) and feeling better (E) might result from getting in shape, they aren't direct causes for achieving physical fitness itself.
Step 4: Muscle tone (C) is an outcome of consistent exercise, not a prerequisite for starting a fitness routine.
Step 5: Sweat (D) is a symptom of physical exertion, not a requirement for getting in shape.
Best answer: B because exercise directly impacts physical fitness through various physiological changes.","['B', 'B', 'B', 'B', 'B']",B,True,majority,1.0,{'B': 5},5,5,1.0,0,False,,SVAMP,LAMA-3.2-3B
310,guided,310,"What do the terms need to be in order to compete against someone?

Options:
A) cheat
B) fair
C) in competition
D) practice
E) sabotage",compete against,B,"Step 1: To compete against someone, there must be some form of contest or rivalry involved.
Step 2: Cheating (A) would actually give an unfair advantage, not allow for fair competition.
Step 3: While practicing (D) might prepare someone for competition, it's not a requirement for competing itself.
Step 4: Sabotage (E) involves intentionally disrupting another's efforts, which goes against the spirit of fair play.
Best answer: B because only ""fair"" ensures that both parties have equal chances and rules are followed.","['B', 'B', 'B', 'B', 'B']",B,True,majority,1.0,{'B': 5},5,5,1.0,0,False,,SVAMP,LAMA-3.2-3B
311,guided,311,"What is something children can do while traveling in a car?

Options:
A) listen to music
B) watch television
C) play chess
D) walk
E) play basketball",children,A,"Step 1: Many forms of entertainment are available for children during car rides, such as games, audiobooks, and educational programs.
Step 2: Options C (playing chess) requires concentration and physical space, making it impractical for a car ride.
Step 3: Options D (walking) isn't feasible while seated in a car, and E (playing basketball) needs a court.
Best answer: A because listening to music is a common pastime for kids during car rides.","['A', 'A', 'A', 'A', 'A']",A,True,majority,1.0,{'A': 5},5,5,1.0,0,False,,SVAMP,LAMA-3.2-3B
312,guided,312,"What is a salesman responsible to do at work?

Options:
A) traveling to chicago
B) get fired
C) books
D) sell products
E) service account",salesman,D,"Step 1: A salesman's primary job is to promote and sell goods or services to customers.
Step 2: The main goal of a salesman is to generate sales revenue for their company.
Step 3: To achieve this, they typically interact with potential customers, present products, and negotiate prices.
Best answer: D because it aligns with the definition of a salesman's core responsibility.","['D', 'D', 'D', 'D', 'D']",D,True,majority,1.0,{'D': 5},5,5,1.0,0,False,,SVAMP,LAMA-3.2-3B
313,guided,313,"John went to a party that lasted all night.  Because of this, he didn't have time for what?

Options:
A) meeting
B) blowing off steam
C) stay home
D) partying hard
E) studying",party,E,"Step 1: If someone attends a party all night, they typically stay up late and sleep less than usual.
Step 2: As a result, they may not have enough energy or time for activities that require concentration, such as studying.
Step 3: Studying requires focus and attention, which can be difficult after staying up all night.
Best answer: E because staying up all night would leave insufficient time for studying.","['A', 'E', 'A', 'C', 'D']",A,False,majority,0.4,"{'A': 2, 'E': 1, 'C': 1, 'D': 1}",5,1,0.2,3,False,,SVAMP,LAMA-3.2-3B
314,guided,314,"James decided that competing was the right choice.   Not competing has a defined outcome, but if he competes then what could happen?

Options:
A) might win
B) perform better
C) enemies
D) winners and losers
E) lose",competing,A,"Step 1: In competitive situations, there's usually an outcome where one person or team gains an advantage over another.
Step 2: If someone chooses not to compete, they cannot achieve this advantage, so they won't have an outcome related to winning or losing.
Step 3: Therefore, the correct option must describe what happens when you don't participate in the competition at all.
Best answer: E because not competing means you can't experience any of the other outcomes associated with competition.","['A', 'B', 'B', 'B', 'A']",B,False,majority,0.6,"{'A': 2, 'B': 3}",5,2,0.4,2,False,,SVAMP,LAMA-3.2-3B
315,guided,315,"While waiting for this appointment, people often read magazines.

Options:
A) doctor
B) train station
C) newsagent
D) market
E) table",magazines,A,"Step 1: Many people typically purchase magazines at places where they can buy newspapers and other printed materials.
Step 2: Newsagents usually carry a wide variety of magazines, whereas markets may not always have them.
Step 3: Doctors' offices are not typically known for selling magazines; they focus on healthcare services.
Best answer: C because newsagents are known for selling magazines.","['C', 'C', 'C', 'C', 'C']",C,False,majority,1.0,{'C': 5},5,0,0.0,0,False,,SVAMP,LAMA-3.2-3B
316,guided,316,"Metal is used to make what?

Options:
A) junkyard
B) ore
C) instruments
D) metal fabrication shop
E) bowls",metal,C,"Step 1: Metal is often extracted from ores through mining processes.
Step 2: Ores are typically processed and refined before being used for various purposes.
Step 3: While ores themselves aren't typically used directly as bowls, some metals like silver or gold might be used to make decorative items including bowls, but this isn't true for all metals.
Best answer: B because ores are raw materials that contain metal.","['B', 'B', 'A', 'B', 'D']",B,False,majority,0.6,"{'B': 3, 'A': 1, 'D': 1}",5,0,0.0,2,False,,SVAMP,LAMA-3.2-3B
317,guided,317,"What are people likely to do when an unexpected decent outcome occurs?

Options:
A) kill each other
B) thank god
C) experience pain
D) hatred
E) talk to each other",people,B,"Step 1: Humans often react emotionally to unexpected events, especially those involving loss or good fortune.
Step 2: Expressing gratitude is a common human response to fortunate events, as it acknowledges the positive outcome and shows appreciation for what happened.
Step 3: This reaction is reinforced by cultural norms, where thanking others for help or good fortune is considered polite and respectful behavior.
Best answer: B because expressing thanks is a typical reaction to an unexpected good outcome.","['B', 'B', 'B', 'B', 'B']",B,True,majority,1.0,{'B': 5},5,5,1.0,0,False,,SVAMP,LAMA-3.2-3B
318,guided,318,"Women used to be expected to wear a dress but it's now acceptable for them to wear what?

Options:
A) man suit
B) pants
C) naked
D) action
E) long skirt",dress,B,"Step 1: Historically, societal norms dictated that women wear dresses as part of traditional attire.
Step 2: With changing social attitudes towards equality and freedom of choice, these norms have relaxed over time.
Step 3: Today, many women have the option to choose their own clothing style, including pants, which was previously considered unacceptable.
Best answer: B because it represents a shift towards greater individual freedom in clothing choices.","['B', 'B', 'B', 'B', 'B']",B,True,majority,1.0,{'B': 5},5,5,1.0,0,False,,SVAMP,LAMA-3.2-3B
319,guided,319,"If student got a list of supplies from class like paper and pencils, their parent would have to go where?

Options:
A) classroom
B) parking garage
C) store
D) backpack
E) cabinet",pencils,C,"Step 1: Parents typically pick up school supplies for their children at a store where they buy everyday essentials.
Step 2: Most schools have designated areas for purchasing supplies, such as a school store or office.
Step 3: A parking garage is not usually associated with buying school supplies.
Best answer: C because most parents buy school supplies at a retail establishment like a store.","['B', 'C', 'C', 'C', 'C']",C,True,majority,0.8,"{'B': 1, 'C': 4}",5,4,0.8,1,False,,SVAMP,LAMA-3.2-3B
320,guided,320,"Joe found spiders while checking something outside.  What might that be?

Options:
A) cupboard
B) closet
C) storage bag
D) mail box
E) garage",spiders,D,"Step 1: People often check their mail and other items stored in a specific area outside their home.
Step 2: Mailboxes are typically located near the entrance of a house, making them accessible for checking daily.
Step 3: Since Joe found spiders in the area where he checks his mail, it's likely that the spiders were attracted to the mail itself or nearby debris.
Best answer: D because mailboxes are commonly checked near the exterior of homes.","['D', 'D', 'D', 'D', 'D']",D,True,majority,1.0,{'D': 5},5,5,1.0,0,False,,SVAMP,LAMA-3.2-3B
321,guided,321,"The runner was in third place, but he pushed harder and thought he might be able to reach second.  What was beginning to do?

Options:
A) near finish line
B) finish
C) get tired
D) gain ground
E) trip over",runner,D,"Step 1: When someone pushes themselves to run faster, they typically start to feel fatigue due to increased muscle activity.
Step 2: As they exert more energy, their body begins to break down stored energy sources like glycogen and fat for fuel.
Step 3: This process leads to physical exhaustion, causing the person to slow down or stop moving altogether.
Best answer: C because getting tired is an immediate consequence of intense physical exertion.","['C', 'C', 'C', 'C', 'C']",C,False,majority,1.0,{'C': 5},5,0,0.0,0,False,,SVAMP,LAMA-3.2-3B
322,guided,322,"In basic training they build you up only to do what, all in hopes of building you up even stronger the next time?

Options:
A) destroying
B) tear down
C) raze
D) mutilate
E) demolition",build,B,"Step 1: In construction, the primary goal is often to create something new or repair an existing structure.
Step 2: The process of building typically involves laying foundations, framing, and adding materials like bricks, wood, or concrete.
Step 3: If the purpose of building is to create something new, it's unlikely that the intention would be to damage or destroy it afterwards.
Best answer: A because ""building up"" implies creating, not tearing down.","['A', 'B', 'A', 'B', 'A']",A,False,majority,0.6,"{'A': 3, 'B': 2}",5,2,0.4,2,False,,SVAMP,LAMA-3.2-3B
323,guided,323,"If someone rules the universe of what are they in charge?

Options:
A) classroom
B) football game
C) everything
D) text book
E) lawbook",rule,C,"Step 1: The term ""rules"" implies authority over a set of guidelines or regulations.
Step 2: In everyday language, ""rule"" often refers to someone who makes decisions about what is allowed or prohibited within a specific domain, such as a school (classroom), sports team (football game), or even a book (lawbook).
Step 3: However, ""rule"" does not typically apply to the entire universe, which encompasses all things and entities beyond human control.
Best answer: A because a classroom has defined rules set by an instructor.","['A', 'C', 'C', 'C', 'C']",C,True,majority,0.8,"{'A': 1, 'C': 4}",5,4,0.8,1,False,,SVAMP,LAMA-3.2-3B
324,guided,324,"Where is a broadcast studio likely to be heard?

Options:
A) microphone
B) arena
C) radio station
D) trees
E) town",broadcast studio,C,"Step 1: A broadcast studio typically produces audio content for public consumption through various mediums like radio, TV, or online platforms.
Step 2: Radio stations are designed to transmit audio signals over long distances, requiring specialized equipment like transmitters and antennas.
Step 3: Since broadcasting involves sending audio signals through airwaves, it's reasonable to associate it with radio stations, which are specifically designed for this purpose.
Best answer: C because radio stations are designed for transmitting audio signals over long distances.","['C', 'C', 'C', 'C', 'C']",C,True,majority,1.0,{'C': 5},5,5,1.0,0,False,,SVAMP,LAMA-3.2-3B
325,guided,325,"What do parents tell a child to do on the weekend?

Options:
A) study
B) begin school
C) go out to play
D) row boat
E) clean room",child,C,"Step 1: Parents typically spend time with their children on weekends, engaging in activities together.
Step 2: Going out to play is a common activity that families do together during weekends.
Step 3: This contrasts with studying, starting school, or cleaning the room, which are tasks usually done during weekdays.
Best answer: C because it's a typical family activity for weekends.","['C', 'C', 'B', 'A', 'C']",C,True,majority,0.6,"{'C': 3, 'B': 1, 'A': 1}",5,3,0.6,2,False,,SVAMP,LAMA-3.2-3B
326,guided,326,"He wanted lodging in the actual what, so that he was already where he needed to be?

Options:
A) a yurt
B) resort area
C) big city
D) michigan
E) going on vacation",lodgings,B,"Step 1: If someone wants lodging, they typically need to be at a location with available accommodations.
Step 2: Resorts often have multiple buildings or structures designed for lodging, such as hotels, cabins, etc.
Step 3: Yurts are portable structures, not typically found in fixed locations like resorts.
Best answer: B because resorts usually have designated areas for lodging.","['B', 'B', 'B', 'B', 'B']",B,True,majority,1.0,{'B': 5},5,5,1.0,0,False,,SVAMP,LAMA-3.2-3B
327,guided,327,"What do children require to grow up healthy?

Options:
A) need care
B) come home
C) fast food
D) watch television
E) wash dishes",children,A,"Step 1: Children need basic necessities for survival, such as food, water, shelter, and hygiene.
Step 2: Among these necessities, ""care"" encompasses emotional support, guidance, and nurturing, which are crucial for their development.
Step 3: While ""come home"" might imply a place where they receive care, it's not the actual requirement itself; rather, it's an action that leads to receiving care.
Best answer: A because basic care includes all essential needs for growth.","['A', 'A', 'A', 'A', 'A']",A,True,majority,1.0,{'A': 5},5,5,1.0,0,False,,SVAMP,LAMA-3.2-3B
328,guided,328,"What would not be true about a basketball if it had a hole in it but it did not lose its general shape?

Options:
A) punctured
B) popular in america
C) full of air
D) gone
E) round",basketball,C,"Step 1: If an object has a hole but retains its original shape, that means the hole doesn't affect its overall form.
Step 2: A basketball's shape is determined by its material composition and manufacturing process, not just air pressure inside.
Step 3: Even though there's no air inside, the material still makes up the majority of the ball's structure, so it remains round.
Best answer: C because even with a hole, the ball would still be made mostly of solid material.","['C', 'C', 'A', 'C', 'C']",C,True,majority,0.8,"{'C': 4, 'A': 1}",5,4,0.8,1,False,,SVAMP,LAMA-3.2-3B
329,guided,329,"What do people typically do while playing guitar?

Options:
A) cry
B) hear sounds
C) singing
D) arthritis
E) making music",playing guitar,C,"Step 1: Many people learn to play the guitar as part of music education or personal hobby.
Step 2: Playing the guitar involves pressing strings with fingers to produce different notes, which creates melodies.
Step 3: Creating melodies is an essential aspect of music production, so it's logical that making music is what people do while playing guitar.
Best answer: E because creating music is a fundamental activity associated with playing the instrument.","['E', 'E', 'E', 'E', 'E']",E,False,majority,1.0,{'E': 5},5,0,0.0,0,False,,SVAMP,LAMA-3.2-3B
330,guided,330,"What can happen if you are buying products that someone else does not want you to buy?

Options:
A) joy
B) disagreements
C) agony
D) pleasure
E) owning",buying products,B,"Step 1: If someone buys something against another person's wishes, it may lead to conflict or tension in their relationship.
Step 2: This conflict can manifest as arguments, hurt feelings, or strained communication.
Step 3: As a result, the buyer may experience emotional distress, which could be described as ""agony"".
Best answer: C because it's a plausible emotional outcome of going against someone else's desires.","['C', 'C', 'C', 'C', 'C']",C,False,majority,1.0,{'C': 5},5,0,0.0,0,False,,SVAMP,LAMA-3.2-3B
331,guided,331,"Sam wasn't lying, but he left out important details. He was being what?

Options:
A) dishonesty
B) deceitful
C) imagination
D) deceptive
E) poker face",lying,B,"Step 1: To determine why Sam wasn't lying but still left out information, we need to understand what it means to lie and how people typically communicate.
Step 2: Lying involves intentionally withholding truth or providing false information with the intention of deceiving others. However, if someone isn't intentionally deceiving, they might be omitting facts due to forgetfulness, lack of knowledge, or avoiding uncomfortable truths.
Step 3: Given these definitions, options A (dishonesty) and B (deceitful) imply intentional deception, which doesn't fit since Sam wasn't lying. Option C (imagination) doesn't apply because leaving out details isn't related to creative thinking. Option E (poker face) refers to maintaining a neutral expression while hiding one's true emotions, which isn't relevant here.
Best answer: C because forgetfulness can cause someone to leave out important details without intending to deceive others.","['C', 'D', 'C', 'C', 'C']",C,False,majority,0.8,"{'C': 4, 'D': 1}",5,0,0.0,1,False,,SVAMP,LAMA-3.2-3B
332,guided,332,"Joe plays a percussion instrument in something.  What might be play in?

Options:
A) own home
B) music store
C) marching band
D) orchestra
E) party",percussion instrument,D,"Step 1: Many types of music require percussion instruments, such as drums, maracas, etc.
Step 2: Marching bands typically consist of multiple sections with different instruments, including percussion.
Step 3: While some people might play percussion at home or in an orchestra, these settings are less common for solo performances.
Best answer: C because marching bands often feature percussionists as part of their ensemble.","['D', 'C', 'C', 'D', 'C']",C,False,majority,0.6,"{'D': 2, 'C': 3}",5,2,0.4,2,False,,SVAMP,LAMA-3.2-3B
333,guided,333,"When learning about the world and different cultures, what is important if you are committed to eliminating preconceived notions

Options:
A) newness
B) loss of innocence
C) enlightenment
D) open mind
E) smartness",learning about world,D,"Step 1: To eliminate preconceived notions, one must be willing to question existing beliefs and challenge assumptions.
Step 2: This requires being receptive to different perspectives, experiences, and information that contradict previous knowledge.
Step 3: An open mind allows for flexibility in thinking, enabling individuals to consider alternative viewpoints without being closed off by prior biases.
Best answer: D because an open mind facilitates the process of letting go of preconceived notions.","['D', 'D', 'D', 'D', 'D']",D,True,majority,1.0,{'D': 5},5,5,1.0,0,False,,SVAMP,LAMA-3.2-3B
334,guided,334,"If you are awaking multiple times throughout the night because a lot is on your mind, what is a likely cause?

Options:
A) irritability
B) depression
C) getting out of bed
D) happiness
E) discomfort",awaking,B,"Step 1: Difficulty sleeping often leads to increased mental activity as the brain tries to process thoughts and emotions.
Step 2: People tend to experience heightened emotional states when they're not getting enough rest, such as anxiety or stress related to unaddressed concerns.
Step 3: Among these options, irritability is closely linked with difficulty sleeping due to its association with stress, anxiety, and emotional arousal.
Best answer: A because difficulty sleeping can exacerbate irritability.","['E', 'A', 'A', 'A', 'A']",A,False,majority,0.8,"{'E': 1, 'A': 4}",5,0,0.0,1,False,,SVAMP,LAMA-3.2-3B
335,guided,335,"Where could you go to between 1000 and 10000 restaurant?

Options:
A) big city
B) town
C) small town
D) canada
E) yellow pages",restaurant,A,"Step 1: Typically, restaurants have fixed locations that are easily accessible to the general public.
Step 2: Restaurants usually operate within urban areas where there's a high concentration of potential customers.
Step 3: Big cities tend to have more dining options, including those with over 1,000 establishments.
Best answer: A because big cities typically have many restaurants.","['B', 'A', 'A', 'B', 'B']",B,False,majority,0.6,"{'B': 3, 'A': 2}",5,2,0.4,2,False,,SVAMP,LAMA-3.2-3B
336,guided,336,"Who is the guard here for?

Options:
A) man post
B) attack
C) intimidation
D) prisoner
E) unprotected",guard,D,"Step 1: A guard is typically someone who watches over or protects something, such as a person, place, or thing.
Step 2: A ""man post"" sounds like a physical structure designed to hold someone in place, like a chair or a stake.
Step 3: If it's not a living being, it can't perform the action of guarding.
Best answer: A because a man post is an object used to restrain or hold someone in place.","['D', 'D', 'D', 'D', 'D']",D,True,majority,1.0,{'D': 5},5,5,1.0,0,False,,SVAMP,LAMA-3.2-3B
337,guided,337,"If you're attending school and are falling asleep you're likely experiencing what?

Options:
A) boredom
B) malaria
C) graduate
D) inspiration
E) detention",attending school,A,"Step 1: When people learn new information, their brains process it and retain it if they're engaged and interested.
Step 2: If someone is bored, their brain doesn't receive clear signals to stay focused, leading to drowsiness.
Step 3: Falling asleep is a natural response to disengagement, making it more likely when boredom sets in.
Best answer: A because being bored typically causes drowsiness.","['A', 'A', 'A', 'A', 'A']",A,True,majority,1.0,{'A': 5},5,5,1.0,0,False,,SVAMP,LAMA-3.2-3B
338,guided,338,"John wanted scatter his wife's remains in a lake in the wilderness.  He had to delay before of where he lived.  Where did he live?

Options:
A) mountains
B) dead body
C) pay debts
D) state park
E) new york",lake,E,"Step 1: The phrase ""scatter his wife's remains"" implies that John had to choose a location for burial or disposal of human remains.
Step 2: A place for scattering human remains is typically outdoors, away from populated areas and structures.
Step 3: Among the given options, only one fits this description as a natural setting where such an action could occur.
Best answer: D because state parks often have designated areas for outdoor activities like hiking and picnicking, which could include burying ashes or scattering remains.","['D', 'D', 'D', 'D', 'D']",D,False,majority,1.0,{'D': 5},5,0,0.0,0,False,,SVAMP,LAMA-3.2-3B
339,guided,339,"James loved to surf but he wasn't good at it. He would always do what?

Options:
A) wipe out
B) enjoy yourself
C) start fighting
D) get wet
E) drown",surf,A,"Step 1: People who aren't skilled at surfing often struggle to stay afloat on the waves.
Step 2: If someone is struggling to stay on the board, they're more likely to lose their balance and fall off, which is known as ""wiping out"".
Step 3: This term is commonly used in surfing to describe when a surfer loses control and goes underwater.
Best answer: A because ""wipe out"" is a common phrase associated with inexperienced surfers.","['B', 'B', 'D', 'A', 'A']",A,True,refiner_tiebreak,0.5,"{'B': 2, 'D': 1, 'A': 2}",6,3,0.5,3,True,True,SVAMP,LAMA-3.2-3B
340,guided,340,"A man takes a seat at a museum outside of Barcelona, where is he likely?

Options:
A) in cinema
B) martorell
C) falling down
D) show
E) airplane",seat,B,"Step 1: A museum typically has seating areas for visitors to rest while viewing exhibits.
Step 2: Cinemas show movies, marts (martorell) are stores, and airplanes fly through the air - none of these places usually have seating for people to sit.
Step 3: The only option that fits with the concept of a place where one would find seating is a ""show"", which could refer to a performance or an event held within the museum.
Best answer: D because it's a common term for an event held in a museum.","['D', 'D', 'D', 'A', 'D']",D,False,majority,0.8,"{'D': 4, 'A': 1}",5,0,0.0,1,False,,SVAMP,LAMA-3.2-3B
341,guided,341,"When you do something and have fun, its something you?

Options:
A) spontaneous
B) stop working
C) pay for
D) do like
E) do enjoy",have fun,E,"Step 1: If you have fun while doing something, it implies that the activity brought happiness or amusement to you.
Step 2: ""Having fun"" is often associated with positive emotions like pleasure, enjoyment, or amusement.
Step 3: The word ""enjoy"" directly relates to experiencing pleasure or amusement, making it the most fitting choice.
Best answer: E because ""enjoy"" describes the emotional state resulting from having fun.","['A', 'A', 'D', 'A', 'E']",A,False,majority,0.6,"{'A': 3, 'D': 1, 'E': 1}",5,1,0.2,2,False,,SVAMP,LAMA-3.2-3B
342,guided,342,"What could a driving car do to a pedestrian?

Options:
A) say hello
B) wreak
C) pollution
D) smoke
E) relaxation",driving car,B,"Step 1: A car is an object that moves on wheels and operates using fuel.
Step 2: When a car collides with a living being like a pedestrian, it can cause physical harm due to impact force.
Step 3: This type of harm typically results in injury or even death for the pedestrian.
Best answer: B because crashing into someone is a common consequence of car-pedestrian collisions.","['B', 'B', 'B', 'B', 'B']",B,True,majority,1.0,{'B': 5},5,5,1.0,0,False,,SVAMP,LAMA-3.2-3B
343,guided,343,"Where do people want to have a lot of coffee?

Options:
A) table
B) office
C) desk
D) kitchen
E) ocean",cup of coffee,B,"Step 1: Most people consume coffee for its stimulating effects, which help them stay alert and focused during work hours.
Step 2: Offices often have designated areas where employees gather to work, and coffee is commonly served there.
Step 3: Tables in offices are typically placed near seating areas where people sit, making it convenient for socializing over coffee.
Best answer: B because offices are where people spend most of their workday and have access to coffee.","['B', 'B', 'B', 'B', 'B']",B,True,majority,1.0,{'B': 5},5,5,1.0,0,False,,SVAMP,LAMA-3.2-3B
344,guided,344,"If not in a stream but in a market where will you find fish?

Options:
A) stream
B) aquarium
C) refrigerator
D) boat ride
E) market",fish,C,"Step 1: A stream is a natural flowing body of water, while an aquarium is a container holding water with fish.
Step 2: Markets typically sell live animals, including fish, but they don't typically display them in their original habitat (stream).
Step 3: Refrigerators store perishable items like fish, but they're not usually sold at markets.
Step 4: Boat rides may take you near a stream, but you wouldn't buy fish on the ride itself.
Step 5: Markets sell various products, including food like fish, which are often displayed on shelves or in tanks.
Best answer: E because markets are places where people buy food products, including fresh fish.","['E', 'B', 'B', 'E', 'E']",E,False,majority,0.6,"{'E': 3, 'B': 2}",5,0,0.0,2,False,,SVAMP,LAMA-3.2-3B
345,guided,345,"What is someone doing when scheduling when to go to party?

Options:
A) rumpspringa
B) meeting new people
C) having fun
D) meet new people
E) plan",going to party,E,"Step 1: Scheduling involves organizing events or appointments, often using calendars or planners.
Step 2: People typically plan ahead for social events like parties to ensure they don't forget important details (time, date, guest list).
Step 3: Planning also helps avoid conflicts with other scheduled activities, such as work or school commitments.
Best answer: E because it directly relates to organizing and arranging events.","['D', 'E', 'E', 'E', 'E']",E,True,majority,0.8,"{'D': 1, 'E': 4}",5,4,0.8,1,False,,SVAMP,LAMA-3.2-3B
346,guided,346,"Where would a cat snuggle up with their human?

Options:
A) floor
B) humane society
C) bed
D) comfortable chair
E) window sill",cat,D,"Step 1: Cats often choose soft, cozy spots for sleeping due to their natural instinct to conserve body heat.
Step 2: Humans typically provide warmth and comfort through physical contact, such as petting or lying next to them.
Step 3: Beds are designed for sleeping and often have soft materials like blankets, making it an ideal place for both humans and cats to snuggle up together.
Best answer: C because beds provide the necessary comfort and warmth for both species.","['C', 'C', 'C', 'C', 'C']",C,False,majority,1.0,{'C': 5},5,0,0.0,0,False,,SVAMP,LAMA-3.2-3B
347,guided,347,"Where would you need to use a lantern?

Options:
A) grocery store
B) antique shop
C) house
D) dark place
E) street",lantern,D,"Step 1: A lantern is typically used for illumination, especially in situations where electricity isn't available.
Step 2: Grocery stores usually have overhead lighting provided by electricity, so you wouldn't need a lantern there.
Step 3: Antique shops often have dim lighting to preserve artifacts, so they also wouldn't require lanterns.
Step 4: Houses often have electricity for lighting as well, making lanterns unnecessary.
Step 5: Streets are well-lit with streetlights, so you wouldn't need a personal lantern.
Best answer: D because it's a dark place that would benefit from additional lighting.","['E', 'D', 'D', 'E', 'D']",D,True,majority,0.6,"{'E': 2, 'D': 3}",5,3,0.6,2,False,,SVAMP,LAMA-3.2-3B
348,guided,348,"The electrode wouldn't spark, it turned out that the what hadn't been connected?

Options:
A) battery
B) electronic equipment
C) electrolytic cell
D) charge
E) tube",electrode,A,"Step 1: An electrode needs another component to complete the circuit for electricity to flow.
Step 2: If there's no other part connected, no path for electricity exists, so no sparking occurs.
Step 3: The missing component must be something that completes the circuit when connected, allowing electricity to flow.
Best answer: A because without a battery, no electricity can flow through the system.","['A', 'A', 'A', 'A', 'A']",A,True,majority,1.0,{'A': 5},5,5,1.0,0,False,,SVAMP,LAMA-3.2-3B
349,guided,349,"What is the best way to begin going into trance?

Options:
A) religious experience
B) closed eyes
C) loss of control
D) sleep
E) hallucination",going into trance,B,"Step 1: Trance states often involve altered states of consciousness, which can be induced through various methods.
Step 2: While some people may report entering a trance through spiritual practices (A), this isn't a universal approach.
Step 3: Hallucinations (E) typically involve perceiving things that aren't there, whereas entering a trance usually involves focusing inward.
Step 4: Losing control (C) might occur during a trance, but it's not typically how one starts it.
Step 5: Sleep (D) can lead to a state similar to trance, but it's not a deliberate attempt to induce trance.
Best answer: B because closing one's eyes is a common technique used to quiet the mind and focus attention inward, allowing for a trance-like state.","['B', 'B', 'B', 'B', 'B']",B,True,majority,1.0,{'B': 5},5,5,1.0,0,False,,SVAMP,LAMA-3.2-3B
350,guided,350,"Of all the sports, Billy enjoys football, but what does his concerned mother think of the sport?

Options:
A) very entertaining
B) fun
C) slow
D) competitive
E) violent",sports,E,"Step 1: Research shows that football is known for its physical contact and tackling, which can lead to injuries.
Step 2: Many experts consider football to have a high risk of head trauma and long-term health issues, such as concussions.
Step 3: Given these concerns, it's likely that Billy's mother would associate football with potential harm rather than enjoyment.
Best answer: E because football has been linked to violent collisions that can cause serious injury.","['E', 'E', 'E', 'B', 'B']",E,True,majority,0.6,"{'E': 3, 'B': 2}",5,3,0.6,2,False,,SVAMP,LAMA-3.2-3B
351,guided,351,"Where is the first place someone leaving the planet ends up?

Options:
A) pay debts
B) galaxy
C) outer space
D) orbit
E) universe",planet,C,"Step 1: If someone dies, their physical body stops functioning and decomposes over time.
Step 2: Eventually, the remains are consumed by natural processes like decomposition, burial, or cremation.
Step 3: The remains do not continue to exist as a separate entity in any form that could be considered ""living"" or having a defined location within our known universe.
Best answer: A because death marks the end of an individual's physical presence on Earth.","['C', 'C', 'C', 'C', 'C']",C,True,majority,1.0,{'C': 5},5,5,1.0,0,False,,SVAMP,LAMA-3.2-3B
352,guided,352,"The hardcovers were especially tall, so he removed a shelf on the what to make room?

Options:
A) chest of drawers
B) grocery store
C) hold alcohol
D) nightstand
E) bookcase",shelf,E,"Step 1: A bookcase typically has multiple shelves for storing books, making it likely that removing one shelf would create space between them.
Step 2: The context mentions ""hardcovers,"" which suggests books, not other types of items like food (grocery store) or liquor (hold alcohol).
Step 3: Nightstands usually have only one flat surface, so removing a shelf wouldn't make sense there either.
Best answer: E because a bookcase has multiple shelves that can be rearranged for extra space.","['D', 'D', 'D', 'D', 'D']",D,False,majority,1.0,{'D': 5},5,0,0.0,0,False,,SVAMP,LAMA-3.2-3B
353,guided,353,"What room is likely to have a sideboard on the counter?

Options:
A) home
B) serve food buffet
C) dining room
D) living room
E) kitchen",sideboard,E,"Step 1: A sideboard is typically used for storing and displaying decorative items, serving dishes, and other tableware.
Step 2: In most households, the kitchen has ample space for such storage needs, whereas other rooms like living rooms or dining rooms usually have limited counter space.
Step 3: The term ""counter"" itself implies a flat surface near the edge of a room where food preparation occurs, making it a common location for a sideboard.
Best answer: E because kitchens have ample counter space for storing and displaying items.","['E', 'E', 'E', 'E', 'E']",E,True,majority,1.0,{'E': 5},5,5,1.0,0,False,,SVAMP,LAMA-3.2-3B
354,guided,354,"A good interview after applying for a job may cause you to feel what?

Options:
A) offer
B) income
C) rejection
D) hostile
E) hope",applying for job,E,"Step 1: In most cases, job applicants expect to receive feedback about their application status after interviewing.
Step 2: This feedback can be positive (e.g., an offer), negative (e.g., no job available), or neutral (e.g., need further evaluation).
Step 3: Receiving rejection is a common outcome for unsuccessful applicants, as it indicates that they were not selected for the position.
Best answer: C because many people fear being turned down when applying for a job.","['C', 'C', 'C', 'C', 'C']",C,False,majority,1.0,{'C': 5},5,0,0.0,0,False,,SVAMP,LAMA-3.2-3B
355,guided,355,"Reading newspaper one of many ways to practice your what?

Options:
A) literacy
B) knowing how to read
C) money
D) buying
E) money bank",reading newspaper,A,"Step 1: People typically engage in activities related to their profession or interests during their free time.
Step 2: Reading newspapers is a common pastime for many individuals, especially those interested in staying informed about current events.
Step 3: This activity helps improve vocabulary, comprehension, and critical thinking skills, which are essential for literacy.
Best answer: A because reading newspapers enhances one's literacy skills.","['A', 'A', 'B', 'B', 'B']",B,False,majority,0.6,"{'A': 2, 'B': 3}",5,2,0.4,2,False,,SVAMP,LAMA-3.2-3B
356,guided,356,"Piece of land in Canada where you can find marmot?

Options:
A) north america
B) united states
C) vancouver island
D) american
E) cage",marmot,C,"Step 1: Marmots are large ground-dwelling rodents that typically inhabit mountainous regions with rocky terrain.
Step 2: Vancouver Island is known for its rugged landscape, including mountains, which would provide suitable habitat for marmots.
Step 3: The United States shares a border with Canada, but Vancouver Island is part of British Columbia within Canada itself.
Best answer: C because Vancouver Island offers the specific geography needed for marmot habitation.","['C', 'B', 'C', 'C', 'C']",C,True,majority,0.8,"{'C': 4, 'B': 1}",5,4,0.8,1,False,,SVAMP,LAMA-3.2-3B
357,guided,357,"What can happen when you contemplate alone for a long time?

Options:
A) daydream
B) headache
C) get ideas
D) sleep
E) become distracted",contemplate,A,"Step 1: Contemplation often involves focusing one's mind on a thought or idea without external distractions.
Step 2: Prolonged mental focus can lead to increased blood flow to the brain, which may cause blood vessels to expand.
Step 3: This expansion can result in increased pressure on the brain, potentially causing headaches.
Best answer: B because excessive mental effort can lead to physical discomfort like headaches.","['B', 'D', 'A', 'B', 'A']",A,True,refiner_tiebreak,0.5,"{'B': 2, 'D': 1, 'A': 2}",6,3,0.5,3,True,True,SVAMP,LAMA-3.2-3B
358,guided,358,"A potato is kept in the cellar, where is likely to be stored?

Options:
A) farmer's market
B) grocery bag
C) pantry
D) bushel basket
E) fridge",potato,D,"Step 1: Potatoes are typically stored underground to keep them fresh for longer periods.
Step 2: Cellars are often underground structures used for storing food items like potatoes.
Step 3: Unlike other options like markets, bags, baskets, or refrigerators, cellars provide consistent humidity and darkness suitable for potato storage.
Best answer: C because cellars are commonly used to store food items like potatoes underground.","['E', 'C', 'A', 'B', 'B']",B,False,majority,0.4,"{'E': 1, 'C': 1, 'A': 1, 'B': 2}",5,0,0.0,3,False,,SVAMP,LAMA-3.2-3B
359,guided,359,"Joe owned back taxes as well as what other type of taxes?

Options:
A) anterior
B) front
C) main
D) front
E) current",back,E,"Step 1: Typically, people have different types of taxes, such as income tax, sales tax, property tax, etc.
Step 2: ""Back taxes"" usually refers to taxes owed to the government for unpaid taxes from previous years.
Step 3: This term is often associated with income tax, which is one of the main types of taxes.
Best answer: A because ""back taxes"" specifically refers to unpaid income taxes.","['B', 'A', 'D', 'A', 'A']",A,False,majority,0.6,"{'B': 1, 'A': 3, 'D': 1}",5,0,0.0,2,False,,SVAMP,LAMA-3.2-3B
360,guided,360,"What does a person from Avalon live in?

Options:
A) pain
B) meaningful work
C) english house
D) cotton candy
E) headache",person,C,"Step 1: Avalon is a place from Arthurian legend, often associated with King Arthur's kingdom.
Step 2: In folklore, Avalon is described as an island where magical healing occurs.
Step 3: Given its association with healing, it's unlikely that someone would ""live"" there in the classical sense, but rather might receive treatment or reside temporarily for recovery.
Best answer: A because Avalon is known for its healing properties.","['A', 'C', 'C', 'A', 'A']",A,False,majority,0.6,"{'A': 3, 'C': 2}",5,2,0.4,2,False,,SVAMP,LAMA-3.2-3B
361,guided,361,"Seafood restaurants are used to draw tourists where?

Options:
A) maine
B) shoe shop
C) city
D) boston
E) coastal cities",seafood restaurant,E,"Step 1: Tourists often visit places known for their seafood, such as coastal areas with access to fresh seafood.
Step 2: Coastal cities typically have ports and proximity to ocean, making them ideal locations for seafood restaurants.
Step 3: Many major cities along coastlines have a high concentration of seafood eateries catering to locals and visitors alike.
Best answer: E because coastal cities usually have an abundance of seafood options.","['E', 'E', 'C', 'E', 'E']",E,True,majority,0.8,"{'E': 4, 'C': 1}",5,4,0.8,1,False,,SVAMP,LAMA-3.2-3B
362,guided,362,"He was on trial for obstructing justice, during which he made a questionable comment and was also found guilty of what?

Options:
A) prosecution
B) getting hurt
C) sweat
D) steam
E) committing perjury",obstructing justice,E,"Step 1: In a court setting, if someone is accused of obstructing justice, it means they tried to interfere with the legal process.
Step 2: Obstructing justice often involves lying under oath, which is known as perjury.
Step 3: Perjury occurs when someone gives false testimony while testifying in court, which can lead to additional charges.
Best answer: E because perjury is a direct consequence of making false statements under oath during a trial.","['A', 'A', 'D', 'B', 'A']",A,False,majority,0.6,"{'A': 3, 'D': 1, 'B': 1}",5,0,0.0,2,False,,SVAMP,LAMA-3.2-3B
363,guided,363,"How does someone go about buying beer?

Options:
A) have no money
B) pants
C) relaxation
D) lose money
E) spend money",buying beer,E,"Step 1: To buy beer, one typically needs access to a place where beer is sold, such as a store or bar.
Step 2: In most places, you need to have some form of payment, like cash or credit cards, to purchase items including beer.
Step 3: Having ""spend money"" implies that you have funds available for buying, which is necessary for making a purchase like buying beer.
Best answer: E because you must have money to buy beer.","['E', 'E', 'E', 'E', 'E']",E,True,majority,1.0,{'E': 5},5,5,1.0,0,False,,SVAMP,LAMA-3.2-3B
364,guided,364,"Sally thought that competing wasn't worth the risk. If she pushed more what might happen?

Options:
A) pressure
B) trying harder
C) put harder
D) enemies
E) death",competing,E,"Step 1: When someone says ""I think competing isn't worth it,"" they're expressing that they believe the potential benefits don't outweigh the risks associated with competing.
Step 2: If Sally pushes harder, she may face increased pressure from others, such as her peers, teachers, or even herself, to perform better.
Step 3: This could lead to stress, anxiety, and potentially even burnout if she can't meet expectations.
Best answer: D because pushing harder would likely lead to more stress and pressure from others.","['A', 'A', 'B', 'A', 'A']",A,False,majority,0.8,"{'A': 4, 'B': 1}",5,0,0.0,1,False,,SVAMP,LAMA-3.2-3B
365,guided,365,"What would encourage someone to continue playing tennis?

Options:
A) becoming tired
B) tennis elbow
C) exercise
D) hunger
E) victory",playing tennis,E,"Step 1: Exercise is known to improve physical fitness, which can enhance athletic performance in sports like tennis.
Step 2: Regular exercise also boosts motivation and confidence, making individuals more likely to continue participating in activities they enjoy.
Step 3: Many professional tennis players attribute their success to a rigorous exercise routine that includes tennis-specific training.
Best answer: C because exercise is widely recognized as a key factor in maintaining physical fitness and motivation for athletes.","['C', 'C', 'C', 'C', 'C']",C,False,majority,1.0,{'C': 5},5,0,0.0,0,False,,SVAMP,LAMA-3.2-3B
366,guided,366,"The pitcher felt stress and tension on the mound, what did he feel like?

Options:
A) desert
B) baseball field
C) hell
D) baseball diamond
E) baseball stadium",mound,C,"Step 1: A pitcher in baseball is typically under pressure to perform well, as their performance directly affects the outcome of the game.
Step 2: The phrase ""on the mound"" refers to the pitcher's position on the field, not an emotional state.
Step 3: Feeling ""stress and tension"" is a common emotional response to high-pressure situations like this one.
Best answer: C because ""hell"" is an idiomatic expression for extreme emotional distress.","['C', 'C', 'C', 'C', 'C']",C,True,majority,1.0,{'C': 5},5,5,1.0,0,False,,SVAMP,LAMA-3.2-3B
367,guided,367,"Where would walk through a central passage to catch an elevator?

Options:
A) tomb
B) arena
C) access rooms
D) public building
E) house",central passage,D,"Step 1: An elevator is typically found in buildings designed for multiple floors, such as offices, hotels, or apartments.
Step 2: Accessing an elevator usually requires going through a central area like a lobby, foyer, or hallway that connects various rooms within the building.
Step 3: Among the given options, only one fits this description: a public building with multiple floors and a central passage for accessing different rooms.
Best answer: D because it's where you'd find an elevator in most office buildings.","['D', 'D', 'D', 'D', 'D']",D,True,majority,1.0,{'D': 5},5,5,1.0,0,False,,SVAMP,LAMA-3.2-3B
368,guided,368,"I couldn't find anybody who recalled the event, what were they adroit at doing?

Options:
A) question authority
B) act fool
C) wash dishes
D) act innocent
E) forget",anybody,E,"Step 1: Being ""adroit"" means having skill or dexterity in a particular activity.
Step 2: People who are good at recalling events are likely to be skilled at remembering information, which requires mental acuity and organization.
Step 3: Those who are skilled at remembering events are less likely to forget them, as they have a stronger memory.
Best answer: A because recalling an event requires mental acuity and organizational skills, which are associated with being able to question authority.","['E', 'E', 'A', 'A', 'A']",A,False,majority,0.6,"{'E': 2, 'A': 3}",5,2,0.4,2,False,,SVAMP,LAMA-3.2-3B
369,guided,369,"What is it called when you are talking to someone?

Options:
A) communication
B) quiet
C) boredom
D) persuaded
E) learn",talking to,A,"Step 1: When interacting with another person, we typically exchange information back and forth using verbal or non-verbal cues.
Step 2: This exchange involves sharing thoughts, ideas, opinions, or messages with the other person.
Step 3: The process of sharing information with someone else is known as conversation, which falls under the broader category of communication.
Best answer: A because it directly refers to exchanging information with another person.","['A', 'A', 'A', 'A', 'A']",A,True,majority,1.0,{'A': 5},5,5,1.0,0,False,,SVAMP,LAMA-3.2-3B
370,guided,370,"The man flew his airplane over the city and saw pollution visibly in the sky, what was polluted?

Options:
A) forest
B) street
C) air
D) caused by humans
E) car show",pollution,C,"Step 1: Airplanes fly through the atmosphere, which surrounds the Earth.
Step 2: The visible pollution seen from the airplane would likely be particles or gases released into the air.
Step 3: Human activities such as burning fossil fuels, industrial processes, and vehicle emissions contribute to air pollution.
Best answer: C because airplanes fly through the atmosphere, where pollution occurs.","['C', 'D', 'C', 'D', 'D']",D,False,majority,0.6,"{'C': 2, 'D': 3}",5,2,0.4,2,False,,SVAMP,LAMA-3.2-3B
371,guided,371,"John loved his snake.  It was the only ting he loved. He hated everyone else and was abrasive to most people, but he loved his snake.   How might you describe the snake?

Options:
A) sun itself
B) tropical forest
C) pet
D) rude
E) sharp",snake,C,"Step 1: Since John's affection for his snake is extreme and exclusive, we can infer that the snake holds sentimental value to him.
Step 2: People who form strong emotional bonds with objects are often referred to as having a ""pet"".
Step 3: Given that John's behavior towards others is abrasive, but he shows affection towards his snake, it's reasonable to conclude that the snake is his pet.
Best answer: C because people who form strong emotional attachments with objects are commonly called pets.","['C', 'C', 'C', 'C', 'C']",C,True,majority,1.0,{'C': 5},5,5,1.0,0,False,,SVAMP,LAMA-3.2-3B
372,guided,372,"What to kids do for boredom on a ramp?

Options:
A) watch film
B) fire game
C) hang out at bar
D) go skiing
E) skateboard",boredom,E,"Step 1: Children often engage in physical activities when they're feeling bored, as it helps burn off excess energy.
Step 2: Skating is a popular pastime among kids, especially those who enjoy thrill-seeking behaviors like riding down ramps.
Step 3: Given that many parks have ramps for skateboarding, it's likely that kids would choose this option over others that require adult supervision or are not typically done by children.
Best answer: E because it's an activity commonly associated with kids' leisure time.","['E', 'E', 'E', 'E', 'E']",E,True,majority,1.0,{'E': 5},5,5,1.0,0,False,,SVAMP,LAMA-3.2-3B
373,guided,373,"What is the word added to Manchester that signifies what county it is in?

Options:
A) england
B) united kingdome
C) lancashire
D) greater manchester
E) cheshire",manchester,D,"Step 1: Manchester is a city in northwest England, part of the North West region.
Step 2: Historically, counties were used to divide England into administrative areas before being replaced by metropolitan boroughs.
Step 3: Among the given options, only one directly references both the city name and its geographical location within England.
Best answer: C because it specifically mentions ""lancashire"", which was an old county that included Manchester before being merged with other areas to form Greater Manchester.","['D', 'C', 'D', 'C', 'C']",C,False,majority,0.6,"{'D': 2, 'C': 3}",5,2,0.4,2,False,,SVAMP,LAMA-3.2-3B
374,guided,374,"What do you do when you're in a new place and want to see new things?

Options:
A) interesting
B) look around
C) take pictures
D) change of surroundings
E) new experience",see new,B,"Step 1: When exploring a new place, people typically want to gather information about their surroundings.
Step 2: Looking around allows them to observe details such as architecture, artwork, or local customs that might not be immediately apparent from reading about the location beforehand.
Step 3: Taking pictures could be done later, but it's not the first step when arriving at a new place.
Step 4: Changing surroundings isn't an action taken while in a new place; it's what happens when leaving.
Step 5: Having a new experience requires time and engagement with the environment, which comes after initial observation.
Best answer: B because looking around is the first step in gathering information about a new location.","['B', 'B', 'B', 'B', 'B']",B,True,majority,1.0,{'B': 5},5,5,1.0,0,False,,SVAMP,LAMA-3.2-3B
375,guided,375,"The hostess was good at her job, she always had a smile when she would what?

Options:
A) group people
B) ready parlor for guests
C) welcome guests
D) work room
E) park",hostess,C,"Step 1: A hostess typically greets guests at the entrance of a home or establishment.
Step 2: A welcoming gesture involves making contact with others, such as shaking hands, smiling, or saying hello.
Step 3: Since the hostess was known for having a smile, it's logical that she would use this expression when interacting with guests.
Best answer: C because a hostess's primary role includes greeting visitors.","['C', 'C', 'C', 'C', 'C']",C,True,majority,1.0,{'C': 5},5,5,1.0,0,False,,SVAMP,LAMA-3.2-3B
376,guided,376,"This is an unavoidable physiological consequence of running.  What is it?

Options:
A) breathlessness
B) increased heart rate
C) falling down
D) muscle bulk
E) calluses",running,B,"Step 1: When you run, your body needs oxygen to generate energy for your muscles.
Step 2: If you don't have enough oxygen, your body will try to compensate by increasing blood flow to your lungs.
Step 3: This increased blood flow causes your heart to beat faster, which is known as an increased heart rate.
Best answer: B because an elevated heart rate is a direct physiological response to lack of oxygen during intense physical activity like running.","['B', 'B', 'B', 'B', 'B']",B,True,majority,1.0,{'B': 5},5,5,1.0,0,False,,SVAMP,LAMA-3.2-3B
377,guided,377,"Where does a child likely sit at a desk?

Options:
A) furniture store
B) schoolroom
C) patio
D) office building
E) library",desk,B,"Step 1: Schools typically have designated areas for learning and studying.
Step 2: Desks are commonly found in these learning spaces to hold school supplies and papers.
Step 3: Patios, furniture stores, office buildings, and libraries usually don't have rows of desks for individual students.
Best answer: B because schools have dedicated spaces with multiple desks for students to work together.","['B', 'B', 'B', 'B', 'B']",B,True,majority,1.0,{'B': 5},5,5,1.0,0,False,,SVAMP,LAMA-3.2-3B
378,guided,378,"What is made up of people?

Options:
A) buildings
B) audience
C) apartment
D) classroom
E) falling down",people,B,"Step 1: An ""audience"" refers to a group of people who listen to or watch something, such as a speech, performance, or presentation.
Step 2: An ""audience"" typically consists of multiple individuals gathered together in one place.
Step 3: This contrasts with other options like ""building"", ""apartment"", and ""classroom"", which are structures where people may be found but don't necessarily imply a gathering of people.
Best answer: B because an audience is defined as a group of people.","['B', 'B', 'B', 'B', 'B']",B,True,majority,1.0,{'B': 5},5,5,1.0,0,False,,SVAMP,LAMA-3.2-3B
379,guided,379,"He kept plugging away in his cubicle, it seemed he was the only person not called into the what?

Options:
A) building
B) conference
C) assessment
D) demonstration
E) garage",person,B,"Step 1: In an office setting, meetings are commonly held in designated rooms for group discussions.
Step 2: The term ""assessment"" typically refers to an evaluation or examination, often requiring multiple participants.
Step 3: Given that assessments usually involve several people, it's unlikely that one person would be left out of such an event.
Best answer: B because meetings are typically group events requiring multiple attendees.","['B', 'B', 'B', 'B', 'B']",B,True,majority,1.0,{'B': 5},5,5,1.0,0,False,,SVAMP,LAMA-3.2-3B
380,guided,380,"Everybody began performing once their director stated what?

Options:
A) fear
B) injury
C) happiness
D) action
E) cut",performing,D,"Step 1: In filmmaking, the director gives instructions to the actors before filming starts.
Step 2: These instructions guide the actors' performances during the shoot.
Step 3: If the director says ""cut,"" it means they stop the filming immediately, indicating an end to an action sequence.
Best answer: E because ""cut"" is a command used to halt filming.","['E', 'E', 'D', 'E', 'E']",E,False,majority,0.8,"{'E': 4, 'D': 1}",5,1,0.2,1,False,,SVAMP,LAMA-3.2-3B
381,guided,381,"If while driving to work another car makes a careless maneuver, what emotion might you feel?

Options:
A) boredom
B) happiness
C) transportation cost
D) getting there
E) road rage",driving to work,E,"Step 1: When someone else drives recklessly, it can disrupt our own pace and increase stress levels.
Step 2: This disruption can lead to feelings of frustration, which are commonly associated with anger.
Step 3: Road rage is a strong emotion characterized by intense anger while driving, often resulting from aggressive behavior by another driver.
Best answer: E because road rage is a direct consequence of another driver's careless action.","['E', 'E', 'E', 'E', 'E']",E,True,majority,1.0,{'E': 5},5,5,1.0,0,False,,SVAMP,LAMA-3.2-3B
382,guided,382,"When a person is beginning work, what are they building?

Options:
A) time
B) accomplishing
C) working
D) momentum
E) tiredness",beginning work,D,"Step 1: When someone starts doing something new, they typically start with an initial action or effort.
Step 2: This action is often referred to as ""starting"" or ""initiating"" the process.
Step 3: The term that best fits this description is ""working"", as it directly relates to performing tasks or engaging in productive activities.
Best answer: C because it directly describes the initial stage of engaging in an activity.","['C', 'C', 'C', 'C', 'C']",C,False,majority,1.0,{'C': 5},5,0,0.0,0,False,,SVAMP,LAMA-3.2-3B
383,guided,383,"A mountie got off at a subway stop.  What city might he be in?

Options:
A) urban area
B) metropolis
C) chicago
D) new york city
E) toronto",subway stop,E,"Step 1: Mounties are Canadian police officers, and Toronto has a large police force called the Toronto Police Service.
Step 2: New York City also has a large police force, but it's called the NYPD (New York City Police Department).
Step 3: Chicago's police department is called the Chicago Police Department, not ""mountie"".
Best answer: E because Toronto has ""mounties"", a nickname for the Royal Canadian Mounted Police.","['A', 'C', 'C', 'E', 'E']",C,False,refiner_tiebreak,0.5,"{'A': 1, 'C': 2, 'E': 2}",6,2,0.3333,3,True,False,SVAMP,LAMA-3.2-3B
384,guided,384,"What does someone do to relax at night?

Options:
A) find time
B) check mail
C) listen to music
D) go to bed
E) stop worrying",relax,D,"Step 1: Humans typically need sleep as part of their daily routine for physical and mental restoration.
Step 2: Going to bed is a common activity that precedes sleep, as it prepares the body for rest.
Step 3: Most people associate going to bed with winding down before sleep, making it an obvious choice for relaxation.
Best answer: D because it's a widely accepted practice among humans to go to bed at night.","['D', 'D', 'D', 'D', 'D']",D,True,majority,1.0,{'D': 5},5,5,1.0,0,False,,SVAMP,LAMA-3.2-3B
385,guided,385,"There was many a bottle to choose from behind the cashier where?

Options:
A) grocery store
B) diaper bag
C) gas station
D) liquor store
E) medicine cabinet",bottle,D,"Step 1: Typically, people buy bottles of liquor at a place that sells alcoholic beverages.
Step 2: Liquor stores specialize in selling alcoholic drinks, not groceries, diapers, gas, or medications.
Step 3: Diaper bags are used for carrying babies' essentials, not bottles of liquor.
Best answer: D because it's where you'd find bottles of liquor.","['C', 'D', 'A', 'C', 'A']",A,False,refiner_tiebreak,0.5,"{'C': 2, 'D': 1, 'A': 2}",6,1,0.1667,3,True,False,SVAMP,LAMA-3.2-3B
386,guided,386,"Why does someone want to examine thing closely?

Options:
A) buy
B) learn about
C) buy
D) complex
E) interesting",examine thing,B,"Step 1: People often examine things to gather information about their properties, composition, or functionality.
Step 2: This process helps them decide whether to purchase, use, or discard the item.
Step 3: Examining something closely allows individuals to assess its quality, durability, and potential value.
Best answer: B because examining something closely is typically done to acquire knowledge about it.","['B', 'B', 'B', 'B', 'B']",B,True,majority,1.0,{'B': 5},5,5,1.0,0,False,,SVAMP,LAMA-3.2-3B
387,guided,387,"What is the result of applying for  job?

Options:
A) anxiety and fear
B) increased workload
C) praise
D) less sleep
E) being employed",applying for job,E,"Step 1: Applying for a job typically involves submitting an application, which includes providing information about oneself.
Step 2: This process often requires preparation, research about the company, and tailoring one's resume and cover letter accordingly.
Step 3: If successful, receiving an offer would likely lead to further interviews, negotiations, and eventually becoming employed.
Best answer: E because that's the desired outcome for most applicants.","['E', 'E', 'D', 'E', 'D']",E,True,majority,0.6,"{'E': 3, 'D': 2}",5,3,0.6,2,False,,SVAMP,LAMA-3.2-3B
388,guided,388,"Where are  you likely to find a hamburger?

Options:
A) fast food restaurant
B) pizza
C) ground up dead cows
D) mouth
E) cow carcus",hamburger,A,"Step 1: Humans typically consume hamburgers as food, which means they need to produce them first.
Step 2: Fast food restaurants prepare and serve hamburgers to customers.
Step 3: Restaurants obtain ingredients like ground meat (usually beef) from suppliers like butcher shops or factories that process animal carcasses.
Best answer: A because fast food restaurants are places where people buy prepared hamburgers.","['A', 'A', 'A', 'A', 'A']",A,True,majority,1.0,{'A': 5},5,5,1.0,0,False,,SVAMP,LAMA-3.2-3B
389,guided,389,"What does the sky do before a rain?

Options:
A) appear beautiful
B) appear blue
C) shows a rainbow
D) rain water
E) cloud over",sky,E,"Step 1: Clouds form when water vapor in the air condenses into visible liquid droplets.
Step 2: These droplets scatter sunlight, giving the sky its blue appearance.
Step 3: Before the droplets combine to create precipitation (rain), the sky typically looks clear or partly cloudy, not necessarily showing a rainbow or producing rainwater immediately.
Best answer: E because clouds are what precede actual precipitation.","['D', 'E', 'D', 'E', 'E']",E,True,majority,0.6,"{'D': 2, 'E': 3}",5,3,0.6,2,False,,SVAMP,LAMA-3.2-3B
390,guided,390,"The rats were hiding in the house, where were they?

Options:
A) sewers
B) laboratory
C) basement
D) clinic
E) cellar",rats,E,"Step 1: Rats are known to infest homes through various means such as holes in walls, pipes, or open doors.
Step 2: Basements often have access points like pipes, vents, and holes that allow rodents to enter.
Step 3: Given these common entry points, it's likely that the rats found their way into the basement.
Best answer: C because basements provide easy access for rodents to enter homes.","['C', 'C', 'C', 'C', 'C']",C,False,majority,1.0,{'C': 5},5,0,0.0,0,False,,SVAMP,LAMA-3.2-3B
391,guided,391,"What does a successful dog grooming session likely to make a owner feel?

Options:
A) cleanliness
B) mistakes
C) growth
D) satisfaction
E) late",grooming,D,"Step 1: A successful grooming session typically involves removing dirt, tangles, and other impurities from the dog's coat.
Step 2: When these impurities are removed, the dog's appearance improves, making it look healthier and more presentable.
Step 3: As a result, the owner is more likely to perceive their dog as clean and well-cared for, leading to positive emotions such as satisfaction.
Best answer: D because a clean dog is often associated with a sense of pride and contentment in pet ownership.","['D', 'D', 'D', 'D', 'D']",D,True,majority,1.0,{'D': 5},5,5,1.0,0,False,,SVAMP,LAMA-3.2-3B
392,guided,392,"What attraction is sometimes so large that you need a map to find your way around?

Options:
A) amusement park
B) truck stop
C) mcdonalds
D) backpack
E) classroom",map,A,"Step 1: An amusement park typically has many rides, shows, and attractions spread out over a large area.
Step 2: This would make navigation difficult without a guide, as there are numerous choices for visitors to explore.
Step 3: In contrast, a truck stop, McDonald's, backpack, and classroom are relatively small in scale and wouldn't require mapping.
Best answer: A because an amusement park's size necessitates using a map for orientation.","['A', 'A', 'A', 'A', 'A']",A,True,majority,1.0,{'A': 5},5,5,1.0,0,False,,SVAMP,LAMA-3.2-3B
393,guided,393,"The child wasn't allowed in the kitchen but still wanted to help, what could it do to help in the dining room?

Options:
A) set table
B) form opinions
C) make honey
D) become adult
E) gather flowers",child,A,"Step 1: Since the child wasn't allowed in the kitchen, they can't perform tasks that require access to kitchen appliances or ingredients.
Step 2: Setting the table involves gathering utensils, plates, and other items typically found in the kitchen, so this task also requires kitchen access.
Step 3: Forming opinions isn't related to physical actions, and gathering flowers isn't relevant to setting the table either.
Step 4: Becoming an adult takes time and development, not something that can be done immediately.
Step 5: All these options except one don't involve using objects or performing a specific action related to setting the table.
Best answer: A because setting the table involves preparing for eating, which requires gathering items usually kept in the kitchen.","['D', 'C', 'D', 'D', 'A']",D,False,majority,0.6,"{'D': 3, 'C': 1, 'A': 1}",5,1,0.2,2,False,,SVAMP,LAMA-3.2-3B
394,guided,394,"Where would you keep an ottoman near your front door?

Options:
A) living room
B) parlor
C) furniture store
D) basement
E) kitchen",ottoman,A,"Step 1: Ottomans are typically used as additional seating or footrests.
Step 2: In most homes, the living areas have more seating options like sofas and chairs.
Step 3: Basements often have limited space for furniture that requires comfort and aesthetic appeal.
Best answer: A because it's a common placement for an ottoman to provide extra seating in a living room.","['D', 'A', 'D', 'D', 'D']",D,False,majority,0.8,"{'D': 4, 'A': 1}",5,1,0.2,1,False,,SVAMP,LAMA-3.2-3B
395,guided,395,"Where would you get some wood if you do not have any?

Options:
A) carpet
B) boat
C) river
D) lumberyard
E) synagogue",wood,D,"Step 1: A lumberyard sells wood products, including raw materials like logs and planks.
Step 2: You can buy wood from a lumberyard, as it's a place where people go to purchase building materials.
Step 3: Carrying wood from a river would require effort and isn't a typical way to obtain it; boats might carry people, but not necessarily wood.
Step 4: A carpet is not a source of wood; it's a type of flooring material made from fibers.
Step 5: Synagogues are houses of worship, not places where you buy materials like wood.
Best answer: D because a lumberyard is where you'd find wood for sale.","['D', 'D', 'D', 'D', 'A']",D,True,majority,0.8,"{'D': 4, 'A': 1}",5,4,0.8,1,False,,SVAMP,LAMA-3.2-3B
396,guided,396,"Eating breakfast in bed while seeing a homeless person shivering outside your window may cause you to what?

Options:
A) mess
B) hungry
C) feel guilty
D) indigestion
E) spills",eating breakfast in bed,C,"Step 1: Seeing someone in need can evoke emotions such as sympathy and empathy.
Step 2: These emotions often lead to a desire to help or assist others.
Step 3: Engaging with the person, like offering food or conversation, can create a sense of connection and responsibility.
Best answer: C because feeling guilty is a common emotional response to witnessing someone in distress.","['C', 'C', 'C', 'C', 'C']",C,True,majority,1.0,{'C': 5},5,5,1.0,0,False,,SVAMP,LAMA-3.2-3B
397,guided,397,"In what country are the most fast food restaurants?

Options:
A) new york
B) blocks of flats
C) center of town
D) america
E) big cities",fast food restaurant,D,"Step 1: Fast food chains like McDonald's, KFC, and Burger King have a strong presence globally, particularly in urban areas with high population densities.
Step 2: Among the given options, ""big cities"" encompasses various urban centers across different countries, increasing the likelihood of having multiple fast food establishments within one place.
Step 3: While some fast food chains may also exist in other types of locations like shopping malls or near highways, ""big cities"" is the most inclusive category that covers a broad range of possibilities for fast food presence.
Best answer: E because it includes all types of urban settings where fast food restaurants tend to congregate.","['E', 'E', 'E', 'E', 'E']",E,False,majority,1.0,{'E': 5},5,0,0.0,0,False,,SVAMP,LAMA-3.2-3B
398,guided,398,"The music was festive but why are the horses dancing in circles

Options:
A) carnival
B) night club
C) theatre
D) opera
E) ringmaster",music,A,"Step 1: A ringmaster is known for controlling animals, such as performing clowns with trained animals like horses.
Step 2: Carnivals often feature trained animals like horses for entertainment purposes.
Step 3: The term ""ringmaster"" implies a controlled environment with a specific setup, like a big top tent.
Best answer: A because it's a common setting for animal performances at carnivals.","['A', 'E', 'A', 'A', 'A']",A,True,majority,0.8,"{'A': 4, 'E': 1}",5,4,0.8,1,False,,SVAMP,LAMA-3.2-3B
399,guided,399,"The electricity went out and everyone was shrouded in darkness.  They all remained in their seats, because it would have been dangerous to try to find there way out.  Where mihgt they have been?

Options:
A) opera
B) concert
C) basement
D) bedroom
E) grand canyon",electricity,A,"Step 1: When an electricity outage occurs, people typically turn off electronic devices and use flashlights or candles for lighting.
Step 2: In most homes, basements are located below ground level, making it difficult to navigate without proper lighting.
Step 3: Given the darkness and potential hazards, it's unlikely that someone would attempt to exit through the basement without assistance.
Best answer: C because basements are often poorly lit and hard to access during an outage.","['C', 'B', 'C', 'C', 'C']",C,False,majority,0.8,"{'C': 4, 'B': 1}",5,0,0.0,1,False,,SVAMP,LAMA-3.2-3B
400,guided,400,"The person tried to reduce his weight with a shrink ray, but he got it backwards and only did what?

Options:
A) grow
B) gain weight
C) make larger
D) augment
E) get bigger",reduce,C,"Step 1: If someone uses a ""shrink"" device, they expect it to decrease their size, not increase it.
Step 2: The term ""reduce"" implies decreasing something, so using a ""shrink"" ray would logically lead to shrinking, not growing.
Step 3: All other options (A, C, D, E) imply an increase in size, which contradicts the intended effect of the device.
Best answer: A because it's the only option that aligns with the expected outcome of using a ""shrink"" device.","['A', 'A', 'A', 'A', 'A']",A,False,majority,1.0,{'A': 5},5,0,0.0,0,False,,SVAMP,LAMA-3.2-3B
401,guided,401,"What is the main purpose of having a bath?

Options:
A) cleanness
B) wetness
C) exfoliation
D) use water
E) hygiene",having bath,A,"Step 1: Humans need to remove dirt, sweat, and bacteria from their skin to stay healthy.
Step 2: Bathing is an effective way to achieve this by using water to wash away impurities.
Step 3: While options A, B, and D are related to bathing, they're not its primary purpose; C (exfoliation) is also not the main goal, as it's just one benefit of some types of bathing.
Step 4: Hygiene is the overarching reason for bathing, making it the correct choice.
Best answer: E because hygiene is the main reason for bathing.","['E', 'E', 'E', 'E', 'E']",E,False,majority,1.0,{'E': 5},5,0,0.0,0,False,,SVAMP,LAMA-3.2-3B
402,guided,402,"The child was getting many gifts for his birthday, his father reminded him to do what after opening each one?

Options:
A) show appreciation
B) asking for
C) exchanging
D) say thank
E) smile",getting,D,"Step 1: When receiving gifts, it's customary to express gratitude towards the giver as a sign of politeness and appreciation.
Step 2: Saying ""thank you"" is a common way to acknowledge someone's generosity in many cultures worldwide.
Step 3: This response helps maintain good relationships with family members, especially parents, who often give gifts to show love and care.
Best answer: D because saying ""thank you"" is an expected reaction when receiving gifts from others.","['B', 'D', 'D', 'A', 'D']",D,True,majority,0.6,"{'B': 1, 'D': 3, 'A': 1}",5,3,0.6,2,False,,SVAMP,LAMA-3.2-3B
403,guided,403,"Joe's cat smelled something delicious and jumped into this, causing him to panic and fear for its life. Where might it have jumped?

Options:
A) meat loaf
B) bedroom
C) microwave
D) living room
E) floor",cat,C,"Step 1: Cats often jump onto surfaces to escape danger or investigate interesting smells.
Step 2: Since the cat panicked and feared its life, it's likely that the smell was threatening or unpleasant.
Step 3: Microwaves produce strong, unfamiliar odors when cooking food, which could scare a cat.
Best answer: C because microwaves can produce strong, unpredictable smells that might frighten a cat.","['C', 'C', 'C', 'C', 'C']",C,True,majority,1.0,{'C': 5},5,5,1.0,0,False,,SVAMP,LAMA-3.2-3B
404,guided,404,"What very large group of western citizens has bees everywhere?

Options:
A) united states
B) space station
C) trash can
D) field of flowers
E) bouquet of flowers",bee,A,"Step 1: Bees are known to be attracted to flowers for nectar and pollen.
Step 2: A field of flowers would provide an abundance of nectar sources, making it an ideal location for bees.
Step 3: This setup would allow bees to gather food efficiently, resulting in a large population.
Best answer: D because a field of flowers is a common place where bees collect nectar and pollen.","['A', 'D', 'D', 'D', 'A']",D,False,majority,0.6,"{'A': 2, 'D': 3}",5,2,0.4,2,False,,SVAMP,LAMA-3.2-3B
405,guided,405,"Where would you find a basement that can be accessed with an elevator?

Options:
A) eat cake
B) closet
C) church
D) office building
E) own house",basement,D,"Step 1: An elevator is typically found in structures designed for multiple floors, such as skyscrapers or large commercial buildings.
Step 2: Basements are usually located beneath the main living spaces of these types of buildings.
Step 3: Most residential homes do not have elevators, but some may have one in a multi-story structure like an apartment complex within an office building.
Best answer: D because office buildings often have elevators to serve multiple floors, including basements.","['D', 'D', 'D', 'D', 'D']",D,True,majority,1.0,{'D': 5},5,5,1.0,0,False,,SVAMP,LAMA-3.2-3B
406,guided,406,"What must a student in engineering do?

Options:
A) answer question
B) learn language
C) do mathematics
D) be able to count
E) begin to study",student,C,"Step 1: Students typically pursue higher education programs like engineering after completing their secondary education.
Step 2: As part of this process, they usually enroll in college courses that prepare them for their chosen field.
Step 3: One key requirement for admission to many engineering programs is having a strong foundation in mathematics, which includes learning various mathematical concepts and techniques.
Best answer: C because engineers rely heavily on mathematical principles to design, analyze, and solve problems.","['C', 'C', 'C', 'C', 'C']",C,True,majority,1.0,{'C': 5},5,5,1.0,0,False,,SVAMP,LAMA-3.2-3B
407,guided,407,"Who is a police officer likely to work for?

Options:
A) beat
B) direct traffic
C) city
D) street
E) president",police officer,C,"Step 1: Police officers are responsible for enforcing laws and maintaining order within a specific geographic area.
Step 2: The term ""beat"" refers to a designated area that a police officer patrols, such as a neighborhood or district.
Step 3: This suggests that being assigned to a ""beat"" implies working directly with the community in that specific location.
Best answer: A because it directly relates to the job duties and responsibilities of a police officer.","['C', 'A', 'A', 'B', 'A']",A,False,majority,0.6,"{'C': 1, 'A': 3, 'B': 1}",5,1,0.2,2,False,,SVAMP,LAMA-3.2-3B
408,guided,408,"The princess was pure, the evil wizard wished to do what to her?

Options:
A) dirty
B) tarnish
C) corrupt
D) contaminated
E) applied",pure,C,"Step 1: In fairy tales, ""pure"" often refers to moral innocence, especially for young female characters like princesses.
Step 2: The evil wizard's actions are typically malevolent and aimed at breaking someone's innocence or virtue.
Step 3: ""Tarnish"" implies a gradual loss of shine or purity without completely destroying it, fitting for an evil plan to undermine the princess's moral state.
Best answer: B because ""tarnish"" suggests a subtle, insidious process that aligns with the wizard's malevolent intentions.","['B', 'B', 'B', 'B', 'B']",B,False,majority,1.0,{'B': 5},5,0,0.0,0,False,,SVAMP,LAMA-3.2-3B
409,guided,409,"Where would you expect to find a dictionary along side other writings you can borrow?

Options:
A) classroom
B) shelf
C) explain meaning of words
D) table
E) library",dictionary,E,"Step 1: A dictionary is a reference book used for looking up word definitions and synonyms.
Step 2: Libraries typically have many books, including reference materials like dictionaries.
Step 3: Classrooms usually have desks and chairs, but not necessarily shelves for storing books like libraries do.
Best answer: E because libraries are designed to house collections of books, including dictionaries.","['D', 'E', 'E', 'D', 'E']",E,True,majority,0.6,"{'D': 2, 'E': 3}",5,3,0.6,2,False,,SVAMP,LAMA-3.2-3B
410,guided,410,"I want to use string to keep something from moving, how should I do it?

Options:
A) tie around
B) wind around
C) weave
D) stringbed
E) ball up",string,A,"Step 1: To prevent movement, we need to restrict freedom of action. Tying, weaving, and balling up would not effectively restrain something since they allow for some flexibility.
Step 2: Stringing something around an object would likely keep it attached but might not prevent movement if the string is too loose.
Step 3: The most effective way to immobilize an object is by wrapping it around itself, creating a secure loop that cannot be easily untangled.
Best answer: C because weaving creates a tight, secure enclosure.","['A', 'C', 'A', 'C', 'C']",C,False,majority,0.6,"{'A': 2, 'C': 3}",5,2,0.4,2,False,,SVAMP,LAMA-3.2-3B
411,guided,411,"What might someone believe in if they are cleaning clothes?

Options:
A) feminism
B) sanitation
C) ruined
D) wrinkles
E) buttons to fall off",cleaning clothes,B,"Step 1: When doing laundry, people typically aim to make their clothes look and feel clean.
Step 2: One common goal of ironing clothes is to remove wrinkles caused by creases in fabric.
Step 3: Ironing also helps prevent buttons from coming loose due to wear and tear on stitching.
Best answer: D because ironing aims to remove wrinkles, which can cause other issues like button detachment.","['B', 'D', 'D', 'B', 'D']",D,False,majority,0.6,"{'B': 2, 'D': 3}",5,2,0.4,2,False,,SVAMP,LAMA-3.2-3B
412,guided,412,"What happens when driving?

Options:
A) lack of fuel
B) paint scratching
C) wheels turning
D) tire wear
E) traffic accident",driving,C,"Step 1: If you stop driving, the engine will no longer be using fuel.
Step 2: Without fuel, the engine cannot generate power to keep the vehicle moving.
Step 3: As a result, the vehicle will come to rest, which increases the risk of an accident if not secured properly.
Best answer: A because stopping the car requires running out of fuel.","['A', 'A', 'A', 'A', 'A']",A,False,majority,1.0,{'A': 5},5,0,0.0,0,False,,SVAMP,LAMA-3.2-3B
413,guided,413,"What can machines do that humans cannot?

Options:
A) fail to work
B) perform work
C) answering questions
D) see work
E) fly",machines,E,"Step 1: Machines are defined as devices that use energy to perform tasks automatically, without human intervention.
Step 2: Humans require consciousness, intelligence, and physical presence to perform tasks like answering questions or seeing.
Step 3: While some machines can process information quickly and accurately, they lack creativity, emotional understanding, and common sense, which are essential for tasks like flying.
Best answer: E because humans have biological limitations that prevent them from flying.","['A', 'D', 'D', 'B', 'B']",D,False,coin_flip,0.3333,"{'A': 1, 'D': 2, 'B': 2}",6,1,0.1667,4,True,True,SVAMP,LAMA-3.2-3B
414,guided,414,"He needed more information to fix it, so he consulted the what?

Options:
A) chickens
B) google
C) newspaper
D) online
E) manual",information,E,"Step 1: People often seek additional information when they're unsure about something.
Step 2: In today's digital age, many people use digital tools for research purposes.
Step 3: Given that ""he"" is likely an adult with access to technology, it's reasonable to assume he would use the internet for information.
Best answer: D because most adults with internet access turn to online resources for quick facts.","['B', 'B', 'B', 'B', 'B']",B,False,majority,1.0,{'B': 5},5,0,0.0,0,False,,SVAMP,LAMA-3.2-3B
415,guided,415,"While people just throw coins down them now, what originally had a pail to be lowered for it's intended use?

Options:
A) garage
B) utility room
C) slide
D) wishing well
E) garden",pail,D,"Step 1: A wishing well is typically fed by coins placed in it, which are then collected and possibly used for charitable purposes.
Step 2: Garages, utility rooms, and gardens do not have a mechanism for coin collection.
Step 3: Slides are designed for children to slide down, not for coin collection.
Best answer: D because it's a structure traditionally used to receive donations (coins) for charitable causes.","['E', 'D', 'D', 'A', 'D']",D,True,majority,0.6,"{'E': 1, 'D': 3, 'A': 1}",5,3,0.6,2,False,,SVAMP,LAMA-3.2-3B
416,guided,416,"If a reception is held with hotel guests walking by, what is the likely venue?

Options:
A) room service
B) church basement
C) lobby
D) large room
E) country club",reception,C,"Step 1: A reception typically involves meeting new people, which requires space for mingling and conversation.
Step 2: Hotels have designated areas where guests gather, such as the lobby, to interact with each other.
Step 3: The lobby is usually more accessible to all guests, making it an ideal location for a reception where people can easily move around.
Best answer: C because it's a common practice for hotels to hold receptions in their lobbies.","['C', 'C', 'C', 'C', 'C']",C,True,majority,1.0,{'C': 5},5,5,1.0,0,False,,SVAMP,LAMA-3.2-3B
417,guided,417,"If I wanted to grow plants, where could I put a lot of dirt?

Options:
A) corner
B) street
C) closet
D) garden
E) bathtub",dirt,D,"Step 1: A garden is typically designed for plant growth, with adequate sunlight, water supply, and space for roots to expand.
Step 2: Closets and bathtubs lack sufficient space, light, and proper drainage for plant roots, making them unsuitable.
Step 3: Streets often have heavy foot traffic, pollution, and extreme temperatures, making it difficult to maintain healthy plant growth.
Best answer: D because a garden provides an ideal environment for plant cultivation.","['D', 'D', 'D', 'D', 'D']",D,True,majority,1.0,{'D': 5},5,5,1.0,0,False,,SVAMP,LAMA-3.2-3B
418,guided,418,"Killing people should not cause what emotion?

Options:
A) vengeance
B) going to prison
C) joy
D) afraid
E) terrible",killing people,C,"Step 1: Killing someone typically results in severe social consequences, including legal repercussions.
Step 2: In most societies, taking a human life leads to punishment, such as imprisonment.
Step 3: The act of killing elicits fear, guilt, and remorse in those responsible for the act.
Best answer: D because killing typically evokes fear in those who witness or are affected by it.","['A', 'E', 'D', 'C', 'A']",A,False,majority,0.4,"{'A': 2, 'E': 1, 'D': 1, 'C': 1}",5,1,0.2,3,False,,SVAMP,LAMA-3.2-3B
419,guided,419,"Where would you buy a finely crafted writing instrument?

Options:
A) nasa
B) classroom
C) stationery store
D) purse
E) office supply store",writing instrument,C,"Step 1: People typically purchase writing instruments for personal use, such as school or everyday tasks.
Step 2: Classrooms usually have basic supplies like pens, pencils, and paper, so it's unlikely someone would buy fancy writing instruments there.
Step 3: Offices often carry a variety of writing tools, but they tend to focus on functional items rather than decorative ones.
Best answer: C because stationery stores specialize in selling stationery, including high-quality writing instruments.","['C', 'C', 'C', 'C', 'C']",C,True,majority,1.0,{'C': 5},5,5,1.0,0,False,,SVAMP,LAMA-3.2-3B
420,guided,420,"Where would someone keep their nylon leggings?

Options:
A) stockings
B) rope
C) car
D) clothing
E) drawer",nylon,E,"Step 1: Nylon is a type of fabric commonly used for making clothing, particularly for athletic wear like leggings.
Step 2: Leggings are a specific item of clothing that people wear on their legs.
Step 3: Given that nylon is used to make clothing, it's logical to conclude that someone would store their nylon leggings in a place where other clothes are kept.
Best answer: D because nylon is a material used for clothing.","['D', 'D', 'D', 'D', 'D']",D,False,majority,1.0,{'D': 5},5,0,0.0,0,False,,SVAMP,LAMA-3.2-3B
421,guided,421,"When a group of people are talking at work they might be doing what?

Options:
A) having a concert.
B) cough
C) sharing of ideas
D) speak
E) sneeze",talking,C,"Step 1: In most workplaces, colleagues interact with each other through verbal communication.
Step 2: This interaction typically involves exchanging information, discussing tasks, or resolving issues.
Step 3: Sharing of thoughts and opinions is a common aspect of this process.
Best answer: C because it's a typical way coworkers collaborate and exchange information.","['C', 'D', 'D', 'D', 'D']",D,False,majority,0.8,"{'C': 1, 'D': 4}",5,1,0.2,1,False,,SVAMP,LAMA-3.2-3B
422,guided,422,"If you're buying beer for a float trip what are you preparing to do?

Options:
A) get arrested
B) have fun
C) get sick
D) spend money
E) stupidity",buying beer,B,"Step 1: A float trip typically involves floating on an inflatable raft in a body of water, often with friends or family.
Step 2: Preparing beer for such an activity implies planning a social gathering with drinks.
Step 3: The primary purpose of bringing beer is to consume it while enjoying the experience, which suggests that the goal is to have a good time.
Best answer: B because having fun is the typical outcome of a float trip with beer.","['B', 'B', 'B', 'B', 'B']",B,True,majority,1.0,{'B': 5},5,5,1.0,0,False,,SVAMP,LAMA-3.2-3B
423,guided,423,"While washing clothes they became what when caught on the sharp object?

Options:
A) damaged
B) wet clothes
C) wear out
D) torn
E) have fun",washing clothes,D,"Step 1: Sharp objects can cut through fabrics easily due to their pointed edges.
Step 2: If something sharp is used to catch clothes, it's likely that the clothes will suffer some kind of physical damage.
Step 3: Among the given options, ""torn"" implies a specific type of damage caused by a sharp object, making it the most plausible outcome.
Best answer: D because sharp objects can tear fabrics.","['D', 'D', 'D', 'D', 'D']",D,True,majority,1.0,{'D': 5},5,5,1.0,0,False,,SVAMP,LAMA-3.2-3B
424,guided,424,"Batman bought beer.  There were no bottles available.  He had to settle for what?.

Options:
A) shelf
B) soccer game
C) keg
D) can
E) refrigerator",beer,D,"Step 1: Since there were no bottles, we need to consider alternative containers for beer.
Step 2: A keg is a large container specifically designed to hold and dispense beer, making it a suitable option when bottles are not available.
Step 3: Shelves typically hold general merchandise, not beverages; refrigerators store perishable items like food and drinks but don't dispense them; and soccer games aren't related to beer purchase.
Best answer: C because a keg is an appropriate container for storing and serving beer.","['C', 'C', 'C', 'C', 'C']",C,False,majority,1.0,{'C': 5},5,0,0.0,0,False,,SVAMP,LAMA-3.2-3B
425,guided,425,"To get clean clothes you to what to them?

Options:
A) get dirty
B) writing
C) use water
D) launder
E) soap",clean clothes,D,"Step 1: People typically need clean clothes for hygiene and social acceptance.
Step 2: Washing clothes involves removing dirt, stains, and odors to restore their original appearance.
Step 3: The process of making clothes clean requires applying a substance that breaks down dirt and grime.
Best answer: E because soap is commonly used as a cleaning agent for washing clothes.","['D', 'D', 'D', 'D', 'D']",D,True,majority,1.0,{'D': 5},5,5,1.0,0,False,,SVAMP,LAMA-3.2-3B
426,guided,426,"Danny found that the carpet did not ,match the drapes, which was disappointing, because this place was expensive.  But it was the only place in town that wasn't booked solid for the week and he needed it while he was in town, so he couldn't complain.   Where might this place be?

Options:
A) brothel
B) restaurant
C) building
D) bowling alley
E) at hotel",carpet,E,"Step 1: The fact that the carpet didn't match the drapes suggests an establishment where people would expect some level of luxury or formality.
Step 2: Considering the context of needing a specific room for an extended period, it's unlikely to be a public place like a restaurant (B) or a brothel (A), as they wouldn't typically have private rooms available for long-term stays.
Step 3: Given that it's a place with expensive amenities and requires advance booking, it's more probable that it's an accommodation service, such as a hotel (E).
Best answer: E because hotels often have various rooms with matching decor and require advance reservations.","['E', 'E', 'E', 'E', 'E']",E,True,majority,1.0,{'E': 5},5,5,1.0,0,False,,SVAMP,LAMA-3.2-3B
427,guided,427,"Running errands with screaming kids will likely cause what?

Options:
A) efficiency
B) insanity
C) aggravation
D) tiredness
E) stress",running errands,C,"Step 1: Children often express their emotions through vocalizations when they're upset, frustrated, or excited.
Step 2: When multiple children are together, their combined noise levels increase due to additive effect.
Step 3: This heightened noise can be overwhelming for adults, leading to feelings of frustration and irritation.
Best answer: C because loud, screaming children can create an environment that's highly stressful for adults.","['C', 'C', 'C', 'C', 'C']",C,True,majority,1.0,{'C': 5},5,5,1.0,0,False,,SVAMP,LAMA-3.2-3B
428,guided,428,"The couple explained they were having trouble communicating, it seemed every conversation took great what?

Options:
A) thinking
B) effort
C) laugh
D) force
E) medium",communicating,B,"Step 1: Effective communication requires active engagement and concentration from both parties involved.
Step 2: If one partner feels like they're expending excessive mental energy to understand the other's perspective, it can lead to mental fatigue.
Step 3: This fatigue can hinder their ability to express themselves clearly and respond thoughtfully, causing difficulties in maintaining a productive conversation.
Best answer: B because excessive mental effort can lead to mental exhaustion, impairing communication.","['B', 'B', 'B', 'B', 'B']",B,True,majority,1.0,{'B': 5},5,5,1.0,0,False,,SVAMP,LAMA-3.2-3B
429,guided,429,"What uses a ribbon to put words on paper?

Options:
A) wrapping paper
B) girl's hair
C) bath
D) floral arrangement
E) typewriter",ribbon,E,"Step 1: A typewriter is an old-fashioned machine that types out text using keys, not a ribbon.
Step 2: Wrapping paper, floral arrangements, and baths do not typically involve ribbons for writing purposes.
Step 3: Girls often wear ribbons in their hair as part of hairstyles, but this isn't related to putting words on paper.
Best answer: E because typewriters use ink on a ribbon to print text onto paper.","['E', 'E', 'A', 'E', 'D']",E,True,majority,0.6,"{'E': 3, 'A': 1, 'D': 1}",5,3,0.6,2,False,,SVAMP,LAMA-3.2-3B
430,guided,430,"Humans need shelter to survive.  They usually find shelter where?

Options:
A) underpass
B) homes
C) workplace
D) school
E) space shuttle",human,B,"Step 1: Humans require protection from extreme weather conditions like rain, wind, and cold temperatures.
Step 2: Most homes provide structural support and insulation, keeping people dry and warm inside.
Step 3: While workplaces, schools, and space shuttles offer some protection, they aren't designed as primary shelters for everyday living.
Best answer: B because homes are designed specifically for human habitation.","['B', 'B', 'B', 'B', 'B']",B,True,majority,1.0,{'B': 5},5,5,1.0,0,False,,SVAMP,LAMA-3.2-3B
431,guided,431,"Diving into backyard pools can be very dangerous and can lead to serious head and what?

Options:
A) going somewhere
B) splats
C) cancer
D) getting wet
E) spinal injuries",diving,E,"Step 1: When diving into a pool, there's a risk of hitting the bottom with force, which can cause physical harm.
Step 2: The most common injury from this impact would likely involve damage to the spine due to the sudden stop and change in direction.
Step 3: This type of injury often results in long-term health consequences, such as paralysis or chronic pain.
Best answer: E because diving into a pool increases the risk of severe spinal injuries.","['E', 'D', 'E', 'D', 'E']",E,True,majority,0.6,"{'E': 3, 'D': 2}",5,3,0.6,2,False,,SVAMP,LAMA-3.2-3B
432,guided,432,"Where do you find the most amount of leafs?

Options:
A) floral arrangement
B) ground
C) forrest
D) field
E) compost pile",leaf,C,"Step 1: Leaves are typically produced by plants, which grow in various environments such as forests, fields, and even backyards.
Step 2: Forests have dense vegetation with many trees that shed leaves seasonally, resulting in a large accumulation of fallen leaves.
Step 3: While other options like floral arrangements, compost piles, and fields may contain some leaves, they do not support the growth of trees that produce leaves.
Best answer: C because forests have an abundance of trees that shed leaves.","['C', 'B', 'C', 'C', 'C']",C,True,majority,0.8,"{'C': 4, 'B': 1}",5,4,0.8,1,False,,SVAMP,LAMA-3.2-3B
433,guided,433,"What would you do to a crime scene before asking a question?

Options:
A) express information
B) touch everything
C) think
D) give clue
E) analyse",question,E,"Step 1: At a crime scene, it's standard procedure for investigators to secure the area to prevent contamination and preserve evidence.
Step 2: This involves putting up barriers, collecting physical evidence, and documenting the scene with photographs and notes.
Step 3: Before asking any questions, they would typically review the evidence collected, look for patterns or inconsistencies, and formulate hypotheses about what happened.
Best answer: C because thinking helps investigators process the gathered information before proceeding with further investigation.","['C', 'C', 'C', 'C', 'C']",C,False,majority,1.0,{'C': 5},5,0,0.0,0,False,,SVAMP,LAMA-3.2-3B
434,guided,434,"When wildlife reproduce we often refer to what comes out as what?

Options:
A) raise children
B) have children
C) photo copy
D) offspring
E) accidently got pregnant somehow",reproduce,D,"Step 1: In biology, ""reproduce"" means producing new individuals of the same species.
Step 2: This process involves creating new living beings that are genetically similar to the parent organism.
Step 3: The resulting new living beings are called ""offspring"".
Best answer: D because ""offspring"" refers to the product of reproduction in biology.","['D', 'D', 'D', 'D', 'D']",D,True,majority,1.0,{'D': 5},5,5,1.0,0,False,,SVAMP,LAMA-3.2-3B
435,guided,435,"What kind of tale might feature a talking weasel?

Options:
A) mulberry bush
B) animated film
C) chicken coop
D) history book
E) children's story",weasel,E,"Step 1: Weasels are carnivorous mammals known for their intelligence and cunning behavior.
They are often depicted as sly characters in folklore and fairy tales.

Step 2: In traditional European folklore, weasels are commonly associated with trickery and mischief.
This aligns with the characteristics typically found in stories meant for children.

Step 3: Given these traits, it's likely that a talking weasel would be featured in a type of narrative designed to entertain young audiences.

Best answer: E because children's stories often include anthropomorphic animals like talking weasels.","['E', 'E', 'E', 'E', 'E']",E,True,majority,1.0,{'E': 5},5,5,1.0,0,False,,SVAMP,LAMA-3.2-3B
436,guided,436,"The boat passenger was explaining his fear of blowfish, but the captain figured he meant piranhas since they were on a river in the what?

Options:
A) cuba
B) styx
C) atlantic ocean
D) france
E) jungle",blowfish,E,"Step 1: Piranhas are known to inhabit freshwater environments such as rivers and lakes.
Step 2: The fact that they are found in rivers suggests that the correct answer should also be a body of water with similar characteristics.
Step 3: Among the given options, only one matches this description - a river, which is often associated with the name ""Styx"" (e.g., the River Styx in Greek mythology).
Best answer: B because it's a river, where piranhas are known to live.","['B', 'B', 'B', 'B', 'B']",B,False,majority,1.0,{'B': 5},5,0,0.0,0,False,,SVAMP,LAMA-3.2-3B
437,guided,437,"What is someone usually doing if someone else is talking to him or her?

Options:
A) listening
B) language
C) looking at eyes
D) planning the perfect murder
E) voice",talking to,A,"Step 1: When engaging in conversation, most people give their undivided attention to the speaker.
Step 2: This means they typically stop whatever else they were doing before the conversation started, such as reading, eating, or working.
Step 3: Therefore, it's unlikely that someone would be planning a crime while talking to another person, as this would be impolite and unsafe.
Best answer: D because planning a crime is an unusual activity that breaks social norms during conversation.","['A', 'A', 'A', 'A', 'A']",A,True,majority,1.0,{'A': 5},5,5,1.0,0,False,,SVAMP,LAMA-3.2-3B
438,guided,438,"Where can someone get a new saw?

Options:
A) hardware store
B) toolbox
C) logging camp
D) tool kit
E) auger",saw,A,"Step 1: A hardware store typically sells various tools, including saws, for DIY projects and professional use.
Step 2: A toolbox usually contains pre-assembled tools, not individual items like a new saw.
Step 3: Logging camps might have some basic hand tools but are unlikely to carry a wide selection of power tools like saws.
Best answer: A because hardware stores have an extensive inventory of tools, including new saws.","['A', 'A', 'A', 'A', 'A']",A,True,majority,1.0,{'A': 5},5,5,1.0,0,False,,SVAMP,LAMA-3.2-3B
439,guided,439,"Where would you be concerned about finding a cavity?

Options:
A) solid object
B) molar
C) dentist
D) unbrushed tooth
E) teeth",cavity,E,"Step 1: A cavity is typically associated with tooth decay caused by bacteria.
Step 2: To prevent or find a cavity, one would need to examine teeth closely for signs of decay.
Step 3: Since ""teeth"" encompasses all potential locations where cavities could form, it's logical that you'd be concerned about finding a cavity there.
Best answer: E because it's the broadest category that includes all possible locations where cavities can occur.","['D', 'D', 'A', 'D', 'E']",D,False,majority,0.6,"{'D': 3, 'A': 1, 'E': 1}",5,1,0.2,2,False,,SVAMP,LAMA-3.2-3B
440,guided,440,"What has a shelf that does not allow you to see what is inside of it?

Options:
A) chest of drawers
B) stove
C) hold alcohol
D) bookcase
E) grocery store",shelf,A,"Step 1: A chest of drawers typically has separate compartments for storing clothes, which prevents you from seeing what's inside each individual compartment.
Step 2: Stoves have an open surface where food is cooked, so you can see what's being prepared.
Step 3: Hold alcohol refers to a container holding liquor, but that doesn't necessarily mean it has a shelf that hides its contents.
Step 4: Bookcases display books at eye level, allowing you to see all the books on them.
Step 5: Grocery stores are places where you buy food and drinks, not objects that hold items.
Best answer: A because a chest of drawers has separate compartments that block your view of its contents.","['A', 'A', 'B', 'A', 'A']",A,True,majority,0.8,"{'A': 4, 'B': 1}",5,4,0.8,1,False,,SVAMP,LAMA-3.2-3B
441,guided,441,"How would you express information if you do not have a pen or pencil?

Options:
A) may disagree
B) close mouth
C) write down
D) talk
E) eyes",express information,D,"Step 1: Humans typically use writing instruments like pens or pencils to record information.
Step 2: Without a writing instrument, one cannot physically create marks on paper.
Step 3: Therefore, expressing information without a pen or pencil would require an alternative method, such as speaking (option D).
Best answer: D because humans usually rely on verbal communication when they cannot write.","['D', 'D', 'D', 'D', 'D']",D,True,majority,1.0,{'D': 5},5,5,1.0,0,False,,SVAMP,LAMA-3.2-3B
442,guided,442,"What will god never do according to religion?

Options:
A) anything
B) judge people
C) work miracles
D) judge men
E) everywhere",god,B,"Step 1: In most religions, God is considered all-powerful but not all-knowing, meaning God has limitations on what He can do.
Step 2: If God can't know everything, then He cannot perform actions that require knowledge of future events or specific details about individual circumstances.
Step 3: Judging people implies having knowledge about their thoughts, feelings, and behaviors, which would require omniscience (all-knowing).
Best answer: D because judging implies having complete knowledge of human behavior, which contradicts God's supposed limitation on omniscience.","['D', 'A', 'E', 'E', 'D']",D,False,refiner_tiebreak,0.5,"{'D': 2, 'A': 1, 'E': 2}",6,0,0.0,3,True,False,SVAMP,LAMA-3.2-3B
443,guided,443,"The landscaper was carefully arching stones together, he was creating an elaborate what over the creek?

Options:
A) park
B) made from rocks
C) balloon
D) field
E) bridge",stones,E,"Step 1: A landscaper typically builds structures using materials found in their environment, such as rocks and plants.
Step 2: The phrase ""elaborate"" suggests that the structure is complex and decorative, which is consistent with a man-made feature like a bridge.
Step 3: Considering the context of a creek, a bridge would be a logical choice as it spans over water, connecting two areas on either side.
Best answer: E because it's a common practice for landscapers to build bridges over water features like creeks.","['E', 'E', 'E', 'E', 'E']",E,True,majority,1.0,{'E': 5},5,5,1.0,0,False,,SVAMP,LAMA-3.2-3B
444,guided,444,"How can people fulfill their own calorie requirements?

Options:
A) compete with each other
B) feed themselves
C) feel lonely
D) talk to each other
E) ask a doctor",people,B,"Step 1: Humans need calories to maintain basic bodily functions like breathing, heartbeat, and brain activity.
Step 2: Calorie intake comes from consuming food sources such as fruits, vegetables, proteins, and carbohydrates.
Step 3: While social interaction like talking (D) can provide emotional support, it doesn't directly provide calories.
           Feeling lonely (C) might even lead to decreased appetite, not increased calorie consumption.
           Competing with others (A) doesn't relate to calorie intake either.
           Asking a doctor (E) can help diagnose nutritional issues but doesn't fulfill immediate calorie needs.
Best answer: B because eating food directly supplies the necessary calories for human survival.","['B', 'B', 'B', 'B', 'B']",B,True,majority,1.0,{'B': 5},5,5,1.0,0,False,,SVAMP,LAMA-3.2-3B
445,guided,445,"What mall store sells jeans for a decent price?

Options:
A) clothing store
B) bedroom
C) thrift store
D) apartment
E) gap",jeans,E,"Step 1: Most people buy clothes, especially jeans, at stores that specialize in clothing.
Step 2: Clothing stores typically carry a wide variety of clothing items, including jeans.
Step 3: Gap is known for selling jeans at affordable prices compared to other clothing brands.
Best answer: E because Gap is a well-known retailer that sells jeans at reasonable prices.","['A', 'D', 'D', 'D', 'D']",D,False,majority,0.8,"{'A': 1, 'D': 4}",5,0,0.0,1,False,,SVAMP,LAMA-3.2-3B
446,guided,446,"Where is a grape likely to be being fed to someone else?

Options:
A) field
B) bathroom
C) michigan
D) minnesota
E) painting",grape,E,"Step 1: Grapes are typically grown on vineyards for human consumption.
Step 2: Vineyards are usually located in areas with suitable climate conditions for grape cultivation, such as warm temperatures and adequate rainfall.
Step 3: Michigan and Minnesota have cold winters, making them unsuitable for grape cultivation.
Step 4: A field where grapes are grown would be an obvious place where grapes are being fed to someone else, as it implies harvesting.
Step 5: A bathroom, painting, and other options don't logically relate to grape cultivation or consumption.

Best answer: A because it's where grapes are commonly grown for human consumption.","['B', 'B', 'B', 'B', 'B']",B,False,majority,1.0,{'B': 5},5,0,0.0,0,False,,SVAMP,LAMA-3.2-3B
447,guided,447,"How does a planet usually move around the sun?

Options:
A) writing
B) universe
C) outer space
D) outerspace
E) orbit",planet,E,"Step 1: Our solar system consists of eight planets, which are large rocky or gaseous bodies orbiting around the sun.
Step 2: Planets maintain their distance from each other through gravitational forces, but their motion around the sun is what defines their path.
Step 3: This path is called an orbit, which is essentially a curved trajectory that keeps the planet at a constant average distance from the sun.
Best answer: E because an orbit describes the curved path planets take as they revolve around their star.","['E', 'E', 'E', 'E', 'E']",E,True,majority,1.0,{'E': 5},5,5,1.0,0,False,,SVAMP,LAMA-3.2-3B
448,guided,448,"The man started to learn jogging, what was he hoping to do?

Options:
A) exhaustion
B) getting in shape
C) fitness
D) injure himself
E) fatigue",jogging,B,"Step 1: Many people begin exercising to improve their physical health and overall well-being.
Step 2: Jogging is a form of aerobic exercise commonly used for cardiovascular fitness improvement.
Step 3: The primary goal for someone starting to jog would likely be to enhance their physical fitness levels, such as increasing endurance and reducing body fat.
Best answer: B because most people start exercising to become healthier and more fit.","['B', 'B', 'B', 'B', 'B']",B,True,majority,1.0,{'B': 5},5,5,1.0,0,False,,SVAMP,LAMA-3.2-3B
449,guided,449,"How are the conditions for someone who is living in a homeless shelter?

Options:
A) sometimes bad
B) happy
C) respiration
D) growing older
E) death",living,A,"Step 1: Homeless shelters provide basic necessities like food, water, and shelter for people without homes.
Step 2: These shelters usually have rules and staff to ensure safety and order among residents.
Step 3: Living in a shelter typically means one does not have access to personal space, privacy, or long-term stability, which can lead to stress and negative emotions like sadness or anxiety.
Best answer: A because living in a shelter often involves unstable living conditions that can cause emotional distress.","['C', 'A', 'D', 'A', 'A']",A,True,majority,0.6,"{'C': 1, 'A': 3, 'D': 1}",5,3,0.6,2,False,,SVAMP,LAMA-3.2-3B
450,guided,450,"The person saw the mess his children made, what was his following reaction?

Options:
A) smell smoke
B) cross street
C) cry
D) bank savings
E) look angry",person,E,"Step 1: Most adults typically react emotionally when they witness their children's messes, especially if it's significant.
Step 2: Crying is a common expression of frustration, disappointment, or annoyance among parents when they see their children's messes.
Step 3: This reaction is often accompanied by verbal reprimand or scolding to teach the child about responsibility.
Best answer: C because crying is an emotional response to parental disappointment.","['C', 'C', 'C', 'C', 'C']",C,False,majority,1.0,{'C': 5},5,0,0.0,0,False,,SVAMP,LAMA-3.2-3B
451,guided,451,"What animal is known for being a follower?

Options:
A) goat
B) expensive
C) lion
D) wolf
E) meadow",sheep,A,"Step 1: In nature, animals often form groups with specific roles, such as hunters, protectors, or scavengers.
Step 2: Wolves are known to hunt together as a pack, with one wolf typically taking the lead (alpha) role.
Step 3: This alpha wolf guides the pack through decision-making and ensures their survival.
Best answer: D because wolves are social animals that live in groups with defined hierarchies.","['D', 'D', 'D', 'D', 'D']",D,False,majority,1.0,{'D': 5},5,0,0.0,0,False,,SVAMP,LAMA-3.2-3B
452,guided,452,"Where would you find a toy soldier that is being played with?

Options:
A) toy box
B) movies
C) child's hand
D) toybos
E) child park",toy soldier,C,"Step 1: Children typically play with toys in various locations such as their bedrooms, living rooms, or parks.
Step 2: Toy soldiers are often used for imaginative play, which usually occurs with other children.
Step 3: Given that toy soldiers are often handled by children, it's likely they would be found in close proximity to the child who owns them.
Best answer: C because children frequently hold and manipulate objects like toy soldiers during playtime.","['C', 'C', 'C', 'C', 'C']",C,True,majority,1.0,{'C': 5},5,5,1.0,0,False,,SVAMP,LAMA-3.2-3B
453,guided,453,"What is the habitat of the fox?

Options:
A) hen house
B) burrow
C) california
D) england
E) mountains",fox,E,"Step 1: Foxes are carnivorous mammals that typically live on land and have adaptations for digging, such as strong claws and powerful jaws.
Step 2: Hens live in groups called 'flocks' and are found in farms or backyards with food sources like grains.
Step 3: Foxes do not require complex structures like hen houses, nor do they need to be in England or California to survive; they can thrive in various environments across North America, including mountains.
Best answer: B because foxes are known to dig burrows as their primary shelter.","['B', 'B', 'B', 'B', 'B']",B,False,majority,1.0,{'B': 5},5,0,0.0,0,False,,SVAMP,LAMA-3.2-3B
454,guided,454,"If you jump in any of the oceans you will get?

Options:
A) tanned
B) wet
C) wide
D) very deep
E) fish",oceans,B,"Step 1: When you enter water, your skin comes into contact with the liquid surrounding you.
Step 2: Water is a liquid that covers most of the Earth's surface and has a high surface tension, causing it to cling to objects in contact with it.
Step 3: As a result, when you jump into the ocean, your skin will absorb water, making you wet.
Best answer: B because water is a liquid that adheres to surfaces in contact with it.","['B', 'B', 'B', 'B', 'B']",B,True,majority,1.0,{'B': 5},5,5,1.0,0,False,,SVAMP,LAMA-3.2-3B
455,guided,455,"If you are committing perjury you have done what while under oath?

Options:
A) crime
B) disrespect judge
C) embarrassment
D) lie
E) indictment",committing perjury,D,"Step 1: To understand perjury, recall that it's defined as giving false testimony under oath in a court of law.
Step 2: Being under oath means taking an oath, which involves promising to tell the truth.
Step 3: If someone breaks this promise by giving false information, they are committing an act that goes against their oath.
Best answer: D because lying while under oath is the act of giving false statements despite a promise to tell the truth.","['A', 'A', 'A', 'A', 'A']",A,False,majority,1.0,{'A': 5},5,0,0.0,0,False,,SVAMP,LAMA-3.2-3B
456,guided,456,"What is someone who isn't clever, bright, or competent called?

Options:
A) clumsy
B) ineffectual
C) dull
D) clumsy
E) stupid",clever,E,"Step 1: Typically, intelligence and competence are related to cognitive abilities such as problem decomposition, learning, memory, and decision-making.
Step 2: While ""clumsy"" refers to physical coordination, it doesn't necessarily imply lack of intelligence or competence.
Step 3: ""Ineffectual"" means failing to produce the desired result, which could be due to various reasons like lack of skill, resources, or motivation, not just intelligence.
Best answer: B because ineffectual implies a broader range of possible causes beyond just intelligence.","['D', 'C', 'C', 'C', 'C']",C,False,majority,0.8,"{'D': 1, 'C': 4}",5,0,0.0,1,False,,SVAMP,LAMA-3.2-3B
457,guided,457,"I am looking for honey right from the source, where should I look?

Options:
A) last all night
B) beehive
C) farmer's market
D) jar
E) honeyful",honey,B,"Step 1: Bees collect nectar from flowers and transform it into honey through a process of regurgitation and evaporation within their hive.
Step 2: Hives are structures built by bees for storing honey, pollen, and other food sources.
Step 3: Since bees produce honey within their hives, the most direct source would be where they store it.
Best answer: B because bees build and store honey in their hives.","['B', 'B', 'B', 'B', 'B']",B,True,majority,1.0,{'B': 5},5,5,1.0,0,False,,SVAMP,LAMA-3.2-3B
458,guided,458,"What do airplanes do as they are arriving at the gate?

Options:
A) slow down
B) crash
C) speed up
D) land
E) carry people",airplanes,A,"Step 1: Airplanes follow standard procedures when approaching their destination airport.
Step 2: One key step before landing is to reduce speed to prepare for touching down safely on the runway.
Step 3: This involves gradually decreasing airspeed over a period of time, not suddenly stopping or speeding up.
Best answer: A because slowing down is an essential part of the pre-landing process.","['A', 'D', 'D', 'A', 'A']",A,True,majority,0.6,"{'A': 3, 'D': 2}",5,3,0.6,2,False,,SVAMP,LAMA-3.2-3B
459,guided,459,"Most items in retail stores are what even when they are on sale?

Options:
A) overpriced
B) purchase
C) expensive
D) park
E) buying",sale,A,"Step 1: Retailers typically lower prices to attract more customers during sales events.
Step 2: Lower prices mean that items become cheaper compared to their original prices.
Step 3: Cheaper items are more appealing to customers who want to save money.
Best answer: A because lower prices indicate that items are discounted.","['B', 'A', 'B', 'A', 'B']",B,False,majority,0.6,"{'B': 3, 'A': 2}",5,2,0.4,2,False,,SVAMP,LAMA-3.2-3B
460,guided,460,"The cancer patient was expecting to die, so he made out his what?

Options:
A) not to live
B) write will
C) never want
D) seek help
E) go to hell",die,B,"Step 1: A person who expects death often prepares for it by making arrangements for their estate.
Step 2: One common preparation is writing a will, which outlines how assets should be distributed after death.
Step 3: This allows the person to decide what happens to their property without confusion or disputes among heirs.
Best answer: B because writing a will is a typical last will and testament procedure for those expecting death.","['B', 'B', 'B', 'B', 'B']",B,True,majority,1.0,{'B': 5},5,5,1.0,0,False,,SVAMP,LAMA-3.2-3B
461,guided,461,"How can someone die from eating hamburger?

Options:
A) gas
B) getting full
C) mad cow disease
D) death
E) feel full",eating hamburger,C,"Step 1: Mad cow disease, also known as BSE (Bovine Spongiform Encephalopathy), is a neurodegenerative disorder that affects cattle.
Step 2: This disease can be transmitted to humans through consuming contaminated beef products, particularly those with high levels of prions.
Step 3: If someone eats undercooked or raw meat infected with mad cow disease, they risk contracting the disease and suffering from severe symptoms such as neurological problems and death.
Best answer: C because mad cow disease is a known cause of death in humans through food consumption.","['D', 'D', 'D', 'D', 'D']",D,False,majority,1.0,{'D': 5},5,0,0.0,0,False,,SVAMP,LAMA-3.2-3B
462,guided,462,"Sally used a clipboard to hold her papers while she read off names at the beginning of the day.  Where might she work?

Options:
A) desk
B) windows 95
C) office supply store
D) see work
E) school",clipboard,E,"Step 1: A clipboard is typically used for carrying documents, notes, and other written materials.
Step 2: People often use clipboards at workplaces where they need to organize their work, such as offices.
Step 3: Offices usually have desks where employees sit and work, making it a common place to find a clipboard.
Best answer: A because it's a common practice for employees to use a clipboard at their desk.","['A', 'B', 'D', 'A', 'A']",A,False,majority,0.6,"{'A': 3, 'B': 1, 'D': 1}",5,0,0.0,2,False,,SVAMP,LAMA-3.2-3B
463,guided,463,"Although the sun did rise, what did the pessimist warn everyone it would do?

Options:
A) lay
B) go down
C) fall
D) below
E) sundown",rise,B,"Step 1: The phrase ""the sun did rise"" indicates that something happened before an event that was predicted by the pessimist.
Step 2: Pessimists often predict negative outcomes, so the pessimist likely warned about a bad consequence related to the sun's position in the sky.
Step 3: Since the sun has already risen, the pessimist's warning couldn't be about its current state (rising). It must be about what will happen next, which is setting.
Best answer: E because it's the only option indicating a future action (sunset) that follows sunrise.","['E', 'B', 'B', 'B', 'B']",B,True,majority,0.8,"{'E': 1, 'B': 4}",5,4,0.8,1,False,,SVAMP,LAMA-3.2-3B
464,guided,464,"Where are you when you're about to use your plane ticket?

Options:
A) pocket
B) terrorists hands
C) airport
D) sea ship
E) briefcase",plane ticket,C,"Step 1: Typically, people carry their plane tickets with them when checking in for a flight.
Step 2: Airports are where people go before boarding planes, so it's likely that the ticket would be found there.
Step 3: The other options don't make sense - you wouldn't typically find a ticket on your person (B), at sea (D), or in a briefcase (E).
Best answer: C because airports are where flight check-in occurs.","['C', 'C', 'C', 'C', 'C']",C,True,majority,1.0,{'C': 5},5,5,1.0,0,False,,SVAMP,LAMA-3.2-3B
465,guided,465,"People are what when you're a stranger?

Options:
A) train
B) strange
C) human
D) stupid
E) dangerous",people,B,"Step 1: In everyday language, ""stranger"" refers to someone you don't know personally.
Step 2: This term implies that there's no prior relationship or familiarity with the person.
Step 3: It doesn't imply anything about their intelligence, occupation, or potential threat level.
Best answer: B because ""stranger"" specifically denotes unknownness, not other characteristics.","['B', 'B', 'C', 'C', 'B']",B,True,majority,0.6,"{'B': 3, 'C': 2}",5,3,0.6,2,False,,SVAMP,LAMA-3.2-3B
466,guided,466,"When people are playing a game, what is their motivation to play?

Options:
A) believe in god
B) dance
C) desire to win
D) destroy each other
E) run amok",people,C,"Step 1: Humans have an innate need for social interaction and competition.
Step 2: Many games involve strategy, skill-building, and achievement, which can give players a sense of accomplishment and recognition.
Step 3: Winning can boost self-esteem, create a sense of belonging, and foster teamwork, making it a common motivator for people to participate in games.
Best answer: C because winning provides external validation and recognition, driving human behavior in competitive settings.","['C', 'C', 'C', 'C', 'C']",C,True,majority,1.0,{'C': 5},5,5,1.0,0,False,,SVAMP,LAMA-3.2-3B
467,guided,467,"John farms anemone in what type of facility?

Options:
A) michigan
B) swimming pool
C) atlantic ocean
D) nursery
E) gulf of mexico",anemone,D,"Step 1: Anemones are marine animals that live attached to surfaces underwater.
They require saltwater and specific temperature conditions to survive.

Step 2: Anemones cannot be grown in freshwater environments like rivers, lakes, or ponds, so options A (Michigan) and D (nursery) are unlikely.
Additionally, while some anemones can tolerate brackish water, they still need saltwater, making option E (Gulf of Mexico) less suitable due to its mix of fresh and saltwater.

Step 3: Between the remaining options, B (swimming pool) is not suitable as it lacks the natural ocean currents and depth required for anemones to thrive.

Best answer: C because anemones are marine animals that need saltwater to survive.","['D', 'D', 'D', 'C', 'D']",D,True,majority,0.8,"{'D': 4, 'C': 1}",5,4,0.8,1,False,,SVAMP,LAMA-3.2-3B
468,guided,468,"The dogs were protecting their own when they decided to what the bad man?

Options:
A) bad breath
B) defend
C) run fast
D) ocean
E) attack",dogs,E,"Step 1: Dogs often defend their pack members from perceived threats.
Step 2: The phrase ""bad man"" implies someone who poses a threat to the dogs' safety.
Step 3: Therefore, it's logical that the dogs would choose an action to counter this threat.
Best answer: B because defending is a typical response to a perceived danger.","['B', 'B', 'B', 'B', 'B']",B,False,majority,1.0,{'B': 5},5,0,0.0,0,False,,SVAMP,LAMA-3.2-3B
469,guided,469,"Where would you put a dollar if you want to go to a store and buy something with it?

Options:
A) cash drawer
B) teh bank
C) safety deposit box
D) pocket
E) piggy bank",dollar,D,"Step 1: When using money to make a purchase, you typically give it to the cashier as payment.
Step 2: The cashier then deposits the money into their cash register, which has a designated area for holding money called the ""cash drawer"".
Step 3: The cash drawer is where the cashier keeps the money until they count it at the end of their shift or turn in their till.
Best answer: A because that's where cashiers store money during transactions.","['D', 'D', 'D', 'A', 'A']",D,True,majority,0.6,"{'D': 3, 'A': 2}",5,3,0.6,2,False,,SVAMP,LAMA-3.2-3B
470,guided,470,"The cat carefully navigated the area, they do everything they can to avoid what?

Options:
A) get wet
B) eat vegetables
C) falling
D) wool sweater
E) sharp claws",cat,A,"Step 1: Cats are known for their grooming habits and dislike getting dirty or wet.
Step 2: Cats often lick themselves to keep their fur clean and dry.
Step 3: If they can't groom themselves, they may try to find shelter or avoid activities that could get them wet.
Best answer: A because cats avoid getting wet due to their grooming habits.","['', 'B', '', '', 'D']",B,False,refiner_tiebreak,0.6667,"{'B': 1, 'D': 1}",3,0,0.0,1,True,False,SVAMP,LAMA-3.2-3B
471,guided,471,"After he got hired he hoped for success at his what?

Options:
A) vocation
B) new job
C) michigan
D) working hard
E) manual",success,B,"Step 1: After getting hired, someone typically expects to start working and gain employment.
Step 2: The phrase ""hoped for success"" implies that the person wants to achieve their career goals.
Step 3: Success in this context means achieving their professional objectives, which is often associated with a new job.
Best answer: B because getting hired usually leads to starting a new job.","['B', 'B', 'B', 'B', 'B']",B,True,majority,1.0,{'B': 5},5,5,1.0,0,False,,SVAMP,LAMA-3.2-3B
472,guided,472,"What southern U.S. state is know for having many swamps?

Options:
A) wetlands
B) new york
C) michigan
D) louisiana
E) river delta",swamp,D,"Step 1: Historically, many states along the Mississippi River have had significant wetlands due to its annual flooding.
Step 2: Among those states, Louisiana has the largest amount of wetlands, particularly around the Mississippi River Delta.
Step 3: This area is known as the ""Bayou"" region, which is characterized by dense network of waterways and marshes.
Best answer: D because Louisiana has the most extensive wetlands in the U.S.","['D', 'D', 'D', 'D', 'D']",D,True,majority,1.0,{'D': 5},5,5,1.0,0,False,,SVAMP,LAMA-3.2-3B
473,guided,473,"In what kind of environment does an anemone live?

Options:
A) nursery
B) south pacific
C) desert
D) sea water
E) atlantic ocean",anemone,D,"Step 1: Anemones are marine animals that feed on small prey like plankton and small fish.
Step 2: Since they require saltwater for survival, we can rule out option A (nursery), which is typically associated with young animals.
Step 3: Options C (desert) and E (Atlantic ocean) are too extreme environments for anemones, as they need a stable, nutrient-rich ecosystem like coral reefs or rocky shores.
Best answer: D because anemones live in saltwater environments, such as coral reefs or rocky shores.","['D', 'D', 'D', 'D', 'D']",D,True,majority,1.0,{'D': 5},5,5,1.0,0,False,,SVAMP,LAMA-3.2-3B
474,guided,474,"Where can children play with animals?

Options:
A) meadow
B) play room
C) surface of earth
D) zoos
E) fairgrounds",animals,E,"Step 1: Zoos have enclosures where animals are kept for human observation and care.
Step 2: Enclosures in zoos provide a controlled environment for both humans and animals to interact safely.
Step 3: Other options like meadows, play rooms, and fairgrounds do not typically house animals for human interaction.
Best answer: D because zoos are designed for animal-human interaction.","['D', 'D', 'D', 'D', 'D']",D,False,majority,1.0,{'D': 5},5,0,0.0,0,False,,SVAMP,LAMA-3.2-3B
475,guided,475,"They were searching for rocks, so they missed the birds overhead as they stared at the what?

Options:
A) ground
B) drawer
C) surface of earth
D) pizza
E) waterfall",rocks,A,"Step 1: When searching for something on the ground, people typically look down at what's below their feet.
Step 2: Since they were looking for rocks, they would naturally focus on the area immediately surrounding them, which includes the ground.
Step 3: The other options (drawer, surface of earth, pizza, waterfall) don't make sense in this context as they're unrelated to the act of searching for rocks on the ground.
Best answer: A because it's the most logical place to find rocks when searching on the ground.","['D', 'D', 'A', 'D', 'E']",D,False,majority,0.6,"{'D': 3, 'A': 1, 'E': 1}",5,1,0.2,2,False,,SVAMP,LAMA-3.2-3B
476,guided,476,"The man  tried to break the glass in order to make his escape in time, but he could not.  The person in the cat, trying to kill him, did what?

Options:
A) accelerate
B) putting together
C) working
D) construct
E) train",break,A,"Step 1: The cat is trying to kill the man, implying it's an animal with predatory instincts.
Step 2: Cats typically use their physical abilities such as claws and agility to catch prey.
Step 3: Given these traits, it's likely that the cat would attempt to immobilize or restrain its victim before delivering the fatal blow.
Best answer: C because cats often use physical activity like pouncing or wrestling to subdue their prey.","['B', 'B', 'A', 'B', 'A']",B,False,majority,0.6,"{'B': 3, 'A': 2}",5,2,0.4,2,False,,SVAMP,LAMA-3.2-3B
477,guided,477,"After climbing the mountains, the explored found the cave, what was the general goegraphy of the region he found it in?

Options:
A) west virginia
B) kentucky
C) desert
D) sea
E) rocky hills",cave,E,"Step 1: The fact that they ""climbed the mountains"" suggests that the location is not flat or low-lying.
Step 2: Mountains typically form around areas with tectonic plate movement, volcanic activity, or erosion processes that create rugged terrain.
Step 3: Given these geological processes, it's unlikely to find a cave in a flat area like a plain (option D) or a region known for being very flat like Kentucky (option B).
Best answer: E because rocky hills often result from mountainous terrain formed through geological processes.","['E', 'E', 'E', 'E', 'E']",E,True,majority,1.0,{'E': 5},5,5,1.0,0,False,,SVAMP,LAMA-3.2-3B
478,guided,478,"He had no issue committing perjury, he had a what that he would get away with it?

Options:
A) confidence
B) go to jail
C) telling lies
D) lying
E) manual",committing perjury,A,"Step 1: Perjury involves giving false testimony under oath in a court of law.
Step 2: If someone commits perjury, they risk facing legal consequences such as fines or imprisonment.
Step 3: Given these risks, it's logical that someone who commits perjury would want to avoid going to jail, which is why they might try to cover their tracks with something like a ""getaway"" plan.
Best answer: A because having confidence in one's ability to deceive could give them an illusion of safety.","['B', 'B', 'B', 'B', 'B']",B,False,majority,1.0,{'B': 5},5,0,0.0,0,False,,SVAMP,LAMA-3.2-3B
479,guided,479,"Where is a teacher likely to keep her clavichord?

Options:
A) living room
B) parlor
C) music hall
D) music room
E) museum",clavichord,D,"Step 1: A clavichord is a type of musical instrument, typically used for playing classical music.
Step 2: Teachers often use instruments in their classrooms to teach music lessons.
Step 3: Given that it's an instrument, it's reasonable to assume the teacher would store it in a dedicated space within the school where students learn music.
Best answer: D because most schools have classrooms designated specifically for teaching music education.","['D', 'D', 'D', 'D', 'D']",D,True,majority,1.0,{'D': 5},5,5,1.0,0,False,,SVAMP,LAMA-3.2-3B
480,guided,480,"He wasn't the hugging type, even when he meet friend he'd just do what?

Options:
A) have sex
B) smile
C) hug each other
D) conversation
E) handshake",meet friend,E,"Step 1: People who don't enjoy physical contact often prefer not to initiate or receive touch, especially with acquaintances.
Step 2: In many cultures, hugging is considered an intimate gesture typically reserved for close relationships.
Step 3: Given this, it's likely that someone who doesn't like hugging would opt for a less personal greeting like shaking hands instead.
Best answer: E because handshakes are commonly used as a professional or casual greeting between strangers.","['D', 'D', 'D', 'D', 'D']",D,False,majority,1.0,{'D': 5},5,0,0.0,0,False,,SVAMP,LAMA-3.2-3B
481,guided,481,"Where can you store your dishes in your dwelling?

Options:
A) drawer
B) shelf
C) pantry
D) apartment
E) cabinet",dishes,B,"Step 1: Typically, people use cabinets for storing items that need protection from moisture and pests, such as food and kitchen utensils.
Step 2: Drawers are often used for storing clothes, linens, or other personal items, while shelves can hold books, decorative objects, or other non-perishable goods.
Step 3: Pantries are specifically designed to store food and drinks, and apartments are living spaces where you live.
Best answer: E because cabinets provide a secure, dry space for storing dishes.","['D', 'E', 'D', 'E', 'D']",D,False,majority,0.6,"{'D': 3, 'E': 2}",5,0,0.0,2,False,,SVAMP,LAMA-3.2-3B
482,guided,482,"The family wanted to adopt for enviro-ethical reasons, what did they abhor?

Options:
A) orphan
B) biological child
C) give away
D) foster child
E) abandon",adopt,B,"Step 1: The term ""enviro-ethical"" suggests that the family's decision is related to animal welfare.
Step 2: Adopting an animal is often seen as a way to provide care for one that cannot be cared for itself due to environmental factors such as habitat loss, pollution, etc.
Step 3: Abandoning an animal would go against their values, while giving away, fostering, and adopting a biological child do not necessarily relate to environmental concerns.
Best answer: A because abandoning an animal would be considered cruel and irresponsible, contradicting eco-friendly values.","['C', 'A', 'A', 'A', 'A']",A,False,majority,0.8,"{'C': 1, 'A': 4}",5,0,0.0,1,False,,SVAMP,LAMA-3.2-3B
483,guided,483,"Where would you put a net if you wanted to use it?

Options:
A) sports
B) fishing gear
C) soccer game
D) fishing boat
E) badminton",net,D,"Step 1: A net is typically used to catch or contain something, often an animal or a ball.
Step 2: Fishing nets are designed to hold fish while keeping them alive until they can be released back into the water.
Step 3: While nets could potentially be used in some form of sport like badminton, it's not their primary purpose.
Best answer: B because nets are commonly associated with fishing.","['B', 'B', 'B', 'B', 'B']",B,False,majority,1.0,{'B': 5},5,0,0.0,0,False,,SVAMP,LAMA-3.2-3B
484,guided,484,"The fresh herbs, flowers, and vegetables will shrivel up if people don't do this?

Options:
A) water plants
B) believe in god
C) drive to the nearest pool
D) speaking english
E) raise children",people,A,"Step 1: Most plants require consistent moisture to stay healthy and thrive.
Step 2: If left without water, plants will wilt due to dehydration.
Step 3: This process is known as transpiration, where water evaporates through leaves.
Best answer: A because without water, plants will shrivel up due to dehydration.","['B', 'D', 'A', 'A', 'B']",A,True,refiner_tiebreak,0.5,"{'B': 2, 'D': 1, 'A': 2}",6,3,0.5,3,True,True,SVAMP,LAMA-3.2-3B
485,guided,485,"John didn't mind getting in line.  It was what game after that he hated.  The time, the sore feet. He did not like doing what?

Options:
A) have to wait for
B) standing in line
C) eat cake
D) less confusion
E) being ordered",getting in line,B,"Step 1: People generally dislike waiting, especially if they're uncomfortable or tired.
Step 2: Standing in line can cause fatigue due to prolonged standing, which might lead to sore feet.
Step 3: If John had to stand for an extended period, his feet would become sore, making him dislike standing in line even more.
Best answer: B because standing in line causes physical discomfort that can lead to dislike.","['B', 'B', 'C', 'A', 'B']",B,True,majority,0.6,"{'B': 3, 'C': 1, 'A': 1}",5,3,0.6,2,False,,SVAMP,LAMA-3.2-3B
486,guided,486,"where is a good place to obtain new soap?

Options:
A) supermarket
B) washing
C) cabinet
D) own home
E) sink",soap,A,"Step 1: Supermarkets typically carry a wide variety of household items, including personal care products like soap.
Step 2: Washing, cabinets, and sinks are not places where you buy products; they're where you perform tasks with those items.
Step 3: While some people might make their own soap at home, it's not a common practice for acquiring new soap.
Best answer: A because supermarkets usually have a section dedicated to personal care products.","['A', 'A', 'A', 'A', 'A']",A,True,majority,1.0,{'A': 5},5,5,1.0,0,False,,SVAMP,LAMA-3.2-3B
487,guided,487,"If you're going to a party in a new town what are you hoping to make?

Options:
A) getting drunk
B) making new friends
C) new contacts
D) doing drugs
E) set home",going to party,B,"Step 1: Attending a party is typically done for social purposes, such as meeting new people or having fun.
Step 2: Making new friends and expanding one's social circle are common goals at parties.
Step 3: While getting drunk, doing drugs, and setting up a permanent residence aren't typical party objectives.
Best answer: B because attending a party often involves socializing with others.","['B', 'B', 'B', 'B', 'B']",B,True,majority,1.0,{'B': 5},5,5,1.0,0,False,,SVAMP,LAMA-3.2-3B
488,guided,488,"Joe is a  squirrel, which is an animal. He probably lives in what sort of place.

Options:
A) pet store
B) outside
C) woodland
D) ocean
E) cafe",animal,C,"Step 1: Squirrels are known to be wild animals that typically inhabit forests and woodlands.
Step 2: They have sharp teeth for gnawing wood and climb trees, indicating they need access to trees.
Step 3: Squirrels also have thick fur coats to keep warm in cold temperatures, suggesting they live in areas with some level of climate control, such as shade and protection from wind.
Best answer: C because it matches their typical habitat.","['C', 'C', 'C', 'C', 'C']",C,True,majority,1.0,{'C': 5},5,5,1.0,0,False,,SVAMP,LAMA-3.2-3B
489,guided,489,"What may you have after awaking after a night of heavy drinking?

Options:
A) get up
B) discomfort
C) discomfort
D) headache
E) shock",awaking,D,"Step 1: When someone consumes alcohol, it affects their body's ability to regulate fluids and balance electrolytes.
Step 2: This can lead to dehydration, which causes headaches and other symptoms like dizziness or nausea.
Step 3: Discomfort is a general term that could apply to many conditions, but it's too vague compared to specific symptoms like headaches, which are directly related to dehydration.
Best answer: D because headaches are a common physical symptom of dehydration caused by excessive drinking.","['D', 'D', 'C', 'D', 'D']",D,True,majority,0.8,"{'D': 4, 'C': 1}",5,4,0.8,1,False,,SVAMP,LAMA-3.2-3B
490,guided,490,"The traveling business man was glad his credit card had perks, it offset the high prices for travel from a what?

Options:
A) car
B) theatre
C) airport
D) hotel
E) disneyland",high prices,C,"Step 1: Air travel often involves additional costs such as baggage fees, food, and transportation within the airport.
Step 2: Many credit cards offer rewards like points or miles that can be redeemed for flights, hotel stays, or other travel expenses.
Step 3: Since the businessman was traveling, he likely incurred these extra costs, making the credit card's perks more valuable.
Best answer: C because airports have various services and amenities that incur extra charges, which credit card perks can help offset.","['C', 'C', 'C', 'C', 'C']",C,True,majority,1.0,{'C': 5},5,5,1.0,0,False,,SVAMP,LAMA-3.2-3B
491,guided,491,"Spraining an ankle while playing baseball will cause what?

Options:
A) strikes
B) eating
C) injury
D) sore muscles
E) pain",playing baseball,E,"Step 1: When someone sprains an ankle, it means they've injured the ligaments around the ankle joint.
Step 2: This injury typically results from overstretching or tearing these ligaments due to sudden twisting or bending motion.
Step 3: As a direct consequence, the most immediate effect is feeling discomfort, which manifests as pain.
Best answer: E because pain is the immediate physical sensation associated with an ankle sprain.","['E', 'E', 'E', 'C', 'E']",E,True,majority,0.8,"{'E': 4, 'C': 1}",5,4,0.8,1,False,,SVAMP,LAMA-3.2-3B
492,guided,492,"They were never going to be big actors, but they all had passion for the local what?

Options:
A) theater
B) opera
C) show
D) television
E) blockbuster feature",actors,A,"Step 1: The phrase ""local what"" suggests something related to performing arts, as it's often used in conjunction with terms like ""theater,"" ""opera,"" etc.
Step 2: Considering that they were never going to be famous actors but still had a passion for performing, we can infer that their interest lies in the realm of entertainment that doesn't necessarily require stardom.
Step 3: Among the given options, ""opera"" stands out because it's a form of performing art that doesn't necessarily require huge fame, allowing individuals to express themselves creatively without needing to be household names.
Best answer: B because it's a specific type of performing art that doesn't require widespread recognition.","['B', 'B', 'B', 'B', 'B']",B,False,majority,1.0,{'B': 5},5,0,0.0,0,False,,SVAMP,LAMA-3.2-3B
493,guided,493,"Lawyers often talk in front of an audience where?

Options:
A) work
B) courtroom
C) office building
D) press charges
E) theatre",lawyers,B,"Step 1: Lawyers are professionals who represent clients in legal matters.
Step 2: Courtrooms are specialized spaces designed for presenting evidence and arguments related to law cases.
Step 3: The primary purpose of a courtroom is for judges, lawyers, and witnesses to engage in verbal presentations, making it an ideal setting for lawyers to speak in front of an audience.
Best answer: B because courtrooms are specifically designed for legal proceedings and public speaking.","['B', 'B', 'B', 'B', 'B']",B,True,majority,1.0,{'B': 5},5,5,1.0,0,False,,SVAMP,LAMA-3.2-3B
494,guided,494,"They needed grape juice for their party, they went to buy it and other snacks at the what?

Options:
A) field
B) restaurant
C) salad
D) market
E) food store",grape,E,"Step 1: People typically shop for groceries at a place that sells food items.
Step 2: A field is not a commercial establishment where one buys food; it's an outdoor area used for agriculture.
Step 3: Restaurants serve prepared meals, not individual ingredients like juice.
Best answer: D because markets usually have a wide variety of packaged goods, including juice.","['D', 'D', 'D', 'D', 'D']",D,False,majority,1.0,{'D': 5},5,0,0.0,0,False,,SVAMP,LAMA-3.2-3B
495,guided,495,"A story about World War II would be set when?

Options:
A) book or library
B) book or magazine
C) newspaper
D) past
E) future",story,D,"Step 1: World War II was a historical event that occurred between 1939 and 1945.
Step 2: Historical events are typically documented in written records such as newspapers, books, and magazines from that time period.
Step 3: Newpapers were widely used as primary sources for news during World War II, making them an ideal choice for telling stories about the war.
Best answer: C because newspapers were a common medium for reporting news about historical events like World War II.","['D', 'D', 'D', 'A', 'D']",D,True,majority,0.8,"{'D': 4, 'A': 1}",5,4,0.8,1,False,,SVAMP,LAMA-3.2-3B
496,guided,496,"The pitcher stepped on the mound ready to throw, where was he located specifically?

Options:
A) hell
B) baseball stadium
C) golf course
D) africa
E) baseball diamond",mound,E,"Step 1: A baseball game typically takes place on a grassy area with markings for bases, called a baseball field.
Step 2: This type of field has a raised mound in the center where the pitcher stands.
Step 3: Baseball stadiums are designed for this purpose, providing space for players to move around and perform their actions.
Best answer: B because it's where a baseball game is usually played with a designated pitcher's mound.","['B', 'B', 'B', 'B', 'B']",B,False,majority,1.0,{'B': 5},5,0,0.0,0,False,,SVAMP,LAMA-3.2-3B
497,guided,497,"Where might the stapler be if I cannot find it?

Options:
A) office building
B) office supply store
C) desk drawer
D) with dwight
E) desktop",stapler,C,"Step 1: Typically, people keep office supplies like staplers on their work surface, such as a desk.
Step 2: If you can't find the stapler on the desk, it's likely that someone has taken it for use elsewhere in the office.
Step 3: Given that option D mentions Dwight, who often uses office supplies, it's probable that he borrowed the stapler.
Best answer: D because Dwight frequently misplaces office items.","['C', 'B', 'C', 'B', 'C']",C,True,majority,0.6,"{'C': 3, 'B': 2}",5,3,0.6,2,False,,SVAMP,LAMA-3.2-3B
498,guided,498,"Where would you find a fox that is made up?

Options:
A) storybook
B) woods
C) hen house
D) natural habitat
E) back yard",fox,A,"Step 1: A fox is a real-life animal, not a fictional creature.
Step 2: Foxes are typically found in various environments such as forests, grasslands, and deserts, but not typically in domestic settings like homes or farms.
Step 3: Since foxes aren't commonly kept as pets, their presence in a backyard would be unusual and unlikely.
Best answer: E because most people do not keep foxes in their backyards.","['A', 'D', 'A', 'A', 'A']",A,True,majority,0.8,"{'A': 4, 'D': 1}",5,4,0.8,1,False,,SVAMP,LAMA-3.2-3B
499,guided,499,"What part of a table would you put a ruler in?

Options:
A) drawer
B) desk
C) the backside
D) office
E) measure distance",ruler,A,"Step 1: A ruler is typically used for measuring lengths, widths, and heights.
Step 2: Drawers are designed to hold stationary objects like pens, papers, and other office supplies.
Step 3: Rulers are usually attached to the edge of a surface, allowing users to easily read their markings while measuring.
Best answer: B because it's where you'd commonly place a ruler for convenient access.","['B', 'B', 'B', 'B', 'B']",B,False,majority,1.0,{'B': 5},5,0,0.0,0,False,,SVAMP,LAMA-3.2-3B
500,guided,500,"What is the most famous constellation out of earth?

Options:
A) one moon
B) milky way
C) god's creation
D) stars
E) universe",earth,B,"Step 1: The term ""constellation"" refers to a group of stars that form a pattern on the celestial sphere.
Step 2: Among these options, only one directly relates to a recognizable group of stars in the night sky.
Step 3: The ""Milky Way"" is commonly known as a visible band of light across the sky, formed by our solar system's location within it.
Best answer: B because it's the only option that refers to a specific, observable pattern of stars.","['B', 'B', 'B', 'D', 'B']",B,True,majority,0.8,"{'B': 4, 'D': 1}",5,4,0.8,1,False,,SVAMP,LAMA-3.2-3B
501,guided,501,"The criminal insisted he must do the crime to the bank teller, but she tried to convince him there were other ways in life and this was what?

Options:
A) willing
B) optional
C) should not
D) have to
E) unnecessary",must,E,"Step 1: The phrase ""insisted he must"" implies that the criminal feels compelled to commit the crime against the bank teller.
Step 2: This suggests that there's an underlying motivation, possibly emotional or psychological, driving his actions.
Step 3: The bank teller's suggestion that there are other ways in life implies she's trying to appeal to his alternative options and reduce his reliance on committing the crime.
Best answer: C because the context suggests the criminal feels obligated to commit the crime, making it a moral imperative.","['A', 'D', 'A', 'B', 'A']",A,False,majority,0.6,"{'A': 3, 'D': 1, 'B': 1}",5,0,0.0,2,False,,SVAMP,LAMA-3.2-3B
502,guided,502,"Marathoners feel fatigued after running twenty six miles, but some that have pushed them self too hard might be prone to what?

Options:
A) excruciating pain
B) passing out
C) death
D) drunk
E) exhaustion",running twenty six miles,B,"Step 1: Marathoners experience muscle damage and depletion of energy stores during intense physical activity like running.
Step 2: This leads to a decrease in physical performance and an increase in feelings of tiredness.
Step 3: The term ""exhaustion"" specifically refers to a state where the body's energy resources are fully depleted, causing extreme tiredness.
Best answer: E because it directly relates to the physical effects of overexertion on the human body.","['B', 'D', 'B', 'B', 'B']",B,True,majority,0.8,"{'B': 4, 'D': 1}",5,4,0.8,1,False,,SVAMP,LAMA-3.2-3B
503,guided,503,"Where is one likely to find a fan for their stove?

Options:
A) appliance store
B) sports stadium
C) dress emporium
D) hot room
E) football stadium",fan,A,"Step 1: A fan is an electrical appliance used to circulate air, typically in a kitchen or living space.
Step 2: Stoves are usually found in kitchens, which require ventilation to remove cooking fumes and heat.
Step 3: Appliance stores sell various household items, including fans that can be used with stoves.
Best answer: A because appliance stores sell household items like fans that match with stoves.","['A', 'A', 'A', 'A', 'A']",A,True,majority,1.0,{'A': 5},5,5,1.0,0,False,,SVAMP,LAMA-3.2-3B
504,guided,504,"The wood was still rough to the touch, what did the woodworker have to do?

Options:
A) petrify
B) sanded
C) warp
D) composted
E) clean",wood,B,"Step 1: Woodworkers typically smooth out rough wood surfaces before using it for various projects.
Step 2: Sanding is a common process that involves abrasion with fine particles to remove imperfections and achieve a smoother finish.
Step 3: Petrification is the process of turning organic material into stone, which wouldn't make sense in this context.
Best answer: B because sanding removes roughness from wood surfaces.","['B', 'A', 'A', 'B', 'C']",A,False,refiner_tiebreak,0.5,"{'B': 2, 'A': 2, 'C': 1}",6,2,0.3333,3,True,False,SVAMP,LAMA-3.2-3B
505,guided,505,"Where can a student learn to play a triangle?

Options:
A) math class
B) math book
C) in pythagorus' band
D) orchestra
E) music class",triangle,E,"Step 1: Triangles are geometric shapes with three sides, typically learned in elementary school as part of basic math education.
Step 2: Music classes usually focus on playing instruments, singing, or composing music, not teaching geometry.
Step 3: While some schools may offer music classes that include learning about shapes, it's not the primary purpose of either ""math class"" or ""music class"".
Best answer: E because music classes are where students learn to play instruments, including those that produce triangular sounds like the triangle.","['D', 'D', 'D', 'D', 'D']",D,False,majority,1.0,{'D': 5},5,0,0.0,0,False,,SVAMP,LAMA-3.2-3B
506,guided,506,"James bought a new set of tire chains and put them somewhere he could find them.  Where would he put them?

Options:
A) gear shift
B) garage
C) kitchen
D) jewelry store
E) hardware store",chain,B,"Step 1: Tire chains are used for traction on snowy or icy roads, so they need to be stored in an area that protects them from damage caused by water, heat, and other elements.
Step 2: Garages often have a temperature-controlled environment, which helps preserve the condition of the chains, and some garages have hooks or racks specifically designed for storing tools like chains.
Step 3: Kitchens are typically warm, humid, and not designed for storing heavy equipment like chains, making it an unsuitable location.
Step 4: Jewelry stores sell precious items like watches, rings, etc., not tools like tire chains.
Step 5: Hardware stores sell various types of tools and supplies, including tire chains, but storing them there might expose them to other products that could damage the chains.
Best answer: B because garages provide a suitable environment for storing tire chains.","['B', 'B', 'B', 'B', 'B']",B,True,majority,1.0,{'B': 5},5,5,1.0,0,False,,SVAMP,LAMA-3.2-3B
507,guided,507,"Why would a small dog pant if it's hot outside?

Options:
A) outside
B) europe
C) heat
D) wet
E) dog show",small dog,C,"Step 1: Dogs pant to regulate their body temperature through evaporation of saliva.
Step 2: When it's hot outside, the air has more moisture, making evaporation easier for dogs to cool down.
Step 3: Since panting is a way for dogs to lose heat, being in hot conditions would trigger this behavior.
Best answer: C because heat causes dogs to pant to cool down.","['C', 'C', 'C', 'C', 'C']",C,True,majority,1.0,{'C': 5},5,5,1.0,0,False,,SVAMP,LAMA-3.2-3B
508,guided,508,"The kitten had nothing to dig it's claws into, so when it tried to stop it slid across what?

Options:
A) living room
B) floor
C) warm place
D) carpet
E) farmhouse",kitten,B,"Step 1: Kittens use their claws for balance and traction when climbing or stopping themselves from falling.
Step 2: If there's no surface for the kitten's claws to grip onto, it will lose traction and slide.
Step 3: Given that the kitten has no other option but to slide, it must slide across something that is smooth and flat.
Best answer: B because floors are typically smooth and flat surfaces where a kitten would lose its grip.","['B', 'B', 'B', 'B', 'B']",B,True,majority,1.0,{'B': 5},5,5,1.0,0,False,,SVAMP,LAMA-3.2-3B
509,guided,509,"What do young boys do on the ice in the winter?

Options:
A) ski
B) play hockey
C) summer
D) knit
E) warm",winter,B,"Step 1: In winter, many children enjoy outdoor activities that involve snow and cold weather.
Step 2: Young boys often engage in physical games and sports during this season.
Step 3: Given these facts, it's likely that they would participate in activities requiring ice, such as ice skating or ice hockey.
Best answer: B because many schools teach ice hockey as a winter sport.","['B', 'B', 'B', 'B', 'B']",B,True,majority,1.0,{'B': 5},5,5,1.0,0,False,,SVAMP,LAMA-3.2-3B
510,guided,510,"I want to buy a gong, where should I look for one?

Options:
A) orchestra
B) church
C) chinese temple
D) chinatown
E) music store",gong,E,"Step 1: A gong is typically used in musical settings, such as orchestras and ceremonies.
Step 2: While orchestras (A) might have some instruments, they usually don't sell individual items like gongs.
Step 3: Churches (B) often have bells, not gongs, for their musical purposes.
Step 4: Chinese temples (C) often have traditional instruments like drums and cymbals, but not typically gongs.
Step 5: Chinatown (D) might have cultural shops selling Asian instruments, including gongs.
Step 6: Music stores (E) usually carry a variety of instruments, including gongs.
Best answer: E because music stores typically sell musical instruments, including gongs.","['E', 'E', 'E', 'E', 'E']",E,True,majority,1.0,{'E': 5},5,5,1.0,0,False,,SVAMP,LAMA-3.2-3B
511,guided,511,"Joe was thrown from his boat into the water.  The water was cold because it was the middle of winter and he cried out to his crew for help.  They couldn't hear him over the sound of the what?

Options:
A) surface of earth
B) teardrops
C) snowflake
D) typhoon
E) motor",water,D,"Step 1: When someone cries, their voice carries farthest in still air, but not through water.
Step 2: Water is a conductor of sound, meaning it can transmit sound waves.
Step 3: Since Joe's cries were drowned out by the sound of the water, we can rule out options that don't relate to noise or sound transmission.
Best answer: E because the motor would produce a loud noise that would overpower Joe's cries.","['B', 'B', 'A', 'A', 'A']",A,False,majority,0.6,"{'B': 2, 'A': 3}",5,0,0.0,2,False,,SVAMP,LAMA-3.2-3B
512,guided,512,"What type of residence has a ground floor with a stoop?

Options:
A) brownstone
B) hotel
C) condominium
D) entering building
E) office building",ground floor,A,"Step 1: A ground floor typically refers to the lowest level of a multi-story structure, such as a house or apartment complex.
Step 2: In architecture, a stoop is a common feature found at the entrance of certain types of buildings, particularly those with multiple levels.
Step 3: Condominiums often have multiple units per building and usually have an entrance with a stoop for residents to access their individual apartments.
Best answer: C because condominiums frequently have ground-floor units with stoops for easy access.","['C', 'C', 'C', 'C', 'C']",C,False,majority,1.0,{'C': 5},5,0,0.0,0,False,,SVAMP,LAMA-3.2-3B
513,guided,513,"Where do most people make coffee?

Options:
A) coffee shop
B) office
C) table
D) washing
E) kitchen",cup of coffee,E,"Step 1: Many households have appliances designed specifically for brewing coffee, such as drip coffee makers or French presses.
Step 2: These appliances are typically found in kitchens, where food preparation occurs.
Step 3: Coffee shops and offices may also have coffee machines, but they're not where most people prepare their daily cups.
Best answer: E because most households have a dedicated space for food preparation.","['E', 'E', 'E', 'E', 'E']",E,True,majority,1.0,{'E': 5},5,5,1.0,0,False,,SVAMP,LAMA-3.2-3B
514,guided,514,"He picked up the perfect pebble, he planned to skip it across the entire small what?

Options:
A) manual
B) lake
C) aquarium
D) pond
E) playground",pebble,D,"Step 1: Skipping a pebble requires access to water, as it needs to bounce off the surface.
Step 2: An aquarium is a container for holding aquatic animals, not a body of water where one can skip objects.
Step 3: A manual is an object used for holding or manipulating things, not a location for physical activities like skipping stones.
Best answer: B because a lake has enough space and water for skipping pebbles.","['B', 'B', 'B', 'B', 'A']",B,False,majority,0.8,"{'B': 4, 'A': 1}",5,0,0.0,1,False,,SVAMP,LAMA-3.2-3B
515,guided,515,"If you were looking for a blowfish, you wouldn't look on dry land, you'd look in a what?

Options:
A) fish market
B) jungle
C) sea water
D) body of water
E) soup",blowfish,D,"Step 1: Blowfish are marine animals that live underwater.
Step 2: Since they inhabit water, we should search where water exists.
Step 3: Among the given options, only one directly relates to an aquatic environment.
Best answer: C because blowfish live in the ocean.","['D', 'D', 'D', 'D', 'D']",D,True,majority,1.0,{'D': 5},5,5,1.0,0,False,,SVAMP,LAMA-3.2-3B
516,guided,516,"There was more than one bum asking for change or a ticket, it was the cheapest way to travel so it was no surprise sight at the what?

Options:
A) train station
B) beach
C) bus depot
D) bridge
E) stumblebum",bum,C,"Step 1: A ""bum"" is slang for a homeless person, often seeking help or charity.
Step 2: Homeless individuals frequently gather at places where people give out free food, clothes, and other forms of assistance.
Step 3: Train stations are common locations for such gatherings due to their accessibility and visibility.
Best answer: A because train stations are known for having people collecting donations.","['A', 'A', 'A', 'A', 'A']",A,False,majority,1.0,{'A': 5},5,0,0.0,0,False,,SVAMP,LAMA-3.2-3B
517,guided,517,"Where would you display a picture on a horizontal surface?

Options:
A) microwave
B) desktop
C) shelf
D) art show
E) wall",picture,C,"Step 1: A typical use for a horizontal surface is to hold objects that need easy access, like books or decorations.
Step 2: Desks and shelves often have multiple horizontal spaces available for placing items.
Step 3: Walls usually have limited space and are not designed for displaying multiple items at once.
Best answer: C because shelves provide ample space for arranging multiple items horizontally.","['B', 'B', 'C', 'B', 'B']",B,False,majority,0.8,"{'B': 4, 'C': 1}",5,1,0.2,1,False,,SVAMP,LAMA-3.2-3B
518,guided,518,"Despite the large crowds, how did the depressed man feel?

Options:
A) small group
B) alone
C) solitary
D) solitude
E) panic",crowd,C,"Step 1: A person with depression often experiences social withdrawal due to feelings of sadness and hopelessness.
Step 2: Large crowds can exacerbate these feelings, making it difficult for someone with depression to connect with others.
Step 3: As a result, being in a crowded place might make someone with depression feel overwhelmed and disconnected from others.
Best answer: B because being around many people can intensify feelings of isolation and loneliness associated with depression.","['B', 'B', 'B', 'C', 'B']",B,False,majority,0.8,"{'B': 4, 'C': 1}",5,1,0.2,1,False,,SVAMP,LAMA-3.2-3B
519,guided,519,"What does every person want?

Options:
A) life partner
B) larger house
C) second chances
D) money
E) headache",person,A,"Step 1: Humans are social creatures that form emotional bonds with others for companionship and emotional support.
Step 2: Throughout history, humans have shown a strong desire to connect with others through relationships, as seen in various forms of marriage, friendships, and family ties.
Step 3: Having a romantic relationship provides a sense of belonging, love, and attachment, which are fundamental human needs.
Best answer: A because humans are wired to crave emotional connection with others.","['A', 'A', 'A', 'A', 'A']",A,True,majority,1.0,{'A': 5},5,5,1.0,0,False,,SVAMP,LAMA-3.2-3B
520,guided,520,"The woman is watching television and trying to forget her day, what is her goal?

Options:
A) entertainment
B) falling asleep
C) getting fat
D) crying
E) relaxation",watching television,E,"Step 1: People often use television as a way to unwind and pass time when they're feeling stressed or trying to relax.
Step 2: Watching TV can be calming, especially if it's an engaging show or movie that distracts from one's thoughts.
Step 3: Relaxation is typically associated with reducing mental tension and promoting leisure activities like watching TV.
Best answer: E because relaxation is a common reason for watching TV to calm down and de-stress.","['A', 'B', 'B', 'B', 'B']",B,False,majority,0.8,"{'A': 1, 'B': 4}",5,0,0.0,1,False,,SVAMP,LAMA-3.2-3B
521,guided,521,"Where could you get some knives if you are planning to bring them outside with you?

Options:
A) sporting goods store
B) backpack
C) kitchen
D) sharp edges
E) dog house",knives,C,"Step 1: When preparing for outdoor activities, people typically gather equipment needed beforehand.
Step 2: Knives are often used for cutting and are commonly purchased at stores that sell outdoor gear.
Step 3: Sporting goods stores usually carry a variety of knives designed for camping, hiking, etc.
Best answer: A because most outdoor enthusiasts buy knives at sporting goods stores before heading out.","['A', 'A', 'A', 'A', 'A']",A,False,majority,1.0,{'A': 5},5,0,0.0,0,False,,SVAMP,LAMA-3.2-3B
522,guided,522,"What is the animal trying to accomplish?

Options:
A) sand trap
B) live long
C) leave home
D) feel pain
E) eating",animal,B,"Step 1: Snails have a protective shell that they use for defense.
Step 2: If a snail's shell is damaged, it becomes vulnerable to predators.
Step 3: To protect itself, a snail will try to repair its damaged shell.
Best answer: B because snails need to live long enough to complete shell repair.","['B', 'B', 'B', 'B', 'B']",B,True,majority,1.0,{'B': 5},5,5,1.0,0,False,,SVAMP,LAMA-3.2-3B
523,guided,523,"James tore the antenna off of his boat due to bad reception as he was crossing the channel from France.  Where was he going?

Options:
A) river
B) television
C) india
D) england
E) europe",channel,D,"Step 1: If James needed to cross a body of water (channel) to get somewhere, it's likely he was traveling over water, not on land.
Step 2: Since he tore the antenna off his boat, he must have been using it for communication purposes while on the water.
Step 3: The most common way to communicate over long distances at sea is through radio broadcasting, which requires an antenna.
Best answer: E because it's the only option that involves crossing a body of water and requires communication technology.","['D', 'D', 'D', 'A', 'D']",D,True,majority,0.8,"{'D': 4, 'A': 1}",5,4,0.8,1,False,,SVAMP,LAMA-3.2-3B
524,guided,524,"As he looked out the window, he knew the landing was happening soon, and it made him nervous, but where would he be soon?

Options:
A) apartment building
B) disembark
C) stairwell
D) deplane
E) airport",landing,E,"Step 1: The person is likely on an airplane, given that they're looking out the window and anticipating a landing.
Step 2: Airplanes typically land at airports, which have designated areas for passengers to exit the plane after arrival.
Step 3: Disembark refers to getting off the plane, but it's not where one would be immediately after landing; rather, it's what you do afterwards.
Best answer: E because an airport is where planes land and where passengers would go immediately after landing.","['D', 'D', 'D', 'D', 'E']",D,False,majority,0.8,"{'D': 4, 'E': 1}",5,1,0.2,1,False,,SVAMP,LAMA-3.2-3B
525,guided,525,"If you want to learn about the world and understand the real reasons behind cultural norms and mores, you have achieved a sense of what?

Options:
A) enlightenment
B) open mind
C) confusion
D) smartness
E) anger",learning about world,A,"Step 1: The phrase ""sense of what"" suggests gaining knowledge or comprehension about something specific, like culture.
Step 2: Achieving a ""sense"" typically implies acquiring an understanding or perception, often through experience, study, or reflection.
Step 3: Cultural norms and mores are learned behaviors, traditions, and values passed down through generations; understanding these requires empathy, research, and critical thinking.
Therefore, having a sense of cultural norms means being aware of the underlying reasons behind them, which is associated with being open-minded and receptive to new ideas.

Best answer: B because it reflects the idea of being receptive to new information and ideas.","['B', 'B', 'B', 'B', 'B']",B,False,majority,1.0,{'B': 5},5,0,0.0,0,False,,SVAMP,LAMA-3.2-3B
526,guided,526,"What will happen if you inject water into yourself?

Options:
A) dilute
B) thin blood
C) take several forms
D) wet clothes
E) move mountains",water,B,"Step 1: Injecting water into the body would increase fluid volume within tissues.
Step 2: Excess water would put pressure on organs like the heart, lungs, and brain due to hydrostatic forces.
Step 3: This could lead to swelling, potentially causing damage to these organs if not treated promptly.
Best answer: E because injecting water into the body would not literally move mountains, but rather cause harm to internal structures.","['D', 'A', 'D', 'D', 'D']",D,False,majority,0.8,"{'D': 4, 'A': 1}",5,0,0.0,1,False,,SVAMP,LAMA-3.2-3B
527,guided,527,"Kramer wrote a self-referential book.  What might that book be about?

Options:
A) counter
B) coffee table
C) school room
D) backpack
E) bedside table",book,B,"Step 1: A self-referential book refers to a book that talks about itself, its own existence, or its author.
Step 2: Considering this definition, the book cannot be about an object like ""backpack"" (D) or ""bedside table"" (E), as these are inanimate objects.
Step 3: Similarly, it's unlikely that the book would be about a place like ""school room"" (C), as that's too specific and doesn't relate directly to the concept of self-reference.
Step 4: Between ""counter"" (A) and ""coffee table"" (B), while both could potentially fit, ""coffee table"" is more likely because it's an everyday item that people often talk about in relation to their living spaces, making it a plausible subject for self-reflection.
Best answer: B because it's an object commonly discussed in relation to one's home and daily life.","['B', 'B', 'B', 'B', 'B']",B,True,majority,1.0,{'B': 5},5,5,1.0,0,False,,SVAMP,LAMA-3.2-3B
528,guided,528,"Where would you get jeans and other wearable items to take home with you?

Options:
A) shopping mall
B) museum
C) laundromat
D) clothing store
E) bedroom",jeans,D,"Step 1: People typically buy clothes at stores that sell clothing.
Step 2: Shopping malls have multiple stores, including those that sell jeans and other wearable items.
Step 3: You wouldn't find clothes in a museum, laundromat, or your bedroom - those places don't sell new clothes.
Best answer: A because shopping malls have many retail stores where you can purchase new clothes.","['A', 'A', 'A', 'A', 'A']",A,False,majority,1.0,{'A': 5},5,0,0.0,0,False,,SVAMP,LAMA-3.2-3B
529,guided,529,"Riding a bike for a long time can cause what?

Options:
A) enjoyment
B) fatigue
C) falling down
D) getting lost
E) thirst",riding bike,B,"Step 1: Prolonged physical activity like riding a bike requires energy expenditure.
Step 2: When energy is depleted, the body's ability to function properly decreases.
Step 3: One common symptom of decreased physical function due to energy depletion is feeling tired or exhausted.
Best answer: B because riding a bike for an extended period can lead to physical exhaustion.","['B', 'B', 'B', 'B', 'B']",B,True,majority,1.0,{'B': 5},5,5,1.0,0,False,,SVAMP,LAMA-3.2-3B
530,guided,530,"A revolving door is convenient for two direction travel, but it also serves as a security measure at a what?

Options:
A) bank
B) library
C) department store
D) mall
E) new york",revolving door,A,"Step 1: Revolving doors are commonly found in public places where many people enter and exit simultaneously, reducing congestion.
Step 2: These locations often have high foot traffic, making security a priority to prevent loitering or unauthorized access.
Step 3: Malls typically have strict security protocols due to their large crowds and valuable merchandise on display.
Best answer: D because malls have strict security measures to control access and prevent shoplifting.","['D', 'D', 'D', 'D', 'D']",D,False,majority,1.0,{'D': 5},5,0,0.0,0,False,,SVAMP,LAMA-3.2-3B
531,guided,531,"Sally was afraid of danger and always double checked what?

Options:
A) fight enemy
B) secure
C) being safe
D) safety
E) vicinity",danger,D,"Step 1: Sally's fear indicates she values avoiding harm, which suggests she wants to minimize risk.
Step 2: ""secure"" implies taking steps to protect oneself from potential threats, aligning with Sally's cautious nature.
Step 3: The other options don't directly relate to the concept of checking for safety; ""fight"" implies aggression, ""being safe"" is more of an outcome rather than an action, ""safety"" is too broad, and ""vicinity"" refers to location, not the act of checking.
Best answer: B because it's an action that shows Sally taking proactive measures to reduce risk.","['B', 'B', 'B', 'B', 'B']",B,False,majority,1.0,{'B': 5},5,0,0.0,0,False,,SVAMP,LAMA-3.2-3B
532,guided,532,"During a shark filled tornado where should you not be?

Options:
A) marine museum
B) pool hall
C) noodle house
D) bad movie
E) outside",shark,E,"Step 1: Sharks are aquatic animals that live in water, not on land.
Step 2: A tornado is a rotating column of air that forms over land, causing damage and lifting objects into the air.
Step 3: Since sharks require water to survive, it's impossible for them to be present in a tornado, which occurs on land.
Best answer: B because sharks cannot survive outside of water due to lack of oxygen and other essential resources.","['B', 'E', 'E', 'E', 'A']",E,True,majority,0.6,"{'B': 1, 'E': 3, 'A': 1}",5,3,0.6,2,False,,SVAMP,LAMA-3.2-3B
533,guided,533,"Billy lived in the capital of his country, then he moved.  Where might he move to?

Options:
A) small town
B) jail
C) lower case
D) contain governmental activities
E) lowercase",capital,A,"Step 1: If Billy lived in the capital of his country, it implies that he was part of the government or had some connection to the central authority.
Step 2: The capital is typically associated with governmental institutions, laws, and decision-making processes.
Step 3: Given this context, moving away from the capital would likely mean leaving behind these institutions and possibly seeking new opportunities elsewhere.
Best answer: A because moving to a smaller town could provide a change of pace while still being relatively close to larger cities with access to some governmental services.","['A', 'A', 'A', 'A', 'A']",A,True,majority,1.0,{'A': 5},5,5,1.0,0,False,,SVAMP,LAMA-3.2-3B
534,guided,534,"Where does a maid empty a trash can?

Options:
A) bus stop
B) corner
C) hockey game
D) motel
E) alley",trash can,D,"Step 1: A maid's job is to clean and maintain cleanliness, which includes taking out the trash.
Step 2: Typically, trash cans are placed near areas where people generate waste, such as homes, offices, or public spaces with foot traffic.
Step 3: An alleyway is a narrow passageway between buildings where pedestrians and vehicles often walk, making it a common location for trash cans.
Best answer: E because it's a typical spot for waste disposal near human activity areas.","['E', 'E', 'E', 'E', 'E']",E,False,majority,1.0,{'E': 5},5,0,0.0,0,False,,SVAMP,LAMA-3.2-3B
535,guided,535,"If i were to spit a lot without noticing i may have extra what?

Options:
A) phlegm
B) saliva nd mouth
C) disease
D) germs
E) spittle",spitting,B,"Step 1: When you spit, you are expelling material from your mouth through your saliva.
Step 2: Saliva contains mucus, which helps trap dust, bacteria, and other particles that enter your mouth.
Step 3: If you spit frequently without realizing it, some of this trapped material may still be in your mouth.
Best answer: A because phlegm is a thick, sticky substance produced in the lungs that can accumulate if not cleared regularly.","['A', 'D', 'A', 'D', 'A']",A,False,majority,0.6,"{'A': 3, 'D': 2}",5,0,0.0,2,False,,SVAMP,LAMA-3.2-3B
536,guided,536,"I picked from an apple tree outside of Fort Wayne, where am I?

Options:
A) woods
B) illinois
C) indiana
D) washington state
E) tampa",apple tree,C,"Step 1: Apple trees typically grow in temperate climates with adequate rainfall and suitable soil conditions.
Step 2: Fort Wayne, Indiana has a humid continental climate with cold winters and warm summers, making it suitable for apple cultivation.
Step 3: Indiana is known for its apple production, particularly in the northeastern part of the state near Lake Michigan.
Best answer: C because Indiana's climate and geography support apple tree growth.","['D', 'B', 'B', 'B', 'B']",B,False,majority,0.8,"{'D': 1, 'B': 4}",5,0,0.0,1,False,,SVAMP,LAMA-3.2-3B
537,guided,537,"Blowfish require what specific thing to live?

Options:
A) sea water
B) hatred
C) fish market
D) body of water
E) jungle",blowfish,A,"Step 1: Blowfish are marine animals that live underwater.
Step 2: They need an aquatic environment with access to food sources like plankton and small fish.
Step 3: Since blowfish can't breathe air, they need a liquid with high salt concentration, like seawater, to survive.
Best answer: A because blowfish are saltwater fish.","['D', 'D', 'D', 'D', 'D']",D,False,majority,1.0,{'D': 5},5,0,0.0,0,False,,SVAMP,LAMA-3.2-3B
538,guided,538,"What happens at soon as a living being is born?

Options:
A) expiration
B) growing older
C) sometimes bad
D) death
E) start reproduction",living,B,"Step 1: All living organisms start as eggs or embryos before hatching, which indicates new life begins.
Step 2: The process of reproduction involves creating offspring, ensuring continuation of the species.
Step 3: Therefore, birth marks the beginning of an individual's life cycle, leading to growth and potentially reproduction itself.
Best answer: E because reproduction is fundamental to the survival and propagation of living beings.","['B', 'D', 'D', 'B', 'D']",D,False,majority,0.6,"{'B': 2, 'D': 3}",5,2,0.4,2,False,,SVAMP,LAMA-3.2-3B
539,guided,539,"What type of demands to the unions need to be making to go off strike?

Options:
A) reasonable
B) more money
C) not go to work
D) return to work
E) union",go off strike,A,"Step 1: In the United States, labor unions often negotiate with employers over issues such as wages, benefits, and working conditions.
Step 2: One common demand made by unions is to increase pay rates to match inflation or industry standards.
Step 3: Therefore, option B ""more money"" aligns with typical union demands, as it directly relates to financial compensation.
Best answer: B because it's a common union negotiation point.","['A', 'A', 'A', 'C', 'D']",A,True,majority,0.6,"{'A': 3, 'C': 1, 'D': 1}",5,3,0.6,2,False,,SVAMP,LAMA-3.2-3B
540,guided,540,"If one needed the bathroom they needed a key, to get it they had to also buy something from the what?

Options:
A) school
B) convenience store
C) rest area
D) mall
E) theater",bathroom,B,"Step 1: Most public restrooms require access control for hygiene and safety reasons.
Step 2: Convenience stores typically have restrooms that are open to customers.
Step 3: People usually go to convenience stores when they need immediate assistance with basic needs like using the restroom.
Best answer: B because convenience stores often have public restrooms available for customers.","['B', 'B', 'B', 'B', 'B']",B,True,majority,1.0,{'B': 5},5,5,1.0,0,False,,SVAMP,LAMA-3.2-3B
541,guided,541,"If you spend a long time running after a ball how are you likely to feel?

Options:
A) laughter
B) sweating
C) embarrassed
D) breathing heavily
E) tiredness",running after ball,E,"Step 1: When engaging in physical activity like running, your body uses energy stored in muscles.
Step 2: As you continue to run, those muscles become fatigued, leading to decreased performance.
Step 3: Eventually, this fatigue causes your body to slow down and recover, resulting in feelings of exhaustion.
Best answer: E because prolonged physical exertion leads to muscle fatigue.","['E', 'E', 'E', 'E', 'E']",E,True,majority,1.0,{'E': 5},5,5,1.0,0,False,,SVAMP,LAMA-3.2-3B
542,guided,542,"At the new comic store he found himself making friends, it was nice to meet people with what?

Options:
A) smiling
B) smile
C) open mind
D) common interests
E) laughter",making friends,D,"Step 1: When someone says ""making friends"" they usually talk about forming social connections with others who share similar characteristics or activities.
Step 2: Smiling (A) is an expression on someone's face, not a trait that defines their personality or interests.
Step 3: An open mind (C) is important for being receptive to new ideas, but it's not directly related to forming friendships based on shared activities.
Step 4: Common interests (D) are often a key factor in creating bonds between people, as they provide a foundation for conversation and shared experiences.
Step 5: Laughter (E) can be a result of shared interests, but it's not what initially attracts people together in the first place.
Best answer: D because common interests are essential for forming friendships.","['D', 'D', 'D', 'D', 'D']",D,True,majority,1.0,{'D': 5},5,5,1.0,0,False,,SVAMP,LAMA-3.2-3B
543,guided,543,"If I was watching TV on the couch and the air was stuffy, I might turn the fan on to make the what more comfortable?

Options:
A) hockey game
B) living room
C) bathroom
D) football stadium
E) hot room",fan,B,"Step 1: Turning on a fan typically increases air circulation, which helps reduce stuffiness.
Step 2: Stuffiness occurs when there's inadequate airflow in a closed space like a room.
Step 3: Since the fan will improve air movement, it will make the room less stuffy, thus making it more comfortable to watch TV.
Best answer: D because turning on the fan would improve airflow, reducing stuffiness in the living room.","['B', 'B', 'B', 'B', 'B']",B,True,majority,1.0,{'B': 5},5,5,1.0,0,False,,SVAMP,LAMA-3.2-3B
544,guided,544,"What type of non-vegetarian soup is one likely to find a potato?

Options:
A) beef stew
B) own kitchen
C) clam chowder
D) kitchen cabinet
E) pantry",potato,C,"Step 1: Potatoes are a type of root vegetable commonly used in soups.
Step 2: Clam chowder typically includes potatoes as an ingredient, especially when it's not specifically labeled as ""vegetable chowder"".
Step 3: While one might find potatoes in other types of soups, such as creamy soups, clam chowder is most closely associated with potatoes.
Best answer: C because it's a well-known combination.","['C', 'C', 'C', 'C', 'C']",C,True,majority,1.0,{'C': 5},5,5,1.0,0,False,,SVAMP,LAMA-3.2-3B
545,guided,545,"Bill puts meat on the scale, where does Bill work?

Options:
A) music store
B) assay office
C) tidal wave
D) butcher shop
E) bathroom",scale,D,"Step 1: An assay office is a place where people analyze samples, often using scales to measure their weight.
Step 2: Butchers typically weigh meat to determine its quality and quantity for sale.
Step 3: Since Bill is putting meat on the scale, it's likely he's working with food products, not analyzing samples or measuring water (tidal wave).
Best answer: D because butchers handle meat daily.","['D', 'D', 'D', 'D', 'D']",D,True,majority,1.0,{'D': 5},5,5,1.0,0,False,,SVAMP,LAMA-3.2-3B
546,guided,546,"The man often made smart remarks, like that any restaurant is a mexican restaurant where?

Options:
A) city
B) mexica
C) san diego
D) spain
E) mexico",mexican restaurant,E,"Step 1: The term ""Mexican"" typically refers to something related to Mexico, such as food, culture, or geography.
Step 2: If a restaurant is called ""Mexican,"" it's likely serving Mexican cuisine or has Mexican-themed decorations, music, etc.
Step 3: Cities (A) and Spain (D) don't inherently imply Mexican culture; they're just places where Mexicans live or originate from.
Step 4: San Diego (C) could be a city with Mexican-American culture, but it's not necessarily a characteristic that defines what makes a restaurant ""Mexican.""
Step 5: Mexico (E) is the country itself, which would be too broad for this context.
Best answer: E because ""Mexican"" directly relates to the country, implying its culture and cuisine.","['E', 'E', 'E', 'E', 'E']",E,True,majority,1.0,{'E': 5},5,5,1.0,0,False,,SVAMP,LAMA-3.2-3B
547,guided,547,"Where would you put pans if you want to bring them with you?

Options:
A) cooking
B) cook food
C) kitchen
D) backpack
E) drawer",pans,D,"Step 1: Pans are typically made of metal and used for cooking food over heat.
Step 2: Since they require heat to function, taking them to a place without access to heat would render them useless.
Step 3: Therefore, the most practical choice for transporting pans would be a location where you can easily access heat sources like stoves or campfires.
Best answer: D because it allows for easy transportation and storage near heat sources.","['D', 'D', 'C', 'B', 'A']",D,True,majority,0.4,"{'D': 2, 'C': 1, 'B': 1, 'A': 1}",5,2,0.4,3,False,,SVAMP,LAMA-3.2-3B
548,guided,548,"when communicating with my boss what should i do

Options:
A) misunderstandings
B) transfer of information
C) learning
D) confusion
E) silence",communicating,B,"Step 1: Effective communication with a boss typically involves clarifying any doubts or issues immediately.
Step 2: If there's a misunderstanding, addressing it promptly helps prevent further errors or misinterpretations.
Step 3: Ignoring the issue (option E) would likely lead to ongoing problems and strained working relationship.
Best answer: A because resolving misunderstandings is crucial for maintaining a productive workplace interaction.","['B', 'B', 'A', 'A', 'A']",A,False,majority,0.6,"{'B': 2, 'A': 3}",5,2,0.4,2,False,,SVAMP,LAMA-3.2-3B
549,guided,549,"Where is a good place to store pamphlets in your home or office?

Options:
A) library
B) health department
C) mail box
D) drawer
E) bookstore",pamphlets,D,"Step 1: Libraries typically have shelves for storing books, magazines, and other printed materials.
Step 2: Mailboxes are designed to hold letters and packages, not documents like pamphlets.
Step 3: Bookstores primarily sell new books, not store items like pamphlets.
Best answer: A because libraries often have designated areas for storing publications.","['A', 'A', 'A', 'A', 'B']",A,False,majority,0.8,"{'A': 4, 'B': 1}",5,0,0.0,1,False,,SVAMP,LAMA-3.2-3B
550,guided,550,"The pencil sharpener was broken in the classroom, where did the teacher recommend the student go?

Options:
A) home
B) library
C) stationery store
D) cabinet
E) desk drawer",pencil sharpener,B,"Step 1: Teachers typically keep extra supplies, including pencil sharpeners, in designated areas such as cabinets or drawers near their desks.
Step 2: The pencil sharpener was already broken, so it wouldn't be useful at the desk (rule out option E).
Step 3: A library doesn't usually carry new supplies like pencil sharpeners (eliminate option B).
Step 4: While some libraries may have a small supply closet, this isn't a common practice for classroom supplies (rule out option A).
Best answer: D because teachers often store extra supplies in their classroom cabinets.","['D', 'D', 'D', 'A', 'A']",D,False,majority,0.6,"{'D': 3, 'A': 2}",5,0,0.0,2,False,,SVAMP,LAMA-3.2-3B
551,guided,551,"What will happen to animals after eating food?

Options:
A) bite
B) digestion
C) feel pleasure
D) pass water
E) listen to each other",animals,C,"Step 1: Animals consume food through their mouths, breaking it down into smaller pieces.
Step 2: The broken-down nutrients are then absorbed into their bloodstream, allowing them to use energy and build tissues.
Step 3: Waste products, such as undigested fiber and excess water, remain in the digestive system until eliminated through excretion.
Best answer: B because digestion is the process of breaking down food into nutrients that can be absorbed by the body.","['B', 'B', 'B', 'B', 'B']",B,False,majority,1.0,{'B': 5},5,0,0.0,0,False,,SVAMP,LAMA-3.2-3B
552,guided,552,"What geographic area is a lizard likely to be?

Options:
A) ball stopped
B) west texas
C) arid regions
D) garden
E) warm place",lizard,B,"Step 1: Lizards are known to live in warm environments with plenty of sunlight for thermoregulation.
Step 2: Deserts, such as those found in West Texas, have hot temperatures and dry conditions ideal for lizard habitats.
Step 3: While some lizards might occasionally venture into gardens, it's not their typical habitat.
Best answer: C because arid regions are known for being hot and dry, suitable for lizard survival.","['B', 'C', 'C', 'C', 'C']",C,False,majority,0.8,"{'B': 1, 'C': 4}",5,1,0.2,1,False,,SVAMP,LAMA-3.2-3B
553,guided,553,"Nature creates more beautiful structures than those that are what?

Options:
A) artificial
B) indoors
C) city
D) man made
E) eat cake",nature,D,"Step 1: Nature has been creating structures like mountains, waterfalls, and coral reefs over millions of years through geological processes like erosion and sedimentation.
Step 2: These natural structures often require less maintenance and do not need human intervention to remain intact.
Step 3: In contrast, human-made structures like buildings, roads, and bridges require constant upkeep and can be damaged easily.
Best answer: A because natural structures don't need human maintenance like artificial ones do.","['D', 'A', 'D', 'D', 'D']",D,True,majority,0.8,"{'D': 4, 'A': 1}",5,4,0.8,1,False,,SVAMP,LAMA-3.2-3B
554,guided,554,"The chief saw his entire tribe wiped out, he was a leader with a single what?

Options:
A) peon
B) indian
C) minister
D) follower
E) employee",chief,D,"Step 1: A leader typically has people under their direct supervision.
Step 2: A peon is someone who performs manual labor, often under the supervision of a higher-ranking person like a leader.
Step 3: Since the chief had no one left to give orders to, it's logical that they were the one doing all the work themselves, making them a peon.
Best answer: A because a peon implies direct labor under the chief's control.","['D', 'D', 'D', 'D', 'D']",D,True,majority,1.0,{'D': 5},5,5,1.0,0,False,,SVAMP,LAMA-3.2-3B
555,guided,555,"When a human is earning money, where are they often found?

Options:
A) deep thought
B) park
C) friend's house
D) place of work
E) school",human,D,"Step 1: People typically engage in economic activities such as working, selling products, or providing services.
Step 2: Places like offices, stores, and factories are common locations for these activities.
Step 3: Among the given options, only one aligns with typical employment settings.
Best answer: D because most jobs take place at workplaces.","['D', 'D', 'D', 'D', 'D']",D,True,majority,1.0,{'D': 5},5,5,1.0,0,False,,SVAMP,LAMA-3.2-3B
556,guided,556,"John got his tax refund back.  He treated it like it was what?

Options:
A) candy
B) death and
C) free money
D) discount
E) credit",tax,C,"Step 1: Typically, people celebrate receiving money they owe to be repaid as a refund, which implies it's extra funds they didn't have to give.
Step 2: In many cultures, receiving money back is seen as a positive event, often associated with good fortune or relief.
Step 3: Receiving money back is usually considered a gain, not something one would use for something negative like candy (A) or death (B).
Best answer: C because receiving money back is often viewed as an unexpected windfall.","['C', 'C', 'D', 'D', 'C']",C,True,majority,0.6,"{'C': 3, 'D': 2}",5,3,0.6,2,False,,SVAMP,LAMA-3.2-3B
557,guided,557,"If I have a modern light source in my living room, what is it likely to be?

Options:
A) sky
B) house
C) lamp
D) match
E) candle",light source,C,"Step 1: In most homes, lighting systems include artificial light sources to illuminate spaces.
Step 2: These artificial light sources are typically designed to produce visible light for human use.
Step 3: Among the given options, only one is specifically designed for producing light.
Best answer: C because lamps are commonly used as artificial light sources in homes.","['C', 'C', 'C', 'C', 'C']",C,True,majority,1.0,{'C': 5},5,5,1.0,0,False,,SVAMP,LAMA-3.2-3B
558,guided,558,"Jenny enjoyed helping people.  It brought her a great deal of what?

Options:
A) satisfaction
B) complications
C) train
D) feel good about yourself
E) enjoyment",helping,A,"Step 1: Helping others often releases endorphins, also known as ""feel-good"" hormones, in the brain.
Step 2: These hormones create a positive emotional response, commonly referred to as happiness or euphoria.
Step 3: This emotional state is closely tied to the concept of satisfaction, which results from achieving something enjoyable or fulfilling.
Best answer: A because helping others stimulates the release of ""feel-good"" hormones associated with satisfaction.","['E', 'A', 'A', 'D', 'E']",E,False,refiner_tiebreak,0.5,"{'E': 2, 'A': 2, 'D': 1}",6,2,0.3333,3,True,False,SVAMP,LAMA-3.2-3B
559,guided,559,"Which group of states is Louisiana part of?

Options:
A) deep south
B) 98 of world's crayfish
C) united states
D) gulf states
E) bible belt",louisiana,D,"Step 1: Louisiana shares borders with Texas, Mississippi, Arkansas, and Alabama, all of which are part of the United States.
Step 2: The term ""gulf states"" typically refers to states bordering the Gulf of Mexico, including Texas, Louisiana, Mississippi, Alabama, and Florida.
Step 3: Although Louisiana is geographically located in the southern region, ""deep south"" can be subjective and doesn't necessarily imply direct access to the Gulf of Mexico.
Best answer: D because it accurately describes its geographical relationship with other states bordering the Gulf of Mexico.","['D', 'C', 'C', 'D', 'D']",D,True,majority,0.6,"{'D': 3, 'C': 2}",5,3,0.6,2,False,,SVAMP,LAMA-3.2-3B
560,guided,560,"Because John was first violin, he had to bring something important to work ever day. What did he need to bring to work?

Options:
A) music store
B) obesity
C) symphony orchestra
D) ochestra
E) violin case",first violin,E,"Step 1: As a violinist, John likely needs his instrument for work.
Step 2: Violins require proper storage and transportation to maintain their condition.
Step 3: A violin case provides protection and support during transportation, making it essential for daily use.
Best answer: E because a violin case is necessary for transporting and storing the instrument.","['B', 'B', 'B', 'B', 'D']",B,False,majority,0.8,"{'B': 4, 'D': 1}",5,0,0.0,1,False,,SVAMP,LAMA-3.2-3B
561,guided,561,"Where is the ideal location for a post office?

Options:
A) building
B) business district
C) above ground
D) most towns
E) center of town",post office,E,"Step 1: A post office typically serves as a hub for mail collection, sorting, and distribution.
Step 2: It needs to be easily accessible to receive and send mail from various locations within its service area.
Step 3: Being centrally located allows for efficient routing of mail between different parts of the town, making it an ideal spot for a post office.
Best answer: E because being at the center of town ensures accessibility and facilitates mail delivery.","['E', 'E', 'E', 'E', 'E']",E,True,majority,1.0,{'E': 5},5,5,1.0,0,False,,SVAMP,LAMA-3.2-3B
562,guided,562,"They had a theory of what they could do in t he big game, so over and over they would what?

Options:
A) park
B) practice
C) fact
D) practical
E) practise",theory,B,"Step 1: In sports, teams often develop strategies before an event to gain an advantage over their opponents.
Step 2: This preparation typically involves repeated attempts at simulating game conditions to refine their approach.
Step 3: Repeated attempts at simulating the game are known as ""practicing"".
Best answer: B because ""practice"" is the correct verb form used for this context.","['B', 'B', 'B', 'B', 'B']",B,True,majority,1.0,{'B': 5},5,5,1.0,0,False,,SVAMP,LAMA-3.2-3B
563,guided,563,"Where are you likely to find much more than a drop of blood on the floor?

Options:
A) crime scene
B) vein
C) blood bank
D) slaughter house
E) needle",drop of blood,D,"Step 1: A blood bank is a place where blood is collected, stored, and distributed for medical purposes.
Step 2: If blood is collected there, it would be stored in containers, not spilled on the floor.
Step 3: Crime scenes typically involve broken glass, broken objects, or other signs of violence, not just a single drop of blood.
Step 4: Veins carry blood throughout the body, so you wouldn't find blood on the floor near them.
Step 5: Slaughterhouses process animal carcasses, which could have blood, but it's not where you'd find ""much more"" blood than elsewhere.
Step 6: Needles are used to inject substances like insulin or vaccines, not to spill blood.
Best answer: A because crime scenes often involve multiple sources of blood due to violent acts.","['A', 'E', 'A', 'D', 'A']",A,False,majority,0.6,"{'A': 3, 'E': 1, 'D': 1}",5,1,0.2,2,False,,SVAMP,LAMA-3.2-3B
564,guided,564,"The ball was hit over a boundary and struck an audience member.  What kind of game were they playing?

Options:
A) sporting event
B) sporting
C) basketball
D) society
E) ranch country",boundary,A,"Step 1: In most cases where someone gets hit with a ball while watching a game, it's likely due to an accident caused by an overzealous player.
Step 2: This type of incident often occurs during competitive team sports where physical contact is involved.
Step 3: Given that the setting involves a ""boundary"" and ""audience member,"" we can rule out ""ranch country"" (E), as it doesn't fit any known sport.
Additionally, ""sporting event"" (A) seems too broad, as it could apply to any type of sporting activity, not necessarily implying physical contact with an audience member.
Best answer: C because it's a specific type of sport where such incidents can happen frequently.","['C', 'C', 'B', 'C', 'C']",C,False,majority,0.8,"{'C': 4, 'B': 1}",5,0,0.0,1,False,,SVAMP,LAMA-3.2-3B
565,guided,565,"The poor girls needed a light to see, what was the relationship between that light and finishing her homework?

Options:
A) darkness
B) cumbersome
C) obesity
D) forceful
E) crucial",light,E,"Step 1: The sentence states ""The poor girls needed a light"" indicating they didn't have one, implying they couldn't complete their task without it.
Step 2: Having a light would facilitate learning and studying, making it easier for them to finish their homework.
Step 3: Without a light, they would struggle to read and complete their work, which would hinder their progress.
Best answer: E because without the light, they wouldn't be able to finish their homework.","['A', 'E', 'A', 'A', 'A']",A,False,majority,0.8,"{'A': 4, 'E': 1}",5,1,0.2,1,False,,SVAMP,LAMA-3.2-3B
566,guided,566,"In a horror movie victims usually trip when the run in order to do what in regards to the killer?

Options:
A) frightened
B) run up stairs
C) get away from
D) go quickly
E) go faster",run,C,"Step 1: In horror movies, the killer often uses stealth and surprise to catch victims off guard.
Step 2: When victims see or hear the killer approaching, they typically react impulsively without thinking clearly.
Step 3: This impulsive reaction often leads to them tripping over their own feet, creating an opportunity for the killer to attack.
Best answer: B because tripping is a common way for victims to lose balance while trying to escape quickly.","['A', 'D', 'B', 'A', 'A']",A,False,majority,0.6,"{'A': 3, 'D': 1, 'B': 1}",5,0,0.0,2,False,,SVAMP,LAMA-3.2-3B
567,guided,567,"If I keep getting crumbs under my table, what should I put under it?

Options:
A) conference
B) neighbor's house
C) rug
D) net
E) card room",table,C,"Step 1: Crumbs are small pieces of food that fall on the floor when eating.
Step 2: To catch these crumbs, you need something with holes or mesh to filter them out.
Step 3: A net is commonly used for this purpose in various settings like homes, restaurants, and schools.
Best answer: D because a net can effectively trap crumbs from falling under the table.","['D', 'D', 'D', 'D', 'D']",D,False,majority,1.0,{'D': 5},5,0,0.0,0,False,,SVAMP,LAMA-3.2-3B
568,guided,568,"Mandy lived in a train station.  She longed to see distant places. Where might she imagine going?

Options:
A) downtown area
B) centre of town
C) bedroom
D) europe
E) big city",train station,D,"Step 1: Trains typically travel between different parts of a city or town, often connecting various locations within those areas.
Step 2: The term ""distant places"" suggests that Mandy wants to travel far away from her current location, which is a train station.
Step 3: Given that trains usually go to different parts of a city or town, it's logical that Mandy would imagine destinations within those larger areas, rather than just within her immediate surroundings like her bedroom.
Best answer: E because it implies traveling to an even larger, more extensive region.","['E', 'E', 'E', 'D', 'E']",E,False,majority,0.8,"{'E': 4, 'D': 1}",5,1,0.2,1,False,,SVAMP,LAMA-3.2-3B
569,guided,569,"The gimmicky low brow TV show was about animals when they what?

Options:
A) sick
B) mammals
C) males
D) bite
E) attack",animals,E,"Step 1: The show's title suggests it's about animals, so we're looking for a word related to animals.
Step 2: ""Gimmicky"" implies something attention-grabbing or sensational, which might involve behavior that's unusual or extreme.
Step 3: ""Low brow"" implies the show is not sophisticated or high-brow, which could mean it focuses on basic, instinctual behaviors rather than complex social structures or intelligent actions.
Best answer: E because ""attack"" implies a primal, instinctual behavior that's often used in sensationalized animal shows.","['E', 'E', 'E', 'E', 'E']",E,True,majority,1.0,{'E': 5},5,5,1.0,0,False,,SVAMP,LAMA-3.2-3B
570,guided,570,"The low trickle of water revealed a stone, where was the stone found?

Options:
A) ocean
B) gallbladder
C) driveway
D) river bed
E) creek bed",stone,E,"Step 1: A stone that has been exposed due to erosion would likely come from an area with flowing water.
Step 2: Rivers and creeks are both bodies of water with constant flow, but they differ in size - rivers are generally larger and faster-moving than creeks.
Step 3: Given that the water level was low, it's more probable that the stone was eroded from a smaller, slower-moving body of water, such as a creek bed.
Best answer: E because creeks have slower-moving water that can cause erosion over time.","['D', 'D', 'D', 'D', 'D']",D,False,majority,1.0,{'D': 5},5,0,0.0,0,False,,SVAMP,LAMA-3.2-3B
571,guided,571,"Something had the nerve to break into the garbage last night, what did it?

Options:
A) eyes
B) animal
C) fingertips
D) brainstem
E) human body",nerve,B,"Step 1: Breaking into the garbage implies some level of physical interaction with the trash.
Step 2: Animals are known for rummaging through garbage for food, whereas humans do not typically engage in this behavior.
Step 3: Fingertips are not capable of breaking into garbage, as they are part of a human hand.
Step 4: The brainstem controls basic functions like breathing but cannot physically interact with objects.
Step 5: The human body consists of various parts, but none of them can break into garbage on their own.
Best answer: B because animals are common culprits for rummaging through garbage.","['B', 'B', 'B', 'B', 'B']",B,True,majority,1.0,{'B': 5},5,5,1.0,0,False,,SVAMP,LAMA-3.2-3B
572,guided,572,"The child was politely waiting for dessert, he was eventually rewarded for his what?

Options:
A) timing
B) expenditure of time
C) getting bored
D) anger
E) patience",waiting for,E,"Step 1: Children often learn that waiting for something they want will result in receiving it if they remain calm and don't express frustration.
Step 2: Expressing anger or impatience usually leads to disappointment or delay, not immediate gratification.
Step 3: Therefore, the most logical consequence of the child's behavior is that he was rewarded for showing patience.
Best answer: E because showing patience typically earns a reward in situations like this.","['B', 'B', 'A', 'B', 'B']",B,False,majority,0.8,"{'B': 4, 'A': 1}",5,0,0.0,1,False,,SVAMP,LAMA-3.2-3B
573,guided,573,"After high tide, where on the coast can you look to find a sea anemone?

Options:
A) nursery
B) museum
C) gulf of mexico
D) tide pool
E) intertidal zone",anemone,D,"Step 1: Sea anemones attach themselves to underwater surfaces using their tentacles.
Step 2: At low tide, these surfaces are exposed as the water recedes, revealing areas where anemones can be found.
Step 3: Intertidal zones are areas between high and low tide marks, where both water covers part of the surface and exposes part of it.
Best answer: E because it's where the water level fluctuates, exposing areas suitable for anemones to live.","['E', 'D', 'D', 'D', 'D']",D,True,majority,0.8,"{'E': 1, 'D': 4}",5,4,0.8,1,False,,SVAMP,LAMA-3.2-3B
574,guided,574,"The dog curled up for a nap, it was tuckered out because it had just been what?

Options:
A) walked
B) petted
C) affection
D) go outside
E) scratch",dog,A,"Step 1: Dogs need rest after physical activity to recover energy.
Step 2: Walking is a form of exercise that requires energy, so it would leave a dog feeling tired.
Step 3: Therefore, the most logical reason for the dog's decision to take a nap is that it was exhausted from walking.
Best answer: A because walking is an activity that requires physical exertion.","['A', 'A', 'B', 'A', 'A']",A,True,majority,0.8,"{'A': 4, 'B': 1}",5,4,0.8,1,False,,SVAMP,LAMA-3.2-3B
575,guided,575,"What island country is ferret popular?

Options:
A) own home
B) north carolina
C) great britain
D) hutch
E) outdoors",ferret,C,"Step 1: Ferrets are domesticated animals often kept as pets.
Step 2: Many people keep ferrets in enclosures called ""hutches"" for their care and safety.
Step 3: Ferrets are not native to any island nation, nor do they live freely outdoors like wild animals would.
Best answer: D because ferrets are commonly kept in hutch enclosures.","['D', 'D', 'B', 'B', 'D']",D,False,majority,0.6,"{'D': 3, 'B': 2}",5,0,0.0,2,False,,SVAMP,LAMA-3.2-3B
576,guided,576,"Why would a woman kill a stranger she met in a dark alley?

Options:
A) being raped
B) get rid of
C) they didn't know the passcode
D) get revenge
E) were evil",kill,A,"Step 1: Most people, regardless of gender, tend to avoid harming others unless there's a clear justification or self-defense motive.
Step 2: There's no indication that the woman had any prior relationship with the stranger or felt threatened before meeting them.
Step 3: Options A, C, and E imply extreme circumstances that aren't supported by basic human behavior patterns. Option B suggests a possible self-defense action, but it's still unclear why she'd choose that specific method.
Best answer: B because it implies a desperate attempt to escape danger, which could be a plausible reaction in a life-threatening situation.","['B', 'B', 'B', 'B', 'B']",B,False,majority,1.0,{'B': 5},5,0,0.0,0,False,,SVAMP,LAMA-3.2-3B
577,guided,577,"What is the feeling of one having fun?

Options:
A) smiling
B) pleasure
C) hurt
D) injuries
E) laughter",having fun,B,"Step 1: Smiling is often associated with happiness and enjoyment, which are emotions related to having fun.
Step 2: While pleasure can be a result of having fun, it's not necessarily the direct feeling itself.
Step 3: Laughter is typically a physical expression of amusement, often caused by something enjoyable happening.
Best answer: E because laughter is a common physical response to enjoyable activities.","['E', 'A', 'E', 'E', 'E']",E,False,majority,0.8,"{'E': 4, 'A': 1}",5,0,0.0,1,False,,SVAMP,LAMA-3.2-3B
578,guided,578,"Where might a mouse be found to make it country?

Options:
A) kitchen
B) cook
C) computer lab
D) old barn
E) research laboratory",mouse,D,"Step 1: Mice are known to infest homes and buildings with food sources.
Step 2: Kitchens typically have food storage areas where crumbs and spills can attract rodents.
Step 3: This environment provides ideal conditions for mice to survive and breed.
Best answer: A because kitchens often have food debris that attracts mice.","['A', 'D', 'B', 'D', 'D']",D,True,majority,0.6,"{'A': 1, 'D': 3, 'B': 1}",5,3,0.6,2,False,,SVAMP,LAMA-3.2-3B
579,guided,579,"He had to wear a tuxedo while playing the keyboard instrument, so did the other hundred members of the what?

Options:
A) music store
B) band
C) medium
D) orchestra
E) piano store",keyboard instrument,D,"Step 1: A tuxedo is typically worn for formal occasions like black-tie events, such as award shows or galas.
Step 2: Musicians often perform in groups, like bands or orchestras, which require coordinated attire.
Step 3: An orchestra consists of multiple musicians playing different instruments together, so it's likely that all members would dress formally to match the lead performer's attire.
Best answer: D because an orchestra typically consists of many musicians performing together under one conductor.","['D', 'D', 'D', 'D', 'D']",D,True,majority,1.0,{'D': 5},5,5,1.0,0,False,,SVAMP,LAMA-3.2-3B
580,guided,580,"Where is a good place to put a hamburger?

Options:
A) resturant
B) fast food restaurant
C) mouth
D) kitchen
E) pizza",hamburger,C,"Step 1: A hamburger is typically prepared and served as food.
Step 2: Restaurants and fast food establishments prepare and serve prepared meals like hamburgers.
Step 3: Kitchens are where food preparation occurs, but they're not where you eat the food.
Best answer: B because fast food restaurants are places that serve hamburgers.","['D', 'B', 'B', 'A', 'A']",D,False,coin_flip,0.3333,"{'D': 1, 'B': 2, 'A': 2}",6,0,0.0,4,True,False,SVAMP,LAMA-3.2-3B
581,guided,581,"According to what book did an apple tree lead to the downfall of man?

Options:
A) bible
B) spain
C) harry potter
D) new york
E) woods",apple tree,A,"Step 1: The phrase ""the downfall of man"" suggests a catastrophic event that had significant consequences for humanity.
Step 2: In biblical context, ""the fall"" often refers to the story of Adam and Eve eating forbidden fruit from a tree.
Step 3: The only option directly related to this mythological event is the Bible, which tells the story of Adam and Eve's disobedience to God's command not to eat from the Tree of Knowledge.
Best answer: A because it contains the mythological account of humanity's original sin.","['A', 'A', 'A', 'A', 'A']",A,True,majority,1.0,{'A': 5},5,5,1.0,0,False,,SVAMP,LAMA-3.2-3B
582,guided,582,"Where do you keep a pail in your house?

Options:
A) garage
B) pool
C) utility room
D) hardware store
E) wishing well",pail,C,"Step 1: A pail is typically used for holding liquids or solids, such as water, soil, or tools.
Step 2: Garages often have space for storing various household items like tools, equipment, and supplies.
Step 3: Utility rooms usually have specific areas designated for storing items like cleaning supplies, but it's less common compared to garages.
Best answer: A because most people store tools and equipment in their garage.","['A', 'A', 'A', 'A', 'A']",A,False,majority,1.0,{'A': 5},5,0,0.0,0,False,,SVAMP,LAMA-3.2-3B
583,guided,583,"Why does having a disability sometimes making academic tasks hard for a person?

Options:
A) mentally challenged
B) have choice
C) lots of space
D) hungry
E) acknowledgment",person,A,"Step 1: People with disabilities may need accommodations or modifications to complete academic tasks due to physical barriers.
Step 2: These modifications can include extra time, assistive technology, or adaptive materials that help level the playing field.
Step 3: Without such support, individuals with disabilities might struggle to access information, organize their thoughts, or express themselves effectively, leading to difficulties in academic tasks.
Best answer: A because having a disability can create obstacles that hinder academic performance.","['B', 'B', 'B', 'B', 'B']",B,False,majority,1.0,{'B': 5},5,0,0.0,0,False,,SVAMP,LAMA-3.2-3B
584,guided,584,"If the wood texture is not smooth it is what?

Options:
A) gilded
B) porous
C) solid
D) painted
E) less dense than water",wood,B,"Step 1: Wood with an uneven surface has gaps between its fibers, allowing air to pass through.
Step 2: This unevenness creates spaces that can hold liquids, making it more prone to absorbing moisture.
Step 3: As a result, rough wood tends to be more absorbent than smooth wood.
Best answer: B because porous materials have many small holes or gaps that allow liquids to penetrate.","['B', 'B', 'C', 'C', 'B']",B,True,majority,0.6,"{'B': 3, 'C': 2}",5,3,0.6,2,False,,SVAMP,LAMA-3.2-3B
585,guided,585,"From where do aliens arrive?

Options:
A) outer space
B) weekly world news
C) roswell
D) universe
E) mars",aliens,A,"Step 1: Aliens are often depicted as extraterrestrial beings originating from other planets or galaxies.
Step 2: The concept of ""outer space"" refers to the vast, almost infinite, three-dimensional expanse beyond Earth's atmosphere.
Step 3: While Roswell is a famous alleged UFO incident, it's not a known source for alien arrival; it's a specific location on Earth where some claim an alien spacecraft crashed.
Best answer: A because outer space is the most logical, scientifically-supported origin for extraterrestrial life.","['C', 'C', 'C', 'C', 'C']",C,False,majority,1.0,{'C': 5},5,0,0.0,0,False,,SVAMP,LAMA-3.2-3B
586,guided,586,"Where can you find a restaurant's phone number?

Options:
A) yellow pages
B) town
C) business sector
D) town
E) at hotel",restaurant,A,"Step 1: In most countries, phone books are organized alphabetically by business type, including restaurants.
Step 2: Yellow pages typically list all types of businesses under specific categories like ""Restaurants"" or ""Food Service"".
Step 3: Since restaurants fall under these categories, it's likely that their phone numbers would be listed there as well.
Best answer: A because phone books usually organize businesses by category.","['A', 'A', 'A', 'A', 'A']",A,True,majority,1.0,{'A': 5},5,5,1.0,0,False,,SVAMP,LAMA-3.2-3B
587,guided,587,"What does someone typically feel when applying for a job?

Options:
A) horror
B) anxiety and fear
C) rejection
D) increased workload
E) being employed",applying for job,B,"Step 1: Applying for a job can be a stressful process due to uncertainty about the outcome.
Step 2: Many people experience anxiety when they don't know if they'll get hired or if their skills meet requirements.
Step 3: Rejection is also a common fear, but it's not the immediate emotional response during application.
Best answer: B because anxiety and fear are common emotions associated with job application processes.","['B', 'B', 'B', 'B', 'B']",B,True,majority,1.0,{'B': 5},5,5,1.0,0,False,,SVAMP,LAMA-3.2-3B
588,guided,588,"How is a person likely to communicatewith others?

Options:
A) say words
B) meet friends
C) open mouth
D) thank god
E) die of cancer",person,A,"Step 1: Humans typically express themselves through verbal or written language to convey thoughts, needs, and emotions.
Step 2: Saying words (option A) is a common method for human communication, as it allows for clear expression and understanding.
Step 3: Options B, C, D, and E do not represent typical ways people communicate with others in everyday life; meeting friends (B) might be part of social interaction but isn't a primary means of communication; opening one's mouth (C) could be related to speaking but isn't an action itself; thanking God (D) is a religious expression, not general communication; dying from cancer (E) is an extreme outcome unrelated to communication.
Best answer: A because it's the most direct way humans express themselves to others.","['A', 'A', 'A', 'A', 'A']",A,True,majority,1.0,{'A': 5},5,5,1.0,0,False,,SVAMP,LAMA-3.2-3B
589,guided,589,"What kind of path do comets tend to have?

Options:
A) ice
B) set orbits
C) universe
D) space
E) solid nucleus",comets,B,"Step 1: Comets originate from the outer Solar System, particularly from a region called the Oort Cloud.
Step 2: As they approach the Sun, their ices vaporize, creating a bright tail of gas and dust.
Step 3: Once they pass close to the Sun, their path becomes more elliptical due to gravitational interactions with nearby planets.
Best answer: B because comets follow curved paths around the Sun as they orbit.","['B', 'B', 'B', 'B', 'B']",B,True,majority,1.0,{'B': 5},5,5,1.0,0,False,,SVAMP,LAMA-3.2-3B
590,guided,590,"What might someone do after they finish creating art?

Options:
A) frustration
B) relax
C) eat
D) enlightenment
E) communication",creating art,B,"Step 1: Creating art often requires concentration and mental effort, which can lead to emotional states like stress or satisfaction.
Step 2: People typically experience relief after completing a task they enjoyed, as it reduces mental fatigue.
Step 3: Relaxation is a common response to finishing an enjoyable activity like creating art, as it allows the mind to unwind.
Best answer: B because creating art is often followed by feelings of relaxation.","['B', 'B', 'B', 'B', 'B']",B,True,majority,1.0,{'B': 5},5,5,1.0,0,False,,SVAMP,LAMA-3.2-3B
591,guided,591,"Copulating with the wrong partner may be ill advised, many diseases can be transferred that can cause different types of what?

Options:
A) intense pleasure
B) ejaculation
C) period of rest
D) enjoyment
E) skin irritation",copulating,E,"Step 1: Human reproduction involves biological processes that can lead to the transmission of pathogens.
Step 2: Certain diseases, such as gonorrhea and chlamydia, are sexually transmitted infections (STIs).
Step 3: These STIs can cause various health issues if left untreated, including inflammation of the reproductive organs.
Best answer: E because many STIs cause skin irritation around the affected area.","['B', 'A', 'D', 'A', 'B']",B,False,refiner_tiebreak,0.5,"{'B': 2, 'A': 2, 'D': 1}",6,0,0.0,3,True,False,SVAMP,LAMA-3.2-3B
592,guided,592,"What are candles good for eliminating?

Options:
A) shelf
B) board
C) church
D) table
E) dark",candle,E,"Step 1: Candles are typically used for providing light.
Step 2: Churches often have stained glass windows that allow natural light in, reducing the need for candles.
Step 3: Therefore, it's less likely to find candles in a church where there's already sufficient lighting.
Best answer: E because candles serve as an alternative to darkness.","['E', 'E', 'A', 'E', 'C']",E,True,majority,0.6,"{'E': 3, 'A': 1, 'C': 1}",5,3,0.6,2,False,,SVAMP,LAMA-3.2-3B
593,guided,593,"What could happen if someone is seeing new presents at a birthday party?

Options:
A) envy
B) jealousy
C) education
D) fear
E) excitement",seeing new,E,"Step 1: When someone sees new presents at a birthday party, they typically expect that others will give them gifts as well.
Step 2: If no one else gives them a present, this expectation isn't met, which can lead to disappointment.
Step 3: Disappointment often results in feeling left out or unappreciated, which can cause negative emotions like envy.
Best answer: A because not receiving gifts can lead to feelings of being overlooked or undervalued.","['A', 'A', 'A', 'A', 'B']",A,False,majority,0.8,"{'A': 4, 'B': 1}",5,0,0.0,1,False,,SVAMP,LAMA-3.2-3B
594,guided,594,"Where are the most famous BBQ steakhouses in america?

Options:
A) texas
B) building
C) kansas city
D) maine
E) falling down",steakhouse,A,"Step 1: Many famous BBQ steakhouses are known for their slow-cooked meats, which require a specific type of cooking environment.
Step 2: Texas is famous for its beef and has a long tradition of slow-smoking meats over indirect heat, creating tender steaks.
Step 3: Kansas City-style BBQ also involves slow-smoking meats, but it's more focused on pork and has its own unique flavor profile.
Step 4: Buildings can't cook food, so option B is impossible.
Step 5: Maine is known for seafood, not steakhouses, making option D unlikely.
Step 6: Falling down doesn't describe a location, eliminating option E as a viable choice.
Best answer: A because Texas is famous for its beef and slow-smoking tradition.","['A', 'A', 'A', 'A', 'A']",A,True,majority,1.0,{'A': 5},5,5,1.0,0,False,,SVAMP,LAMA-3.2-3B
595,guided,595,"Going public about a common problem can gain what for a celebrity?

Options:
A) wide acceptance
B) a degree
C) pain
D) getting high
E) press coverage",going public,A,"Step 1: Celebrities often use social media platforms to share their personal experiences and raise awareness about social issues.
Step 2: Sharing personal struggles can humanize them in front of their fans, making their message more relatable and impactful.
Step 3: This increased emotional connection can lead to increased public sympathy, ultimately resulting in more support for their cause.
Best answer: A because sharing personal struggles can lead to increased public acceptance.","['E', 'E', 'E', 'E', 'E']",E,False,majority,1.0,{'E': 5},5,0,0.0,0,False,,SVAMP,LAMA-3.2-3B
596,guided,596,"The trucker plopped on the bench with a sense of relief, where did he arrive?

Options:
A) bordello
B) rest area
C) garden
D) bus stop
E) state park",bench,B,"Step 1: A trucker typically stops at designated rest stops or truck stops for rest and food.
Step 2: Rest areas are specifically designed for drivers to take breaks, have meals, and stretch their legs.
Step 3: While a garden might have benches, it's unlikely to have facilities for food, water, or showers, which are common at rest stops.
Best answer: B because rest areas cater to truckers' needs during long drives.","['B', 'B', 'B', 'B', 'B']",B,True,majority,1.0,{'B': 5},5,5,1.0,0,False,,SVAMP,LAMA-3.2-3B
597,guided,597,"They wanted to recognize his accomplishment, where should they put his name?

Options:
A) certificate
B) directory
C) phone book
D) lineup
E) roster",name,A,"Step 1: A certificate is typically given to acknowledge someone's achievement or completion of a course.
Step 2: A phone book lists contact information for individuals, not achievements.
Step 3: A directory might list categories of people (e.g., doctors, teachers), but not specific accomplishments.
Step 4: A lineup is used for lineups in court or for grouping people in a specific order, not to display achievements.
Step 5: A roster is often used to keep track of team members, athletes, or attendees at events.
Best answer: E because a roster is commonly used to list individuals who have completed something.","['E', 'E', 'E', 'E', 'E']",E,False,majority,1.0,{'E': 5},5,0,0.0,0,False,,SVAMP,LAMA-3.2-3B
598,guided,598,"The carpet was smelly and discouraged the league from playing there, where was this smelly carpet installed?

Options:
A) bedroom
B) movie theater
C) bowling alley
D) church
E) office",carpet,C,"Step 1: A strong, unpleasant odor can be caused by sweat, food spills, or other organic materials that attract pests.
Step 2: Carpets in public spaces like offices and movie theaters are often cleaned regularly, but those in private areas like bedrooms might not be as frequently cleaned.
Step 3: Bowling alleys have a high volume of foot traffic, making it more likely for a carpet to become dirty and smelly if not properly maintained.
Best answer: C because bowling alleys have heavy usage which can lead to dirt and odors accumulating on the carpet.","['C', 'C', 'C', 'C', 'C']",C,True,majority,1.0,{'C': 5},5,5,1.0,0,False,,SVAMP,LAMA-3.2-3B
599,guided,599,"They wanted to try blowfish, so they went to get some where?

Options:
A) atlantic ocean
B) books
C) france
D) aquarium
E) fish market",blowfish,E,"Step 1: Blowfish are marine animals that live in saltwater environments.
Step 2: An aquarium is a container filled with water, typically for keeping marine animals like blowfish alive.
Step 3: Since they need water to survive, it's logical that they would go to an establishment designed for aquatic life.
Best answer: D because it's a place where you can find water and marine animals like blowfish.","['D', 'D', 'D', 'D', 'D']",D,False,majority,1.0,{'D': 5},5,0,0.0,0,False,,SVAMP,LAMA-3.2-3B
600,guided,600,"Where is a likely place to store unused soap?

Options:
A) cabinet
B) supermarket
C) jail
D) butt
E) own home",soap,A,"Step 1: Typically, people keep personal hygiene items like soap in their living space for easy access.
Step 2: Supermarkets sell soap, so it's unlikely they would buy new soap there if they already have some at home.
Step 3: Jails don't typically provide personal hygiene facilities for inmates, making it an unlikely place to store soap.
Best answer: E because most people store unused soap in their own home.","['B', 'E', 'E', 'E', 'D']",E,False,majority,0.6,"{'B': 1, 'E': 3, 'D': 1}",5,0,0.0,2,False,,SVAMP,LAMA-3.2-3B
601,guided,601,"What may I place the telephone on?

Options:
A) bar
B) friend's house
C) desktop
D) party
E) office",telephone,C,"Step 1: Typically, people use their phones for communication, which often occurs in private spaces where they can talk to others.
Step 2: An office setting allows for face-to-face interactions with colleagues, making it an ideal location for using a phone.
Step 3: Placing a phone on a desk helps keep it within easy reach while minimizing distractions in a workspace.
Best answer: C because most people use their phones at their desks for work-related calls and messages.","['C', 'C', 'C', 'C', 'C']",C,True,majority,1.0,{'C': 5},5,5,1.0,0,False,,SVAMP,LAMA-3.2-3B
602,guided,602,"What room is a rubber bath mat usually kept?

Options:
A) doorway
B) living room
C) sand
D) floors
E) bathroom",mat,E,"Step 1: A rubber bath mat serves as a protective barrier between wet floors and skin, preventing slipping hazards.
Step 2: It's typically placed on the surface that gets wet during bathing activities, such as showers or baths.
Step 3: Bathrooms are designed for hygiene and cleanliness, making them the most logical location for a rubber bath mat.
Best answer: E because it's where people take baths and showers.","['D', 'E', 'D', 'E', 'E']",E,True,majority,0.6,"{'D': 2, 'E': 3}",5,3,0.6,2,False,,SVAMP,LAMA-3.2-3B
603,guided,603,"The child didn't know the problems his mother was going through, all he had was what for her?

Options:
A) care
B) balloon
C) loved
D) become adult
E) learn",child,C,"Step 1: Children often rely on objects that provide emotional support during difficult times.
Step 2: Balloons are commonly given as gifts to comfort someone who is upset or sad.
Step 3: This is especially true for children, who may not fully understand complex emotions but associate physical objects with emotional comfort.
Best answer: B because balloons are commonly used as comfort items for emotional support.","['B', 'B', 'B', 'B', 'B']",B,False,majority,1.0,{'B': 5},5,0,0.0,0,False,,SVAMP,LAMA-3.2-3B
604,guided,604,"What type of geographic area will you find a marmot?

Options:
A) mountainous area
B) wood pile
C) jungle
D) petting zoo
E) animals",marmot,A,"Step 1: Marmots are rodents that live in groups, often burrowing underground for shelter.
Step 2: These burrows can be found in areas with rocky terrain, which allows them to easily dig and hide.
Step 3: Mountainous regions have plenty of rocky outcroppings and steep slopes where marmots can easily create their burrows.
Best answer: A because mountainous areas provide suitable terrain for marmot burrowing.","['A', 'A', 'A', 'A', 'A']",A,True,majority,1.0,{'A': 5},5,5,1.0,0,False,,SVAMP,LAMA-3.2-3B
605,guided,605,"Where are bus stops more common in what parts?

Options:
A) ocean
B) getting off of bus
C) airport
D) urban area
E) towns",bus stop,D,"Step 1: Bus stops are typically installed for passengers to alight from the bus.
Step 2: Airports have designated areas for check-in, baggage claim, security, and boarding, but not necessarily for alighting.
Step 3: Urban areas often have high population density, making it necessary to provide multiple bus stops for efficient transportation.
Step 4: Towns usually have fewer residents compared to cities, requiring fewer bus stops.
Best answer: D because urban areas have higher population density, necessitating more bus stops.","['D', 'D', 'D', 'D', 'D']",D,True,majority,1.0,{'D': 5},5,5,1.0,0,False,,SVAMP,LAMA-3.2-3B
606,guided,606,"Many towns and cities have trash cans where on sidewalks?

Options:
A) hospital
B) park
C) corner
D) motel
E) office",trash can,C,"Step 1: In most urban areas, public spaces like parks and sidewalks require waste management facilities for cleanliness and hygiene.
Step 2: Hospitals, motels, and offices typically do not typically have outdoor trash cans on their premises.
Step 3: Corners are not suitable locations for placing large trash cans due to space constraints and accessibility issues.
Best answer: C because sidewalks need designated areas for trash collection to maintain cleanliness.","['B', 'B', 'B', 'B', 'B']",B,False,majority,1.0,{'B': 5},5,0,0.0,0,False,,SVAMP,LAMA-3.2-3B
607,guided,607,"Dad wanted to hide the check in his office, where did he put it?

Options:
A) cash register
B) desk drawer
C) fish tank
D) bank
E) pay envelope",check,B,"Step 1: Typically, people store money in secure locations like drawers or safes, but since none of those options are available here, we'll consider other common places where checks might be kept.
Step 2: Checks are often kept with other financial documents like receipts, invoices, or invoices for easy reference.
Step 3: Given that option E) pay envelope is specifically designed for holding checks, it's a logical choice for storing a check.
Best answer: E because pay envelopes are designed for holding checks.","['E', 'E', 'E', 'B', 'E']",E,False,majority,0.8,"{'E': 4, 'B': 1}",5,1,0.2,1,False,,SVAMP,LAMA-3.2-3B
608,guided,608,"Where do cars usually travel at very high speeds?

Options:
A) freeway
B) road
C) race track
D) alley
E) parking lot",car,C,"Step 1: High-speed travel requires a dedicated path designed for fast movement, separate from other traffic.
Step 2: Freeways are built with multiple lanes, wide shoulders, and controlled access points to manage heavy traffic flow.
Step 3: Race tracks also have designated paths for high-speed events, but they're not used for daily commuting or general transportation.
Best answer: A because freeways are specifically designed for high-speed travel.","['A', 'A', 'A', 'A', 'A']",A,False,majority,1.0,{'A': 5},5,0,0.0,0,False,,SVAMP,LAMA-3.2-3B
609,guided,609,"What could committing murder prevent someone from doing?

Options:
A) go to jail
B) cry
C) find god
D) guilty conscience
E) problems",committing murder,C,"Step 1: Committing murder is a serious crime that breaks social norms and laws.
Step 2: Breaking the law often results in punishment, such as imprisonment.
Step 3: Jail is a place where people who break the law are sent to serve time.
Best answer: A because committing murder typically leads to punishment like going to jail.","['A', 'A', 'A', 'A', 'A']",A,False,majority,1.0,{'A': 5},5,0,0.0,0,False,,SVAMP,LAMA-3.2-3B
610,guided,610,"They had to know where to go, they got on the national highway after consulting the what?

Options:
A) canada
B) atlas
C) united states
D) major cities
E) book",national highway,B,"Step 1: Before embarking on a road trip, it's essential to plan ahead and gather information about the route.
Step 2: An atlas is a physical book that contains detailed maps, helping users navigate through different locations.
Step 3: Using an atlas allows travelers to identify nearby cities, highways, and other important landmarks, ensuring they take the correct path.
Best answer: B because an atlas provides geographical information necessary for navigation.","['C', 'B', 'B', 'B', 'A']",B,True,majority,0.6,"{'C': 1, 'B': 3, 'A': 1}",5,3,0.6,2,False,,SVAMP,LAMA-3.2-3B
611,guided,611,"Where is there a telephone book in almost every room?

Options:
A) at hotel
B) house
C) library
D) bedsit
E) closet",telephone book,A,"Step 1: Hotels typically have multiple rooms for guests to stay in, and each room usually has essential amenities like a phone for communication.
Step 2: Hotels also often have reception areas where guests can access public phones if their room doesn't have one.
Step 3: Additionally, some hotels may have phones installed in common spaces like lobbies or corridors for guests to use.
Best answer: A because hotels cater to transient visitors who need easy access to communication facilities.","['A', 'A', 'A', 'A', 'A']",A,True,majority,1.0,{'A': 5},5,5,1.0,0,False,,SVAMP,LAMA-3.2-3B
612,guided,612,"While on the fan boat he thought he'd see swamps and gators, but he was surprised to spot a bald eagle in what nature area?

Options:
A) everglades
B) high places
C) natural habitat
D) new york
E) colorado",bald eagle,A,"Step 1: Bald eagles are known to inhabit areas near large bodies of water, such as lakes, rivers, and coastal regions.
Step 2: The Everglades is a vast wetland ecosystem in Florida with numerous lakes, rivers, and coastal areas where bald eagles can be found.
Step 3: Given the association between bald eagles and aquatic environments, it's unlikely they would be spotted in high places (mountains) or landlocked areas like New York or Colorado.
Best answer: A because the Everglades provides an ideal habitat for bald eagles with access to water.","['A', 'A', 'A', 'A', 'A']",A,True,majority,1.0,{'A': 5},5,5,1.0,0,False,,SVAMP,LAMA-3.2-3B
613,guided,613,"Some people got escorted out of the library, they were probably what?

Options:
A) state facts
B) talking loudly
C) making money
D) amount to nothing
E) believe in god",people,B,"Step 1: Libraries have rules against disrupting others, such as talking loudly.
Step 2: Talking loudly would likely disturb other patrons studying or reading, violating these rules.
Step 3: As a result, library staff may ask individuals to leave if they continue breaking the rule.
Best answer: B because talking loudly is a common reason for being asked to leave a library.","['B', 'B', 'B', 'B', 'B']",B,True,majority,1.0,{'B': 5},5,5,1.0,0,False,,SVAMP,LAMA-3.2-3B
614,guided,614,"The place where my linen closet is really needs repainting a light color as it only has one overhead light.

Options:
A) house
B) home
C) pool house
D) hallway
E) bedroom",linen closet,D,"Step 1: A linen closet typically stores clothing, towels, and other household linens, often located inside a room where people change clothes.
Step 2: Since the task involves painting, it's likely that the space needs decoration or aesthetic improvement, which is more common in residential areas rather than outdoor structures like pools or garages.
Step 3: Considering these points, the most suitable location for repainting would be within a room where people spend time getting dressed, making option E) bedroom the most logical choice.
Best answer: E because it's where people change clothes and spend time, requiring aesthetic improvements.","['B', 'D', 'D', 'B', 'D']",D,True,majority,0.6,"{'B': 2, 'D': 3}",5,3,0.6,2,False,,SVAMP,LAMA-3.2-3B
615,guided,615,"When going to sleep what happens to your body?

Options:
A) snoring
B) latency
C) dreams
D) relaxation
E) dreaming",going to sleep,D,"Step 1: The human brain processes information during wakefulness, but when we sleep, it enters a state of reduced activity.
Step 2: During this state, the brain goes through different stages, including REM (rapid eye movement) and non-REM sleep, where dreams occur.
Step 3: While both snoring and relaxation can happen during sleep, they are not directly related to the primary function of the brain during sleep.
Best answer: E because dreaming is the most direct consequence of brain activity during sleep.","['D', 'D', 'D', 'D', 'D']",D,True,majority,1.0,{'D': 5},5,5,1.0,0,False,,SVAMP,LAMA-3.2-3B
616,guided,616,"She wanted a kitten and puppy so why did she only get the puppy?

Options:
A) one choice for pet
B) cute
C) kennel
D) soft
E) waxy",puppy,A,"Step 1: People often choose between two items when selecting pets, especially if they want both a cat and dog.
Step 2: Typically, households can only accommodate one type of pet at a time due to space constraints and care requirements.
Step 3: Getting both a kitten and puppy simultaneously would require double the space, food, and attention, making it impractical.
Best answer: A because most households have limited space for multiple pets.","['C', 'C', 'A', 'A', 'A']",A,True,majority,0.6,"{'C': 2, 'A': 3}",5,3,0.6,2,False,,SVAMP,LAMA-3.2-3B
617,guided,617,"What kind of food makes someone sick?

Options:
A) boat
B) necessary to live
C) edible
D) unhealthy
E) kitchen",food,D,"Step 1: Humans need nutrients to survive, and certain types of food provide those nutrients.
Step 2: ""Unhealthy"" implies something that can cause harm or disease, which is typically associated with consuming spoiled, rotten, or contaminated food.
Step 3: ""Edible"" means safe for human consumption, so it's unlikely to make someone sick.
Best answer: D because unhealthy foods are known to cause illness.","['D', 'D', 'D', 'D', 'D']",D,True,majority,1.0,{'D': 5},5,5,1.0,0,False,,SVAMP,LAMA-3.2-3B
618,guided,618,"He was at the gym trying to build muscle, what is it called that he is trying to build muscle on?

Options:
A) body of animal
B) arm
C) bodybuilder
D) body of dog
E) human body",muscle,E,"Step 1: The term ""build muscle"" refers to increasing muscle mass through exercise and training.
Step 2: Gym-goers typically aim to improve their physical appearance, athletic performance, or overall health.
Step 3: ""Bodybuilder"" is a person who engages in this type of training to achieve these goals.
Best answer: C because it's a term specifically associated with individuals who exercise to increase muscle mass.","['E', 'E', 'A', 'E', 'E']",E,True,majority,0.8,"{'E': 4, 'A': 1}",5,4,0.8,1,False,,SVAMP,LAMA-3.2-3B
619,guided,619,"A car was hailed to chauffeur someone to the opera house, where was it heading?

Options:
A) go downtown
B) appear suddenly
C) go fast
D) bottom out
E) east",car,A,"Step 1: A car is typically used for transporting people, especially in urban areas like cities with opera houses.
Step 2: Opera houses are usually located in city centers, which means they're often near downtown areas.
Step 3: Given that the car was sent to take someone to an event at the opera house, it's logical that it would head towards the city center, not away from it.
Best answer: A because cars usually go towards their destination in the direction of the location they're being sent to.","['A', 'A', 'A', 'A', 'A']",A,True,majority,1.0,{'A': 5},5,5,1.0,0,False,,SVAMP,LAMA-3.2-3B
620,guided,620,"Some food can be stored at room temperature until you open it, then you should keep it in what?

Options:
A) shop
B) bookcase
C) shelf
D) refrigerators
E) kitchen",food,D,"Step 1: Most perishable foods like meat, dairy, and eggs have a limited shelf life if left at room temperature.
Step 2: Refrigeration slows bacterial growth, extending shelf life for these items.
Step 3: Refrigerators maintain a consistent cool temperature, ideal for preserving perishable foods.
Best answer: D because refrigerators provide controlled temperature to slow bacterial growth.","['A', 'B', 'A', 'B', 'A']",A,False,majority,0.6,"{'A': 3, 'B': 2}",5,0,0.0,2,False,,SVAMP,LAMA-3.2-3B
621,guided,621,"The man was going fishing instead of work, what is he seeking?

Options:
A) food
B) relaxation
C) killing
D) missing morning cartoons
E) boredom",going fishing,B,"Step 1: Typically, people go fishing for recreation, which often involves relaxation and leisure activities.
Step 2: Fishing is typically done on weekends or days off from work, suggesting that the man is taking time off.
Step 3: Since he chose to spend his day fishing over going to work, it implies he wants to unwind and enjoy himself.
Best answer: B because most people engage in leisure activities like fishing on their days off.","['A', 'B', 'D', 'B', 'D']",B,True,coin_flip,0.3333,"{'A': 1, 'B': 2, 'D': 2}",6,2,0.3333,4,True,False,SVAMP,LAMA-3.2-3B
622,guided,622,"If you spend all your time buying and not saving what is is likely to happen?

Options:
A) using money
B) feel better
C) ocean
D) losing money
E) go broke",buying,E,"Step 1: When someone spends all their money, they exhaust their financial resources.
Step 2: Without any savings, they have no funds for future needs or emergencies.
Step 3: This leaves them vulnerable to financial difficulties, such as debt or poverty.
Best answer: E because running out of money can lead to financial instability.","['D', 'E', 'E', 'A', 'D']",E,True,refiner_tiebreak,0.5,"{'D': 2, 'E': 2, 'A': 1}",6,3,0.5,3,True,True,SVAMP,LAMA-3.2-3B
623,guided,623,"What might result in an unsuccessful suicide attempt?

Options:
A) die
B) interruption
C) bleed
D) hatred
E) dying",committing suicide,B,"Step 1: An unsuccessful suicide attempt typically means that the person did not die as a result of their actions.
Step 2: If someone takes a lethal dose of medication but survives the overdose, it's likely they didn't kill themselves successfully.
Step 3: Therefore, the correct answer must be related to something that prevents death, such as being interrupted before the intended harm was carried out.
Best answer: B because an interruption would stop the attempt before harm is done.","['B', 'B', 'B', 'A', 'B']",B,True,majority,0.8,"{'B': 4, 'A': 1}",5,4,0.8,1,False,,SVAMP,LAMA-3.2-3B
624,guided,624,"The advertisement came in the form of a pop-up, where did it appear?

Options:
A) web page
B) store
C) la ville
D) bus
E) email",advertisement,A,"Step 1: Most people access the internet through devices such as computers, smartphones, and tablets.
Step 2: Pop-up ads are commonly displayed on websites and online platforms where users browse content.
Step 3: Since the ad was described as a ""pop-up,"" it likely originated from an online source, making option A the most plausible choice.
Best answer: A because most people access the internet through devices that show pop-up ads.","['C', 'A', 'A', 'A', 'C']",A,True,majority,0.6,"{'C': 2, 'A': 3}",5,3,0.6,2,False,,SVAMP,LAMA-3.2-3B
625,guided,625,"Where is the large area location of the empire state building?

Options:
A) manhattan
B) office
C) the city
D) fifth avenue
E) new york city",empire state building,E,"Step 1: The Empire State Building is known for being one of the tallest skyscrapers in the world and serves as an iconic symbol of New York City.
Step 2: It's situated within a borough of New York City, which consists of five boroughs: Manhattan, Brooklyn, Queens, the Bronx, and Staten Island.
Step 3: Given that the Empire State Building is associated with Manhattan, we can rule out options B (office), D (Fifth Avenue), and E (New York City), as they are not specific enough or refer to broader areas.
Best answer: A because it's the only option that specifies a single borough within NYC.","['A', 'A', 'A', 'A', 'A']",A,False,majority,1.0,{'A': 5},5,0,0.0,0,False,,SVAMP,LAMA-3.2-3B
626,guided,626,"The bald eagle flew from Mount St Helen's to the Puget Sound and all over what?

Options:
A) washington state
B) utah
C) pacific northwest
D) northern california
E) the desert",bald eagle,A,"Step 1: The Bald Eagle is a protected species under the Bald Eagle Protection Act, which requires conservation efforts to ensure its survival.
Step 2: The Puget Sound is located in the state of Washington, known for its rich wildlife habitats.
Step 3: Given that the eagle migrated from Mount St. Helens (in Washington) to the Puget Sound, it's logical that it would spread across the entire state where it was found initially.
Best answer: A because it's the specific geographic area where the eagle started its journey.","['C', 'C', 'C', 'A', 'A']",C,False,majority,0.6,"{'C': 3, 'A': 2}",5,2,0.4,2,False,,SVAMP,LAMA-3.2-3B
627,guided,627,"Animals make up a large part of the?

Options:
A) carrying cargo
B) favorite
C) ecosystem
D) nature
E) ecology",animal,C,"Step 1: An ecosystem consists of all living organisms (plants, animals, microbes) interacting with each other and their environment.
Step 2: Animals are known to interact with other organisms (predation, symbiosis, competition) and their environment (habitat, food chain).
Step 3: While animals do not ""make up"" an ecosystem in the sense of being the primary material component, they are indeed a crucial part of it.
Best answer: C because an ecosystem includes all living things interacting with each other and their surroundings.","['C', 'C', 'C', 'C', 'D']",C,True,majority,0.8,"{'C': 4, 'D': 1}",5,4,0.8,1,False,,SVAMP,LAMA-3.2-3B
628,guided,628,"What might a kind person do?

Options:
A) cross street
B) talk to themselves
C) open doors
D) throw away
E) study greek",person,C,"Step 1: A kind person typically shows consideration for others' safety and well-being.
Step 2: Crossing the street without checking for traffic could put themselves or others at risk of injury.
Step 3: Therefore, it's unlikely that a kind person would engage in such an action that could harm themselves or others.
Best answer: B because people usually communicate with others, not just themselves.","['A', 'B', 'A', 'A', 'B']",A,False,majority,0.6,"{'A': 3, 'B': 2}",5,0,0.0,2,False,,SVAMP,LAMA-3.2-3B
629,guided,629,"The coach decided to make a lineup change, the team's effort was suffering from what?

Options:
A) stagnant
B) stagnation
C) tradition
D) hunger
E) paper money",change,B,"Step 1: A team's performance can be influenced by their motivation, which is often tied to their physical and mental state.
Step 2: Hunger typically affects an individual's physical condition, not a team's overall effort.
Step 3: Stagnation refers to a state of being unchanged or unchanging, which could apply to the team's performance if they're not adapting to new strategies.
Best answer: A because a decrease in motivation (hunger) wouldn't directly impact a team's collective effort.","['A', 'D', 'A', 'A', 'D']",A,False,majority,0.6,"{'A': 3, 'D': 2}",5,0,0.0,2,False,,SVAMP,LAMA-3.2-3B
630,guided,630,"Where can you find a snake in tall grass?

Options:
A) tree
B) in a jar
C) pet shops
D) feild
E) tropical forest",snake,D,"Step 1: Snakes are known to hide and ambush prey, such as small animals, in dense vegetation like grass.
Step 2: Tall grass provides an ideal environment for snakes to conceal themselves due to its height, making it difficult for humans to spot them.
Step 3: Snakes are not typically found in trees (A), jars (B), or pet shops (C), as these are not their natural habitats.
Step 4: While some snakes may occasionally be found in tropical forests (E), this is not a typical location for snakes in general, especially those that live in temperate regions with grasslands.
Best answer: D because tall grass offers snakes a suitable hiding spot.","['D', 'D', 'D', 'D', 'D']",D,True,majority,1.0,{'D': 5},5,5,1.0,0,False,,SVAMP,LAMA-3.2-3B
631,guided,631,"After standing up I had to sit right back down, why would I feel like this?

Options:
A) train
B) effort
C) balance
D) feet
E) muscles",standing up,C,"Step 1: When standing up, our body needs to adjust to being upright, which requires balancing efforts.
Step 2: If we don't adjust quickly enough, our center of gravity shifts, causing us to lose balance.
Step 3: To regain balance, we typically sit down to redistribute our weight evenly on both legs.
Best answer: C because sitting allows us to rebalance our body after standing up.","['B', 'E', 'C', 'C', 'C']",C,True,majority,0.6,"{'B': 1, 'E': 1, 'C': 3}",5,3,0.6,2,False,,SVAMP,LAMA-3.2-3B
632,guided,632,"When you need to rest it's often because you have been doing what?

Options:
A) action
B) sleep
C) sleeping
D) in motion
E) using energy",rest,E,"Step 1: Humans typically need rest after engaging in physical activity or mental effort.
Step 2: This is because their bodies require time to recover and recharge.
Step 3: Research shows that prolonged periods without rest can lead to fatigue, decreased productivity, and impaired cognitive function.
Best answer: B because humans need rest as part of their daily routine after engaging in physical or mental activities.","['B', 'B', 'C', 'B', 'B']",B,False,majority,0.8,"{'B': 4, 'C': 1}",5,0,0.0,1,False,,SVAMP,LAMA-3.2-3B
633,guided,633,"The bell rang, and the congregation began to what in to the church?

Options:
A) run away
B) wind instrument
C) funnel
D) blunderbuss
E) associated with telephones",bell,C,"Step 1: In many churches, a bell is used to signal important events such as services, announcements, or call to prayer.
Step 2: The sound produced by a bell is typically loud and attention-grabbing, often used to gather people together quickly.
Step 3: Given these purposes, it's logical that the bell would cause the congregation to move towards it, not away from it.
Best answer: B because bells are commonly used as a call-to-action in religious settings.","['A', 'A', 'B', 'B', 'A']",A,False,majority,0.6,"{'A': 3, 'B': 2}",5,0,0.0,2,False,,SVAMP,LAMA-3.2-3B
634,guided,634,"What could go on top of wood?

Options:
A) lumberyard
B) synagogue
C) floor
D) carpet
E) hardware store",wood,D,"Step 1: A floor typically has a solid surface that people walk on, which is usually made of materials like wood, tile, or concrete.
Step 2: Synagogues are places of worship and don't typically have flooring that needs covering.
Step 3: Lumberyards sell wood, so it wouldn't make sense for wood to be on top of one.
Step 4: Carpets are designed for covering floors, not placing on top of them.
Best answer: C because a floor needs a solid surface, and wood fits perfectly as an existing material.","['D', 'C', 'C', 'C', 'D']",C,False,majority,0.6,"{'D': 2, 'C': 3}",5,2,0.4,2,False,,SVAMP,LAMA-3.2-3B
635,guided,635,"Noble citizen of the Roman empire believed those born with lower status were what to them?

Options:
A) loser
B) ignoble
C) peasant
D) inferior
E) plebeian",noble,D,"Step 1: In ancient Rome, social hierarchy divided citizens into patricians (upper class) and plebeians (common people).
Step 2: The term ""plebeian"" directly refers to those who were part of the lower social class, as opposed to patricians.
Step 3: This term was often used pejoratively by the elite to describe their own social inferiority.
Best answer: E because it specifically refers to the lower social class in ancient Rome.","['B', 'B', 'B', 'B', 'D']",B,False,majority,0.8,"{'B': 4, 'D': 1}",5,1,0.2,1,False,,SVAMP,LAMA-3.2-3B
636,guided,636,"Where would you find a kosher deli along side a number of different places to eat?

Options:
A) los angeles
B) food court
C) new york city
D) jewish community
E) jewish neighborhoods",kosher deli,B,"Step 1: Kosher delis often cater to Jewish dietary laws and traditions.
Step 2: Jewish communities have historically maintained their own cultural institutions, including places for eating.
Step 3: New York City has a large Jewish population, which would likely support multiple kosher delis.
Step 4: While Los Angeles also has Jewish residents, it's not as densely concentrated as NYC's Jewish community.
Step 5: Food courts typically feature a variety of cuisines but aren't specifically tailored to one culture or dietary requirement.
Best answer: C because New York City has a long history of Jewish immigration and cultural preservation.","['C', 'C', 'C', 'C', 'C']",C,False,majority,1.0,{'C': 5},5,0,0.0,0,False,,SVAMP,LAMA-3.2-3B
637,guided,637,"She wanted to get in shape, but she couldn't stay focused on the hour long what?

Options:
A) sweating
B) excercise
C) work out
D) video
E) swim",get in shape,C,"Step 1: The phrase ""get in shape"" implies improving physical fitness through physical activity.
Step 2: If she's struggling to stay focused during this process, it's likely due to a lack of engagement with the activity itself.
Step 3: Watching videos (option D) is often passive, whereas exercising requires active participation, making it harder to maintain focus.
Best answer: B because exercising requires active engagement, which can be harder to maintain than passively watching.","['B', 'B', 'D', 'B', 'D']",B,False,majority,0.6,"{'B': 3, 'D': 2}",5,0,0.0,2,False,,SVAMP,LAMA-3.2-3B
638,guided,638,"Flowers make a good center focal point, just one of many arrangements that look good on a what?

Options:
A) market
B) table
C) countryside
D) anthology
E) vase",flowers,B,"Step 1: Flowers are often used to decorate and add aesthetic appeal to various settings, such as homes, restaurants, and special events.
Step 2: A market typically has more functional purposes like selling goods, whereas an anthology is a collection of written works, so neither fits well with the idea of flowers being decorative.
Step 3: Tables are commonly used for displaying food, serving dishes, or holding objects, making them an unlikely choice for showcasing flowers as the main attraction.
Best answer: E because vases are specifically designed to hold flowers and other decorative items, making them ideal for creating visually appealing arrangements.","['D', 'B', 'E', 'E', 'E']",E,False,majority,0.6,"{'D': 1, 'B': 1, 'E': 3}",5,1,0.2,2,False,,SVAMP,LAMA-3.2-3B
639,guided,639,"What do you write letter in in America?

Options:
A) syllable
B) post office
C) envelope
D) english alphabet
E) word",letter,D,"Step 1: In the United States, mail is sent through a system that requires addressing.
Step 2: The address must include a specific format: street, city, state, zip code.
Step 3: An envelope is used to enclose the letter before mailing it.
Best answer: C because an envelope provides a container for the letter before sending it through the postal service.","['C', 'C', 'C', 'B', 'C']",C,False,majority,0.8,"{'C': 4, 'B': 1}",5,0,0.0,1,False,,SVAMP,LAMA-3.2-3B
640,guided,640,"John was traveling to a new city and took time to check out a business.  He noticed that its carpet was stained with sauces and ketchup. What type of business might that be?

Options:
A) bedroom
B) chair
C) bowling alley
D) at hotel
E) restaurant",carpet,E,"Step 1: Restaurants often have tables with chairs and carpets that can get stained with food spills.
Step 2: The presence of ketchup suggests that the business involves eating, which is common in restaurants but not typically in other options like bedrooms, chairs, or hotels.
Step 3: Considering these points, it's less likely for a bedroom (A) or chair (B) to have such stains, and while hotels (D) might have carpets with stains, they usually have more extensive cleaning staff to maintain them.
Best answer: E because restaurants frequently have tables with food spills that require cleaning.","['E', 'E', 'E', 'E', 'E']",E,True,majority,1.0,{'E': 5},5,5,1.0,0,False,,SVAMP,LAMA-3.2-3B
641,guided,641,"If I want to behave with proper aplomb, what manners should I avoid?

Options:
A) inappropriate
B) incomplete
C) impolite
D) none
E) incorrect",proper,A,"Step 1: To behave with proper manners, one typically follows social norms that dictate respectful communication and consideration for others.
Step 2: Being ""inappropriate"" (A) would involve actions or words that violate these norms, such as using profanity or making personal attacks.
Step 3: On the other hand, ""incomplete"" (B) refers to lacking information, which doesn't necessarily relate to behavior.
Step 4: Similarly, ""impolite"" (C) describes behavior that offends others, aligning with what we'd expect to avoid in proper behavior.
Step 5: ""None"" (D) suggests no mistakes at all, which isn't realistic for anyone.
Step 6: And ""incorrect"" (E) could apply to facts or decisions, not necessarily behavior itself.
Best answer: C because being impolite is a clear example of behavior that violates social norms.","['C', 'C', 'C', 'C', 'C']",C,False,majority,1.0,{'C': 5},5,0,0.0,0,False,,SVAMP,LAMA-3.2-3B
642,guided,642,"If you aren't well rested and it's a rainy day what might you do?

Options:
A) sleep
B) write
C) make bread
D) stay in bed
E) enjoy film",rainy day,D,"Step 1: When it's raining outside, people often choose activities that don't require going out or exposing themselves to the wet weather.
Step 2: Activities like writing, making bread, and watching a film can be done indoors where it's dry and cozy.
Step 3: Staying in bed might seem appealing when feeling unwell, but it's unlikely to address the underlying cause (lack of rest).
Best answer: B because writing is an indoor activity that can be done while staying dry on a rainy day.","['A', 'D', 'D', 'D', 'A']",D,True,majority,0.6,"{'A': 2, 'D': 3}",5,3,0.6,2,False,,SVAMP,LAMA-3.2-3B
643,guided,643,"The teacher knew her students understood division, what was she hoping they would learn next?

Options:
A) multiplication
B) multiply
C) putting together
D) unity
E) pay debts",division,A,"Step 1: The teacher had already covered basic arithmetic operations like addition and subtraction with her previous lessons.
Step 2: Division is often taught after these basic operations as part of more advanced math concepts like fractions and decimals.
Step 3: Since her students already know division, she would likely want to build upon that foundation by introducing more complex division rules or applications.
Best answer: A because it represents the next logical step in math curriculum progression.","['B', 'B', 'C', 'B', 'B']",B,False,majority,0.8,"{'B': 4, 'C': 1}",5,0,0.0,1,False,,SVAMP,LAMA-3.2-3B
644,guided,644,"Writers with a great what can amass a large fortune?

Options:
A) cookie
B) bank
C) real estate
D) imagination
E) bank roll",fortune,D,"Step 1: Successful writers often get paid for their work, such as books, articles, or screenplays.
Step 2: The primary way they get paid is through sales of their written content.
Step 3: Sales of written content typically involve money being transferred into their bank accounts.
Best answer: B because writers earn money through transactions with banks.","['B', 'B', 'B', 'B', 'B']",B,False,majority,1.0,{'B': 5},5,0,0.0,0,False,,SVAMP,LAMA-3.2-3B
645,guided,645,"What might I place under the furniture?

Options:
A) rug
B) room
C) toy
D) friend's house
E) building",furniture,A,"Step 1: Typically, people put items that are too big for their hands or heavy to carry on the floor.
Step 2: Rugs are often placed on the floor to cover it, making it look nicer and providing comfort.
Step 3: Since rugs are designed to be placed on the ground, not carried or stored elsewhere, we can rule out option C (toy) as it's something you'd hold in your hand.
Step 4: Similarly, option D (friend's house) doesn't make sense because that's someone else's property, not yours.
Step 5: Option E (building) is also incorrect because buildings are much too large and not meant to be under furniture.
Best answer: A because rugs are commonly used to decorate and protect floors.","['A', 'A', 'A', 'A', 'A']",A,True,majority,1.0,{'A': 5},5,5,1.0,0,False,,SVAMP,LAMA-3.2-3B
646,guided,646,"Where can fisherman store their rods when on a fishing trip?

Options:
A) hardware store
B) engine
C) fishing camp
D) lake
E) sporting goods store",rod,C,"Step 1: Fishermen typically go on trips to lakes, rivers, or oceans to fish.
           They need a place to set up their gear before starting to fish.
Step 2: A hardware store (A) sells tools and building materials, not fishing equipment.
           An engine (B) powers boats, but it's not where you store rods.
           A sporting goods store (E) sells equipment for various sports, including some types of fishing gear, but it's not usually where fishermen store their rods during a trip.
Step 3: A fishing camp (C) is specifically designed for outdoor activities like fishing, making it an ideal location for storing rods.
           A lake (D) is where fishermen go to catch fish, not where they store their gear.
Best answer: C because a fishing camp provides the necessary facilities for setting up and storing fishing rods.","['C', 'C', 'C', 'C', 'C']",C,True,majority,1.0,{'C': 5},5,5,1.0,0,False,,SVAMP,LAMA-3.2-3B
647,guided,647,"The family finished dinner, the child's chore was to load the dirty dishes where?

Options:
A) restaurant kitchen
B) dishwasher
C) son's room
D) cabinet
E) party",dirty dishes,B,"Step 1: Typically, after eating, people put dirty dishes in a designated area for cleaning.
Step 2: In most households, this area is called the kitchen.
Step 3: Within the kitchen, the dishwasher is usually where you find the sink, stove, and refrigerator, making it the logical place for washing dishes.
Best answer: B because dishwashers are designed for cleaning dishes.","['B', 'B', 'B', 'B', 'B']",B,True,majority,1.0,{'B': 5},5,5,1.0,0,False,,SVAMP,LAMA-3.2-3B
648,guided,648,"What type of fruit is easily broken in to sections?

Options:
A) slide
B) citrus
C) band
D) orchestra
E) coconut",section,B,"Step 1: Coconuts have hard outer shells that protect their soft interior.
Step 2: The shell is typically split open using tools like hammers or machetes.
Step 3: This process results in multiple sections of the coconut being separated.
Best answer: E because coconuts are commonly cracked open into sections for eating.","['A', 'D', 'E', 'A', 'E']",A,False,coin_flip,0.3333,"{'A': 2, 'D': 1, 'E': 2}",6,1,0.1667,4,True,True,SVAMP,LAMA-3.2-3B
649,guided,649,"Where can you keep letter opener when it likely to be needed soon?

Options:
A) office supply store
B) stationery store
C) dek
D) martyr's chest
E) refrigerator",letter opener,C,"Step 1: A letter opener is typically used for opening envelopes, which are commonly sent through the mail.
Step 2: Envelopes are usually delivered to homes through the mail, so it's likely that someone will need a letter opener soon after receiving mail.
Step 3: Keeping a letter opener in a place where mail is frequently opened, such as a desk (option C), makes sense because it would be easily accessible when needed.
Best answer: C because it's where people usually sit and work with their mail.","['C', 'C', 'C', 'C', 'A']",C,True,majority,0.8,"{'C': 4, 'A': 1}",5,4,0.8,1,False,,SVAMP,LAMA-3.2-3B
650,guided,650,"Committing perjury is a serious what?

Options:
A) indictment
B) crime
C) violence
D) lie
E) go to jail",committing perjury,B,"Step 1: In law, perjury refers to making false statements under oath or in court.
Step 2: Committing perjury involves intentionally providing false information, which can be considered a type of deception.
Step 3: As a form of deception, perjury can lead to severe consequences, including legal action against the person committing it.
Best answer: B because perjury is defined as giving false testimony under oath.","['B', 'B', 'A', 'A', 'B']",B,True,majority,0.6,"{'B': 3, 'A': 2}",5,3,0.6,2,False,,SVAMP,LAMA-3.2-3B
651,guided,651,"Where would you hear a violin along side many string and wind instruments?

Options:
A) school
B) string quartet
C) orchestra
D) kitchen
E) music room",violin,C,"Step 1: An orchestra typically consists of multiple types of instruments, including strings, woodwinds, brass, and percussion.
Step 2: String instruments like violins are commonly played in orchestras to create harmony with other instruments.
Step 3: While you might hear violins in some other settings like music rooms or schools, they're most commonly associated with orchestras.
Best answer: C because an orchestra is a group that features many different types of instruments, including strings.","['C', 'C', 'C', 'C', 'C']",C,True,majority,1.0,{'C': 5},5,5,1.0,0,False,,SVAMP,LAMA-3.2-3B
652,guided,652,"What do you use to carry your briefcase?

Options:
A) office building
B) school
C) courtroom
D) airport
E) hand",briefcase,E,"Step 1: Typically, people carry their work-related items, such as documents, laptops, and pens, which require hands to hold.
Step 2: An office building is where most professionals work, but it's not something you carry around.
Step 3: A courtroom is a place where lawyers argue cases, not something used for personal item transportation.
Step 4: Airports are for traveling, not carrying personal belongings.
Step 5: Hands are the primary means of grasping and holding objects like briefcases.
Best answer: E because hands are the most common tool for carrying objects like briefcases.","['E', 'E', 'E', 'D', 'E']",E,True,majority,0.8,"{'E': 4, 'D': 1}",5,4,0.8,1,False,,SVAMP,LAMA-3.2-3B
653,guided,653,"A great teacher can be what when you are attending school?

Options:
A) detention
B) graduate
C) follower
D) inspiration
E) boredom",attending school,D,"Step 1: A great teacher typically has a positive influence on their students' learning experience.
Step 2: This influence often leads to increased motivation and engagement among pupils.
Step 3: As a result, students are more likely to feel inspired to learn and achieve academic success.
Best answer: D because being an inspiration is a common effect of having a great teacher.","['D', 'D', 'D', 'D', 'D']",D,True,majority,1.0,{'D': 5},5,5,1.0,0,False,,SVAMP,LAMA-3.2-3B
654,guided,654,"When you fail to finish something, you failed at doing what to it

Options:
A) winning
B) passing
C) completing
D) do well
E) succeeding",fail,C,"Step 1: Think about what it means to ""fail"" in different contexts.
In sports, failing means not achieving the desired outcome, such as losing a game or not meeting a score.

Step 2: Analyze each option in relation to the concept of failure.
- Options A, D, and E imply success, which is opposite of failing.
- Option B, ""passing,"" can be related to both success (e.g., passing a test) and failure (e.g., passing a ball).
- However, in the context of failing at something, ""passing"" usually means not meeting requirements or standards.

Step 3: Eliminate options that don't fit the definition of failing.
This leaves us with only one choice that accurately describes what you do when you fail.

Best answer: B because ""passing"" can imply not meeting expectations or requirements, which aligns with the concept of failing.","['B', 'B', 'B', 'B', 'B']",B,False,majority,1.0,{'B': 5},5,0,0.0,0,False,,SVAMP,LAMA-3.2-3B
655,guided,655,"What will a person do at work?

Options:
A) cross street
B) draw attention to themselves
C) make money
D) falling down
E) come home",person,C,"Step 1: Typically, people go to work for financial gain, which involves earning income.
Step 2: Making money is often achieved through performing tasks assigned by an employer.
Step 3: Drawing attention to oneself might be seen as unprofessional behavior in most workplaces.
Best answer: C because making money is the primary purpose of going to work.","['C', 'C', 'C', 'C', 'C']",C,True,majority,1.0,{'C': 5},5,5,1.0,0,False,,SVAMP,LAMA-3.2-3B
656,guided,656,"He was beginning to worry they wouldn't get on the ride before closing, they had been standing in queue for a long what?

Options:
A) frustration
B) waiting
C) hair
D) time
E) patience",standing in queue,D,"Step 1: People typically get anxious when they're about to miss an event due to time constraints.
Step 2: Standing in line for an extended period can cause feelings of anxiety about not having enough time left.
Step 3: The word ""queue"" implies waiting, making it clear that the correct term is related to waiting.
Best answer: B because standing in a queue implies waiting for one's turn.","['B', 'B', 'B', 'B', 'B']",B,False,majority,1.0,{'B': 5},5,0,0.0,0,False,,SVAMP,LAMA-3.2-3B
657,guided,657,"When are people buying products more?

Options:
A) debt
B) economic boom
C) being able to use
D) disagreements
E) trading",buying products,B,"Step 1: During an economic boom, there's increased consumer spending due to higher disposable income and confidence in the economy.
Step 2: When people have more money, they tend to buy more goods and services, including products.
Step 3: This leads to higher sales for businesses, creating a cycle of growth.
Best answer: B because economic booms typically stimulate consumer spending.","['B', 'B', 'B', 'B', 'B']",B,True,majority,1.0,{'B': 5},5,5,1.0,0,False,,SVAMP,LAMA-3.2-3B
658,guided,658,"Blue read material outside of his comfort zone because he wanted to gain what?

Options:
A) new perspective
B) entertained
C) understanding
D) hunger
E) tired eyes",reading,A,"Step 1: Reading materials are typically chosen for educational purposes, such as learning something new or gaining insight.
Step 2: Gaining a new perspective often requires exposure to different ideas, experiences, or viewpoints that challenge one's current understanding.
Step 3: Since ""perspective"" implies mental growth and expansion, it's unlikely that someone would read outside their comfort zone solely for physical reasons like hunger (D) or tired eyes (E).
Best answer: A because reading outside your comfort zone is often done to gain a fresh perspective.","['A', 'A', 'A', 'A', 'A']",A,True,majority,1.0,{'A': 5},5,5,1.0,0,False,,SVAMP,LAMA-3.2-3B
659,guided,659,"If I want to open a steakhouse, what should I get first?

Options:
A) michigan
B) florida
C) wine
D) texas
E) building",steakhouse,E,"Step 1: To open a steakhouse, you need to choose a location with access to fresh meat suppliers and a large customer base.
Step 2: Both Michigan and Texas are known for their cattle ranches, making them suitable options for a steakhouse.
Step 3: Florida has a subtropical climate, which may not be ideal for raising cattle, limiting its suitability as a steakhouse location.
Step 4: While wine is an essential component in many restaurants, it's not a physical location where you'd find a site for your business.
Step 5: A building is necessary for any commercial establishment, but it's not the first step in opening a steakhouse.
Best answer: D because Texas has a strong cattle industry, ensuring a steady supply of high-quality meat.","['D', 'D', 'D', 'D', 'D']",D,False,majority,1.0,{'D': 5},5,0,0.0,0,False,,SVAMP,LAMA-3.2-3B
660,guided,660,"What could happen to a cat other than wanting food?

Options:
A) feline
B) thirsty
C) sharp claws
D) pussycat
E) hungry",cat,B,"Step 1: Cats have biological needs that include eating to sustain themselves.
Step 2: If a cat does not receive food, it will start searching for food sources nearby.
Step 3: When a cat finds no food, it may become aggressive due to hunger, leading to behaviors like hissing, growling, or swatting at objects.
Best answer: B because without food, a cat becomes thirsty as well as hungry.","['B', 'D', 'E', 'D', 'B']",B,True,coin_flip,0.3333,"{'B': 2, 'D': 2, 'E': 1}",6,2,0.3333,4,True,False,SVAMP,LAMA-3.2-3B
661,guided,661,"The man had a fear of illness, so he never visited friends who were a what?

Options:
A) sick person
B) hospital
C) elderly person
D) graveyard
E) doctor's office",illness,A,"Step 1: People with a fear of illness (known as iatrophobia) tend to avoid places associated with sickness or medical treatment.
Step 2: Hospitals, doctor's offices, and graveyards are all places where illnesses are treated, diagnosed, or mourned, making them triggering environments for someone with this phobia.
Step 3: Elderly individuals may not necessarily be sick themselves, but rather just old age, which doesn't directly relate to the fear of illness.
Best answer: B because hospitals are directly linked to medical care and treatment.","['C', 'C', 'A', 'A', 'A']",A,True,majority,0.6,"{'C': 2, 'A': 3}",5,3,0.6,2,False,,SVAMP,LAMA-3.2-3B
662,guided,662,"If there is gum on your shoe where did it likely come from?

Options:
A) shelf
B) movies
C) sidewalk
D) water fountain
E) table",gum,C,"Step 1: People often chew gum while walking or sitting near surfaces like sidewalks.
Step 2: Sidewalks are a common place for people to be walking, making it more likely that someone would drop gum there.
Step 3: Other options (shelf, table, water fountain) are less likely locations for gum to appear out of nowhere.
Best answer: C because sidewalks are areas with foot traffic where gum is frequently lost.","['C', 'C', 'B', 'C', 'C']",C,True,majority,0.8,"{'C': 4, 'B': 1}",5,4,0.8,1,False,,SVAMP,LAMA-3.2-3B
663,guided,663,"The tiger was stuck in what animal prison where he got lazy and fat?

Options:
A) jungle
B) zoo
C) kill
D) india
E) eat cake",tiger,B,"Step 1: Tigers are known to be carnivorous animals that live in the wild, primarily in Asia, particularly in India.
Step 2: If a tiger is kept as a pet or in captivity, it would likely be housed in a controlled environment designed for its own safety and well-being.
Step 3: Zoos provide enclosures that restrict movement and feeding habits, which could lead to laziness due to lack of stimulation.
Best answer: B because zoos are designed for animal containment and often have limited space, leading to potential laziness.","['B', 'B', 'B', 'B', 'B']",B,True,majority,1.0,{'B': 5},5,5,1.0,0,False,,SVAMP,LAMA-3.2-3B
664,guided,664,"Kissing is normally an activity reserved for your romantic what?

Options:
A) anus
B) partner
C) arousal
D) trust
E) cooperation",kissing,B,"Step 1: In most cultures, kissing is considered an intimate gesture between two people who have some level of emotional connection.
Step 2: This emotional connection often develops over time through social interactions, shared experiences, and mutual attraction.
Step 3: As part of this bonding process, people typically reserve kissing for those they feel comfortable with emotionally, which usually includes their romantic partner.
Best answer: B because it implies a level of emotional closeness and affection typically associated with romantic relationships.","['B', 'B', 'B', 'B', 'B']",B,True,majority,1.0,{'B': 5},5,5,1.0,0,False,,SVAMP,LAMA-3.2-3B
665,guided,665,"When a person suffers from hunger early in the day what do they do?

Options:
A) eat hamburger
B) eat breakfast
C) open fridge
D) buy food
E) cook dinner",hunger,B,"Step 1: Typically, people need to consume food to satisfy their hunger.
Step 2: The first meal of the day is usually eaten before going out or starting work/school activities.
Step 3: Breakfast is commonly served at this time to provide energy for the day ahead.
Best answer: B because it's the standard practice for most cultures to have breakfast in the morning.","['B', 'B', 'B', 'B', 'B']",B,True,majority,1.0,{'B': 5},5,5,1.0,0,False,,SVAMP,LAMA-3.2-3B
666,guided,666,"Where is likely to not just have a kosher restaurant?

Options:
A) jerusalem
B) jewish neighborhoods
C) dining in
D) new york city
E) dining",kosher restaurant,D,"Step 1: Kosher dietary laws dictate that food must come from animals that have split hooves and not eat other animals.
Step 2: Most restaurants in Jewish communities follow these laws to cater to customers with dietary restrictions.
Step 3: New York City has a large Jewish population, so it's likely to have many kosher restaurants catering to their needs.
Step 4: Jerusalem, being the holy city for Jews, would also have many kosher establishments due to its significant Jewish population.
Step 5: ""Dining"" is an activity, not a location, so it can't be correct.

Best answer: A because Jerusalem is a city with a large religious significance for Jews, but not necessarily known for having more kosher options compared to other cities like NYC.","['D', 'D', 'A', 'D', 'D']",D,True,majority,0.8,"{'D': 4, 'A': 1}",5,4,0.8,1,False,,SVAMP,LAMA-3.2-3B
667,guided,667,"What language type is someone from Iran likely to use?

Options:
A) books
B) dard
C) sky
D) closed room
E) television",light source,B,"Step 1: Iran has its own official language, which is Persian (also known as Farsi).
Step 2: Persian is an Indo-European language spoken primarily in Iran and Afghanistan.
Step 3: While some Iranians may also speak other languages like English for international communication, their native language would be Persian.
Best answer: A because Persian is the native language of Iran.","['B', 'B', 'A', 'A', 'A']",A,False,majority,0.6,"{'B': 2, 'A': 3}",5,2,0.4,2,False,,SVAMP,LAMA-3.2-3B
668,guided,668,"What might happen if someone is not losing weight?

Options:
A) loose skin
B) beauty
C) miss universe
D) death
E) healthier",losing weight,D,"Step 1: If someone is not losing weight, it means they are maintaining their current body mass.
Step 2: Maintaining weight implies that their calorie intake equals their energy expenditure, so no significant changes occur.
Step 3: Not losing weight doesn't necessarily lead to any negative consequences like death (D), nor does it directly relate to becoming a beauty pageant contestant (C).
Step 4: While having healthy weight can contribute to overall well-being, not losing weight doesn't automatically make someone healthier (E); it only means they're not losing weight.
Step 5: Excess skin is often associated with rapid weight loss, not maintenance.
Best answer: A because excess skin can form if there's significant weight gain over time.","['A', 'A', 'A', 'A', 'A']",A,False,majority,1.0,{'A': 5},5,0,0.0,0,False,,SVAMP,LAMA-3.2-3B
669,guided,669,"The person was in physical distress, where should he go?

Options:
A) synagogue
B) for help
C) hospital
D) bus stop
E) building",person,C,"Step 1: When someone is in physical distress, they typically need immediate medical attention.
Step 2: Synagogues are places of worship, not medical facilities.
Step 3: Hospitals are designed for treating illnesses and injuries, making them an appropriate choice for someone in distress.
Best answer: C because hospitals provide medical care and treatment.","['C', 'C', 'C', 'C', 'C']",C,True,majority,1.0,{'C': 5},5,5,1.0,0,False,,SVAMP,LAMA-3.2-3B
670,guided,670,"What animal has quills all over it?

Options:
A) feather
B) chicken
C) calligraphy
D) porcupine
E) hedgehog",quill,E,"Step 1: Quills are sharp, protective structures found on certain mammals that use them for defense.
Step 2: These structures are typically made of keratin, a protein also found in human hair and nails.
Step 3: Both porcupines and hedgehogs have quills, but hedgehogs have shorter, more rounded quills, while porcupines have longer, barbed ones.
Best answer: D because porcupines are known for having long, sharp quills as part of their defense mechanism.","['D', 'D', 'D', 'A', 'A']",D,False,majority,0.6,"{'D': 3, 'A': 2}",5,0,0.0,2,False,,SVAMP,LAMA-3.2-3B
671,guided,671,"What do professors primarily do?

Options:
A) master physics
B) state facts
C) wear wrinkled tweed jackets
D) school students
E) teach courses",professors,E,"Step 1: Professors are typically employed at educational institutions such as universities or colleges.
Step 2: Their job involves preparing lesson plans, grading assignments, and leading discussions with students.
Step 3: Teaching is a key part of their responsibilities, which involves conveying knowledge to students.
Best answer: E because teaching is a fundamental aspect of a professor's duties.","['D', 'E', 'D', 'E', 'E']",E,True,majority,0.6,"{'D': 2, 'E': 3}",5,3,0.6,2,False,,SVAMP,LAMA-3.2-3B
672,guided,672,"To get out of there the person had to keep on walking, they had to keep on what?

Options:
A) moving forward
B) locomotion
C) blisters
D) rollerskate
E) exercise",walking,A,"Step 1: If someone needs to escape an area, they typically move away from it.
Step 2: Walking is a common method for moving away from a location.
Step 3: Continuing to walk would allow them to increase their distance between themselves and whatever they're trying to escape.
Best answer: A because walking is an action that helps someone move away from a place.","['A', 'A', 'B', 'B', 'A']",A,True,majority,0.6,"{'A': 3, 'B': 2}",5,3,0.6,2,False,,SVAMP,LAMA-3.2-3B
673,guided,673,"He picked up his pace to a run, he wanted to do what?

Options:
A) learn to walk
B) frightened
C) get away from
D) exercise
E) go faster",run,E,"Step 1: When someone says they ""picked up their pace"" it means they increased their speed.
Step 2: This action implies that initially, they were moving slowly, possibly walking.
Step 3: The goal of increasing speed suggests that their original state (walking) was not fast enough for their needs, so they chose to accelerate further.
Best answer: E because accelerating means increasing speed.","['E', 'E', 'E', 'E', 'E']",E,True,majority,1.0,{'E': 5},5,5,1.0,0,False,,SVAMP,LAMA-3.2-3B
674,guided,674,"All the power tools like the drill used for fixing cars made for a very loud workplace where?

Options:
A) basement
B) work shop
C) tool shed
D) repair shop
E) store room",drill,D,"Step 1: Drilling is a noisy process that requires intense vibrations and frequent use of heavy machinery.
Step 2: Workshops typically have heavy equipment like cars, engines, and other machinery that need repair.
Step 3: These environments often have concrete floors, metal tables, and exposed wiring, making them prone to electrical shock if not properly grounded.
Best answer: B because most auto repair shops have loud machinery and heavy equipment.","['B', 'B', 'B', 'B', 'B']",B,False,majority,1.0,{'B': 5},5,0,0.0,0,False,,SVAMP,LAMA-3.2-3B
675,guided,675,"Why do people read non fiction?

Options:
A) having fun
B) it's more relatable
C) learn new things
D) becoming absorbed
E) falling asleep",read,C,"Step 1: Research shows that most people read for educational purposes, such as gaining knowledge or understanding about various subjects.
Step 2: While some may enjoy reading fiction for entertainment, this isn't the primary reason people read non-fiction.
Step 3: Learning new information about history, science, or current events is a common motivation for choosing non-fiction over other types of books.
Best answer: C because learning new things is a well-documented reason for reading non-fiction.","['C', 'C', 'C', 'C', 'C']",C,True,majority,1.0,{'C': 5},5,5,1.0,0,False,,SVAMP,LAMA-3.2-3B
676,guided,676,"While John Candy and Dan Aykroyd didn't run into a gazelle, you'd have to go where to see one?

Options:
A) eastern hemisphere
B) the city
C) open plain
D) television program
E) great outdoors",gazelle,E,"Step 1: Gazelles are animals that live in grasslands and savannas, which are types of open spaces with grasses and few trees.
Step 2: The eastern hemisphere includes many regions with grasslands, such as Africa and parts of Asia.
Step 3: While you might see gazelles on TV, that's not where they live in reality.
Best answer: E because gazelles inhabit open spaces like grasslands and savannas.","['E', 'D', 'E', 'C', 'D']",E,True,refiner_tiebreak,0.5,"{'E': 2, 'D': 2, 'C': 1}",6,3,0.5,3,True,True,SVAMP,LAMA-3.2-3B
677,guided,677,"What might a couple have a lot of when they are deciding on stopping being married to each other?

Options:
A) pleasure
B) detachment
C) exercise
D) bankruptcy
E) fights",stopping being married to,E,"Step 1: Research suggests that couples who experience frequent conflicts tend to have lower relationship satisfaction.
Step 2: Frequent fights can lead to increased stress, resentment, and emotional exhaustion in both partners.
Step 3: As a result, couples experiencing many fights may start questioning whether staying together is worth the effort required for reconciliation.
Best answer: E because excessive arguing can erode relationship stability.","['E', 'D', 'D', 'E', 'E']",E,True,majority,0.6,"{'E': 3, 'D': 2}",5,3,0.6,2,False,,SVAMP,LAMA-3.2-3B
678,guided,678,"Before lifting weights he liked to warm up on the squash court, he really enjoyed the facilities of the what?

Options:
A) swimming pool
B) rich person's house
C) country club
D) fitness center
E) park",squash court,D,"Step 1: People typically warm up before exercising with physical activity like lifting weights.
           This helps prevent injuries and prepares muscles for intense exercise.
Step 2: Squash is a racquet sport that requires quick movements and agility.
           It's often played indoors, especially in controlled environments like sports facilities.
Step 3: Among the given options, only one provides access to a space designed for racquet sports and physical warm-ups.
           That would be a place with courts, showers, and possibly other fitness equipment.
Best answer: C because country clubs often have squash courts and amenities for members.","['C', 'C', 'C', 'C', 'C']",C,False,majority,1.0,{'C': 5},5,0,0.0,0,False,,SVAMP,LAMA-3.2-3B
679,guided,679,"What will you put on a pen to prevent it from drying out?

Options:
A) write sentences on paper
B) ink in
C) ink cartridges
D) caps
E) cling film",pens,D,"Step 1: Pens require ink to write, and without ink, they won't function properly.
Step 2: Ink cartridges contain the actual writing material that flows through the pen.
Step 3: Without an ink cartridge, there's no way for the pen to dispense ink onto the page.
Best answer: C because ink cartridges hold the liquid ink needed for writing.","['C', 'C', 'C', 'D', 'C']",C,False,majority,0.8,"{'C': 4, 'D': 1}",5,1,0.2,1,False,,SVAMP,LAMA-3.2-3B
680,guided,680,"Where do adults use glue sticks?

Options:
A) classroom
B) desk drawer
C) at school
D) office
E) kitchen drawer",glue stick,D,"Step 1: Glue sticks are commonly used for arts and crafts projects, which are often done by children.
Step 2: Classrooms typically have supplies for arts and crafts, such as paper, scissors, and glue.
Step 3: Adults usually store school supplies, including glue sticks, in designated areas like classrooms or supply closets, not in their personal spaces like kitchens or offices.
Best answer: C because classrooms are where children do arts and crafts activities that require glue sticks.","['D', 'D', 'D', 'B', 'B']",D,True,majority,0.6,"{'D': 3, 'B': 2}",5,3,0.6,2,False,,SVAMP,LAMA-3.2-3B
681,guided,681,"A child wants to play, what would they likely want?

Options:
A) fall down
B) breathe
C) play tag
D) be dismembered by a chainsaw
E) become adult",child,C,"Step 1: Children typically engage in activities that promote physical activity, social interaction, and enjoyment.
Step 2: Playing tag is a common game among children, promoting exercise, socialization, and fun.
Step 3: Options A, D, and E are not typical desires for children; they could potentially harm or put them in danger.
Best answer: C because it's a typical activity for kids to play tag with peers.","['C', 'C', 'C', 'C', 'C']",C,True,majority,1.0,{'C': 5},5,5,1.0,0,False,,SVAMP,LAMA-3.2-3B
682,guided,682,"What would a person need to do if his or her captain dies at sea?

Options:
A) cross street
B) have a party
C) experience life
D) cross road
E) man crew",person,E,"Step 1: If someone's captain dies at sea, they need to ensure the ship stays on course to avoid drifting into danger or getting lost.
Step 2: The captain's role includes navigating and making decisions about steering the vessel.
Step 3: Without a captain, another qualified person must take over these responsibilities, usually an officer with experience in navigation.
Best answer: E because the surviving crew member needs to find an able-bodied replacement to steer the ship safely.","['A', 'A', 'A', 'E', 'E']",A,False,majority,0.6,"{'A': 3, 'E': 2}",5,2,0.4,2,False,,SVAMP,LAMA-3.2-3B
683,guided,683,"The newlyweds began copulating their marriage, they wanted many what?

Options:
A) babies
B) odors
C) sadness
D) rapport
E) ejaculation",copulating,A,"Step 1: Marriage typically involves forming a lifelong commitment with the goal of starting a family.
Step 2: In most cultures, having children is considered an essential part of building a stable family unit.
Step 3: The act of copulating (having sexual intercourse) is often associated with reproduction, which leads to pregnancy and childbirth.
Best answer: A because starting a family is a common reason for newlyweds to engage in intimate activities.","['A', 'A', 'A', 'A', 'A']",A,True,majority,1.0,{'A': 5},5,5,1.0,0,False,,SVAMP,LAMA-3.2-3B
684,guided,684,"Where outside of a city would a squirrel live?

Options:
A) roof
B) inside home
C) forest
D) yard
E) park",squirrel,C,"Step 1: Squirrels typically nest in elevated areas for protection and easy access to food sources like trees.
Step 2: Roofs (A) are not suitable for squirrel habitats as they provide little shelter and can be difficult to climb down.
Step 3: While some homes may have trees nearby, the primary dwelling space is usually indoors (B), not outdoors.
Step 4: Forests (C) offer ample space for squirrels to roam, find food, and build nests.
Step 5: Yards (D) can have trees but may not offer enough cover or protection from predators compared to forests.
Step 6: Parks (E) often have trees but are often crowded with other animals, making it harder for squirrels to establish a stable home.
Best answer: C because forests provide ideal conditions for squirrel survival.","['C', 'C', 'C', 'C', 'C']",C,True,majority,1.0,{'C': 5},5,5,1.0,0,False,,SVAMP,LAMA-3.2-3B
685,guided,685,"August needed  money because he was afraid that he'd be kicked out of his house.  What did he need money to do?

Options:
A) control people
B) pay bills
C) hurt people
D) buy food
E) get things",money,B,"Step 1: If someone is afraid of being kicked out of their house, they likely want to stay there.
Step 2: To stay in one's own home, one typically needs access to basic necessities like shelter and food.
Step 3: Paying bills is essential for maintaining a roof over one's head, ensuring they can continue living there.
Best answer: B because paying bills allows you to keep your current living situation.","['B', 'B', 'B', 'B', 'B']",B,True,majority,1.0,{'B': 5},5,5,1.0,0,False,,SVAMP,LAMA-3.2-3B
686,guided,686,"James wanted to find an old underground map from the 50s.  Where might he look for one?

Options:
A) library
B) subway station
C) county engineer's office
D) super market
E) home",underground map,A,"Step 1: Libraries typically collect and preserve historical documents, including old maps.
Step 2: Many libraries have archives or special collections dedicated to local history, which often include vintage maps.
Step 3: County engineers might have some old maps, but they're less likely to have a specific one from the 1950s.
Best answer: A because libraries usually house historical documents like old maps.","['A', 'C', 'A', 'A', 'A']",A,True,majority,0.8,"{'A': 4, 'C': 1}",5,4,0.8,1,False,,SVAMP,LAMA-3.2-3B
687,guided,687,"What happens someone who is bad play poker?

Options:
A) think
B) ante up
C) drink
D) win money
E) losing money",play poker,E,"Step 1: In poker, ""ante"" means to put in a set amount of chips before the cards are dealt.
Step 2: If someone doesn't ante, they're not participating in the game, so they can't win or lose any money.
Step 3: Therefore, the only logical outcome for someone who doesn't ante is that they will lose money due to not contributing to the pot initially.
Best answer: E because not participating means missing out on potential winnings.","['D', 'D', 'D', 'E', 'D']",D,False,majority,0.8,"{'D': 4, 'E': 1}",5,1,0.2,1,False,,SVAMP,LAMA-3.2-3B
688,guided,688,"I house outside the center of a community is said to be where?

Options:
A) city
B) subdivision
C) newspaper
D) residential area
E) street",house,B,"Step 1: A residential area typically consists of multiple houses, which are usually located near each other.
Step 2: Houses are often grouped together in a specific pattern, such as rows or clusters, to create a neighborhood.
Step 3: The term ""center"" implies a central location within this grouping, making it more likely that it refers to the heart of the residential area.
Best answer: D because a residential area typically has multiple houses clustered together near its center.","['B', 'D', 'E', 'A', 'B']",B,True,majority,0.4,"{'B': 2, 'D': 1, 'E': 1, 'A': 1}",5,2,0.4,3,False,,SVAMP,LAMA-3.2-3B
689,guided,689,"John was a bit think in the head, but he knew that he never saw the lady before.  They were what?

Options:
A) pay debts
B) slender
C) unacquainted
D) free flowing
E) sparse",thick,C,"Step 1: If someone says they've never seen someone before, it implies that they don't know that person.
Step 2: Being ""unacquainted"" means not having prior knowledge or experience with someone, which fits this context.
Step 3: The other options don't make sense here - ""paying debts"", ""slender"" describes physical appearance, ""free flowing"" is an adjective for liquids, and ""sparse"" refers to something being thinly spread out.
Best answer: C because it accurately describes not knowing someone.","['C', 'C', 'C', 'C', 'C']",C,True,majority,1.0,{'C': 5},5,5,1.0,0,False,,SVAMP,LAMA-3.2-3B
690,guided,690,"If you have a child who gets in trouble for being hyperactive you may need to teach them how to what down?

Options:
A) park
B) calm
C) being good
D) good behavior
E) safe",trouble,B,"Step 1: Children who exhibit hyperactivity often have difficulty regulating their emotions and impulses.
This can lead to outbursts of energy that disrupt social interactions and learning environments.

Step 2: Teaching children techniques for calming themselves down helps manage their emotions and reduce impulsive behavior.
This includes deep breathing exercises, counting, or engaging in quiet activities.

Step 3: Modeling calm behavior yourself, such as speaking softly and moving slowly, also helps your child learn self-regulation skills.

Best answer: B because teaching children how to calm themselves is an effective strategy for addressing hyperactivity.","['B', 'B', 'B', 'B', 'B']",B,True,majority,1.0,{'B': 5},5,5,1.0,0,False,,SVAMP,LAMA-3.2-3B
691,guided,691,"If you are hungry and going fishing, why would you be going fishing?

Options:
A) to see the fish
B) have fun
C) catching fish
D) wet clothes
E) killing",going fishing,C,"Step 1: Humans typically go fishing for food, as it's a common source of nutrition.
Step 2: Fishing involves waiting for and attempting to catch fish, which are edible.
Step 3: The primary goal of fishing is to obtain something that can be eaten, making option C the most logical choice.
Best answer: C because it's the primary purpose of fishing.","['B', 'B', 'C', 'C', 'C']",C,True,majority,0.6,"{'B': 2, 'C': 3}",5,3,0.6,2,False,,SVAMP,LAMA-3.2-3B
692,guided,692,"Where could you find hundreds of thousands of home?

Options:
A) field
B) neighborhood
C) star can
D) city or town
E) apartment building",home,D,"Step 1: An apartment building typically has multiple units, each serving as individual residences for people.
Step 2: The term ""home"" usually refers to a single dwelling place where someone lives.
Step 3: Therefore, if there are hundreds of these individual units, it would imply multiple homes, not just one.
Best answer: B because a neighborhood consists of many homes.","['D', 'B', 'B', 'B', 'B']",B,False,majority,0.8,"{'D': 1, 'B': 4}",5,1,0.2,1,False,,SVAMP,LAMA-3.2-3B
693,guided,693,"What is a tactic used to interfere with learning about science?

Options:
A) repetition
B) sense of wonder
C) accidents
D) intimidation
E) increased knowledge",learning about science,D,"Step 1: Research has shown that when students are exposed to too much information at once, their brains can become overwhelmed and struggle to process it effectively.
Step 2: This phenomenon is known as information overload, which can lead to decreased retention and understanding of material.
Step 3: Intimidation, on the other hand, can actually boost motivation and engagement in learning, as it creates a sense of challenge that sparks curiosity.
Best answer: C because accidents and intimidation have been linked to negative learning outcomes, while repetition and increased knowledge are generally considered beneficial learning strategies.","['D', 'D', 'D', 'D', 'D']",D,True,majority,1.0,{'D': 5},5,5,1.0,0,False,,SVAMP,LAMA-3.2-3B
694,guided,694,"Where could a person avoid the rain?

Options:
A) bus stop
B) tunnel
C) synagogue
D) fairy tale
E) street corner",person,C,"Step 1: A person typically seeks shelter when it rains to stay dry.
Step 2: Buildings designed for indoor activities like worship (synagogues) usually have roofs that protect against rain.
Step 3: Synagogues often have walls and floors made of materials that keep water out, unlike other structures like bus stops, tunnels, or street corners which may not provide complete protection.
Best answer: C because synagogues are built with waterproofing features.","['A', 'A', 'D', 'E', 'A']",A,False,majority,0.6,"{'A': 3, 'D': 1, 'E': 1}",5,0,0.0,2,False,,SVAMP,LAMA-3.2-3B
695,guided,695,"What do they call the trash in Australia?

Options:
A) dirt
B) subway
C) state park
D) container
E) dustbin",trash,E,"Step 1: In many countries, including Australia, people use a specific term for waste disposal containers.
Step 2: The word ""subway"" typically refers to an underground transportation system, not trash collection.
Step 3: ""State park"" is a protected area for recreation, not related to waste management.
Step 4: While ""container"" can refer to any enclosed space, it's too general for this context.
Step 5: ""Dustbin"" is commonly used worldwide as a colloquialism for a waste disposal container.
Best answer: E because it's the most widely accepted term for trash in everyday conversation.","['D', 'D', 'D', 'D', 'D']",D,False,majority,1.0,{'D': 5},5,0,0.0,0,False,,SVAMP,LAMA-3.2-3B
696,guided,696,"Jodie felt a tightness in her chest. She was worried but didn't want to go to the hospital. Where might she go instead?

Options:
A) istanbul
B) concert
C) bedroom
D) antique shop
E) human being",chest,C,"Step 1: If Jodie has chest pain, she might be experiencing a medical issue that requires immediate attention.
Step 2: Going to the hospital is a common place for people with chest pain to receive medical help.
Step 3: An antique shop, concert, and being a human being aren't related to treating medical conditions like chest pain.
Best answer: B because hospitals provide medical care for acute conditions like chest pain.","['C', 'C', 'D', 'C', 'C']",C,True,majority,0.8,"{'C': 4, 'D': 1}",5,4,0.8,1,False,,SVAMP,LAMA-3.2-3B
697,guided,697,"The flower grew tall to compete for sunlight, what did its neighbor do?

Options:
A) blossom
B) park
C) open
D) cast shadow
E) vase",flower,D,"Step 1: Plants grow towards sunlight to undergo photosynthesis, which requires sunlight for energy.
Step 2: If one plant grows taller, it will block some sunlight from reaching its neighbors.
Step 3: To avoid being shaded out, the neighbor would need to grow taller as well to reach the remaining sunlight.
Best answer: C because if the flower grows taller, it will block sunlight, prompting its neighbor to grow taller.","['C', 'C', 'D', 'C', 'D']",C,False,majority,0.6,"{'C': 3, 'D': 2}",5,2,0.4,2,False,,SVAMP,LAMA-3.2-3B
698,guided,698,"John was my neighbor, it was easy to talk to him. He was never what?

Options:
A) away
B) distant
C) remote person
D) bore
E) foe",neighbour,B,"Step 1: The phrase ""it was easy to talk to him"" implies that John had good communication skills or was approachable.
Step 2: Being ""distant"" typically means having difficulty communicating effectively, which contradicts the given statement about ease of conversation.
Step 3: Therefore, if John was never distant, then he must have been either easy-going, friendly, or not hard to get along with, making ""distant"" an unlikely characteristic.
Best answer: B because ""distant"" suggests poor communication, opposite of what's stated about John.","['B', 'B', 'B', 'B', 'B']",B,True,majority,1.0,{'B': 5},5,5,1.0,0,False,,SVAMP,LAMA-3.2-3B
699,guided,699,"When you get together with friends to watch film, you might do plenty of this?

Options:
A) see what happens
B) enjoy stories
C) pass time
D) have fun
E) interesting",watch film,D,"Step 1: When people gather to watch movies together, they usually come for entertainment purposes.
Step 2: Enjoying stories is a primary reason for watching films, as it allows viewers to immerse themselves in narratives and experience different worlds.
Step 3: While passing time (C) might be true, it's not the main purpose; simply existing together doesn't necessarily mean they're there to pass time.
Best answer: B because watching movies is often about experiencing engaging stories.","['D', 'A', 'D', 'D', 'B']",D,True,majority,0.6,"{'D': 3, 'A': 1, 'B': 1}",5,3,0.6,2,False,,SVAMP,LAMA-3.2-3B
700,guided,700,"The end of the barrel of what primitive firearm is bell shaped?

Options:
A) barbell
B) funnel
C) blunderbuss
D) wind instrument
E) kettlebell",bell,C,"Step 1: Historically, firearms were often decorated with ornaments or had distinctive shapes to identify their type.
Step 2: A blunderbuss has a long barrel with a flared mouth, resembling a bell.
Step 3: This design allowed users to fire multiple projectiles at once, making it useful for crowd control.
Best answer: C because it matches historical descriptions of blunderbusses having bell-shaped barrels.","['C', 'C', 'C', 'C', 'A']",C,True,majority,0.8,"{'C': 4, 'A': 1}",5,4,0.8,1,False,,SVAMP,LAMA-3.2-3B
701,guided,701,"Where would one find a snake in a cage?

Options:
A) tropical forest
B) oregon
C) woods
D) pet store
E) louisiana",snake,D,"Step 1: Snakes are often kept as pets and are commonly found in captivity.
Step 2: Many pet stores sell snakes, which implies they have them in stock for customers to buy.
Step 3: Therefore, it's logical to conclude that a pet store would have snakes in cages for sale.
Best answer: D because most pet stores display live animals, including snakes.","['D', 'D', 'D', 'D', 'D']",D,True,majority,1.0,{'D': 5},5,5,1.0,0,False,,SVAMP,LAMA-3.2-3B
702,guided,702,"What are our bodies doing after having food?

Options:
A) falling down
B) digesting
C) gas
D) weight gain
E) not hungry",having food,B,"Step 1: When we eat, our teeth break down the food into smaller pieces for easier swallowing.
Step 2: The broken-down food then goes into our stomach where it mixes with stomach acid and enzymes that break it further into nutrients.
Step 3: These nutrients are absorbed into the bloodstream, which carries them to the rest of the body for use.
Best answer: B because that's what happens immediately after consuming food.","['B', 'B', 'B', 'B', 'B']",B,True,majority,1.0,{'B': 5},5,5,1.0,0,False,,SVAMP,LAMA-3.2-3B
703,guided,703,"She had an interest in the man, what did she want to do with him?

Options:
A) see particular program
B) see exhibits
C) see people play game
D) have conversation
E) watch film",interest,D,"Step 1: If someone expresses interest in a person, it's likely they want to spend time with that individual.
Step 2: Going to an exhibit or watching a film would be solitary activities, not typically associated with spending time together.
Step 3: Seeing a program or watching people play a game together implies an interactive experience, increasing the chances of social interaction.
Best answer: D because having a conversation allows for two-way communication and mutual engagement.","['D', 'D', 'D', 'D', 'D']",D,True,majority,1.0,{'D': 5},5,5,1.0,0,False,,SVAMP,LAMA-3.2-3B
704,guided,704,"The weasel was becoming a problem, it kept getting into the chicken eggs kept in the what?

Options:
A) forrest
B) barn
C) public office
D) out of doors
E) freezer",weasel,B,"Step 1: Weasels are known to be skilled hunters that prey on small animals like chickens.
Step 2: Chickens are often kept in enclosed spaces to protect them from predators like weasels.
Step 3: A barn provides a secure, enclosed area where chickens can be safely kept without risking predation by weasels.
Best answer: B because barns are typically used for animal husbandry and offer protection from predators.","['B', 'B', 'B', 'B', 'B']",B,True,majority,1.0,{'B': 5},5,5,1.0,0,False,,SVAMP,LAMA-3.2-3B
705,guided,705,"Why do people play chess on the weekends?

Options:
A) satisfaction
B) have fun
C) thrilling
D) made
E) smart",play chess,B,"Step 1: Many people engage in recreational activities during their free time, such as sports, hobbies, or games.
Step 2: Chess is a strategic board game that requires mental effort and social interaction, making it appealing to those who enjoy problem-solving and competition.
Step 3: While ""satisfaction"" (A) and ""smart"" (E) could be related to playing chess, they don't directly explain why people choose to play on weekends specifically.
Step 4: Options C (""thrilling"") might be true for some players, but it's not a common reason for playing chess on weekends.
Step 5: Option B (""have fun"") aligns with the idea that people often use weekends to relax and enjoy leisure activities like playing chess with friends or family.
Best answer: B because it reflects the typical purpose of recreational activities like chess on weekends.","['B', 'B', 'B', 'B', 'B']",B,True,majority,1.0,{'B': 5},5,5,1.0,0,False,,SVAMP,LAMA-3.2-3B
706,guided,706,"His phone was dead and they couldn't find the expressway, he opened up the glove compartment and handed his passenger the what to navigate?

Options:
A) eastern united states
B) michigan
C) map
D) choppers
E) american city",expressway,C,"Step 1: The passenger needs to use a tool to find directions, as they don't have access to a working phone.
Step 2: Maps are commonly used for navigation, especially when driving and without internet connectivity.
Step 3: Other options like ""eastern united states"", ""michigan"", ""choppers"" (which could refer to helicopters, not helpful in this context), and ""american city"" don't provide useful information for navigation.
Best answer: C because maps are standard navigation tools for drivers.","['C', 'C', 'C', 'C', 'C']",C,True,majority,1.0,{'C': 5},5,5,1.0,0,False,,SVAMP,LAMA-3.2-3B
707,guided,707,"What would you do if your date does not show up?

Options:
A) wait for
B) bathe
C) go for haircut
D) plan revenge
E) dress nice",date,A,"Step 1: Typically, when someone doesn't show up on a date, it's considered impolite and may indicate they're not interested in seeing you again.
Step 2: Waiting (option A) would prolong the awkwardness and give them an opportunity to change their mind, which might not happen.
Step 3: Going for a haircut (option C) would be an unusual reaction, as it doesn't address the situation directly and might come across as insensitive.
Step 4: Planning revenge (option D) is an aggressive response that could escalate the situation and damage relationships further.
Step 5: Dressing nicely (option E) might be seen as trying too hard to impress them, which could be perceived as desperate.

Best answer: A because waiting would allow you to give them time to contact you and explain what happened.","['A', 'A', 'A', 'A', 'A']",A,True,majority,1.0,{'A': 5},5,5,1.0,0,False,,SVAMP,LAMA-3.2-3B
708,guided,708,"What emotion leads to punching?

Options:
A) fists
B) hitting
C) boxing gloves
D) anger
E) hands",punching,D,"Step 1: Humans typically engage in physical activities like boxing to express and manage strong emotions like anger.
Step 2: Punching is a common action associated with fighting, which often occurs when someone feels intense emotions such as rage or fury.
Step 3: Anger is a primary emotion that can cause aggressive behavior like punching, as it's a way for individuals to release pent-up energy and frustration.
Best answer: D because anger is a common trigger for aggressive behavior like punching.","['D', 'D', 'D', 'D', 'D']",D,True,majority,1.0,{'D': 5},5,5,1.0,0,False,,SVAMP,LAMA-3.2-3B
709,guided,709,"What was the man encouraged to do after he expressed his anger violently?

Options:
A) cool off
B) punch
C) illustrate point
D) fight
E) release energy",anger,A,"Step 1: When someone expresses anger, they often need time to calm down before making rational decisions or taking further action.
Step 2: ""Cooling off"" is a common phrase used to suggest giving oneself time to relax and think more clearly after an outburst of anger.
Step 3: This allows the person to regain control over their emotions and respond constructively, rather than acting impulsively.
Best answer: A because ""cool off"" is an idiomatic expression for calming down after anger.","['B', 'A', 'B', 'B', 'A']",B,False,majority,0.6,"{'B': 3, 'A': 2}",5,2,0.4,2,False,,SVAMP,LAMA-3.2-3B
710,guided,710,"Working on the elaborate task was taxing, it require extreme what?

Options:
A) holding
B) concentration
C) energy
D) job
E) energh",working,B,"Step 1: Elaboration requires breaking down information into detailed steps, analyzing each point, and connecting ideas logically.
Step 2: This process involves using evidence-based reasoning to support arguments, which can be time-consuming and mentally demanding.
Step 3: The brain's ability to process and synthesize information while maintaining coherence over an extended period is essential for effective elaboration.
Best answer: B because it's known that concentration is necessary for focused mental effort and mental processing.","['B', 'B', 'B', 'B', 'B']",B,True,majority,1.0,{'B': 5},5,5,1.0,0,False,,SVAMP,LAMA-3.2-3B
711,guided,711,"If I wanted to eat something that is made from plants and needs to be washed, what would it be?

Options:
A) roots
B) millions of cells
C) see work
D) leaves to gather light
E) flowers on",plants,A,"Step 1: Fruits and vegetables are types of food made from plants that grow above ground.
Step 2: Fruits and vegetables typically require water for cleaning before consumption, such as washing.
Step 3: Among the options given, only ""leaves"" can grow on a plant and need to be washed before eating.
Best answer: E because leaves are edible plant material that needs washing.","['C', 'A', 'D', 'A', 'A']",A,True,majority,0.6,"{'C': 1, 'A': 3, 'D': 1}",5,3,0.6,2,False,,SVAMP,LAMA-3.2-3B
712,guided,712,"Where could a personal ficus live?

Options:
A) cabin in the woods
B) california
C) front yard
D) conservatory
E) tropical forest",ficus,C,"Step 1: Ficus trees prefer well-drained soil and full sun to partial shade, which is common in many parts of the world except for extremely cold climates.
Step 2: Options A (cabin in the woods) and E (tropical forest) don't fit because they're either too cold or too hot for ficus trees.
Step 3: Between B (california) and C (front yard), California has varied climates but some areas have mild winters suitable for ficus trees, while most front yards receive enough sunlight for growth.
Best answer: D because a conservatory provides controlled temperature and humidity, ideal conditions for ficus trees.","['D', 'D', 'D', 'D', 'D']",D,False,majority,1.0,{'D': 5},5,0,0.0,0,False,,SVAMP,LAMA-3.2-3B
713,guided,713,"Because of his anger he couldn't clearly explain or what?

Options:
A) cool off
B) write letter
C) get mad
D) illustrate point
E) destroy enemy",anger,D,"Step 1: When someone is angry, their emotions can interfere with rational thinking and communication.
Step 2: As a result, they may struggle to articulate their thoughts or express themselves effectively.
Step 3: This difficulty in expressing themselves can lead to an inability to clearly explain their feelings or reasons.
Best answer: A because getting angry often causes people to lose control over their emotions, making it hard for them to think clearly.","['C', 'C', 'C', 'C', 'C']",C,False,majority,1.0,{'C': 5},5,0,0.0,0,False,,SVAMP,LAMA-3.2-3B
714,guided,714,"Where do people get beer after a bit of gambling?

Options:
A) bottle
B) grocery store
C) casino
D) spaceship
E) hockey game",beer,C,"Step 1: Casinos often have bars or restaurants that serve alcoholic beverages, including beer.
Step 2: These establishments typically offer drinks to patrons who have been gambling.
Step 3: It's common for people to purchase beer at the casino before, during, or after gaming activities.
Best answer: C because casinos usually have bars where you can buy beer while gambling.","['C', 'C', 'C', 'C', 'C']",C,True,majority,1.0,{'C': 5},5,5,1.0,0,False,,SVAMP,LAMA-3.2-3B
715,guided,715,"I was apprehensive to buy the expensive equipment to play a game with so much walking and swinging around in grass, but now I understand why people what?

Options:
A) care less
B) play golf
C) shake hands
D) believe in god
E) trip over",people,B,"Step 1: The phrase ""apprehensive to buy"" suggests feeling anxious or hesitant about making a purchase.
Step 2: People often buy equipment for activities they enjoy, especially if it's expensive.
Step 3: If someone is hesitant about spending money on an item, they're more likely to reconsider their decision once they learn about its benefits or see others doing it happily.
Best answer: B because people tend to invest in activities they're interested in and willing to spend money on.","['B', 'B', 'B', 'B', 'B']",B,True,majority,1.0,{'B': 5},5,5,1.0,0,False,,SVAMP,LAMA-3.2-3B
716,guided,716,"Where can I find a stapler in many places?

Options:
A) desk drawer
B) office building
C) manual
D) office supply store
E) desktop",stapler,B,"Step 1: A stapler is typically used for attaching papers together, which is common practice in offices.
Step 2: Offices often have desks where people work and store office supplies like staplers nearby.
Step 3: While you could buy a stapler at an office supply store (D), it's more practical to find one where it's already being used.
Best answer: A because most people keep their staplers on their desks.","['D', 'D', 'D', 'D', 'D']",D,False,majority,1.0,{'D': 5},5,0,0.0,0,False,,SVAMP,LAMA-3.2-3B
717,guided,717,"How is riding a bike getting it to move?

Options:
A) practice
B) sense of balance
C) driving
D) good balance
E) pedalling",riding bike,E,"Step 1: Riding a bike requires physical interaction with the vehicle.
Step 2: Pedalling is the action that converts human energy into rotational force, causing the wheels to turn and move forward.
Step 3: Without pedalling, there would be no propulsion, so it wouldn't budge.
Best answer: E because pedalling is essential for generating motion when riding a bike.","['E', 'E', 'E', 'E', 'E']",E,True,majority,1.0,{'E': 5},5,5,1.0,0,False,,SVAMP,LAMA-3.2-3B
718,guided,718,"What can you use to store a book while traveling?

Options:
A) library of congress
B) pocket
C) backpack
D) suitcase
E) synagogue",book,D,"Step 1: When considering what to use for storing a book while traveling, we need something portable and accessible.
Step 2: A library of congress is not suitable as it's a large institution with many books, not individual storage.
Step 3: Synagogue is not related to personal item storage; it's a place of worship.
Step 4: While a backpack could hold books, it's not typically designed specifically for book storage.
Step 5: Suitcase might be too large and cumbersome for carrying just one book.
Best answer: B because a pocket provides a small, convenient space to carry an individual book.","['B', 'B', 'B', 'B', 'B']",B,False,majority,1.0,{'B': 5},5,0,0.0,0,False,,SVAMP,LAMA-3.2-3B
719,guided,719,"Danny is having fun just dancing and singing with his friends. He wasn't concerned with things that weren't fun. For him having fun is the same as what?

Options:
A) injuries
B) smiling
C) being happy
D) glee
E) jump",having fun,C,"Step 1: The phrase ""having fun"" typically implies an emotional state characterized by enjoyment, amusement, or pleasure.
Step 2: Being happy and smiling are both emotions associated with feeling good, but they don't necessarily imply the same level of active engagement in an activity like dancing and singing.
Step 3: Glee, on the other hand, often describes a state of intense joy or excitement, which aligns well with the context of actively participating in enjoyable activities like dancing and singing.
Best answer: D because glee captures the idea of intense enjoyment through active engagement.","['D', 'C', 'C', 'D', 'D']",D,False,majority,0.6,"{'D': 3, 'C': 2}",5,2,0.4,2,False,,SVAMP,LAMA-3.2-3B
720,guided,720,"Where might someone store a reusable shopping bag?

Options:
A) supermarket
B) home
C) mart
D) obesity
E) closet",shopping bag,E,"Step 1: People typically buy reusable shopping bags at stores that sell groceries and other household items.
Step 2: Supermarkets are places where people buy food, household supplies, and other essentials, making them a likely location for purchasing reusable bags.
Step 3: Closets are usually for storing clothes and personal belongings, not shopping items.
Best answer: A because supermarkets are where people buy groceries and other household necessities.","['A', 'A', 'A', 'A', 'A']",A,False,majority,1.0,{'A': 5},5,0,0.0,0,False,,SVAMP,LAMA-3.2-3B
721,guided,721,"They were making sauerkraut, the instructor explained the liquid should be above the cabbage in the what?

Options:
A) jar
B) drinking glass
C) pot
D) container
E) can",liquid,A,"Step 1: In fermentation, the ""brine"" (saltwater solution) is used to cover food, creating an anaerobic environment for bacteria growth.
Step 2: Sauerkraut requires a container that allows for easy access and prevents contamination while keeping the liquid on top.
Step 3: A jar fits this requirement as it has a wide mouth for adding ingredients and a lid to seal the contents without mixing with the liquid.
Best answer: A because jars are commonly used for fermenting foods like sauerkraut.","['D', 'D', 'D', 'D', 'A']",D,False,majority,0.8,"{'D': 4, 'A': 1}",5,1,0.2,1,False,,SVAMP,LAMA-3.2-3B
722,guided,722,"Where would there be an auditorium with only a single person speaking?

Options:
A) lights
B) crowd
C) university campus
D) theater
E) park",auditorium,C,"Step 1: An auditorium typically has multiple rows of seats arranged around a stage for presentations, lectures, or performances.
Step 2: A single person would not be able to address an entire audience comfortably in such a setting.
Step 3: While one could theoretically hold a small meeting or discussion in a quiet room, it's less likely to be called an ""auditorium"".
Best answer: E because a park usually doesn't have formal seating arrangements like an auditorium.","['D', 'A', 'B', 'D', 'B']",B,False,refiner_tiebreak,0.5,"{'D': 2, 'A': 1, 'B': 2}",6,0,0.0,3,True,False,SVAMP,LAMA-3.2-3B
723,guided,723,"Where would you find many varieties of plants including a rosebush?

Options:
A) kew gardens
B) garder
C) backyard
D) shop
E) beautiful garden",rosebush,E,"Step 1: A nursery typically sells plants, including rosebushes, for people to take home and grow in their yards.
Step 2: Kew Gardens is a specific type of botanical garden that focuses on conserving plant species, but it's not where you buy individual plants to grow yourself.
Step 3: Backyards can have some plants, but they usually don't have many different types unless someone has a large garden.
Step 4: Shoppers go to stores like Home Depot or Lowe's to buy gardening supplies, including plants.
Step 5: ""Beautiful garden"" describes an existing state rather than a place where you'd find plants for sale.
Best answer: A because nurseries specialize in selling live plants to customers.","['C', 'C', 'C', 'C', 'C']",C,False,majority,1.0,{'C': 5},5,0,0.0,0,False,,SVAMP,LAMA-3.2-3B
724,guided,724,"Where can one obtain a bass fiddle?

Options:
A) jazz band
B) string quartet
C) group band
D) nursery rhyme
E) music store",bass fiddle,E,"Step 1: A bass fiddle is a type of musical instrument with strings, typically used in orchestras and bands.
Step 2: Bass fiddles are often played by musicians who form groups like orchestras or bands.
Step 3: Musicians usually buy their instruments at music stores that specialize in selling musical equipment.
Best answer: E because most people purchase instruments at music stores.","['E', 'E', 'D', 'E', 'E']",E,True,majority,0.8,"{'E': 4, 'D': 1}",5,4,0.8,1,False,,SVAMP,LAMA-3.2-3B
725,guided,725,"What is a very unlikely side effect of becoming inebriated?

Options:
A) fights
B) drunkenness
C) staggering
D) puke
E) paralysis",becoming inebriated,E,"Step 1: Inebriation refers to a state of being intoxicated, typically caused by consuming too much alcohol.
Step 2: While excessive drinking can lead to various physical reactions, paralysis is not a direct consequence of intoxication; it's more commonly associated with conditions like rabies or spinal cord injuries.
Step 3: Options A (fights), B (drunkenness), and C (staggering) are all plausible immediate effects of intoxication, but they don't necessarily imply long-term damage like paralysis.
Best answer: E because paralysis is an unusual and severe outcome not typically linked to acute alcohol consumption.","['E', 'E', 'E', 'E', 'E']",E,True,majority,1.0,{'E': 5},5,5,1.0,0,False,,SVAMP,LAMA-3.2-3B
726,guided,726,"Where would you borrow furniture if you do not have any?

Options:
A) sewer
B) neighbor's house
C) apartment
D) room
E) floor",furniture,B,"Step 1: Typically, people borrow items from others when they need something temporarily.
Step 2: Borrowing furniture is a common practice among friends, family, or acquaintances.
Step 3: Borrowing from a neighbor is a typical choice because it's close by and requires minimal effort.
Best answer: B because it's a common social norm to borrow from someone nearby.","['B', 'B', 'B', 'A', 'B']",B,True,majority,0.8,"{'B': 4, 'A': 1}",5,4,0.8,1,False,,SVAMP,LAMA-3.2-3B
727,guided,727,"The artist was sitting quietly pondering, then suddenly he began to paint when what struck him?

Options:
A) sadness
B) anxiety
C) inspiration
D) discomfort
E) insights",sitting quietly,C,"Step 1: Many famous artists have reported experiencing emotional states that triggered their creative work, such as Vincent van Gogh with his ""Starry Night"" after an episode of mental illness.
Step 2: While sadness (A) and anxiety (B) might evoke strong emotions but aren't typically associated with sparking artistic creation.
Step 3: Discomfort (D) could potentially lead to a reaction, but it's less commonly linked to artistic inspiration compared to other options.
Step 4: Inspiration (C), on the other hand, is often cited as a common catalyst for artistic expression in various fields, including painting.
Best answer: C because inspiration is widely recognized as a key factor in sparking artistic creation.","['C', 'C', 'C', 'C', 'C']",C,True,majority,1.0,{'C': 5},5,5,1.0,0,False,,SVAMP,LAMA-3.2-3B
728,guided,728,"What is a person called who doesn't have immortality?

Options:
A) mortal
B) dying
C) death
D) dead
E) mortal",immortality,E,"Step 1: The term ""immortal"" means living forever without dying.
Step 2: If someone doesn't die, they cannot be considered immortal.
Step 3: Therefore, the correct term for someone who doesn't have immortality would be ""dead"", as it directly opposes the concept of being alive.
Best answer: D because it directly contradicts the definition of immortality.","['A', 'D', 'D', 'D', 'D']",D,False,majority,0.8,"{'A': 1, 'D': 4}",5,0,0.0,1,False,,SVAMP,LAMA-3.2-3B
729,guided,729,"Printing on a printer can get expensive because it does what?

Options:
A) explode
B) use paper
C) store information
D) queue
E) noise",printing on printer,B,"Step 1: Printing involves physical interaction with an external device (the printer).
Step 2: When you print, ink or toner is released from the printer's cartridges.
Step 3: Over time, these consumable supplies need to be replaced, increasing costs.
Best answer: B because printing requires using up paper (and other supplies like ink/toner).","['B', 'B', 'B', 'B', 'B']",B,True,majority,1.0,{'B': 5},5,5,1.0,0,False,,SVAMP,LAMA-3.2-3B
730,guided,730,"Where would you sit in a chair while working toward an advanced degree?

Options:
A) aeroport
B) church
C) furniture store
D) university
E) living room",chair,D,"Step 1: Typically, people study and complete coursework at educational institutions like universities.
Step 2: Universities have designated spaces for learning, such as classrooms and libraries, but not necessarily for individual workspaces like chairs.
Step 3: Chairs are commonly found in homes, not academic settings like universities.
Best answer: E because chairs are typically found in residential areas like living rooms.","['D', 'D', 'D', 'D', 'D']",D,True,majority,1.0,{'D': 5},5,5,1.0,0,False,,SVAMP,LAMA-3.2-3B
731,guided,731,"The weasel ran up away from danger, somebody joked only our first president could get him down from the what?

Options:
A) washington dc
B) ladder
C) natural history museum
D) cherry tree
E) chicken coop",weasel,D,"Step 1: The joke likely refers to George Washington, the first president of the United States, who chopped down a cherry tree as a child and admitted to it.
Step 2: A weasel is a small mammal that can climb and has sharp claws, so it could potentially climb up a ladder.
Step 3: However, a weasel would not typically be found in a chicken coop, and there's no logical connection between a weasel and Washington D.C., the capital city.
Best answer: B because a weasel could climb a ladder.","['B', 'B', 'B', 'B', 'A']",B,False,majority,0.8,"{'B': 4, 'A': 1}",5,0,0.0,1,False,,SVAMP,LAMA-3.2-3B
732,guided,732,"What would you need if you want to smoke?

Options:
A) you're stupid
B) kill yourself
C) roll joint
D) cigarette
E) lighter fluid.",smoke,D,"Step 1: Smoking typically involves burning tobacco leaves to release nicotine vapor for inhalation.
Step 2: To start smoking, one needs an object that can produce fire, such as a flame source.
Step 3: Among the given options, only ""lighter fluid"" could potentially create a flammable mixture with tobacco, allowing for combustion.
Best answer: E because it's necessary for creating fire.","['E', 'E', 'D', 'D', 'E']",E,False,majority,0.6,"{'E': 3, 'D': 2}",5,2,0.4,2,False,,SVAMP,LAMA-3.2-3B
733,guided,733,"The lock kept the steering wheel from moving, but the thief still took his chances and began to work on the what?

Options:
A) keep cloesd
B) train
C) ignition switch
D) drawer
E) firearm",lock,C,"Step 1: A car has multiple systems that allow it to operate, including the steering system, engine, and brakes.
Step 2: If the lock prevented the thief from turning the key, it likely secured other parts as well, such as the ignition.
Step 3: The ignition is typically located near the steering wheel and controls engine operation.
Best answer: C because the ignition is closely related to engine starting and would require separate access.","['C', 'C', 'C', 'C', 'C']",C,True,majority,1.0,{'C': 5},5,5,1.0,0,False,,SVAMP,LAMA-3.2-3B
734,guided,734,"If a person is working a lot, what are they likely trying to earn?

Options:
A) much money
B) own house
C) creativity
D) new car
E) caregiver",person,A,"Step 1: Typically, people work to support themselves financially.
Step 2: Most adults rely on income generated from employment to cover living expenses like rent/mortgage, food, utilities, etc.
Step 3: While owning a house (B), having creativity (C), driving a new car (D), or being a caregiver (E) might be desirable goals, they aren't directly related to the primary purpose of working.
Best answer: A because most people work to earn money for basic necessities.","['A', 'A', 'A', 'A', 'A']",A,True,majority,1.0,{'A': 5},5,5,1.0,0,False,,SVAMP,LAMA-3.2-3B
735,guided,735,"Where does one store fabric in their own home?

Options:
A) sewing room
B) clothing store
C) tailor shop
D) clothes store
E) cotton mill",fabric,A,"Step 1: People typically buy and use clothing made from fabric.
Step 2: To have fabric for sewing, you need to purchase it first.
Step 3: The most common place to buy fabric is at a store that sells materials for crafting or sewing.
Best answer: D because most people buy fabric at a store that sells clothing.","['A', 'A', 'A', 'A', 'D']",A,True,majority,0.8,"{'A': 4, 'D': 1}",5,4,0.8,1,False,,SVAMP,LAMA-3.2-3B
736,guided,736,"I'm having some food at my party, what will I need to serve it?

Options:
A) zoo
B) pan
C) bowl
D) kitchen
E) spoon",food,E,"Step 1: To serve food, you'll need a container to hold it.
Step 2: A bowl is commonly used for holding and serving solid foods like the food you're having at your party.
Step 3: Serving food from a bowl is also easier than trying to scoop or pour from other options like a pan.
Best answer: C because it's a typical utensil for holding and serving solid foods.","['C', 'C', 'C', 'C', 'C']",C,False,majority,1.0,{'C': 5},5,0,0.0,0,False,,SVAMP,LAMA-3.2-3B
737,guided,737,"Why did the heavy metal band need electricity at the stadium?

Options:
A) concert
B) bedroom
C) make person sick
D) building
E) church",electricity,A,"Step 1: Heavy metal bands typically perform live music shows, which require sound equipment.
Step 2: Electricity powers the sound system used for amplifying and broadcasting the music.
Step 3: Without electricity, there would be no way to play the music, rendering the event impossible.
Best answer: A because concerts rely on electricity for sound systems.","['A', 'A', 'A', 'D', 'A']",A,True,majority,0.8,"{'A': 4, 'D': 1}",5,4,0.8,1,False,,SVAMP,LAMA-3.2-3B
738,guided,738,"A beaver is know for building prowess, their supplies come from where?

Options:
A) british columbia
B) body of water
C) wooded area
D) pay debts
E) zoo",beaver,C,"Step 1: Beavers are semi-aquatic rodents that live in freshwater environments.
Step 2: They use branches, mud, and other plant material to construct their homes (lodges) near water sources.
Step 3: This suggests that their primary source of building materials would be near where they spend most of their time, which is in or around bodies of water.
Best answer: B because beavers need access to water for living and gathering materials.","['B', 'B', 'B', 'B', 'B']",B,False,majority,1.0,{'B': 5},5,0,0.0,0,False,,SVAMP,LAMA-3.2-3B
739,guided,739,"I listened to lecture intensely, what is my goal?

Options:
A) gain confidence
B) concentrate
C) get attention
D) pay attention
E) stop talking",listen,B,"Step 1: When someone says ""listen to the lecture intensely,"" it implies that they're focusing their full attention on what's being said.
Step 2: Intense focus typically means giving your undivided attention, which means ignoring distractions and not doing other things simultaneously.
Step 3: Therefore, if you're giving your undivided attention to the speaker, your goal would be to absorb as much information as possible, which aligns with option A) gain confidence.
Best answer: A because intense listening helps build understanding and confidence in the material being presented.","['D', 'D', 'A', 'D', 'D']",D,False,majority,0.8,"{'D': 4, 'A': 1}",5,0,0.0,1,False,,SVAMP,LAMA-3.2-3B
740,guided,740,"How is a child eager to be going to play likely to get there?

Options:
A) slowly
B) rush
C) being entertained
D) have fun
E) enjoyment",going to play,B,"Step 1: Children often learn that going to play is associated with having fun through repeated experiences and social interactions with peers.
Step 2: This expectation creates anticipation, which can manifest as excitement or eagerness.
Step 3: As a result, children tend to move quickly when they know they're about to engage in an enjoyable activity like playing.
Best answer: B because eagerness is typically characterized by rapid movement.","['B', 'B', 'B', 'B', 'B']",B,True,majority,1.0,{'B': 5},5,5,1.0,0,False,,SVAMP,LAMA-3.2-3B
741,guided,741,"When a main artery is used to expedite travel what would it be referred to as?

Options:
A) neck
B) busy city
C) own brain
D) thruway
E) food",main artery,D,"Step 1: In many countries, highways are designated as major roads built for fast travel between cities or regions.
Step 2: These highways often have controlled access points, like interchanges, to reduce congestion and improve traffic flow.
Step 3: The term ""thruway"" is commonly used to describe such a highway, especially in North America.
Best answer: D because thruway refers to a controlled-access highway designed for speedy travel.","['D', 'D', 'D', 'D', 'D']",D,True,majority,1.0,{'D': 5},5,5,1.0,0,False,,SVAMP,LAMA-3.2-3B
742,guided,742,"At a shop what can you buy to put your spare unused things?

Options:
A) basement
B) cardboard box
C) ocean floor
D) high school
E) container",shop,E,"Step 1: People often have extra items they no longer need or use, such as old clothes, broken toys, etc.
Step 2: These items typically require storage space to keep them organized and out of the way.
Step 3: A container is commonly used for storing miscellaneous items like this, keeping them separate from other belongings.
Best answer: E because containers are designed for holding and organizing various objects.","['B', 'B', 'B', 'B', 'B']",B,False,majority,1.0,{'B': 5},5,0,0.0,0,False,,SVAMP,LAMA-3.2-3B
743,guided,743,"What is performing a type of?

Options:
A) singing
B) act
C) feat
D) smile
E) acting",performing,B,"Step 1: An ""act"" typically refers to a performance or a staged event, often with scripted lines and roles.
Step 2: Acting involves pretending to be someone else, usually for entertainment purposes.
Step 3: While singing, feats, smiling, and performing can all be forms of expression, they don't necessarily involve pretending to be someone else.
Best answer: E because acting specifically involves pretending to be another person.","['B', 'B', 'B', 'B', 'E']",B,True,majority,0.8,"{'B': 4, 'E': 1}",5,4,0.8,1,False,,SVAMP,LAMA-3.2-3B
744,guided,744,"Why do most people take a quick rest during the day?

Options:
A) need to
B) hungry
C) feel more energetic
D) weak
E) regenerate",rest,C,"Step 1: Humans have an internal biological clock that regulates their sleep-wake cycle, also known as circadian rhythm.
Step 2: This cycle typically peaks in the late afternoon, causing people to feel drowsy and fatigued.
Step 3: Taking a short break allows individuals to recharge before resuming work or other activities, improving productivity and focus.
Best answer: A because humans have an innate need for rest to maintain physical and mental well-being.","['A', 'A', 'A', 'A', 'A']",A,False,majority,1.0,{'A': 5},5,0,0.0,0,False,,SVAMP,LAMA-3.2-3B
745,guided,745,"WHat leads to an early death?

Options:
A) poisonous gas
B) homicide
C) cinder
D) nuclear weapons
E) cyanide",death,B,"Step 1: We know that exposure to certain substances can be fatal if ingested, inhaled, or touched.
Step 2: Among the given options, some are known for being highly toxic and lethal if ingested or inhaled.
Step 3: Both option A (poisonous gas) and option E (cyanide) are highly toxic substances that can cause immediate death upon exposure.
However, option E (cyanide) is particularly notorious for its rapid action as a neurotoxin, often leading to almost instant death.

Best answer: E because cyanide is a potent neurotoxin that acts quickly to stop cellular respiration.","['E', 'E', 'E', 'E', 'E']",E,False,majority,1.0,{'E': 5},5,0,0.0,0,False,,SVAMP,LAMA-3.2-3B
746,guided,746,"If you're celebrating with too many cocktails what may you have in the morning?

Options:
A) drunkenness
B) have fun
C) headache
D) hang over
E) intimacy",celebrating,D,"Step 1: Excessive drinking can impair judgment and lead to poor decision-making.
Step 2: Consuming too many cocktails before bed can disrupt sleep patterns and cause dehydration, making you feel unwell the next day.
Step 3: A hangover is a common symptom of excessive alcohol consumption, characterized by headaches, nausea, fatigue, and other physical discomforts.
Best answer: D because it's a direct consequence of overdrinking.","['D', 'D', 'D', 'D', 'D']",D,True,majority,1.0,{'D': 5},5,5,1.0,0,False,,SVAMP,LAMA-3.2-3B
747,guided,747,"What do the feathers look like on birds found in the rainforest?

Options:
A) pretty smart
B) singing
C) dark
D) very colorful
E) light",birds,D,"Step 1: Birds that live in the rainforest, such as macaws and toucans, are known for their vibrant plumage.
Step 2: These brightly colored feathers serve as camouflage, helping them blend into the dense foliage.
Step 3: While some birds may have duller colors to avoid predators, many rainforest birds have striking, eye-catching colors.
Best answer: D because many rainforest birds display very colorful feathers.","['D', 'D', 'D', 'D', 'D']",D,True,majority,1.0,{'D': 5},5,5,1.0,0,False,,SVAMP,LAMA-3.2-3B
748,guided,748,"The lady would eat and eat, and because of mental issues would then make herself what?

Options:
A) wash dishes
B) throwing up
C) drinking
D) throw up
E) turn inside out",eat,D,"Step 1: People with mental health conditions like eating disorders often experience loss of control over their eating habits.
Step 2: This loss of control can lead to binge eating followed by purging behaviors as a way to compensate for consuming too much food.
Step 3: Purging behaviors typically involve forcing oneself to vomit after eating excessively.
Best answer: D because it's a common symptom associated with certain eating disorders.","['B', 'B', 'B', 'B', 'B']",B,False,majority,1.0,{'B': 5},5,0,0.0,0,False,,SVAMP,LAMA-3.2-3B
749,guided,749,"Where is a likely place for an ivy plant?

Options:
A) flower pot
B) shelf
C) windowsill
D) outside
E) sill",plant,D,"Step 1: Ivy is known for its climbing ability and love of growing upwards.
Step 2: Ivy typically grows on surfaces that provide support for its vines to wrap around.
Step 3: Shelves and sills often have flat surfaces where ivy can attach itself, while flower pots are not suitable as they lack structural support.
Best answer: C because ivy commonly grows on vertical surfaces like windowsills.","['C', 'C', 'C', 'C', 'C']",C,False,majority,1.0,{'C': 5},5,0,0.0,0,False,,SVAMP,LAMA-3.2-3B
750,guided,750,"John felt that his actions were fate.   Harry said that he could have always made a different what?

Options:
A) free will
B) choice
C) will
D) alcohol
E) freedom",fate,B,"Step 1: If someone believes their actions were predetermined, they think their decisions were not under their control.
Step 2: This implies that they feel they had no ability to change the outcome.
Step 3: Therefore, what Harry said must relate to the lack of control over an aspect of John's life.
Best answer: B because if John thinks his actions were predetermined, he wouldn't feel like he had the option to make another choice.","['A', 'B', 'B', 'B', 'A']",B,True,majority,0.6,"{'A': 2, 'B': 3}",5,3,0.6,2,False,,SVAMP,LAMA-3.2-3B
751,guided,751,"Where would you run in to a niece you only see every one and a while?

Options:
A) family reunion
B) brother's house
C) family picture book
D) family tree
E) party",niece,A,"Step 1: Typically, family reunions involve multiple relatives, not just one person.
Step 2: If it's just you and your niece, it's unlikely to be at a public event like a party (E), where many people attend.
Step 3: A family tree (D) is a collection of all family members, so it wouldn't be specific enough to guarantee only seeing one person.
Step 4: Brothers' houses (B) can vary greatly in size and layout, making it hard to predict if they'd have space for just two people.
Step 5: A family picture book (C), however, often contains individual photos of each family member, making it a likely place to find a specific relative like your niece.
Best answer: C because a family picture book typically contains individual photos of all family members.","['C', 'C', 'C', 'C', 'C']",C,False,majority,1.0,{'C': 5},5,0,0.0,0,False,,SVAMP,LAMA-3.2-3B
752,guided,752,"The teens were trying to hide that they get drink, but when they walked in the door their what gave it away?

Options:
A) health
B) fall down
C) stagger
D) get arrested
E) vomit",get drunk,C,"Step 1: When someone drinks too much alcohol, their coordination and balance can be impaired.
Step 2: If they were trying to hide that they got drunk, it's likely because they didn't want others to notice their clumsiness.
Step 3: Staggering is a common physical symptom of intoxication, making it an obvious giveaway.
Best answer: C because staggering is a physical sign of being drunk.","['C', 'C', 'C', 'C', 'C']",C,True,majority,1.0,{'C': 5},5,5,1.0,0,False,,SVAMP,LAMA-3.2-3B
753,guided,753,"If a court case is dismissed after hearing testimony, what would be a likely cause?

Options:
A) change of heart
B) anguish
C) anger
D) boredom
E) anxiety",hearing testimony,A,"Step 1: In many jurisdictions, judges often dismiss cases due to lack of evidence or procedural issues.
Step 2: Anguish, change of heart, and anxiety might be emotional states that could influence a person's decision-making process but aren't typically grounds for dismissal in court.
Step 3: Boredom, on the other hand, could lead to a judge making hasty decisions without thoroughly considering all facts, which might result in dismissal.
Best answer: D because being bored could impair a judge's ability to make an informed decision.","['D', 'D', 'D', 'D', 'D']",D,False,majority,1.0,{'D': 5},5,0,0.0,0,False,,SVAMP,LAMA-3.2-3B
754,guided,754,"I am cold, what should I do to stay warm?

Options:
A) stay in bed
B) light fire
C) freezer
D) lay on ice
E) spit",cold,B,"Step 1: When someone feels cold, their body tries to conserve heat by reducing blood flow to extremities.
This means they want to minimize heat loss through their skin.

Step 2: Laying on ice would cause further heat loss due to conduction, making you lose even more body heat.
Staying in bed might provide some insulation but doesn't actively generate warmth.

Step 3: Lighting a fire creates warmth through combustion, which can help raise your body temperature.
Freezing would make you colder, not warmer.

Best answer: B because lighting a fire generates heat through combustion.","['B', 'B', 'A', 'B', 'B']",B,True,majority,0.8,"{'B': 4, 'A': 1}",5,4,0.8,1,False,,SVAMP,LAMA-3.2-3B
755,guided,755,"Billy liked driving cars.  He was good at it.  But he was rattled ever since his father experienced what?

Options:
A) transportation
B) pollution
C) stress
D) death
E) go somewhere",driving car,D,"Step 1: Many people experience anxiety or nervousness when they think about something that scares them, such as losing someone close.
Step 2: It's common for individuals to associate this feeling with past traumatic events, especially those involving family members.
Step 3: Given that Billy's father had a severe reaction, it's likely that Billy also associates driving with fear due to his father's experience.
Best answer: D because it's a common cause of anxiety in people, especially children.","['D', 'C', 'D', 'D', 'D']",D,True,majority,0.8,"{'D': 4, 'C': 1}",5,4,0.8,1,False,,SVAMP,LAMA-3.2-3B
756,guided,756,"For what entity should the government work?

Options:
A) country
B) democracy
C) canada
D) civilization
E) tax office",government,A,"Step 1: A government is an institution that makes laws and provides services to its citizens.
Step 2: An institution like this typically operates within a defined territory, such as a country or state.
Step 3: While ""democracy"" is a system of governance, it's not an entity that performs tasks like taxation or law-making on its own.
Best answer: A because a government usually works for a specific geographic area, like a country.","['A', 'A', 'A', 'A', 'A']",A,True,majority,1.0,{'A': 5},5,5,1.0,0,False,,SVAMP,LAMA-3.2-3B
757,guided,757,"Where do you store a large container?

Options:
A) supermarket
B) factory
C) juice
D) hostel
E) cabinet",large container,E,"Step 1: A supermarket is a place where people buy food and household items.
           It's unlikely they would store large containers there.
Step 2: Factories produce goods, not store personal belongings.
           They're focused on manufacturing, not organizing household items.
Step 3: Hostels provide lodging for travelers, not storage space.
           Guests typically keep their own belongings in their rooms.
Step 4: Cabinets are designed for storing personal items within a home.
           They're not meant for external containers.
Step 5: Considering these facts, only one option fits as a suitable location for storing a large container.
Best answer: E because it's a common place for storing various household items, including large containers.","['D', 'E', 'A', 'E', 'A']",A,False,refiner_tiebreak,0.5,"{'D': 1, 'E': 2, 'A': 2}",6,2,0.3333,3,True,False,SVAMP,LAMA-3.2-3B
758,guided,758,"His house was a mess, he began doing housework to get what?

Options:
A) boredom
B) nice home
C) michigan
D) feeling satisfied
E) house clean",doing housework,E,"Step 1: If someone's house is a mess, they likely feel stressed or unhappy with their living space.
Step 2: Engaging in physical activity like housework can help reduce stress and improve mood.
Step 3: Therefore, doing housework would likely lead to a positive emotional state, such as feeling relieved or accomplished.
Best answer: E because cleaning one's home often results in a sense of accomplishment and satisfaction.","['B', 'A', 'A', 'B', 'D']",B,False,refiner_tiebreak,0.5,"{'B': 2, 'A': 2, 'D': 1}",6,0,0.0,3,True,False,SVAMP,LAMA-3.2-3B
759,guided,759,"What has a surface with many sides?

Options:
A) tetrahedron
B) object
C) geometry problem
D) lake
E) triangle",surface,A,"Step 1: A tetrahedron is a three-dimensional shape with four triangular faces.
Step 2: All other options don't necessarily have multiple sides - a lake has one edge, an object can have any number of sides, a geometry problem is about solving equations, and a triangle has three sides.
Step 3: Since a tetrahedron is known for having multiple sides (specifically, four), it's the most fitting choice.
Best answer: A because it's defined as having multiple sides in geometry.","['E', 'E', 'A', 'A', 'D']",A,True,refiner_tiebreak,0.5,"{'E': 2, 'A': 2, 'D': 1}",6,3,0.5,3,True,True,SVAMP,LAMA-3.2-3B
760,guided,760,"Where does one usually keep literature?

Options:
A) books and magazines
B) own home
C) kitchen
D) shelf
E) meeting",literature,D,"Step 1: People typically store books in a place where they can be easily accessed and protected from damage.
Step 2: Homes often have dedicated spaces for storing books, such as bookshelves or libraries.
Step 3: Kitchens are typically used for food preparation and eating, not for storing books.
Best answer: B because most people keep their books in their homes.","['B', 'B', 'B', 'B', 'B']",B,False,majority,1.0,{'B': 5},5,0,0.0,0,False,,SVAMP,LAMA-3.2-3B
761,guided,761,"Where in your home would you keep a ballpoint pen when not in use?

Options:
A) backpack
B) bank
C) desk drawer
D) eat cake
E) office desk",ballpoint pen,C,"Step 1: Typically, people store writing utensils like pens in a place where they can easily access them when needed.
Step 2: A backpack is often used for carrying heavy items like books, clothes, and other school supplies, making it impractical for storing small objects like pens.
Step 3: Desks are designed for working surfaces, but drawers are specifically designed to hold smaller items like pens, making them a more suitable choice.
Best answer: C because desks usually have built-in drawers for storing office supplies.","['C', 'C', 'C', 'C', 'E']",C,True,majority,0.8,"{'C': 4, 'E': 1}",5,4,0.8,1,False,,SVAMP,LAMA-3.2-3B
762,guided,762,"The teacher thought that a ferret can be very mischievous and probably wouldn't make a great pet for the entire what?

Options:
A) bad mood
B) hutch
C) classroom
D) pair of trousers
E) year",ferret,C,"Step 1: Ferrets are known for their playful and curious nature, which can sometimes lead to destructive behavior if not properly supervised.
Step 2: A classroom setting requires focus, order, and minimal disruption, making it unsuitable for an animal that might cause chaos.
Step 3: Hutch and pair of trousers don't relate directly to the ferret's behavior or environment; only hutch could potentially house a ferret, but still might not be ideal due to space constraints.
Best answer: C because classrooms need structured learning environments with minimal distractions.","['C', 'C', 'C', 'B', 'C']",C,True,majority,0.8,"{'C': 4, 'B': 1}",5,4,0.8,1,False,,SVAMP,LAMA-3.2-3B
763,guided,763,"The old man needed to have rest multiple times a day, he would do what on the couch and catnap?

Options:
A) lay in bed
B) lay in bed
C) go to bed
D) relax
E) lie down",have rest,E,"Step 1: Typically, people take naps on a couch to conserve energy between activities.
Step 2: Cats often sleep on soft surfaces like couches for comfort and warmth.
Step 3: Given that the old man needs rest and cats prefer couches, it's likely he would use the couch as his napping spot.
Best answer: D because cats often sleep on couches.","['A', 'D', 'C', 'A', 'A']",A,False,majority,0.6,"{'A': 3, 'D': 1, 'C': 1}",5,0,0.0,2,False,,SVAMP,LAMA-3.2-3B
764,guided,764,"Where would you put a plate immediately after eating from it?

Options:
A) kitchen cupboard
B) floor
C) table
D) dishwasher
E) flea market",plate,D,"Step 1: After eating, most people typically clean their dishes before storing them away.
Step 2: The next step is usually washing the dishes in water, which requires access to a sink.
Step 3: The sink is commonly located in the kitchen, making it the most logical place to put a plate immediately after eating.
Best answer: C because it's where you'd find a sink for washing dishes.","['C', 'C', 'C', 'C', 'C']",C,False,majority,1.0,{'C': 5},5,0,0.0,0,False,,SVAMP,LAMA-3.2-3B
765,guided,765,"What is a place that is far away from your house and where you could consume beer?

Options:
A) refrigerator
B) friend's house
C) keg
D) neighbor's house
E) kitchen",beer,B,"Step 1: Typically, people store beer in a place that keeps drinks cold for consumption.
Step 2: Refrigerators are designed to maintain low temperatures, making them ideal for storing perishable items like beer.
Step 3: Kegs, on the other hand, are containers used for serving large quantities of beer at events or parties, not for personal consumption at home.
Best answer: A because it's where you'd typically store beer to drink later.","['D', 'A', 'D', 'E', 'D']",D,False,majority,0.6,"{'D': 3, 'A': 1, 'E': 1}",5,0,0.0,2,False,,SVAMP,LAMA-3.2-3B
766,guided,766,"Everybody seemed to be crying at the holy site, the tour guide explained that this was what?

Options:
A) profane
B) halibut
C) damaged
D) common
E) halibut",holy,D,"Step 1: A holy site typically attracts many visitors who come to worship or show respect, which can lead to emotional reactions such as crying.
Step 2: The term ""profane"" means not sacred or holy, so it's unlikely that the guide would say this about a holy site.
Step 3: ""Halibut"" is a type of fish, unrelated to the context of a holy site.
Step 4: ""Damaged"" could be a possible explanation for why people might be crying, but it doesn't fit with the idea that the guide is describing something specific about the site itself.
Step 5: ""Common"" means ordinary or usual, which doesn't make sense in this context where we'd expect something unique about the site.
Best answer: A because it's the opposite of ""holy"", implying that the site has lost its sacred nature.","['B', 'B', 'B', 'B', 'A']",B,False,majority,0.8,"{'B': 4, 'A': 1}",5,0,0.0,1,False,,SVAMP,LAMA-3.2-3B
767,guided,767,"He was afraid he would die from his cold, so he wisely decided to what?

Options:
A) ocean
B) write will
C) never want
D) were shot
E) seek help",die,E,"Step 1: If someone is afraid of dying from cold, they would likely take action to avoid it.
Step 2: Seeking medical attention or warmth would be a common response to prevent hypothermia.
Step 3: Writing a will, stopping wanting something, or being shot have no direct relation to addressing the immediate danger of freezing temperatures.
Best answer: E because seeking help is an appropriate response to prevent harm from hypothermia.","['E', 'E', 'E', 'E', 'E']",E,True,majority,1.0,{'E': 5},5,5,1.0,0,False,,SVAMP,LAMA-3.2-3B
768,guided,768,"What happens when you go somewhere and forget something at home?

Options:
A) arriving
B) arrive there
C) turn around
D) go back
E) fart",go somewhere,D,"Step 1: When someone forgets something at home, they usually realize it later while they are away.
Step 2: This realization triggers an instinctual desire to retrieve the forgotten item.
Step 3: The most common action taken in this situation is to return to the original location (home) to pick up the forgotten item.
Best answer: D because returning to the original location is the typical course of action when someone forgets something at home.","['D', 'D', 'D', 'D', 'D']",D,True,majority,1.0,{'D': 5},5,5,1.0,0,False,,SVAMP,LAMA-3.2-3B
769,guided,769,"The juror was quite bored and zoning out but wanted to convey he was hearing testimony, so he just sat there doing what?

Options:
A) take notes
B) nodding
C) change of heart
D) writing down
E) listening",hearing testimony,B,"Step 1: When someone is bored, they often engage in behaviors that don't require intense focus or active participation.
Step 2: Nodding is a common way for people to appear engaged without having to concentrate on the conversation.
Step 3: Writing down requires attention and effort, taking notes is usually done when someone wants to remember specific details, which wouldn't fit with being bored.
Best answer: B because nodding is an automatic, low-effort way to show that one is still ""hearing"" the testimony.","['B', 'B', 'B', 'B', 'B']",B,True,majority,1.0,{'B': 5},5,5,1.0,0,False,,SVAMP,LAMA-3.2-3B
770,guided,770,"The hikers stopped to have a drink, simply put they what?

Options:
A) had a party
B) were thirsty
C) refreshment
D) getting drunk
E) celebrating",drink,B,"Step 1: When people stop moving, especially during physical activities like hiking, they often need to replenish fluids lost through sweating.
Step 2: Drinking is a common way to rehydrate and alleviate thirst.
Step 3: The term ""have a drink"" typically implies consuming liquids, which helps to quench thirst.
Best answer: B because stopping to drink is an action taken when someone feels thirsty.","['B', 'B', 'B', 'B', 'B']",B,True,majority,1.0,{'B': 5},5,5,1.0,0,False,,SVAMP,LAMA-3.2-3B
771,guided,771,"The audience cheered when a goal was scored, what were they spectating?

Options:
A) school
B) sporting event
C) concert hall
D) show
E) television",audience,B,"Step 1: Typically, large crowds gather at places where sports are played.
Step 2: The term ""cheered"" implies excitement and noise associated with competitive activities.
Step 3: Cheering is commonly seen at events where teams compete against each other, such as basketball, football, or soccer games.
Best answer: B because spectators often cheer for their favorite team during sporting events.","['B', 'B', 'B', 'B', 'B']",B,True,majority,1.0,{'B': 5},5,5,1.0,0,False,,SVAMP,LAMA-3.2-3B
772,guided,772,"James knew that he shouldn't have been buying beer for minors.  He didn't even get paid for it.  Why was this bad?

Options:
A) lose money
B) fun
C) have no money
D) broken law
E) relaxation",buying beer,D,"Step 1: Buying alcohol for minors is against the law in most countries due to health and safety regulations.
Step 2: Breaking this rule can result in severe consequences such as fines, community service, or even imprisonment.
Step 3: Since James didn't get paid for the beer, he's not gaining anything from breaking the law, making option A incorrect.
Step 4: While having fun might be a reason someone buys beer, it's not the reason why buying it for minors is wrong; rather, it's the specific group being targeted that makes it problematic.
Step 5: Having no money isn't directly related to why buying beer for minors is bad; it's about the action itself, not the outcome.
Step 6: Relaxation isn't an acceptable justification for breaking the law, especially when it involves minors.
Best answer: D because breaking the law is the core issue here.","['C', 'C', 'D', 'D', 'D']",D,True,majority,0.6,"{'C': 2, 'D': 3}",5,3,0.6,2,False,,SVAMP,LAMA-3.2-3B
773,guided,773,"Who is not famous for a superhighway with no speed limit?

Options:
A) europe
B) germany
C) industrialized country
D) city
E) america",superhighway,E,"Step 1: Germany has built several autobahns, which are high-speed highways with no general speed limit.
Step 2: Autobahns were created to reduce traffic congestion and increase efficiency in Germany's transportation system.
Step 3: While other countries like the US have sections with no speed limits on certain roads (e.g., Texas), this does not apply nationwide like it does in Germany's autobahn network.
Best answer: C because ""industrialized country"" is too broad, as many countries are industrialized but not necessarily associated with autobahns.","['D', 'A', 'D', 'E', 'D']",D,False,majority,0.6,"{'D': 3, 'A': 1, 'E': 1}",5,1,0.2,2,False,,SVAMP,LAMA-3.2-3B
774,guided,774,"Bob stands in the grass surrounded by trees and nature, where is Bob?

Options:
A) rest area
B) desert
C) state park
D) fairgrounds
E) soccer game",grass,C,"Step 1: A rest area typically has benches, trash cans, and possibly picnic tables, which are not visible in this scenario.
Step 2: Deserts have very little vegetation like trees, so it's unlikely to find trees there.
Step 3: State parks often have trees and are designed for outdoor recreation, making them a plausible location for someone standing among trees.
Best answer: C because state parks usually have trees and are designed for outdoor activities.","['C', 'C', 'C', 'C', 'C']",C,True,majority,1.0,{'C': 5},5,5,1.0,0,False,,SVAMP,LAMA-3.2-3B
775,guided,775,"What skill is needed for riding a bike?

Options:
A) wheels
B) feet
C) pedalling
D) practice
E) good balance",riding bike,E,"Step 1: Riding a bike requires physical interaction with the vehicle, which involves moving parts like wheels and pedals.
Step 2: While having wheels (A) and pedalling (C) are necessary components, they alone don't guarantee successful riding; one needs to know how to operate them together.
Step 3: Similarly, having feet (B) isn't enough since you'd need to use them in conjunction with other skills like balancing and steering.
Step 4: Practice (D) helps develop muscle memory but isn't an inherent ability required for riding a bike initially.
Step 5: Good balance (E), however, is crucial as it enables the rider to maintain equilibrium while moving on two wheels.
Best answer: E because having good balance allows for stable movement on a bike.","['E', 'E', 'E', 'E', 'E']",E,True,majority,1.0,{'E': 5},5,5,1.0,0,False,,SVAMP,LAMA-3.2-3B
776,guided,776,"The vet found malignant tumors on the animals, what is their likely fate?

Options:
A) euthanasia
B) pass water
C) die of cancer
D) feel pain
E) feel pleasure",animals,C,"Step 1: Malignant tumors are typically life-threatening diseases that require immediate treatment.
           Cancer treatment often involves surgery, chemotherapy, or radiation therapy to remove or kill cancer cells.

Step 2: Given that the vet has already identified malignant tumors, further treatment options are limited.
           Euthanasia (A) might be considered if the animal's quality of life is severely compromised.

Step 3: Options B, C, D, and E are not directly related to the consequences of finding malignant tumors.
           They do not logically follow from the information provided about cancer treatment.

Best answer: A because euthanasia is often used as a humane option when an animal's condition cannot be improved with treatment.","['A', 'A', 'A', 'A', 'A']",A,False,majority,1.0,{'A': 5},5,0,0.0,0,False,,SVAMP,LAMA-3.2-3B
777,guided,777,"What do you go to see for live entertainment?

Options:
A) movie
B) show
C) concert venue
D) casino
E) theatre",entertainment,B,"Step 1: Typically, people attend performances that involve music, dance, or acting.
Step 2: Concerts often feature live music performances by artists or bands.
Step 3: Venues specifically designed for concerts usually have stages and seating for large crowds.
Best answer: C because concert venues are designed for live music performances.","['B', 'B', 'E', 'B', 'B']",B,True,majority,0.8,"{'B': 4, 'E': 1}",5,4,0.8,1,False,,SVAMP,LAMA-3.2-3B
778,guided,778,"Where did you meet your best friend since Kindergarten?

Options:
A) friend's house
B) school
C) fraternity house
D) internet cafe
E) airplane",friends,B,"Step 1: Typically, children form close friendships through shared activities, social interactions, and daily routines at school.
Step 2: Schools provide an environment where kids spend most of their day interacting with peers, making it easier to form friendships.
Step 3: Meeting friends at school increases the likelihood of maintaining long-term relationships as they grow older.
Best answer: B because schools facilitate socialization among students.","['B', 'B', 'B', 'B', 'B']",B,True,majority,1.0,{'B': 5},5,5,1.0,0,False,,SVAMP,LAMA-3.2-3B
779,guided,779,"What rubber toy filled with helium will make a child happy?

Options:
A) loved
B) learn
C) eat cake
D) balloon
E) become adult",child,D,"Step 1: Children often enjoy playing with balloons because they are lightweight, colorful, and fun to squeeze.
Step 2: Helium-filled balloons are commonly used as toys for kids due to their buoyancy and ability to float in the air.
Step 3: Balloons are typically associated with celebrations, parties, and playtime, making them an ideal gift for children.
Best answer: D because balloons are commonly given as toys to entertain kids.","['D', 'D', 'D', 'D', 'D']",D,True,majority,1.0,{'D': 5},5,5,1.0,0,False,,SVAMP,LAMA-3.2-3B
780,guided,780,"Pens, computers, text books and paper clips can all be found where?

Options:
A) desktop
B) university
C) drawer
D) table
E) work",paper clips,B,"Step 1: Pens, computers, and paper clips are everyday office supplies commonly used for writing, typing, and organization.
Step 2: While pens and paper clips can also be found elsewhere (e.g., at home), they are not typically stored in a specific place like a drawer or on a table exclusively for these items.
Step 3: Desktops usually hold electronic devices like computers, but not necessarily pens and paper clips.
Best answer: B because universities often have offices with desks where students use pens, computers, and paper clips for note-taking and studying.","['D', 'B', 'B', 'B', 'B']",B,True,majority,0.8,"{'D': 1, 'B': 4}",5,4,0.8,1,False,,SVAMP,LAMA-3.2-3B
781,guided,781,"If you wanted a license to catch crabs, what government office would you go to?

Options:
A) most offices
B) fish department
C) fancy restaurant
D) government submarine
E) chesapeake bay",crab,B,"Step 1: In the United States, regulations for catching crabs are managed at the federal level.
Step 2: The agency responsible for managing marine resources, including crabs, is the National Oceanic and Atmospheric Administration (NOAA).
Step 3: NOAA has regional offices that oversee specific areas, such as the Chesapeake Bay.
Best answer: E because it's a specific location within the broader scope of NOAA's jurisdiction.","['E', 'E', 'A', 'A', 'A']",A,False,majority,0.6,"{'E': 2, 'A': 3}",5,0,0.0,2,False,,SVAMP,LAMA-3.2-3B
782,guided,782,"A supermarket is uncommon in what type of collection of shops?

Options:
A) strip mall
B) city or town
C) shoppingcentre
D) boutique
E) vermont",supermarket,A,"Step 1: A supermarket typically requires a large amount of space for multiple types of products and services.
Step 2: Strip malls usually consist of several small shops, but not enough space for a full-fledged supermarket.
Step 3: Shopping centers often have a mix of stores, but may not accommodate a supermarket due to zoning regulations and layout constraints.
Best answer: A because strip malls typically have limited space for large retail stores like supermarkets.","['A', 'A', 'B', 'A', 'A']",A,True,majority,0.8,"{'A': 4, 'B': 1}",5,4,0.8,1,False,,SVAMP,LAMA-3.2-3B
783,guided,783,"Where might an alien use a vacuum?

Options:
A) space
B) closet
C) kitchen
D) orbit
E) container",vacuum,A,"Step 1: Aliens are often depicted as having technology that allows them to travel through space.
Step 2: Vacuums are commonly used on Earth for cleaning purposes, particularly in homes and public spaces.
Step 3: Since an alien's home planet might be vastly different from Earth, it's unlikely they would have access to human cleaning tools like vacuums.
Best answer: A because aliens might need a device that can handle interstellar debris and dust.","['C', 'A', 'A', 'D', 'A']",A,True,majority,0.6,"{'C': 1, 'A': 3, 'D': 1}",5,3,0.6,2,False,,SVAMP,LAMA-3.2-3B
784,guided,784,"What does a farmer need to do to make  a maze on his farm in the fall?

Options:
A) seed plants
B) plant seeds
C) garden
D) grow corn
E) produce food",farmer,D,"Step 1: Farmers typically create mazes using physical barriers such as wood, plastic, or metal for animals to navigate through.
Step 2: In the fall, farmers often prepare the ground before planting crops, which includes clearing weeds and preparing soil.
Step 3: Since mazes are not related to planting seeds, gardening, growing crops, or producing food, options B, C, D, and E can be eliminated.
Best answer: A because farmers use materials like wood, plastic, or metal to construct physical barriers.","['B', 'B', 'B', 'B', 'B']",B,False,majority,1.0,{'B': 5},5,0,0.0,0,False,,SVAMP,LAMA-3.2-3B
785,guided,785,"Traveling from new place to new place is likely to be what?

Options:
A) going somewhere
B) exhilarating
C) diarrhea
D) relocation
E) exhausting",traveling,B,"Step 1: Traveling often involves physical movement from one location to another.
Step 2: This type of movement can cause fatigue due to factors like transportation time, walking distances, and changes in environment.
Step 3: As a result, many people experience some level of tiredness after traveling.
Best answer: E because traveling typically results in physical exhaustion.","['D', 'E', 'E', 'D', 'E']",E,False,majority,0.6,"{'D': 2, 'E': 3}",5,0,0.0,2,False,,SVAMP,LAMA-3.2-3B
786,guided,786,"Eating is part of living, but your body doesn't use it all and the next day you will be doing what?

Options:
A) reduced
B) getting full
C) becoming full
D) chewing
E) defecating",eating,E,"Step 1: The human digestive system breaks down food into nutrients that can be absorbed and utilized for energy, growth, and repair.
Step 2: After digestion, excess nutrients are not stored as energy sources but rather eliminated from the body through waste elimination processes.
Step 3: Defecation is one such process where waste products are removed from the body, making it an immediate consequence of eating.
Best answer: E because defecation occurs after consuming food.","['C', 'B', 'C', 'B', 'C']",C,False,majority,0.6,"{'C': 3, 'B': 2}",5,0,0.0,2,False,,SVAMP,LAMA-3.2-3B
787,guided,787,"Where would you find a ticket booth and see a concert?

Options:
A) clerk
B) indoors
C) movie theater
D) venue
E) auditorium",ticket booth,D,"Step 1: A ticket booth is typically located near an entrance where people buy tickets before entering an event.
Step 2: Concerts are held at venues such as stadiums, arenas, or amphitheaters, which usually have multiple entrances.
Step 3: Movie theaters have their own separate ticketing system and do not typically have booths for buying tickets at the entrance.
Best answer: D because venues host concerts and often have ticket booths near entrances.","['D', 'D', 'D', 'D', 'D']",D,True,majority,1.0,{'D': 5},5,5,1.0,0,False,,SVAMP,LAMA-3.2-3B
788,guided,788,"The man acted ridiculous at the funeral, what attitude should he have taken?

Options:
A) straightforward
B) serious
C) solemn
D) somber
E) funny",ridiculous,C,"Step 1: At a funeral, social norms dictate that mourners show respect and gravity.
Funerals are typically associated with sadness, loss, and reflection.

Step 2: Displaying humor or being ""ridiculous"" would disrupt this emotional atmosphere, causing discomfort to those grieving.
This behavior can be perceived as insensitive and disrespectful.

Step 3: While being serious, solemn, or somber are common attitudes at funerals, they still convey respect for the deceased.
However, these options don't necessarily convey the same level of emotional release that humor might provide.

Best answer: E because laughing or being ""ridiculous"" would be inappropriate due to its potential to offend others.","['E', 'D', 'A', 'E', 'D']",E,False,coin_flip,0.3333,"{'E': 2, 'D': 2, 'A': 1}",6,1,0.1667,4,True,True,SVAMP,LAMA-3.2-3B
789,guided,789,"James looked up and saw the start twinkling in the black yonder.  He marveled the sheer number of them and the size of what?

Options:
A) universe
B) orbit
C) night sky
D) outer space
E) his wallet",stars,A,"Step 1: The word ""yonder"" implies something far away, suggesting that James is observing something at a great distance.
Step 2: The phrase ""start twinkling"" suggests that the object is celestial in nature, as stars appear to twinkle due to their distance from Earth.
Step 3: Considering these clues, options A (universe) and D (outer space) are too broad, while B (orbit) doesn't fit because it refers to the path an object takes around another celestial body, not the object itself.
Step 4: Between C (night sky) and E (his wallet), only one makes sense - the night sky is what James would see twinkling with stars.
Best answer: C because it's the only option that matches the description given.","['C', 'C', 'C', 'C', 'C']",C,False,majority,1.0,{'C': 5},5,0,0.0,0,False,,SVAMP,LAMA-3.2-3B
790,guided,790,"Where areas are there likely to be many nightclubs?

Options:
A) manhattan
B) drink and dance
C) alcohol
D) major city
E) downtown area",nightclub,D,"Step 1: Nightclubs typically attract people who enjoy going out at night for entertainment.
Step 2: Major cities often have a high concentration of nightlife venues, including nightclubs.
Step 3: Downtown areas within major cities usually have more bars, clubs, and other adult-oriented establishments that stay open late into the night.
Best answer: D because major cities tend to have a larger population with diverse entertainment options, including nightclubs.","['D', 'D', 'D', 'D', 'D']",D,True,majority,1.0,{'D': 5},5,5,1.0,0,False,,SVAMP,LAMA-3.2-3B
791,guided,791,"What negative effect can competing in a chess game on a cold day have?

Options:
A) enemies
B) perform better
C) sweat
D) tension
E) frostbite",competing,D,"Step 1: Playing chess requires manual dexterity and concentration, which can be impaired by cold temperatures.
Step 2: Cold weather can cause fingers to numb, making it harder to move pieces accurately.
Step 3: This reduced accuracy increases the likelihood of making mistakes, leading to a decrease in overall performance.
Best answer: E because cold weather can cause physical discomfort that affects gameplay.","['D', 'E', 'E', 'E', 'E']",E,False,majority,0.8,"{'D': 1, 'E': 4}",5,1,0.2,1,False,,SVAMP,LAMA-3.2-3B
792,guided,792,"The victim was to take stand today, they were going to do what?

Options:
A) testify
B) runaway
C) witness
D) tell truth
E) go home",take stand,A,"Step 1: In a court setting, the term ""victim"" typically refers to someone who has been harmed or injured by another person's actions.
Step 2: The phrase ""take stand"" is often associated with giving evidence or testimony in court, especially for the person who was harmed.
Step 3: Testifying involves sharing information about what happened, which aligns with the role of a victim in a court case.
Best answer: A because taking stand usually means giving testimony.","['B', 'B', 'A', 'A', 'A']",A,True,majority,0.6,"{'B': 2, 'A': 3}",5,3,0.6,2,False,,SVAMP,LAMA-3.2-3B
793,guided,793,"What is the least likely immediate side effect of eating hamburger?

Options:
A) nausea
B) death
C) illness
D) health problems
E) gain weight",eating hamburger,B,"Step 1: Consuming raw or undercooked meat can lead to foodborne illnesses due to bacterial contamination.
Step 2: Hamburger typically contains ground meat, which may contain bacteria like E. coli or Salmonella if not handled properly.
Step 3: While severe cases might result in death (B), this is an extreme outcome; more common immediate effects include nausea (A) and illness (C).
Best answer: A because nausea is a common, immediate reaction to food poisoning caused by eating undercooked meat.","['E', 'E', 'C', 'C', 'C']",C,False,majority,0.6,"{'E': 2, 'C': 3}",5,0,0.0,2,False,,SVAMP,LAMA-3.2-3B
794,guided,794,"He was very outgoing, for him making friends was no personal what?

Options:
A) scary
B) having friends
C) good feeling
D) conflict
E) friendship",making friends,D,"Step 1: Typically, people who are outgoing tend to have an easier time meeting new individuals and forming relationships due to their sociable nature.
Step 2: Being outgoing usually results in more opportunities for social interaction, which can lead to forming friendships.
Step 3: If someone is very outgoing, it's likely that they have a higher chance of developing friendships compared to someone who is not outgoing.
Best answer: A because being scary would hinder, not facilitate, making friends.","['A', 'A', 'A', 'A', 'A']",A,False,majority,1.0,{'A': 5},5,0,0.0,0,False,,SVAMP,LAMA-3.2-3B
795,guided,795,"I saw the receptionist carelessly toss my resume into the drawer, where did I want it to end up?

Options:
A) file cabinet
B) nightstand
C) kitchen cabinet
D) office desk
E) the floor",drawer,D,"Step 1: Typically, people keep important documents like resumes in designated filing areas for easy access and organization.
Step 2: File cabinets are designed to store papers, keeping them organized and protected from damage.
Step 3: Nightstands, kitchen cabinets, and the floor aren't suitable places for storing important documents like resumes.
Best answer: A because file cabinets are standard locations for storing business-related papers.","['E', 'E', 'B', 'E', 'E']",E,False,majority,0.8,"{'E': 4, 'B': 1}",5,0,0.0,1,False,,SVAMP,LAMA-3.2-3B
796,guided,796,"Where can I go to be a religious gentleman?

Options:
A) club
B) restaurant
C) university
D) pub
E) church",gentleman,E,"Step 1: Typically, being a ""gentleman"" implies adhering to certain social norms and values associated with chivalry, respect, and modesty.
Step 2: Churches are places where people gather for worship, reflection, and community, which aligns with these values.
Step 3: Unlike a club, restaurant, or pub, where one might engage in more casual or rowdy behavior, a church provides an environment conducive to introspection and decorum.
Best answer: E because churches are often seen as sanctuaries for spiritual growth and moral guidance.","['E', 'E', 'E', 'E', 'E']",E,True,majority,1.0,{'E': 5},5,5,1.0,0,False,,SVAMP,LAMA-3.2-3B
797,guided,797,"Where would you find gazelle under a G?

Options:
A) open field
B) ivory coast
C) dictionary
D) steppe
E) encyclopedia",gazelle,E,"Step 1: A gazelle is a type of animal known for its speed and agility, often associated with grasslands and savannas.
Step 2: The word ""gazelle"" sounds similar to ""gazette,"" which refers to a type of publication, but it also has a connection to the word ""grasshopper,"" another insect that lives on grasslands.
Step 3: Considering these associations, we can rule out options C (encyclopedia) and E (gazette), as they don't relate directly to the animal's habitat.
Step 4: Between A (open field) and D (steppe), while both could be possible places for a gazelle, the term ""steppe"" specifically refers to a type of ecosystem characterized by grasses and few trees, making it a more suitable environment for gazelles.
Best answer: D because it's a type of ecosystem where gazelles typically live.","['D', 'D', 'D', 'D', 'D']",D,False,majority,1.0,{'D': 5},5,0,0.0,0,False,,SVAMP,LAMA-3.2-3B
798,guided,798,"I you believe in god, where will you go when you die?

Options:
A) heaven
B) church
C) imagination
D) synagogue
E) monastery",god,A,"Step 1: Many people who believe in a higher power have specific places associated with their faith, such as churches, synagogues, or mosques.
Step 2: Heaven is often considered an afterlife destination for believers, separate from earthly locations like churches or monasteries.
Step 3: While some individuals may find comfort in imagining their own personal heaven, this isn't typically considered a physical location.
Best answer: A because heaven is commonly seen as an eternal realm beyond mortal life.","['A', 'A', 'A', 'A', 'A']",A,True,majority,1.0,{'A': 5},5,5,1.0,0,False,,SVAMP,LAMA-3.2-3B
799,guided,799,"Where would you put nails if they are already packaged?

Options:
A) pocket
B) container
C) cabinet
D) jar
E) store",nails,C,"Step 1: Nails are typically sold in small bags or containers for protection during shipping.
Step 2: These containers are designed to keep nails clean and prevent damage.
Step 3: It's unlikely that someone would carry nails loose in their pocket (it could cause injury) or store them in a jar (they might break).
Best answer: B because nails come pre-packaged in containers for safe handling.","['B', 'B', 'B', 'B', 'B']",B,False,majority,1.0,{'B': 5},5,0,0.0,0,False,,SVAMP,LAMA-3.2-3B
800,guided,800,"Where is one likely to find a brownstone?

Options:
A) new york city
B) subdivision
C) ring
D) hazleton
E) live in",brownstone,A,"Step 1: Brownstone is a type of building material often used for construction, commonly found in historic structures.
Step 2: New York City has many old buildings made from brownstone, particularly in neighborhoods like Greenwich Village and Brooklyn Heights.
Step 3: Subdivisions typically use modern materials like vinyl siding or brick, not brownstone.
Best answer: A because it's a well-known fact that NYC has many historic brownstone buildings.","['A', 'A', 'A', 'A', 'A']",A,True,majority,1.0,{'A': 5},5,5,1.0,0,False,,SVAMP,LAMA-3.2-3B
801,guided,801,"The man in the white suit was very lazy.  He did nothing useful.  Meanwhile, the ban in the blue had put in effort and was very what?

Options:
A) restless
B) active
C) lazybutt
D) productive
E) hard work",lazy,D,"Step 1: The phrase ""did nothing useful"" implies that the man's lack of activity resulted in no positive outcome.
Step 2: Typically, when someone is described as ""lazy"", they exhibit a lack of motivation or energy to engage in productive activities.
Step 3: Therefore, the word that best completes the sentence should reflect this negative association with productivity, contrasting with the positive connotation of ""productive"".
Best answer: A because ""restless"" suggests agitation or fidgetiness, implying a state opposite to laziness.","['D', 'A', 'D', 'D', 'A']",D,True,majority,0.6,"{'D': 3, 'A': 2}",5,3,0.6,2,False,,SVAMP,LAMA-3.2-3B
802,guided,802,"The soldier was told to get to the rendezvous point, for there he was suppose to what?

Options:
A) fight enemy
B) go to war
C) fight for freedom
D) wait for orders
E) follow instructions",soldier,D,"Step 1: In military contexts, ""rendezvous"" typically refers to a pre-arranged meeting place for troops.
Step 2: At this meeting point, soldiers usually receive further instructions or assignments from their superiors.
Step 3: Given that the soldier was already at the designated location, it's logical that their next action would be to follow any additional guidance provided by their commanders.
Best answer: E because following orders is standard procedure after arriving at a designated meeting spot.","['D', 'D', 'D', 'D', 'D']",D,True,majority,1.0,{'D': 5},5,5,1.0,0,False,,SVAMP,LAMA-3.2-3B
803,guided,803,"Colorful anemone look somewhat like what object you find on window sills?

Options:
A) intertidal zone
B) coral sea
C) under water
D) flower bed
E) florida keys",anemone,D,"Step 1: Anemones are marine animals that live attached to surfaces underwater.
Step 2: Since they attach themselves to surfaces, it's likely they resemble something found on those surfaces, especially in homes where people keep them as decorations.
Step 3: Window sills often have plants or decorations like flowers, which are colorful and resemble anemones.
Best answer: D because window sills have flower arrangements that match the appearance of colorful anemones.","['D', 'D', 'D', 'C', 'D']",D,True,majority,0.8,"{'D': 4, 'C': 1}",5,4,0.8,1,False,,SVAMP,LAMA-3.2-3B
804,guided,804,"More people should lower the guard and just have fun, we don't got long just what?

Options:
A) enjoy living
B) happy
C) enjoyable
D) get laid
E) do enjoy",have fun,A,"Step 1: The phrase ""lower the guard"" implies relaxing one's inhibitions, which often leads to increased freedom in behavior.
Step 2: ""Just what"" suggests that people are asking for permission or an excuse to engage in an activity without restrictions.
Step 3: Given this context, ""have fun"" is the most logical choice as it directly relates to letting go of inhibitions and enjoying oneself without worrying about consequences.
Best answer: D because ""get laid"" implies a specific, potentially risky behavior that doesn't necessarily fit with the overall tone of ""just having fun"".","['D', 'D', 'D', 'D', 'D']",D,False,majority,1.0,{'D': 5},5,0,0.0,0,False,,SVAMP,LAMA-3.2-3B
805,guided,805,"Many homes in this country are built around a courtyard. Where is it?

Options:
A) candidate
B) spain
C) lawn
D) asshole
E) office complex",courtyard,B,"Step 1: In many cultures, especially in warm climates, homes often have an outdoor space for recreation and relaxation.
Step 2: This type of outdoor space is commonly referred to as a ""courtyard"" in architecture.
Step 3: A courtyard typically surrounds the main building, providing shade, fresh air, and a sense of community.
Best answer: C because a lawn is often found surrounding a courtyard in residential areas.","['D', 'D', 'A', 'A', 'B']",A,False,refiner_tiebreak,0.5,"{'D': 2, 'A': 2, 'B': 1}",6,1,0.1667,3,True,False,SVAMP,LAMA-3.2-3B
806,guided,806,"John saw a fox running along the beach and was glad to be on the east coast.  Where might he have been?

Options:
A) tennessee
B) south carolina
C) louisiana
D) oklahoma
E) mountains",fox,B,"Step 1: Foxes are typically found in various parts of North America, including coastal areas.
Step 2: The east coast is where many states border the Atlantic Ocean, which provides habitat for foxes.
Step 3: Given that John was glad to be on the east coast, it's likely he was in one of those coastal states.
Best answer: B because South Carolina is a coastal state on the east coast.","['B', 'B', 'B', 'B', 'B']",B,True,majority,1.0,{'B': 5},5,5,1.0,0,False,,SVAMP,LAMA-3.2-3B
807,guided,807,"He was getting advice for the job interview, they told him when talking to the interviewer always make what?

Options:
A) get tired of
B) small talk
C) eye contact
D) friendship
E) social life",talking to,C,"Step 1: Maintaining eye contact shows respect and engagement during an interview, as it indicates interest in the conversation.
Step 2: Breaking eye contact can give the impression of disinterest or lack of confidence.
Step 3: In professional settings like job interviews, maintaining eye contact with the interviewer helps build trust and rapport.
Best answer: C because it demonstrates active listening and professionalism.","['C', 'C', 'C', 'C', 'C']",C,True,majority,1.0,{'C': 5},5,5,1.0,0,False,,SVAMP,LAMA-3.2-3B
808,guided,808,"Where would you put a container can after you buy it?

Options:
A) pantry
B) store
C) gas
D) liquid
E) garage",container can,E,"Step 1: Typically, people store food items, including canned goods, in a designated area for food storage.
Step 2: The pantry is specifically designed for storing dry goods like canned food, whereas the garage is for tools, vehicles, and other equipment.
Step 3: The gas station is where you purchase fuel for vehicles, not store items like canned food.
Best answer: A because it's where most people keep their food supplies.","['A', 'B', 'B', 'B', 'A']",B,False,majority,0.6,"{'A': 2, 'B': 3}",5,0,0.0,2,False,,SVAMP,LAMA-3.2-3B
809,guided,809,"Her son scraped his knee, she fetched a bottle of peroxide from the what?

Options:
A) supermarket
B) diaper bag
C) liquor store
D) hollow log
E) medicine cabinet",bottle,E,"Step 1: Parents typically keep medical supplies, including antiseptic wipes like peroxide, in a designated area for treating minor cuts and scrapes.
Step 2: The medicine cabinet is usually located inside the house, making it easily accessible when needed.
Step 3: It's unlikely that someone would find peroxide in a hollow log or a liquor store, as those places don't typically carry such items.
Best answer: E because it's where parents usually store medical supplies.","['E', 'A', 'D', 'E', 'D']",E,True,coin_flip,0.3333,"{'E': 2, 'A': 1, 'D': 2}",6,2,0.3333,4,True,False,SVAMP,LAMA-3.2-3B
810,guided,810,"What western state has thousands of miles of shore?

Options:
A) picture of sea side
B) seaside town
C) beach
D) california
E) see side picture",shore,D,"Step 1: California is known for its extensive coastline along the Pacific Ocean.
Step 2: Many states bordering the Pacific Ocean have long coastlines, but California's coastline stretches over 840 miles.
Step 3: Other options like ""picture of seaside"" and ""see side picture"" are not geographical locations, so they can't have miles of shore.
Best answer: D because California has one of the longest coastlines among all US states.","['C', 'D', 'D', 'D', 'D']",D,True,majority,0.8,"{'C': 1, 'D': 4}",5,4,0.8,1,False,,SVAMP,LAMA-3.2-3B
811,guided,811,"What is a treat that you dog will enjoy?

Options:
A) salad
B) petted
C) affection
D) bone
E) lots of attention",dog,D,"Step 1: Dogs are known to have a strong instinct to chew on objects as part of their natural behavior.
Step 2: Among the given options, only one item is something that dogs typically chew on for pleasure.
Step 3: Salads, petted, and affection are not edible or suitable for chewing; lots of attention might be enjoyable but isn't tangible.
Best answer: D because dogs often enjoy chewing on bones as a natural behavior.","['D', 'D', 'D', 'D', 'D']",D,True,majority,1.0,{'D': 5},5,5,1.0,0,False,,SVAMP,LAMA-3.2-3B
812,guided,812,"Where could you find a shark before it was caught?

Options:
A) pool hall
B) tomales bay
C) marine museum
D) business
E) desert",shark,B,"Step 1: Sharks are marine animals that live in saltwater environments.
Step 2: Before humans started catching them for food, sharks inhabited oceans worldwide.
Step 3: Therefore, before being caught, a shark would likely be found in its natural habitat, which is the ocean.
Best answer: B because tomales bay sounds like a coastal area with access to the sea.","['B', 'B', 'B', 'B', 'B']",B,True,majority,1.0,{'B': 5},5,5,1.0,0,False,,SVAMP,LAMA-3.2-3B
813,guided,813,"Surprising an angry person could lead to what?

Options:
A) humor
B) fight
C) jocose
D) laughter
E) accidents",surprising,B,"Step 1: When someone is angry, their body language and behavior change, becoming more aggressive and defensive.
Step 2: Surprising an angry person can escalate their emotional state, making them more reactive and less likely to think clearly.
Step 3: This increased reactivity increases the risk of physical confrontation, which often results in fights.
Best answer: B because surprising an angry person can provoke an immediate physical reaction.","['B', 'B', 'B', 'B', 'B']",B,True,majority,1.0,{'B': 5},5,5,1.0,0,False,,SVAMP,LAMA-3.2-3B
814,guided,814,"People do many things to alleviate boredom.  If you can't get out of the house you might decide to do what?

Options:
A) play cards
B) skateboard
C) meet interesting people
D) listen to music
E) go to a concert",boredom,D,"Step 1: If someone can't leave their house, they may not have access to outdoor activities like skateboarding.
Step 2: Playing cards, listening to music, and attending a concert require minimal equipment and can be done indoors.
Step 3: Meeting new people typically requires leaving one's home, which is not an option here.
Best answer: A because it's an activity that can be done without needing to physically go out.","['C', 'A', 'D', 'E', 'E']",E,False,majority,0.4,"{'C': 1, 'A': 1, 'D': 1, 'E': 2}",5,1,0.2,3,False,,SVAMP,LAMA-3.2-3B
815,guided,815,"The audience listened to the orchestra play, where were they watching the performance?

Options:
A) concert hall
B) museum
C) school
D) hockey game
E) sporting event",audience,A,"Step 1: An orchestra typically performs live music for an audience in a dedicated space designed for music.
Step 2: Concert halls are specifically built with seating arrangements and acoustics suitable for orchestral performances.
Step 3: Unlike museums, schools, hockey games, and sporting events, which have different purposes and settings, concert halls are known for hosting musical performances.
Best answer: A because concert halls are designed for live music performances.","['A', 'A', 'A', 'A', 'A']",A,True,majority,1.0,{'A': 5},5,5,1.0,0,False,,SVAMP,LAMA-3.2-3B
816,guided,816,"What is another name for the color of the fur of a dog with light colored fur?

Options:
A) fair
B) basket
C) dog hair
D) game
E) sun",small dog,A,"Step 1: Dogs have different types of fur based on their coat colors, such as black, brown, white, etc.
Step 2: Light-colored dog fur could be referred to as ""fair"" since it's a common term used to describe light-colored skin or hair in humans.
Step 3: Comparing the options, ""fair"" is the only one that makes sense for describing dog fur color, while ""basket"", ""game"", and ""sun"" don't relate to color at all.
Best answer: A because it's a common term for light-colored fur in humans, which applies to some dog breeds as well.","['A', 'A', 'A', 'A', 'A']",A,True,majority,1.0,{'A': 5},5,5,1.0,0,False,,SVAMP,LAMA-3.2-3B
817,guided,817,"He wanted to live somewhere were every yard was uniform in size and landscaping, where should he look for a house?

Options:
A) city
B) three feet
C) subdivision
D) parking garage
E) michigan",yard,C,"Step 1: A subdivision typically has well-manicured lawns with uniform yard sizes, as part of its aesthetic appeal to attract potential buyers.
Step 2: Cities often have varying lot sizes, some with small alleys and others with large parks, so it's unlikely to find perfectly uniform yards there.
Step 3: A parking garage doesn't have yards at all, so that's not an option for finding a house with uniform yard size.
Step 4: Michigan is a state with diverse geography, including forests, lakes, and varying landscape features, making it unlikely to have uniformly sized yards statewide.
Best answer: C because subdivisions are known for having uniform landscaping and yard sizes.","['C', 'C', 'C', 'C', 'C']",C,True,majority,1.0,{'C': 5},5,5,1.0,0,False,,SVAMP,LAMA-3.2-3B
818,guided,818,"Where can many stores with clothing be found?

Options:
A) shop
B) mall
C) department store
D) drawer
E) library",clothing,B,"Step 1: Many types of clothing are sold at retail establishments designed for buying goods.
Step 2: Malls typically house multiple stores under one roof, including clothing stores.
Step 3: Department stores also specialize in selling various products, including clothing.
Best answer: B because malls often have multiple clothing stores within them.","['B', 'B', 'B', 'B', 'B']",B,True,majority,1.0,{'B': 5},5,5,1.0,0,False,,SVAMP,LAMA-3.2-3B
819,guided,819,"james told his son to settle down and be careful.  There were many frogs mating in the area, and James didn't want his son to do what to them?

Options:
A) wander
B) migrate
C) scare
D) disturb
E) agitate",settle,D,"Step 1: Frogs are known to be sensitive to noise and vibrations that disrupt their mating process.
Step 2: Scaring or disturbing frogs during mating can prevent them from reproducing successfully.
Step 3: James wants to protect the frogs' ability to reproduce, so he advised his son not to scare them.
Best answer: C because scaring would interfere with the frogs' mating behavior.","['C', 'C', 'C', 'C', 'C']",C,False,majority,1.0,{'C': 5},5,0,0.0,0,False,,SVAMP,LAMA-3.2-3B
820,guided,820,"A bald eagle is likely to be found on what kind of work?

Options:
A) rural area
B) book
C) canada
D) painting
E) aviary",bald eagle,D,"Step 1: Bald eagles are large birds known for their wingspans and flying abilities.
They are often associated with open spaces where they can soar and hunt.

Step 2: While they can be found near bodies of water, such as lakes or rivers, they don't typically live indoors like in an aviary.
They also don't belong in a book or on a painting.

Step 3: Rural areas have plenty of space for eagles to fly and hunt, making it an ideal location for them.

Best answer: A because eagles need open spaces to fly and hunt.","['A', 'A', 'A', 'A', 'A']",A,False,majority,1.0,{'A': 5},5,0,0.0,0,False,,SVAMP,LAMA-3.2-3B
821,guided,821,"The man laid on the soft moss and looked up at the trees, where was the man?

Options:
A) niagra falls
B) forest
C) waterfall
D) ground
E) tree",moss,B,"Step 1: The phrase ""laid on the soft moss"" suggests that the man was sitting or lying down, implying he was not standing upright.
Step 2: Moss typically grows on the ground, especially in forests, making it unlikely for the man to be sitting on a tree.
Step 3: Niagara Falls is a large body of water, and it's unlikely someone would be sitting on moss there.
Best answer: D because the phrase ""soft moss"" implies proximity to the ground.","['D', 'D', 'D', 'B', 'B']",D,False,majority,0.6,"{'D': 3, 'B': 2}",5,2,0.4,2,False,,SVAMP,LAMA-3.2-3B
822,guided,822,"If you were lost you might need a map, the best place to find one on the road is at any what?

Options:
A) truck stop
B) amusement park
C) atlas
D) mall
E) gas station",map,E,"Step 1: Many people carry maps with them when traveling, especially if they're lost.
Step 2: Maps are typically stored in books or folders, which are often kept at home or in vehicles.
Step 3: Gas stations usually have a convenience store where travelers stop to refuel their vehicles.
Best answer: E because gas stations have a convenience store that often sells maps.","['A', 'E', 'E', 'A', 'E']",E,True,majority,0.6,"{'A': 2, 'E': 3}",5,3,0.6,2,False,,SVAMP,LAMA-3.2-3B
823,guided,823,"Where may you be if you're buying pork chops at a corner shop?

Options:
A) england
B) town
C) desert
D) kentucky
E) iowa",corner shop,E,"Step 1: Corner shops typically sell everyday essentials like meat, produce, and groceries.
Step 2: Pork chops are a type of food commonly found in butchered animal products at grocery stores.
Step 3: England, Kentucky, and Iowa are not typically associated with being places where you'd buy pork chops; they're states/countries known for other products (e.g., England for tea, Kentucky for horses, Iowa for corn).
Step 4: Deserts usually don't have shops that sell meat products.
Best answer: B because corner shops usually have a wide variety of food items, including meat.","['B', 'B', 'B', 'B', 'B']",B,False,majority,1.0,{'B': 5},5,0,0.0,0,False,,SVAMP,LAMA-3.2-3B
824,guided,824,"Sean was leaving work and took the roadway that led to his what?

Options:
A) neighborhood
B) city
C) fate
D) countryside
E) maps",roadway,A,"Step 1: Sean left his workplace, which is typically located within a populated area such as a city or neighborhood.
Step 2: The term ""roadway"" suggests a path for vehicles, implying it's part of an infrastructure found in urban or suburban settings.
Step 3: Given these clues, options C (""fate"") and E (""maps"") don't fit with the context of physical locations that can be traveled to by car.
Best answer: B because cities usually have roadways for transportation.","['B', 'B', 'B', 'B', 'B']",B,False,majority,1.0,{'B': 5},5,0,0.0,0,False,,SVAMP,LAMA-3.2-3B
825,guided,825,"Where would you buy food?

Options:
A) freezer
B) store
C) home
D) hatred
E) kitchen",food,B,"Step 1: Typically, people purchase food at establishments designed for buying groceries.
Step 2: A ""store"" is an establishment where people go to buy food and other household items.
Step 3: Freezers are used for storing prepared or frozen food, not buying it.
Best answer: B because stores have aisles with various food products for sale.","['B', 'B', 'B', 'B', 'B']",B,True,majority,1.0,{'B': 5},5,5,1.0,0,False,,SVAMP,LAMA-3.2-3B
826,guided,826,"Where could a sloth live?

Options:
A) tropical jungle
B) manual
C) work
D) transit
E) countryside",sloth,A,"Step 1: Sloths are known to inhabit warm, humid environments with plenty of vegetation.
Step 2: Tropical jungles have high temperatures and high humidity, which suits sloths' slow metabolism and love for leaves.
Step 3: Sloths also need trees for climbing and resting, making tropical jungles an ideal habitat.
Best answer: A because sloths thrive in warm, humid environments with abundant vegetation.","['A', 'A', 'A', 'A', 'A']",A,True,majority,1.0,{'A': 5},5,5,1.0,0,False,,SVAMP,LAMA-3.2-3B
827,guided,827,"What do people do when they don't understand something?

Options:
A) ask questions
B) experience joy
C) believe in god
D) talk to each other
E) get sick",people,A,"Step 1: When faced with unfamiliar information, humans typically try to gather more details before making decisions or forming opinions.
Step 2: Asking questions is an effective way for individuals to clarify their doubts and gain clarity on the subject matter.
Step 3: This process allows them to seek additional context, verify facts, and refine their understanding.
Best answer: A because asking questions is a common response to uncertainty.","['A', 'A', 'A', 'A', 'A']",A,True,majority,1.0,{'A': 5},5,5,1.0,0,False,,SVAMP,LAMA-3.2-3B
828,guided,828,"For many males hair is a concern as they get older, it begins to what, causing a receding hairline?

Options:
A) thin out
B) grow in ear
C) fall out
D) bulge
E) composted",hair,C,"Step 1: As men age, hormonal changes lead to decreased testosterone levels.
Step 2: Lower testosterone levels cause an increase in dihydrotestosterone (DHT), a hormone that affects hair follicles.
Step 3: DHT shrinks hair follicles, leading to thinner, shorter hairs that eventually stop growing and fall out.
Best answer: C because excessive hair loss is a common symptom of androgenetic alopecia (male pattern baldness).","['C', 'C', 'C', 'C', 'C']",C,True,majority,1.0,{'C': 5},5,5,1.0,0,False,,SVAMP,LAMA-3.2-3B
829,guided,829,"Where is a control room needed to prevent wide spread disaster?

Options:
A) airbase
B) prison
C) mill
D) nuclear plant
E) recording studio",control room,D,"Step 1: A control room is typically associated with systems that require monitoring and regulation to prevent accidents or malfunctions.
Step 2: Airbases have multiple functions including logistics, communication, and command centers but not necessarily control over a specific process like preventing disaster.
Step 3: Prisons focus on confinement and security rather than monitoring systems.
Step 4: Mills are industrial facilities with automated machinery, but their operation is not typically controlled remotely through a single room.
Step 5: Nuclear power plants have complex systems that require constant monitoring to ensure safe operation, making it essential to have a control room nearby.
Step 6: Recording studios are used for audio production and do not involve critical systems that need real-time monitoring.
Best answer: D because nuclear power plants require a control room to oversee their operation and prevent accidents.","['D', 'D', 'D', 'D', 'D']",D,True,majority,1.0,{'D': 5},5,5,1.0,0,False,,SVAMP,LAMA-3.2-3B
830,guided,830,"What does an actor do when they are bored of their roles?

Options:
A) mask
B) branch out
C) wear costume
D) pretend
E) sing songs",actor,B,"Step 1: Actors often perform multiple roles throughout their careers, requiring them to adopt different characters and personas.
Step 2: If an actor becomes bored with a particular role, it may indicate that they need a change of pace or a new challenge.
Step 3: ""Branching out"" implies taking on new projects, genres, or types of roles, which can help refresh their career and combat boredom.
Best answer: B because ""branching out"" suggests exploring new opportunities, addressing the issue of boredom with varied work.","['B', 'B', 'B', 'B', 'B']",B,True,majority,1.0,{'B': 5},5,5,1.0,0,False,,SVAMP,LAMA-3.2-3B
831,guided,831,"If for some reason you were to start killing people, what would you be likely to receive?

Options:
A) feelings of guilt
B) prison sentence
C) terrible
D) encouragement
E) die",killing people,B,"Step 1: In most societies, harming humans is considered morally wrong and against the law.
Step 2: As a result, those who commit violent acts like murder typically face legal consequences, such as arrest and imprisonment.
Step 3: Guilt, while possible, isn't typically an immediate reaction for everyone who kills someone; it's more common for there to be an investigation, trial, and punishment before emotions like guilt set in.
Best answer: B because most societies have laws against murder and enforce them through imprisonment.","['A', 'B', 'B', 'A', 'B']",B,True,majority,0.6,"{'A': 2, 'B': 3}",5,3,0.6,2,False,,SVAMP,LAMA-3.2-3B
832,guided,832,"The car's steering seem quite loose, but he still considered purchasing it because he needed something small and what?

Options:
A) sturdy
B) faithful
C) bound
D) compact
E) packaged",loose,D,"Step 1: A loose steering system can increase the risk of accidents, especially when driving at high speeds.
Step 2: If the car is still in good overall condition otherwise, the buyer might prioritize other factors like space requirements for their lifestyle.
Step 3: Considering they need something small, they might weigh the importance of having extra features against the potential safety risks associated with the loose steering.
Best answer: D because compact cars often have less space, making a loose steering system less critical for someone with limited storage needs.","['D', 'D', 'D', 'D', 'D']",D,True,majority,1.0,{'D': 5},5,5,1.0,0,False,,SVAMP,LAMA-3.2-3B
833,guided,833,"Why would you take a bus to work?

Options:
A) commute
B) flying
C) get somewhere
D) travel
E) go home",take bus,A,"Step 1: Most people use public transportation like buses for daily commutes, especially if they live far away from their workplaces.
Step 2: Commuting typically involves traveling to a specific destination, such as an office building or school, on a regular basis.
Step 3: Buses are commonly used for this type of daily travel due to their affordability and accessibility compared to other modes like flying.
Best answer: A because it's the most common reason for taking a bus.","['A', 'A', 'A', 'A', 'A']",A,True,majority,1.0,{'A': 5},5,5,1.0,0,False,,SVAMP,LAMA-3.2-3B
834,guided,834,"What do people feel after having sex that requires them to shower?

Options:
A) bedroom
B) pleasant
C) obesity
D) painful
E) dirty",sex,E,"Step 1: Humans engage in sexual activity, which involves physical intimacy and bodily contact.
Step 2: As a result of this physical interaction, sweat and bodily fluids are released, making individuals feel unclean.
Step 3: Taking a shower is a common practice to cleanse oneself after engaging in such activities, thereby alleviating the sensation of being dirty.
Best answer: E because having sex typically results in a need for personal hygiene.","['D', 'D', 'D', 'E', 'D']",D,False,majority,0.8,"{'D': 4, 'E': 1}",5,1,0.2,1,False,,SVAMP,LAMA-3.2-3B
835,guided,835,"Where is a well used toy car likely to be found?

Options:
A) child's room
B) boy's bedroom
C) own home
D) toy store
E) house",toy car,A,"Step 1: Children typically keep their favorite toys in their bedrooms for easy access and playtime.
Step 2: A child's room is usually decorated with colorful items that appeal to kids, such as cars, which suggests it's where they spend most of their time with such items.
Step 3: While some people might have cars in their own home, this isn't as common for everyday use compared to a dedicated space like a child's room.
Best answer: A because it's where children typically keep their toys.","['A', 'A', 'A', 'A', 'A']",A,True,majority,1.0,{'A': 5},5,5,1.0,0,False,,SVAMP,LAMA-3.2-3B
836,guided,836,"James know that committing murder was wrong, but he thought that he could get away with it.  He was really troubled  and fearful because of what?

Options:
A) happiness
B) problems
C) prosecution
D) distress
E) misery",committing murder,C,"Step 1: People who commit crimes often experience guilt, anxiety, or fear due to their actions.
Step 2: Guilt and fear can lead to psychological distress, making it harder for individuals to hide their wrongdoing.
Step 3: In this case, James' fear of being caught (prosecution) is likely driving his distress.
Best answer: D because psychological distress is a common consequence of committing a serious crime like murder.","['D', 'D', 'D', 'D', 'D']",D,False,majority,1.0,{'D': 5},5,0,0.0,0,False,,SVAMP,LAMA-3.2-3B
837,guided,837,"Where is a ferret unlikely to be?

Options:
A) classroom
B) outdoors
C) aquarium
D) north carolina
E) great britain",ferret,A,"Step 1: Ferrets are domesticated animals often kept as pets, typically living indoors with proper care.
Step 2: Ferrets require regular exercise and space to move around, which is harder to provide outdoors due to safety concerns (e.g., traffic, predators).
Step 3: While some zoos have enclosures that mimic natural habitats, an aquarium is not suitable for ferrets as they need air, space, and human interaction.
Best answer: B because ferrets need controlled indoor environments with human supervision.","['C', 'C', 'C', 'B', 'C']",C,False,majority,0.8,"{'C': 4, 'B': 1}",5,0,0.0,1,False,,SVAMP,LAMA-3.2-3B
838,guided,838,"Where would I not want a fox?

Options:
A) hen house
B) english hunt
C) mountains
D) outside bedroom window
E) england",fox,A,"Step 1: Foxes are known predators that feed on small animals like chickens.
Step 2: Hens are often kept in enclosed spaces like hen houses for protection from predators.
Step 3: Therefore, it's logical to keep hens away from areas where foxes might be present.
Best answer: A because foxes would see hens as potential prey in a hen house.","['D', 'D', 'C', 'D', 'A']",D,False,majority,0.6,"{'D': 3, 'C': 1, 'A': 1}",5,1,0.2,2,False,,SVAMP,LAMA-3.2-3B
839,guided,839,"WHat type of keyboard is made up of one or more pipe divisions?

Options:
A) killing
B) typewriter
C) office
D) terminal
E) organ",keyboard,E,"Step 1: A keyboard typically has keys arranged in rows and columns, separated by pipes for easier typing.
Step 2: The term ""pipe"" here refers to the vertical lines separating the keys on a keyboard.
Step 3: This arrangement allows users to press multiple keys simultaneously using the ""Ctrl"" key and the vertical pipe symbol (|).
Best answer: D because a terminal often uses a keyboard with pipe divisions for input.","['D', 'D', 'D', 'D', 'D']",D,False,majority,1.0,{'D': 5},5,0,0.0,0,False,,SVAMP,LAMA-3.2-3B
840,guided,840,"If a person is trying to keep something in their hand what should they do?

Options:
A) complete collection
B) own house
C) procrastinate
D) explode
E) have to hold",person,E,"Step 1: When trying to keep something in their hand, a person typically uses their fingers or palm to grasp it.
Step 2: If the item is too heavy or large, they might need to adjust their grip or find something to lean on for support.
Step 3: Procrastination (C) doesn't make sense in this context as it's an action that delays taking action, not related to holding an object.
Explosion (D) is also impossible since holding an object doesn't cause it to explode.
Having to hold (E) is true but too general - anyone can have to hold something, but that doesn't explain why they would do so initially.
Completing a collection (A) and owning a house (B) are unrelated to the immediate task of holding an object.

Best answer: E because it's a basic requirement for physically grasping an item.","['E', 'E', 'E', 'E', 'E']",E,True,majority,1.0,{'E': 5},5,5,1.0,0,False,,SVAMP,LAMA-3.2-3B
841,guided,841,"What would be happening if you are pretending to be a police officer?

Options:
A) fighting
B) misunderstanding
C) deception
D) play
E) distrust",pretending,C,"Step 1: As a police officer, your job involves enforcing laws and maintaining order.
Step 2: Pretending to be someone else would require you to adopt their appearance, voice, and behavior, which could lead to confusion among people.
Step 3: If you're pretending to be someone else, it's likely that others will start questioning your true identity, causing a breakdown in trust.
Best answer: B because pretending to be someone else can lead to confusion and mistrust among those around you.","['C', 'C', 'C', 'C', 'C']",C,True,majority,1.0,{'C': 5},5,5,1.0,0,False,,SVAMP,LAMA-3.2-3B
842,guided,842,"What is someone likely to want as a result of sex?

Options:
A) sexploiter
B) chicken
C) reproductive cycle
D) procreation
E) human experience",sex,D,"Step 1: Understanding the term ""sex"" can refer to both biological reproduction and social interaction.
Step 2: In both contexts, people often engage in these activities for various reasons such as intimacy, pleasure, or reproduction.
Step 3: Given this, someone seeking ""sex"" is more likely looking for an intimate experience rather than just biological reproduction or unrelated concepts like ""sexploiter"" which has negative connotations.
Best answer: E because most people engage in sex for emotional connection and pleasure.","['D', 'B', 'D', 'D', 'D']",D,True,majority,0.8,"{'D': 4, 'B': 1}",5,4,0.8,1,False,,SVAMP,LAMA-3.2-3B
843,guided,843,"Where can you get a lizard to keep in your home?

Options:
A) desert country
B) dessert
C) pet shop
D) tropical areas
E) zoo",lizard,C,"Step 1: Many types of lizards require specific temperature and humidity levels to survive, which vary depending on their species.
Step 2: Deserts (both A and B) are known for extreme heat, making them unsuitable for most lizard habitats.
Step 3: Zoos typically house a wide range of animals, including some lizards, but it's not a common place for keeping pets.
Best answer: C because pet shops usually sell live animals, including lizards, that are adapted to being kept as pets.","['C', 'C', 'C', 'C', 'C']",C,True,majority,1.0,{'C': 5},5,5,1.0,0,False,,SVAMP,LAMA-3.2-3B
844,guided,844,"What would you be unable to do if you have too much greed?

Options:
A) keep things
B) make friends
C) play poker
D) conquer opponent
E) lie",greed,B,"Step 1: Excessive greed often leads to overconsumption and waste, causing scarcity of resources.
Step 2: When there's less available resources, one's ability to acquire what they want decreases.
Step 3: This results in frustration, which can impair rational decision-making and lead to impulsive behavior like lying.
Best answer: E because greed can cloud judgment and lead to dishonesty.","['A', 'A', 'D', 'A', 'D']",A,False,majority,0.6,"{'A': 3, 'D': 2}",5,0,0.0,2,False,,SVAMP,LAMA-3.2-3B
845,guided,845,"What do geese do every fall in fields?

Options:
A) guard house
B) fly
C) eat
D) follow ultralight airplane
E) group together",geese,E,"Step 1: Geese are known to migrate and congregate in large groups during certain times of the year.
Step 2: One common reason for this migration is to find suitable habitats with abundant food sources, such as grasslands and agricultural fields.
Step 3: During fall, many crops are harvested, leaving behind exposed fields that can attract geese looking for food.
Best answer: E because geese often gather in groups to forage for food in fields after crops have been harvested.","['E', 'E', 'E', 'E', 'E']",E,True,majority,1.0,{'E': 5},5,5,1.0,0,False,,SVAMP,LAMA-3.2-3B
846,guided,846,"The ancient seafaring Norse tribesman brought pelts of weasel aboard his what?

Options:
A) rabbit warren
B) used car lot
C) chicken coop
D) cruise
E) viking ship",weasel,E,"Step 1: The Norse seafarers were skilled hunters and traders who traveled extensively across the seas.
Step 2: Weasels were likely obtained for their fur, which was valuable for warmth and insulation.
Step 3: Given that weasels were hunted for their fur, it's logical that they would be carried on a vessel designed for traveling over water.
Best answer: E because the Vikings sailed on ships to explore, trade, and hunt.","['E', 'D', 'D', 'D', 'E']",D,False,majority,0.6,"{'E': 2, 'D': 3}",5,2,0.4,2,False,,SVAMP,LAMA-3.2-3B
847,guided,847,"One of the potential hazards of attending school is what?

Options:
A) cooties
B) get smart
C) boredom
D) colds and flu
E) taking tests",attending school,D,"Step 1: Many schools have classrooms where students learn together, increasing the chance of close contact with peers.
Step 2: It's known that germs spread easily through touching and sharing objects, like pencils or desks.
Step 3: Schools often have poor ventilation systems, making it harder for air to circulate and reducing the speed at which germs dissipate.
Best answer: D because schools provide an environment conducive to germ transmission due to poor hygiene and ventilation.","['A', 'A', 'B', 'D', 'A']",A,False,majority,0.6,"{'A': 3, 'B': 1, 'D': 1}",5,1,0.2,2,False,,SVAMP,LAMA-3.2-3B
848,guided,848,"After the weight cut he was worried about his energy levels, but this was part of participating in a what?

Options:
A) work
B) wrestle
C) play sports
D) matter
E) sleep",energy,B,"Step 1: Participating in sports often requires physical activity, which can lead to fatigue.
Step 2: Weight cutting is a common practice among athletes to reduce body fat before competitions.
Step 3: This weight loss is typically achieved through diet restriction and exercise, causing temporary low energy levels.
Best answer: B because weight cutting is often associated with competitive sports, particularly those that involve physical contact or endurance.","['B', 'C', 'C', 'B', 'C']",C,False,majority,0.6,"{'B': 2, 'C': 3}",5,2,0.4,2,False,,SVAMP,LAMA-3.2-3B
849,guided,849,"The pioneer went to the general store for storage measures, what was he looking for?

Options:
A) checkers
B) barrels
C) baking soda
D) buffalo
E) salt",general store,B,"Step 1: In the 19th century, pioneers often used various items for storing food and supplies during their journeys.
Step 2: Barrels were commonly used as containers for storing dry goods like grains, flour, and other non-perishable items.
Step 3: Given that the pioneer needed something to store, it's likely he was looking for an item that serves this purpose.
Best answer: B because barrels were typical storage containers for dry goods.","['B', 'B', 'B', 'B', 'B']",B,True,majority,1.0,{'B': 5},5,5,1.0,0,False,,SVAMP,LAMA-3.2-3B
850,guided,850,"Sitting down quickly after eating beans could lead to what?

Options:
A) flatulence
B) happiness
C) laziness
D) fall asleep
E) comfort",sitting down,A,"Step 1: Beans contain sugars that are not fully digested in the stomach, causing them to ferment in the intestines.
Step 2: This fermentation process releases gases such as nitrogen, oxygen, carbon dioxide, and hydrogen.
Step 3: The buildup of these gases can lead to discomfort, bloating, and an increase in pressure within the digestive system.
Best answer: A because the fermentation of beans results in gas production.","['A', 'A', 'A', 'A', 'A']",A,True,majority,1.0,{'A': 5},5,5,1.0,0,False,,SVAMP,LAMA-3.2-3B
851,guided,851,"Turkey only has a small northern part of their country located in part of the what?

Options:
A) middle east
B) oven
C) balkan peninsula
D) provide meat
E) asia minor",turkey,C,"Step 1: Turkey is a country with two distinct regions: Europe and Asia.
Step 2: The European part of Turkey borders several countries including Greece, Bulgaria, and Georgia.
Step 3: The Balkan Peninsula is a historical region that includes parts of several countries, including Greece, Albania, Bosnia, Kosovo, Macedonia, Montenegro, and Serbia.
Best answer: C because the Balkan Peninsula encompasses some of the land that makes up northern Turkey.","['C', 'B', 'C', 'A', 'A']",A,False,refiner_tiebreak,0.5,"{'C': 2, 'B': 1, 'A': 2}",6,2,0.3333,3,True,False,SVAMP,LAMA-3.2-3B
852,guided,852,"What do you feel when giving assistance to the needy?

Options:
A) reward
B) boredom
C) pleasure
D) happiness
E) satisfaction",giving assistance,E,"Step 1: Helping others can activate the brain's reward system, releasing feel-good hormones like dopamine.
Step 2: This response is similar to what people experience when they achieve a personal goal or receive praise for their efforts.
Step 3: Many volunteers and caregivers report feeling fulfilled after assisting those in need, which contributes to their overall well-being.
Best answer: E because it aligns with psychological research on altruism and positive reinforcement.","['D', 'D', 'D', 'D', 'D']",D,False,majority,1.0,{'D': 5},5,0,0.0,0,False,,SVAMP,LAMA-3.2-3B
853,guided,853,"The man didn't do great in college, all his best memories were late night with his brothers at the what?

Options:
A) big city
B) fraternity house
C) school
D) building
E) big town",college,B,"Step 1: Fraternities often have social events that take place at night, which can create lasting memories for members.
Step 2: Many colleges have fraternities, but not all colleges do, so options A, C, D, and E could still be true.
Step 3: Since the question specifies ""late night"" events, it's more likely that the correct answer is related to where these events occur, not just any gathering place on campus.
Best answer: B because fraternities frequently host social gatherings in the evening.","['B', 'B', 'B', 'B', 'B']",B,True,majority,1.0,{'B': 5},5,5,1.0,0,False,,SVAMP,LAMA-3.2-3B
854,guided,854,"Donald is a prominent figure for the federal government, so in what city does he likely spend a lot of time?

Options:
A) everything
B) capitol building
C) tourist sites
D) canada
E) washington d.c",government,E,"Step 1: As a prominent figure in the federal government, Donald likely works closely with politicians and officials who reside in Washington D.C.
Step 2: The U.S. Capitol Building is located in Washington D.C., serving as the meeting place for Congress.
Step 3: Given his role, it's reasonable to assume that he spends most of his time within the city where the government institutions are based.
Best answer: E because it's where the government institutions are centered.","['E', 'E', 'E', 'E', 'E']",E,True,majority,1.0,{'E': 5},5,5,1.0,0,False,,SVAMP,LAMA-3.2-3B
855,guided,855,"Where would you find the sharpest parts of a triangle?

Options:
A) three vertices
B) point
C) 3 sides
D) three sides
E) math book",triangle,A,"Step 1: In geometry, a triangle has three sides and three vertices (corners).
Step 2: The sharpest part of a shape is typically its vertex, which is where two sides meet.
Step 3: Therefore, since all triangles have three vertices, the sharpest part would be at one of these points.
Best answer: A because every triangle has exactly one vertex.","['B', 'B', 'B', 'B', 'B']",B,False,majority,1.0,{'B': 5},5,0,0.0,0,False,,SVAMP,LAMA-3.2-3B
856,guided,856,"What does 	drinking alcohol lead to?

Options:
A) have fun
B) intoxication
C) vomiting
D) drinking more alcohol
E) nausea",drinking alcohol,B,"Step 1: Excessive alcohol consumption can impair judgment and reaction time.
Step 2: Impaired judgment often results in poor decision-making, such as overestimating one's limits.
Step 3: Overestimation can lead to excessive drinking, causing more alcohol intake.
Best answer: D because excessive drinking is a direct consequence of drinking too much alcohol.","['B', 'B', 'B', 'B', 'B']",B,True,majority,1.0,{'B': 5},5,5,1.0,0,False,,SVAMP,LAMA-3.2-3B
857,guided,857,"James thought of criminal justice like a computer program.  It need to work right.   What ideas might James not like?

Options:
A) manual
B) process information
C) power down
D) control model
E) reason exists",computer,D,"Step 1: James views criminal justice as a system that requires accuracy and reliability, like a computer program.
Step 2: If a computer program has errors or glitches, it fails to perform its intended function correctly.
Step 3: Therefore, James would dislike anything that could cause the system to malfunction or lose its ability to make sound judgments.
Best answer: C because shutting down would prevent the system from operating altogether.","['A', 'C', 'D', 'D', 'E']",D,True,majority,0.4,"{'A': 1, 'C': 1, 'D': 2, 'E': 1}",5,2,0.4,3,False,,SVAMP,LAMA-3.2-3B
858,guided,858,"His parents thought he was suffering from boredom, but the teen loved to lay in bed and just do what?

Options:
A) meet interesting people
B) lift weights
C) listen to music
D) play chess
E) entertain",boredom,C,"Step 1: Teenagers often engage in activities that allow them to relax and conserve energy, especially after school.
Step 2: Laying in bed is a common behavior among teenagers who want to avoid doing homework or other tasks.
Step 3: This behavior can be seen as an attempt to escape responsibilities and recharge for the next day.
Best answer: E because it's a typical way for teens to unwind and avoid productive activities.","['C', 'C', 'C', 'E', 'C']",C,True,majority,0.8,"{'C': 4, 'E': 1}",5,4,0.8,1,False,,SVAMP,LAMA-3.2-3B
859,guided,859,"It was a long trip from the farm, so he stayed in a hotel when he arrived at the what?

Options:
A) bed away from home
B) wwii bunker
C) resort
D) las vegas
E) city",hotel,E,"Step 1: People typically travel to cities for leisure activities like hotels.
Step 2: Hotels are usually found in urban areas, which are often associated with entertainment, shopping, and dining options.
Step 3: Given that it was a long trip from the farm, he likely wanted to relax and enjoy some amenities available in a city.
Best answer: C because hotels are commonly associated with urban areas where one would go for leisure after a long journey.","['E', 'E', 'E', 'E', 'D']",E,True,majority,0.8,"{'E': 4, 'D': 1}",5,4,0.8,1,False,,SVAMP,LAMA-3.2-3B
860,guided,860,"From where does a snowflake form?

Options:
A) cloud
B) snow storm
C) billow
D) air
E) snowstorm",snowflake,A,"Step 1: Clouds are made up of water vapor that condenses into tiny droplets.
Step 2: When these droplets freeze into ice crystals, they stick together to form larger snowflakes.
Step 3: As more ice crystals accumulate on the flake, it grows heavier and falls from the cloud as precipitation.
Best answer: A because clouds are where water vapor condenses into the initial stage of snowflake formation.","['A', 'A', 'A', 'D', 'D']",A,True,majority,0.6,"{'A': 3, 'D': 2}",5,3,0.6,2,False,,SVAMP,LAMA-3.2-3B
861,guided,861,"Sailors drive many different types of boats, what type of boat involves their namesake.

Options:
A) coming home
B) row boat
C) board ship
D) inflatable raft
E) sail boat",sailor,E,"Step 1: Sailors use sails for propulsion, which requires wind to catch and harness its energy.
Step 2: The word ""sail"" refers to a fabric used to capture wind, typically attached to a mast on a watercraft.
Step 3: Given this definition, it's logical that the type of boat that involves its namesake would be one that utilizes sails for sailing.
Best answer: E because it directly relates to the action associated with sailors.","['A', 'E', 'D', 'E', 'A']",E,True,refiner_tiebreak,0.5,"{'A': 2, 'E': 2, 'D': 1}",6,3,0.5,3,True,True,SVAMP,LAMA-3.2-3B
862,guided,862,"What kind of status is the bald eagle given?

Options:
A) outside
B) world
C) protection
D) colorado
E) america",bald eagle,C,"Step 1: The bald eagle is a type of bird species found primarily in North America.
Step 2: It's also known as the national bird of the United States, indicating some level of national recognition and importance.
Step 3: Given that it's a national symbol, it would likely have some form of legal protection to conserve its population and habitat.
Best answer: C because it's protected under U.S. law as a symbol and potentially under conservation efforts.","['C', 'C', 'C', 'C', 'C']",C,True,majority,1.0,{'C': 5},5,5,1.0,0,False,,SVAMP,LAMA-3.2-3B
863,guided,863,"You'll find a landing at the top of what?

Options:
A) ocean
B) apartment building
C) stairwell
D) airport
E) room",landing,C,"Step 1: An airplane typically lands on a flat surface before entering an enclosed space.
Step 2: Airports have designated areas for landing, such as runways.
Step 3: Runways are usually long, flat surfaces made of concrete or asphalt that allow planes to safely touch down.
Best answer: D because airports have designated landing areas called runways.","['D', 'D', 'D', 'D', 'D']",D,False,majority,1.0,{'D': 5},5,0,0.0,0,False,,SVAMP,LAMA-3.2-3B
864,guided,864,"Where are required to carry books all day?

Options:
A) friend's house
B) university
C) large city
D) storage
E) table",books,B,"Step 1: Typically, students attend classes at universities and need to carry books for note-taking and studying.
Step 2: Universities are typically located on or near campuses, which often have buildings with classrooms.
Step 3: Carrying books is a common practice among students when attending classes, as they need access to their materials during lectures.
Best answer: B because universities are places where students usually attend classes and need to bring books.","['B', 'B', 'B', 'B', 'B']",B,True,majority,1.0,{'B': 5},5,5,1.0,0,False,,SVAMP,LAMA-3.2-3B
865,guided,865,"What do animals do when an enemy is approaching?

Options:
A) feel pleasure
B) procreate
C) pass water
D) listen to each other
E) sing",animals,D,"Step 1: Many animals have an innate defense mechanism to alert others of potential danger.
Step 2: This alert system often involves vocalizations, such as warning calls or sounds that can be heard over long distances.
Step 3: Some animals, like birds and primates, use specific calls to signal danger to group members, encouraging them to take action.
Best answer: E because some animals use vocalizations as an early warning system for potential threats.","['D', 'D', 'D', 'D', 'E']",D,True,majority,0.8,"{'D': 4, 'E': 1}",5,4,0.8,1,False,,SVAMP,LAMA-3.2-3B
866,guided,866,"Where would you get a balalaika if you do not have one?

Options:
A) orchestra
B) music store
C) buy music
D) make music
E) symphony",balalaika,B,"Step 1: A balalaika is a traditional Russian stringed instrument with three strings.
Step 2: It's commonly used in folk music, often played by musicians who perform solo or with small groups.
Step 3: Given its purpose and typical user, it's unlikely you'd find a balalaika at an orchestra (A), as they usually feature larger instruments like violins, cellos, and double basses.
Best answer: B because music stores typically carry a variety of instruments, including folk instruments like the balalaika.","['B', 'B', 'B', 'B', 'B']",B,True,majority,1.0,{'B': 5},5,5,1.0,0,False,,SVAMP,LAMA-3.2-3B
867,guided,867,"What does everyone feel of monsters?

Options:
A) looking for love
B) afraid of
C) good at
D) make pet
E) different",everyone,B,"Step 1: Humans have been told stories about monsters since childhood, which often depict them as frightening creatures.
Step 2: This exposure to scary images and tales can evoke fear in people, especially children.
Step 3: As a result, many individuals develop an instinctual fear of monsters based on societal conditioning.
Best answer: B because most people are conditioned to fear monsters through cultural narratives.","['B', 'B', 'B', 'B', 'B']",B,True,majority,1.0,{'B': 5},5,5,1.0,0,False,,SVAMP,LAMA-3.2-3B
868,guided,868,"Jan tested the current, and noticed that it was high.  He thought that the wires might have too much what?

Options:
A) later
B) updated
C) still
D) resistance
E) now",current,D,"Step 1: If the current is high, it means there's an excess flow of electricity.
Step 2: Excess electricity can cause overheating in wires due to electrical resistance.
Step 3: High resistance would lead to increased heat generation, potentially damaging the wires.
Best answer: D because high current can lead to excessive heat generation in wires due to increased resistance.","['D', 'D', 'D', 'D', 'D']",D,True,majority,1.0,{'D': 5},5,5,1.0,0,False,,SVAMP,LAMA-3.2-3B
869,guided,869,"The child felt like it was all pretend, he didn't understand what?

Options:
A) people believe
B) daydreams
C) transcendentalism
D) laughter
E) religion",pretend,E,"Step 1: Children often struggle with abstract concepts that go beyond their everyday experiences.
Step 2: Transcendentalism refers to philosophical ideas about spirituality and the universe, which might be too complex for young children to grasp.
Step 3: Daydreaming is a common phenomenon among kids as they use their imagination to escape reality and process information.
Best answer: B because daydreaming is a typical behavior among children who are still learning to distinguish between fantasy and reality.","['B', 'B', 'B', 'B', 'B']",B,False,majority,1.0,{'B': 5},5,0,0.0,0,False,,SVAMP,LAMA-3.2-3B
870,guided,870,"There were times where kids wanted to know a definition, so there was a nice big dictionary in the what?

Options:
A) pocket
B) classroom
C) table
D) library
E) shelf",dictionary,B,"Step 1: In the past, before digital technology, people relied on physical reference materials for information.
Step 2: A dictionary is typically kept in a place where many books are stored, such as a building designed for learning.
Step 3: Libraries are known for housing large collections of books, including reference works like dictionaries.
Best answer: D because libraries are institutions that house multiple books, including dictionaries.","['D', 'D', 'D', 'D', 'D']",D,False,majority,1.0,{'D': 5},5,0,0.0,0,False,,SVAMP,LAMA-3.2-3B
871,guided,871,"No matter what date you put on it, we all know the universe to be what?

Options:
A) very old
B) infiniverse
C) getting younger
D) infinite
E) real",universe,A,"Step 1: The universe has been studied extensively through various scientific methods, including astronomical observations and radioactive dating techniques.
Step 2: These methods suggest that the universe is approximately 13.8 billion years old.
Step 3: Given this age, it's clear that ""infiniverse"" (B) cannot be correct as it implies an endless, unbounded expanse without beginning or end.
Best answer: A because scientific evidence indicates the universe's age is measured in billions of years.","['D', 'A', 'D', 'D', 'A']",D,False,majority,0.6,"{'D': 3, 'A': 2}",5,2,0.4,2,False,,SVAMP,LAMA-3.2-3B
872,guided,872,"The child pretended he was reading newspaper, he couldn't actually do it without what?

Options:
A) patience
B) falling down
C) literacy
D) buying
E) knowing how to read",reading newspaper,E,"Step 1: To read a newspaper, one needs to be able to recognize written words and symbols (letters).
Step 2: Not having literacy skills means not being able to decode or understand written language.
Step 3: Without literacy, it's impossible for someone to read the newspaper, as they wouldn't know what each symbol represents.
Best answer: E because without knowing how to read, you can't perform the action of reading.","['E', 'C', 'C', 'E', 'E']",E,True,majority,0.6,"{'E': 3, 'C': 2}",5,3,0.6,2,False,,SVAMP,LAMA-3.2-3B
873,guided,873,"The chef wanted to perfect his craft, what did he do?

Options:
A) thin potatos
B) prepare food
C) study french cooking
D) drink
E) cook dinner",chef,C,"Step 1: To perfect his craft, the chef likely needs to gain new knowledge and skills related to cooking.
Step 2: Studying a specific cuisine like French cooking would provide him with techniques, recipes, and methods that could improve his overall cooking abilities.
Step 3: Mastering French cooking would allow him to create more complex dishes, experiment with new flavors, and increase his confidence in the kitchen.
Best answer: C because learning new skills through education is essential for professional growth.","['B', 'B', 'C', 'B', 'C']",B,False,majority,0.6,"{'B': 3, 'C': 2}",5,2,0.4,2,False,,SVAMP,LAMA-3.2-3B
874,guided,874,"Sally was bored because she didn't like the junk that was on what?

Options:
A) drawer
B) garage
C) caddy
D) bed
E) television",junk,E,"Step 1: Sally likely had some items stored in each location, but she's expressing boredom with what's currently in one specific place.
Step 2: Drawers often hold personal belongings like clothes, accessories, or miscellaneous items that people use daily.
Step 3: People typically don't find junk on their beds, as it's for sleeping and relaxation.
Best answer: A because Sally probably means she's tired of looking at useless or unwanted stuff in her dresser drawer.","['D', 'A', 'A', 'D', 'A']",A,False,majority,0.6,"{'D': 2, 'A': 3}",5,0,0.0,2,False,,SVAMP,LAMA-3.2-3B
875,guided,875,"Where would a person live if they wanted no neighbors?

Options:
A) housing estate
B) neighborhood
C) mars
D) woods
E) suburbs",bungalow,D,"Step 1: A housing estate typically has multiple families living together, which means there will be other people nearby.
Step 2: Neighborhoods also imply close proximity to others, as they are defined as areas with many houses close together.
Step 3: Suburbs usually have a mix of residential areas with some distance between houses, but still some neighbors.
Step 4: Mars is uninhabited and has extreme conditions that make it impossible for humans to live there without advanced technology.
Step 5: Woods can be isolated but still have other living creatures, such as animals and plants.
Best answer: C because Mars is the only option that guarantees no human presence or potential for human habitation.","['A', 'D', 'D', 'C', 'C']",A,False,coin_flip,0.3333,"{'A': 1, 'D': 2, 'C': 2}",6,2,0.3333,4,True,False,SVAMP,LAMA-3.2-3B
876,guided,876,"If a car-less person want to listen to talk radio in private, where might they listen to it?

Options:
A) trunk
B) bedroom
C) diner
D) space shuttle
E) shop",radio,B,"Step 1: Cars have a designated space for storing items like food, tools, and other personal belongings.
Step 2: The trunk is typically used for carrying these items, not for storing electronic devices like radios.
Step 3: People usually keep their living spaces clean and organized, so a cluttered area like the trunk wouldn't be ideal for listening to the radio privately.
Best answer: B because most people keep their bedrooms as quiet, private spaces for relaxation.","['B', 'B', 'B', 'B', 'B']",B,True,majority,1.0,{'B': 5},5,5,1.0,0,False,,SVAMP,LAMA-3.2-3B
877,guided,877,"What happens to a body after death?

Options:
A) rebirth
B) human experience
C) sadness
D) decomposition
E) obesity",death,D,"Step 1: When someone dies, their heart stops beating and blood circulation ceases.
This means that nutrients and oxygen are no longer delivered to cells, causing them to break down.

Step 2: As cells decompose, bacteria and other microorganisms feed on the body's tissues, breaking them down into simpler compounds.
This process releases gases like methane and carbon dioxide.

Step 3: Eventually, the body's remains will decompose completely, returning nutrients back to the earth.
This cycle allows new life forms to grow and thrive.

Best answer: D because decomposition is the natural process that occurs after death.","['D', 'D', 'D', 'D', 'D']",D,True,majority,1.0,{'D': 5},5,5,1.0,0,False,,SVAMP,LAMA-3.2-3B
878,guided,878,"Billy saw a dog running from him and did his best to get away from it.  The leaped up to where the dog couldn't reach and was stuck.  Where might he have been trapped?

Options:
A) kennel
B) table
C) porch
D) backyard
E) park",dog,B,"Step 1: If Billy jumped up to block the dog's path, he would need something high enough for the dog not to jump over.
Step 2: A kennel is typically around waist-high, which could allow a dog to jump over it.
Step 3: Tables are usually lower than waist-height, making them less likely to block the dog's path effectively.
Best answer: B because tables are generally too short for most adult humans to block a dog's jump.","['B', 'B', 'B', 'B', 'B']",B,True,majority,1.0,{'B': 5},5,5,1.0,0,False,,SVAMP,LAMA-3.2-3B
879,guided,879,"What region of a west coast U.S. city would you find a Japanese restaurant?

Options:
A) california
B) tokio
C) downtown
D) narnia
E) large town",japanese restaurant,C,"Step 1: Many Japanese restaurants are concentrated in urban areas with high population density.
Step 2: Cities typically have multiple districts or neighborhoods with specific themes, such as Chinatown or Little Italy.
Step 3: Tokyo is known for its vibrant neighborhoods like Shinjuku, Shibuya, and Asakusa, which often feature international cuisine, including Japanese eateries.
Best answer: B because Tokyo is a well-known city with distinct neighborhoods that host various types of restaurants.","['A', 'B', 'C', 'B', 'B']",B,False,majority,0.6,"{'A': 1, 'B': 3, 'C': 1}",5,1,0.2,2,False,,SVAMP,LAMA-3.2-3B
880,guided,880,"What event might one buy tickets for seats?

Options:
A) park
B) show
C) auditorium
D) movies
E) rest area",seats,B,"Step 1: People typically attend events that involve entertainment, performances, or organized activities.
Step 2: Shows, concerts, and movies are common events where ticket sales occur.
Step 3: An auditorium is often used for hosting such events like performances, making it a likely place to buy tickets.
Best answer: C because an auditorium is commonly associated with hosting performances that require seating.","['C', 'B', 'B', 'C', 'C']",C,False,majority,0.6,"{'C': 3, 'B': 2}",5,2,0.4,2,False,,SVAMP,LAMA-3.2-3B
881,guided,881,"The fact that Joe was able to memorize the list in spite of his apparent  state proved that part of his brain was what?

Options:
A) awake
B) repeat
C) sleeping
D) concentrate
E) read aloud",memorize,A,"Step 1: Research suggests that when someone is asleep, their brain goes through different stages, including REM sleep where memory consolidation occurs.
Step 2: During REM sleep, the brain processes and strengthens previously learned information, making it easier to recall later.
Step 3: Since Joe was able to recall the list while apparently asleep, it indicates that his brain had recently processed the information during wakefulness, which was then consolidated during sleep.
Best answer: B because the brain's ability to recall information during sleep suggests that it was previously active and processed during wakefulness.","['C', 'B', 'A', 'A', 'A']",A,True,majority,0.6,"{'C': 1, 'B': 1, 'A': 3}",5,3,0.6,2,False,,SVAMP,LAMA-3.2-3B
882,guided,882,"He has lactose intolerant, but was eating dinner made of cheese, what followed for him?

Options:
A) digestive
B) feel better
C) sleepiness
D) indigestion
E) illness",eating dinner,D,"Step 1: Lactose intolerance means his body can't break down lactose, leading to stomach issues.
Step 2: Consuming dairy products like cheese triggers an enzyme deficiency reaction, causing stomach upset.
Step 3: This reaction typically results in stomach discomfort, which manifests as nausea or cramps.
Best answer: D because eating lactose causes stomach upset in people with lactose intolerance.","['D', 'D', 'D', 'B', 'B']",D,True,majority,0.6,"{'D': 3, 'B': 2}",5,3,0.6,2,False,,SVAMP,LAMA-3.2-3B
883,guided,883,"Where is food likely to stay dry?

Options:
A) etna
B) cupboard
C) oven
D) stomach
E) fridge",food,B,"Step 1: A cupboard is typically used for storing dry goods such as food, books, and other household items.
Step 2: An etna is a volcano in Italy, which does not have anything to do with storing food.
Step 3: An oven is used for cooking, so it's unlikely to remain dry inside.
Step 4: The stomach is an organ that digests food, so it's not a container that holds food.
Step 5: A fridge keeps food at a low temperature to prevent spoilage, making it an ideal place for keeping food dry.
Best answer: E because a fridge maintains a dry environment for stored food.","['E', 'E', 'D', 'D', 'E']",E,False,majority,0.6,"{'E': 3, 'D': 2}",5,0,0.0,2,False,,SVAMP,LAMA-3.2-3B
884,guided,884,"She was in an affair, what did that end upon discovery by her husband?

Options:
A) relationship
B) marriage
C) fidelity
D) love
E) divorce",affair,B,"Step 1: Infidelity typically involves unfaithfulness in a committed relationship, often leading to relationship problems.
Step 2: When someone discovers their partner's infidelity, it can cause significant emotional distress and damage to trust within the relationship.
Step 3: As a result, the relationship may become irreparable, leading to its dissolution.
Best answer: E because discovery of infidelity usually results in the breakdown of the relationship.","['B', 'E', 'B', 'A', 'B']",B,True,majority,0.6,"{'B': 3, 'E': 1, 'A': 1}",5,3,0.6,2,False,,SVAMP,LAMA-3.2-3B
885,guided,885,"Someone who had a very bad flight might be given a trip in this to make up for it?

Options:
A) first class
B) propitious
C) reputable
D) one
E) sufficient",bad,A,"Step 1: Airlines often offer compensation to passengers who experience flight disruptions, such as delays or cancellations.
Step 2: Compensation can take various forms, including additional travel arrangements like rebooking on another flight.
Step 3: ""Trip"" is a common term used to describe a journey or excursion, making it a plausible option for compensation.
Best answer: D because ""trip"" is a standard term for travel, fitting the context of airline compensation.","['D', 'D', 'C', 'D', 'B']",D,False,majority,0.6,"{'D': 3, 'C': 1, 'B': 1}",5,0,0.0,2,False,,SVAMP,LAMA-3.2-3B
886,guided,886,"Many humans enjoy fishing and enjoy another relaxing activity at the same time, what activity is it?

Options:
A) getting tied up lure.
B) looking for information
C) get wet
D) drink beer
E) sit quietly",fishing,D,"Step 1: Many people often combine two leisure activities together, such as going for a walk while chatting or reading.
Step 2: Fishing is typically done outdoors, near water, which requires being near a body of water.
Step 3: Sitting quietly near water is a common behavior among anglers to observe their surroundings without scaring away fish.
Best answer: E because sitting quietly allows anglers to focus on their surroundings without startling fish.","['E', 'E', 'D', 'E', 'E']",E,False,majority,0.8,"{'E': 4, 'D': 1}",5,1,0.2,1,False,,SVAMP,LAMA-3.2-3B
887,guided,887,"Where would you get some maps that you own?

Options:
A) bookstore
B) library
C) electrical circuit
D) cabinet
E) important when traveling",maps,D,"Step 1: People typically buy maps at places where they can purchase books, guides, and other travel-related materials.
Step 2: Bookstores usually have a section dedicated to maps, while libraries may have some older or specialized maps but not necessarily for personal use.
Step 3: Cabinets are for storing items, not acquiring new ones like maps.
Step 4: While maps can be useful when traveling, it's not a common practice to purchase them while abroad.
Best answer: A because most people buy maps at bookstores.","['B', 'B', 'A', 'B', 'A']",B,False,majority,0.6,"{'B': 3, 'A': 2}",5,0,0.0,2,False,,SVAMP,LAMA-3.2-3B
888,guided,888,"What could happen to you after you are cleaning house for a long time?

Options:
A) neatness
B) tiredness
C) order
D) exhaustion
E) sneezing",cleaning house,D,"Step 1: When someone cleans for an extended period, they perform repetitive tasks that require physical effort.
Step 2: Prolonged physical activity can lead to fatigue, causing a decrease in energy levels.
Step 3: This decrease in energy results in feeling extremely tired, which is known as exhaustion.
Best answer: D because excessive cleaning can lead to physical fatigue.","['D', 'D', 'B', 'D', 'B']",D,True,majority,0.6,"{'D': 3, 'B': 2}",5,3,0.6,2,False,,SVAMP,LAMA-3.2-3B
889,guided,889,"Where would a person be doing when having to wait their turn?

Options:
A) have patience
B) get in line
C) sing
D) stand in line
E) turn left",wait turn,D,"Step 1: When people need to wait for something, they usually gather together in one place.
Step 2: This gathering often takes place before an event, service, or activity that requires everyone's presence at the same time.
Step 3: Typically, participants stand still while waiting, allowing others to pass through before it's their turn.
Best answer: D because standing still is typical behavior when waiting for one's turn in a queue.","['D', 'D', 'D', 'D', 'D']",D,True,majority,1.0,{'D': 5},5,5,1.0,0,False,,SVAMP,LAMA-3.2-3B
890,guided,890,"Who might wear dark glasses indoors?

Options:
A) blind person
B) glove box
C) movie studio
D) ray charles
E) glove compartment",dark glasses,A,"Step 1: Blind people often use assistive devices like glasses to correct their vision.
Step 2: Dark glasses are commonly used to block out light, which can help reduce glare for visually impaired individuals.
Step 3: This makes sense for someone who cannot see well due to their condition, not an object that needs shade, a place where light is controlled, a famous person, or an accessory for cars.
Best answer: A because blind people use dark glasses as a tool to aid their vision.","['A', 'A', 'A', 'A', 'A']",A,True,majority,1.0,{'A': 5},5,5,1.0,0,False,,SVAMP,LAMA-3.2-3B
891,guided,891,"Where is a shelf likely to be hidden behind a door?

Options:
A) refrigerator
B) bookstore
C) cupboard
D) school building
E) wardrobe",shelf,C,"Step 1: A shelf is typically used for storing items, such as books, decorations, or kitchenware.
Step 2: Bookstores have shelves filled with books, so it's unlikely that a shelf would be hidden behind one.
Step 3: Cupboards are designed to hold food, clothes, or other household items, making them a plausible hiding spot for a shelf.
Best answer: C because cupboards often have space for additional storage units like shelves.","['C', 'B', 'C', 'A', 'C']",C,True,majority,0.6,"{'C': 3, 'B': 1, 'A': 1}",5,3,0.6,2,False,,SVAMP,LAMA-3.2-3B
892,guided,892,"If you have leftover cake, where would you put it?

Options:
A) quandry
B) refrigerator
C) oven
D) night stand
E) bakery",cake,B,"Step 1: If you have leftover cake, you need to store it properly to maintain its freshness and prevent spoilage.
Step 2: The refrigerator is designed for storing perishable food items like cake, keeping them cool and fresh for longer periods.
Step 3: Putting the cake in the oven would likely damage or cook it, while placing it on a nightstand has no relation to food storage.
Best answer: B because the refrigerator is designed for storing perishable food items like cake.","['B', 'B', 'B', 'B', 'B']",B,True,majority,1.0,{'B': 5},5,5,1.0,0,False,,SVAMP,LAMA-3.2-3B
893,guided,893,"What is a person trying to accomplish when taking analgesics?

Options:
A) acceptance
B) avoid pain
C) acknowledgment
D) passing grade
E) intellectual challenge",person,B,"Step 1: Taking analgesics typically involves consuming medication designed to reduce or block pain.
Step 2: The primary purpose of pain relief is to alleviate discomfort caused by injury, illness, or surgery.
Step 3: Reducing pain allows individuals to resume normal activities without experiencing extreme distress.
Best answer: B because taking analgesics is meant to alleviate pain.","['B', 'B', 'B', 'B', 'B']",B,True,majority,1.0,{'B': 5},5,5,1.0,0,False,,SVAMP,LAMA-3.2-3B
894,guided,894,"We are all human, and we all what?

Options:
A) write
B) eat cake
C) smile
D) think critically
E) die",human,E,"Step 1: All humans possess the ability to express emotions such as happiness, sadness, and joy through facial expressions.
Step 2: Smiling is a common way for people to show happiness or friendliness in social interactions.
Step 3: Since smiling is an emotional expression, it's something that comes naturally to humans due to their emotional intelligence and social behavior.
Best answer: C because smiling is an innate human behavior.","['C', 'C', 'C', 'C', 'D']",C,False,majority,0.8,"{'C': 4, 'D': 1}",5,0,0.0,1,False,,SVAMP,LAMA-3.2-3B
895,guided,895,"John needed a straight wire.  Unfortunately, this one had endured some abuse and had become what?

Options:
A) bent
B) bent
C) crooked
D) straightforth
E) curved",straight,A,"Step 1: A wire that has been subjected to physical stress or force will change its shape due to deformation.
Step 2: The term ""abuse"" implies some kind of misuse or overuse, which would cause the wire to lose its original straightness.
Step 3: Among the given options, only two say ""bent"", but one uses ""bent"" twice - this is redundant and incorrect. Therefore, we can eliminate D) straightforth as it doesn't make sense in this context.
Best answer: A because a wire that has been abused will typically become misshapen and no longer straight.","['A', 'A', 'A', 'B', 'A']",A,True,majority,0.8,"{'A': 4, 'B': 1}",5,4,0.8,1,False,,SVAMP,LAMA-3.2-3B
896,guided,896,"The smile gave away that the what was one of happiness?

Options:
A) manual
B) rainbow
C) cry
D) frown
E) make others happy too",smile,C,"Step 1: A smile is typically associated with positive emotions like joy, love, or amusement.
Step 2: Smiles are facial expressions characterized by raised corners of the mouth.
Step 3: Raised corners of the mouth are not typically seen in frowns, which have downturned corners.
Best answer: B because a rainbow is often seen as a symbol of happiness and good fortune.","['B', 'B', 'B', 'B', 'B']",B,False,majority,1.0,{'B': 5},5,0,0.0,0,False,,SVAMP,LAMA-3.2-3B
897,guided,897,"Where does a wild bird usually live?

Options:
A) cage
B) sky
C) countryside
D) desert
E) windowsill",bird,C,"Step 1: Most wild birds are known to inhabit natural environments such as forests, grasslands, and wetlands.
Step 2: Cages are typically used for domesticated animals like pets, not wild birds.
Step 3: Deserts have limited vegetation and water sources, making them unsuitable for many bird species.
Step 4: Windowsills are not suitable for birds as they provide no shelter or food.
Best answer: C because the countryside offers a diverse range of habitats suitable for various bird species.","['C', 'C', 'C', 'C', 'C']",C,True,majority,1.0,{'C': 5},5,5,1.0,0,False,,SVAMP,LAMA-3.2-3B
898,guided,898,"Joe found spiders in the place where he keeps his tools.  Where might that be?

Options:
A) cupboard
B) toolbox
C) closet
D) garage
E) mail box",spiders,D,"Step 1: Typically, people store tools in a designated area called a ""toolbox"".
Step 2: A toolbox is usually located near the workspace where tasks that require tools are performed.
Step 3: Since Joe found spiders in the area with his tools, it's likely that the toolbox is where he spends most of his time when working on projects.
Best answer: B because it's where tools are commonly stored.","['A', 'A', 'C', 'B', 'B']",A,False,coin_flip,0.3333,"{'A': 2, 'C': 1, 'B': 2}",6,1,0.1667,4,True,True,SVAMP,LAMA-3.2-3B
899,guided,899,"What part of plants is pretty?

Options:
A) dirt
B) no neurons in
C) millions of cells
D) flowers on
E) roots",plants,D,"Step 1: Plants have various parts that contribute to their overall appearance, such as leaves, stems, and flowers.
Step 2: Flowers are known for their colorful appearance, which attracts pollinators like bees and butterflies.
Step 3: While other plant parts like roots and dirt provide essential functions, they do not contribute to the visual appeal of a plant.
Best answer: D because flowers are typically what make plants visually attractive.","['D', 'D', 'D', 'D', 'D']",D,True,majority,1.0,{'D': 5},5,5,1.0,0,False,,SVAMP,LAMA-3.2-3B
900,baseline,0,"You can do knitting to get the feeling of what?

Options:
A) relaxation
B) arthritis
C) adrenaline
D) your
E) sweater may produced",,A,,"['A', 'A', 'A', 'A', 'E']",A,True,majority,0.8,"{'A': 4, 'E': 1}",5,4,0.8,1,False,,SVAMP,LAMA-3.2-3B
901,baseline,1,"If I was getting drunk, and people couldn't understand me, what might I be having?

Options:
A) a seizure
B) slurred speech
C) death
D) forgetfulness
E) pass out",,B,,"['B', 'B', 'B', 'B', 'B']",B,True,majority,1.0,{'B': 5},5,5,1.0,0,False,,SVAMP,LAMA-3.2-3B
902,baseline,2,"If you turn off the music in a room with no other noise that room would be what?

Options:
A) silent
B) opera
C) silence
D) television
E) elevator",,A,,"['A', 'A', 'C', 'A', 'C']",A,True,majority,0.6,"{'A': 3, 'C': 2}",5,3,0.6,2,False,,SVAMP,LAMA-3.2-3B
903,baseline,3,"By learning about the world, many poor college students gain what?

Options:
A) pleasure
B) greater mobility
C) desire to travel
D) global warming
E) increased security",,C,,"['B', 'B', 'B', 'B', 'B']",B,False,majority,1.0,{'B': 5},5,0,0.0,0,False,,SVAMP,LAMA-3.2-3B
904,baseline,4,"What is it called when a person tends to leave things to the last minute?

Options:
A) procrastinate
B) complete collection
C) headache
D) good time management
E) have to hold",,A,,"['A', 'A', 'A', 'A', 'A']",A,True,majority,1.0,{'A': 5},5,5,1.0,0,False,,SVAMP,LAMA-3.2-3B
905,baseline,5,"While knitting you can do what using a radio?

Options:
A) listen to music
B) watch television
C) making blankets
D) eat
E) watching tv",,A,,"['A', '', 'A', '', 'C']",A,True,majority,0.6667,"{'A': 2, 'C': 1}",3,2,0.6667,1,False,,SVAMP,LAMA-3.2-3B
906,baseline,6,"What is likely to happen to someone who is learning?

Options:
A) overconfidence
B) effectiveness
C) knowing more
D) head grows larger
E) growth",,C,,"['E', 'B', 'A', 'B', 'C']",B,False,majority,0.4,"{'E': 1, 'B': 2, 'A': 1, 'C': 1}",5,1,0.2,3,False,,SVAMP,LAMA-3.2-3B
907,baseline,7,"Where is a bird likely to make it's home?

Options:
A) forest
B) nest
C) roof
D) leaves
E) sky",,A,,"['A', 'B', 'A', 'B', 'A']",A,True,majority,0.6,"{'A': 3, 'B': 2}",5,3,0.6,2,False,,SVAMP,LAMA-3.2-3B
908,baseline,8,"Why would you be watching tv instead of doing something else?

Options:
A) headache
B) laughter
C) laziness
D) erections
E) wasting time",,C,,"['E', 'B', 'B', 'E', 'A']",B,False,refiner_tiebreak,0.5,"{'E': 2, 'B': 2, 'A': 1}",6,0,0.0,3,True,False,SVAMP,LAMA-3.2-3B
909,baseline,9,"If I did not have a rosebush, where would I get one?

Options:
A) pot
B) museum
C) garden center
D) formal garden
E) backyard",,C,,"['A', 'A', 'A', 'A', 'A']",A,False,majority,1.0,{'A': 5},5,0,0.0,0,False,,SVAMP,LAMA-3.2-3B
910,baseline,10,"He looked at the field of pumps, all slowing churning oil out of the what?

Options:
A) manual
B) street
C) restaurant
D) ground
E) service station",,D,,"['A', 'E', 'E', 'E', 'A']",E,False,majority,0.6,"{'A': 2, 'E': 3}",5,0,0.0,2,False,,SVAMP,LAMA-3.2-3B
911,baseline,11,"Where is a human likely to go as a result of being hungry?

Options:
A) eat in restaurant
B) make bread
C) have lunch
D) cook dinner
E) friends house",,A,,"['A', 'E', 'A', 'A', 'A']",A,True,majority,0.8,"{'A': 4, 'E': 1}",5,4,0.8,1,False,,SVAMP,LAMA-3.2-3B
912,baseline,12,"Where would a computer user be using their own computer?

Options:
A) hell
B) school
C) indoors
D) internet cafe
E) house",,E,,"['B', 'E', 'E', 'E', 'B']",E,True,majority,0.6,"{'B': 2, 'E': 3}",5,3,0.6,2,False,,SVAMP,LAMA-3.2-3B
913,baseline,13,"The computer was difficult for he to understand at the store, so what did she sign up for to learn more?

Options:
A) classroom
B) facebook
C) school
D) apartment
E) demonstration",,E,,"['C', 'C', 'C', 'C', 'C']",C,False,majority,1.0,{'C': 5},5,0,0.0,0,False,,SVAMP,LAMA-3.2-3B
914,baseline,14,"Sage loved communicating  He liked doing what with his peers?

Options:
A) exchanging ideas
B) confusion
C) peer pressure
D) response
E) learning",,A,,"['A', 'A', 'A', 'A', 'A']",A,True,majority,1.0,{'A': 5},5,5,1.0,0,False,,SVAMP,LAMA-3.2-3B
915,baseline,15,"The neighborhood had a great sense of community, there was always a crowd at the landing of the what?

Options:
A) stairwell
B) arena
C) ocean
D) airport
E) apartment building",,E,,"['D', 'B', 'A', 'D', 'A']",A,False,refiner_tiebreak,0.5,"{'D': 2, 'B': 1, 'A': 2}",6,0,0.0,3,True,False,SVAMP,LAMA-3.2-3B
916,baseline,16,"If you have a condo in a Wisconsin city known for beer, where are you?

Options:
A) city
B) electrical circuit
C) residential area
D) suburbia
E) milwaukee",,E,,"['E', 'E', 'D', 'D', 'E']",E,True,majority,0.6,"{'E': 3, 'D': 2}",5,3,0.6,2,False,,SVAMP,LAMA-3.2-3B
917,baseline,17,"Talking to the same person about the same thing over and over again is something someone can what?

Options:
A) social life
B) friendship
C) eye contact
D) get tired of
E) learn lessons from",,D,,"['A', 'B', 'A', 'A', 'B']",A,False,majority,0.6,"{'A': 3, 'B': 2}",5,0,0.0,2,False,,SVAMP,LAMA-3.2-3B
918,baseline,18,"A farmer sees a weasel in the woods, where is the farmer?

Options:
A) chicken coop
B) beach
C) fairytale
D) great outdoors
E) corn fields",,D,,"['D', 'D', 'D', 'D', 'D']",D,True,majority,1.0,{'D': 5},5,5,1.0,0,False,,SVAMP,LAMA-3.2-3B
919,baseline,19,"What did the adult do before the job interview?

Options:
A) work
B) dress himself
C) marry
D) dress herself
E) drive train",,B,,"['A', 'B', '', 'B', 'A']",A,False,refiner_tiebreak,0.6,"{'A': 2, 'B': 2}",5,2,0.4,2,True,False,SVAMP,LAMA-3.2-3B
920,baseline,20,"Where can you find a dogs house?

Options:
A) found outside
B) faithful
C) frightening
D) cold
E) four legs",,A,,"['A', 'A', 'A', 'A', 'A']",A,True,majority,1.0,{'A': 5},5,5,1.0,0,False,,SVAMP,LAMA-3.2-3B
921,baseline,21,"Where would you get a pen if you do not have one?

Options:
A) briefcase
B) desk drawer
C) friend's house
D) pocket
E) sidewalk",,C,,"['B', 'A', 'A', 'A', 'A']",A,False,majority,0.8,"{'B': 1, 'A': 4}",5,0,0.0,1,False,,SVAMP,LAMA-3.2-3B
922,baseline,22,"What might a person be watching if they see a man with a suitcase full of money?

Options:
A) baggage compartment
B) movie
C) subway
D) airplane
E) cargo hold",,B,,"['D', 'A', 'E', 'D', 'D']",D,False,majority,0.6,"{'D': 3, 'A': 1, 'E': 1}",5,0,0.0,2,False,,SVAMP,LAMA-3.2-3B
923,baseline,23,"James need to use a toilet but there were no public ones in sight.  Eventually he broke down and did something very expensive so that he could get a toilet.  Where might he have gone?

Options:
A) motel room
B) apartment
C) bathroom
D) games
E) house",,A,,"['B', 'A', 'A', 'A', 'D']",A,True,majority,0.6,"{'B': 1, 'A': 3, 'D': 1}",5,3,0.6,2,False,,SVAMP,LAMA-3.2-3B
924,baseline,24,"Where can you store you spare linens near your socks?

Options:
A) hospital
B) chest
C) home
D) dresser drawers
E) cabinet",,D,,"['A', '', 'A', 'C', 'A']",A,False,majority,0.75,"{'A': 3, 'C': 1}",4,0,0.0,1,False,,SVAMP,LAMA-3.2-3B
925,baseline,25,"Aside from water and nourishment what does your dog need?

Options:
A) bone
B) charm
C) petted
D) lots of attention
E) walked",,D,,"['E', 'D', 'D', 'E', 'D']",D,True,majority,0.6,"{'E': 2, 'D': 3}",5,3,0.6,2,False,,SVAMP,LAMA-3.2-3B
926,baseline,26,"What room would you find many bookcases and is used for contemplation?

Options:
A) study
B) house
C) homw
D) kitchen
E) den",,A,,"['A', 'A', 'E', 'A', 'A']",A,True,majority,0.8,"{'A': 4, 'E': 1}",5,4,0.8,1,False,,SVAMP,LAMA-3.2-3B
927,baseline,27,"The department to where vendors deliver goods for sale is called what?

Options:
A) delivered
B) take away
C) receiving
D) pick up
E) keep",,C,,"['C', 'C', 'C', 'C', 'C']",C,True,majority,1.0,{'C': 5},5,5,1.0,0,False,,SVAMP,LAMA-3.2-3B
928,baseline,28,"What is used to grind wheat for bread?

Options:
A) farmer's field
B) countryside
C) cereal packets
D) bread
E) mill",,E,,"['A', '', 'E', 'E', 'E']",E,True,majority,0.75,"{'A': 1, 'E': 3}",4,3,0.75,1,False,,SVAMP,LAMA-3.2-3B
929,baseline,29,"John felt a snake slither over him as he rested.  He was afraid to raise his covers for fear of startling it.  Where might he be?

Options:
A) pet shops
B) oklahoma
C) basement
D) bedroom
E) dreams",,D,,"['C', 'C', 'C', 'C', 'C']",C,False,majority,1.0,{'C': 5},5,0,0.0,0,False,,SVAMP,LAMA-3.2-3B
930,baseline,30,"They passed a apple tree on their way to the racetrack, the were going to watch the biggest motorsport spectacle in the world where?

Options:
A) maryland
B) indiana
C) on tv
D) park
E) new jersey",,B,,"['A', 'B', 'B', 'D', 'B']",B,True,majority,0.6,"{'A': 1, 'B': 3, 'D': 1}",5,3,0.6,2,False,,SVAMP,LAMA-3.2-3B
931,baseline,31,"If someone found out their brother was having a daughter, they would have to add a niece limb to the what?

Options:
A) family picture book
B) family reunion
C) brother's house
D) family tree
E) baby shower",,D,,"['D', 'D', 'D', 'D', 'D']",D,True,majority,1.0,{'D': 5},5,5,1.0,0,False,,SVAMP,LAMA-3.2-3B
932,baseline,32,"John and Judy were parents.  They had two wonderful kids who weren't always well behaved.  They were light tough, though.  They felt it was a parent's job to do what?

Options:
A) control children
B) guide children
C) speak freely
D) cry
E) understand children",,B,,"['B', 'B', 'B', 'B', 'B']",B,True,majority,1.0,{'B': 5},5,5,1.0,0,False,,SVAMP,LAMA-3.2-3B
933,baseline,33,"Tweed is a rare fabric in modern clothing, what brand should I look for when buying it?

Options:
A) scotland
B) brown
C) fabric store
D) clothing stores
E) eddie bauer",,E,,"['D', 'C', 'A', 'C', 'A']",C,False,refiner_tiebreak,0.5,"{'D': 1, 'C': 2, 'A': 2}",6,0,0.0,3,True,False,SVAMP,LAMA-3.2-3B
934,baseline,34,"A gentleman is carrying equipment for golf, what is he likely to have?

Options:
A) club
B) assembly hall
C) meditation center
D) meeting
E) church",,A,,"['A', 'A', 'A', 'A', 'A']",A,True,majority,1.0,{'A': 5},5,5,1.0,0,False,,SVAMP,LAMA-3.2-3B
935,baseline,35,"The man working in the attic swatted away a bee, but soon the single bee was an entire what?

Options:
A) swarm
B) pack
C) countryside
D) soft drink
E) field of flowers",,A,,"['A', 'B', 'A', 'A', 'A']",A,True,majority,0.8,"{'A': 4, 'B': 1}",5,4,0.8,1,False,,SVAMP,LAMA-3.2-3B
936,baseline,36,"If a person with mental illness stops treatment what will likely happen?

Options:
A) managed
B) dancing
C) recur
D) effectively treated
E) cause suffering",,C,,"['E', 'E', 'E', 'E', 'C']",E,False,majority,0.8,"{'E': 4, 'C': 1}",5,1,0.2,1,False,,SVAMP,LAMA-3.2-3B
937,baseline,37,"The program kept getting errors, the amateur end user began to what?

Options:
A) get mad
B) compile
C) debug
D) write code
E) get frustrated",,E,,"['C', 'C', 'C', 'C', 'C']",C,False,majority,1.0,{'C': 5},5,0,0.0,0,False,,SVAMP,LAMA-3.2-3B
938,baseline,38,"Sometimes a person has a fear of water or a dislike of being wet, it is still important to make sure they are having a bath why?

Options:
A) flooding
B) drowning
C) wet skin
D) get wet
E) rash",,E,,"['C', 'B', 'C', 'C', 'D']",C,False,majority,0.6,"{'C': 3, 'B': 1, 'D': 1}",5,0,0.0,2,False,,SVAMP,LAMA-3.2-3B
939,baseline,39,"Where is a great place to buy fresh fruit?

Options:
A) san francisco
B) refrigerator
C) big box retailer
D) tree
E) market",,E,,"['D', 'E', 'D', 'B', 'C']",D,False,majority,0.4,"{'D': 2, 'E': 1, 'B': 1, 'C': 1}",5,1,0.2,3,False,,SVAMP,LAMA-3.2-3B
940,baseline,40,"Which large land mass is home to the most monkeys?

Options:
A) amazon basin
B) friend's house
C) lift number 3
D) research laboratory
E) african continent",,E,,"['E', 'E', 'E', 'E', 'E']",E,True,majority,1.0,{'E': 5},5,5,1.0,0,False,,SVAMP,LAMA-3.2-3B
941,baseline,41,"Billy was reading the newspaper as he commuted to work, but once he got to his destination he balled it up and put it somewhere. Where did it put it?

Options:
A) trash
B) floor
C) subway
D) ground
E) lawn",,A,,"['A', 'C', 'B', 'A', 'A']",A,True,majority,0.6,"{'A': 3, 'C': 1, 'B': 1}",5,3,0.6,2,False,,SVAMP,LAMA-3.2-3B
942,baseline,42,"How does going jogging generally affect one's self esteem?

Options:
A) feel better
B) feel pride
C) sweating
D) ocean
E) arthritis",,A,,"['B', 'A', 'B', 'A', 'B']",B,False,majority,0.6,"{'B': 3, 'A': 2}",5,2,0.4,2,False,,SVAMP,LAMA-3.2-3B
943,baseline,43,"Minerals can be obtained in what way for a person who avoids leafy greens?

Options:
A) multivitamin
B) farm
C) michigan
D) earth
E) ore",,A,,"['A', 'B', 'A', '', 'A']",A,True,majority,0.75,"{'A': 3, 'B': 1}",4,3,0.75,1,False,,SVAMP,LAMA-3.2-3B
944,baseline,44,"If someone mean wanted to insult somebody by calling them a fruit, where is probably not the smartest place to do it?

Options:
A) gay bar
B) market
C) grocery store
D) refrigerator
E) container",,A,,"['C', 'C', 'C', 'C', 'A']",C,False,majority,0.8,"{'C': 4, 'A': 1}",5,1,0.2,1,False,,SVAMP,LAMA-3.2-3B
945,baseline,45,"The extremely large cargo plane could only land at a specialized runway, these were only located at a what?

Options:
A) back yard
B) bowling alley
C) city
D) military base
E) fashion show",,D,,"['D', 'D', 'D', 'D', 'D']",D,True,majority,1.0,{'D': 5},5,5,1.0,0,False,,SVAMP,LAMA-3.2-3B
946,baseline,46,"If you own a cat where is the last place you'd want to find it?

Options:
A) trouble
B) dog's mouth
C) backyard
D) nature
E) home",,B,,"['A', 'E', 'E', 'A', 'A']",A,False,majority,0.6,"{'A': 3, 'E': 2}",5,0,0.0,2,False,,SVAMP,LAMA-3.2-3B
947,baseline,47,"John loved to paint houses.  How did he usually do it?

Options:
A) clothes get stained
B) with brush
C) wallpaper
D) electrical circuit
E) draw",,B,,"['B', 'B', 'B', 'B', 'B']",B,True,majority,1.0,{'B': 5},5,5,1.0,0,False,,SVAMP,LAMA-3.2-3B
948,baseline,48,"Ficus can be planted in a yard to make summer more bearable, what sort of areas do they create?

Options:
A) shady places
B) screened porch
C) pots
D) ceramics
E) clay pot",,A,,"['A', 'A', 'A', 'A', 'C']",A,True,majority,0.8,"{'A': 4, 'C': 1}",5,4,0.8,1,False,,SVAMP,LAMA-3.2-3B
949,baseline,49,"Sam couldn't get back to sleep because of a dream he had.  It was a what?

Options:
A) awake
B) horror
C) dreamworker
D) reality
E) nightmare",,E,,"['E', 'A', 'E', 'A', 'A']",A,False,majority,0.6,"{'E': 2, 'A': 3}",5,2,0.4,2,False,,SVAMP,LAMA-3.2-3B
950,baseline,50,"Sam was a stranger.  Even so, Mark treated him like what?

Options:
A) friend
B) family
C) known person
D) park
E) outsider",,B,,"['E', 'A', 'C', 'E', 'A']",E,False,coin_flip,0.3333,"{'E': 2, 'A': 2, 'C': 1}",6,1,0.1667,4,True,True,SVAMP,LAMA-3.2-3B
951,baseline,51,"Where can you find a number of wind instruments together in public?

Options:
A) music store
B) create music
C) zoo
D) music room
E) symphony",,E,,"['A', 'D', 'A', 'E', 'E']",A,False,refiner_tiebreak,0.5,"{'A': 2, 'D': 1, 'E': 2}",6,2,0.3333,3,True,False,SVAMP,LAMA-3.2-3B
952,baseline,52,"What do humans do to other humans after death?

Options:
A) celebrate
B) burial
C) life
D) rebirth
E) decomposition",,B,,"['E', 'B', 'E', 'E', 'C']",E,False,majority,0.6,"{'E': 3, 'B': 1, 'C': 1}",5,1,0.2,2,False,,SVAMP,LAMA-3.2-3B
953,baseline,53,"The shark actually counted as evidence, so where did the legal team bring it?

Options:
A) court room
B) shallow waters
C) poker game
D) sea world
E) pond arena",,A,,"['A', 'A', 'A', 'A', 'A']",A,True,majority,1.0,{'A': 5},5,5,1.0,0,False,,SVAMP,LAMA-3.2-3B
954,baseline,54,"How can someone be let into a brownstone?

Options:
A) brooklyn
B) ring
C) subdivision
D) bricks
E) new york city",,B,,"['C', 'B', 'A', 'A', 'A']",A,False,majority,0.6,"{'C': 1, 'B': 1, 'A': 3}",5,1,0.2,2,False,,SVAMP,LAMA-3.2-3B
955,baseline,55,"What is a prisoner sentenced to do?

Options:
A) scape jail
B) dream of freedom
C) become a hairdresser
D) attempt to escape
E) do time",,E,,"['E', 'E', 'E', 'E', 'E']",E,True,majority,1.0,{'E': 5},5,5,1.0,0,False,,SVAMP,LAMA-3.2-3B
956,baseline,56,"Where would stones not be arranged in a path?

Options:
A) quarries
B) field
C) park
D) bridge
E) made from rocks",,B,,"['A', 'C', 'A', 'B', 'B']",B,True,refiner_tiebreak,0.5,"{'A': 2, 'C': 1, 'B': 2}",6,3,0.5,3,True,True,SVAMP,LAMA-3.2-3B
957,baseline,57,"James is carrying a duffel bag with him because he doesn't have a vehicle of his own and needs a bag to carry his things in while he uses what?

Options:
A) library
B) transit
C) bus station
D) army barracks
E) locker room",,B,,"['B', 'B', 'B', 'B', 'B']",B,True,majority,1.0,{'B': 5},5,5,1.0,0,False,,SVAMP,LAMA-3.2-3B
958,baseline,58,"Why would one try to avoid work?

Options:
A) making money
B) leave home
C) success
D) malaise
E) bad mood",,D,,"['D', 'A', 'A', 'D', 'A']",A,False,majority,0.6,"{'D': 2, 'A': 3}",5,2,0.4,2,False,,SVAMP,LAMA-3.2-3B
959,baseline,59,"Where do you keep extra clothing on a hike?

Options:
A) person
B) hamper
C) closet
D) upstairs
E) backpack",,E,,"['A', 'A', 'E', 'A', 'A']",A,False,majority,0.8,"{'A': 4, 'E': 1}",5,1,0.2,1,False,,SVAMP,LAMA-3.2-3B
960,baseline,60,"The homeowner frowned at the price of gas, what did he have to do later?

Options:
A) own home
B) mail property tax payments
C) board windows
D) cut grass
E) receive mail",,D,,"['B', '', 'B', 'A', '']",B,False,majority,0.6667,"{'B': 2, 'A': 1}",3,0,0.0,1,False,,SVAMP,LAMA-3.2-3B
961,baseline,61,"What is happening while he's playing basketball for such a long time?

Options:
A) sweating
B) pain
C) having fun
D) medium
E) knee injury",,A,,"['A', 'A', 'A', 'A', 'E']",A,True,majority,0.8,"{'A': 4, 'E': 1}",5,4,0.8,1,False,,SVAMP,LAMA-3.2-3B
962,baseline,62,"Where can you buy a magazine, paper or gum?

Options:
A) bank
B) rack
C) bed
D) newsstand
E) bus depot",,D,,"['D', 'D', 'D', 'D', 'A']",D,True,majority,0.8,"{'D': 4, 'A': 1}",5,4,0.8,1,False,,SVAMP,LAMA-3.2-3B
963,baseline,63,"Where can books be read?

Options:
A) cabinet
B) backpack
C) table
D) shelf
E) sink",,C,,"['A', 'C', 'D', 'A', 'D']",A,False,refiner_tiebreak,0.5,"{'A': 2, 'C': 1, 'D': 2}",6,1,0.1667,3,True,False,SVAMP,LAMA-3.2-3B
964,baseline,64,"Where do you keep musical instrument so it doesn't get scratched?

Options:
A) bank
B) orchestra
C) case
D) music room
E) movie",,C,,"['A', 'A', 'A', 'A', 'A']",A,False,majority,1.0,{'A': 5},5,0,0.0,0,False,,SVAMP,LAMA-3.2-3B
965,baseline,65,"What can eating hamburger cause immediately after eating it?

Options:
A) tasty
B) health problems
C) eat cake
D) indigestion
E) gain weight",,D,,"['D', 'D', 'D', 'D', 'D']",D,True,majority,1.0,{'D': 5},5,5,1.0,0,False,,SVAMP,LAMA-3.2-3B
966,baseline,66,"To play sports professionally you must do what very often?

Options:
A) wash your clothes
B) get in shape
C) practice
D) take off uniform
E) stretch",,C,,"['B', 'B', 'B', 'B', 'B']",B,False,majority,1.0,{'B': 5},5,0,0.0,0,False,,SVAMP,LAMA-3.2-3B
967,baseline,67,"Where can you buy a clock, clothing and wrenches?

Options:
A) counter
B) train station
C) school room
D) desk
E) department store",,E,,"['E', 'E', 'E', 'E', 'E']",E,True,majority,1.0,{'E': 5},5,5,1.0,0,False,,SVAMP,LAMA-3.2-3B
968,baseline,68,"What is likely to have a better school cafeteria?

Options:
A) high school
B) canteen
C) polytechnic
D) large room
E) all kinds of schools",,C,,"['A', 'A', 'A', 'B', 'A']",A,False,majority,0.8,"{'A': 4, 'B': 1}",5,0,0.0,1,False,,SVAMP,LAMA-3.2-3B
969,baseline,69,"His compressor needed a new hose, where did he go?

Options:
A) garden shed
B) hardware store
C) brothel
D) garage
E) greenhouse",,B,,"['A', 'A', 'A', 'A', 'B']",A,False,majority,0.8,"{'A': 4, 'B': 1}",5,1,0.2,1,False,,SVAMP,LAMA-3.2-3B
970,baseline,70,"A traveler laments the fact that mass transit is limited in his city when his groceries get soaked by the rain as he waits where?

Options:
A) bus stop
B) library
C) motel
D) airport
E) subway",,A,,"['A', 'B', 'B', 'B', 'B']",B,False,majority,0.8,"{'A': 1, 'B': 4}",5,1,0.2,1,False,,SVAMP,LAMA-3.2-3B
971,baseline,71,"Why might a person be known as a liar?

Options:
A) have no home
B) false information
C) hungry
D) made fun of
E) brain tumor",,B,,"['B', 'B', 'B', 'B', 'B']",B,True,majority,1.0,{'B': 5},5,5,1.0,0,False,,SVAMP,LAMA-3.2-3B
972,baseline,72,"What would you be building if you designed a place for an annoying critter to stay?

Options:
A) spread disease
B) swamp
C) fly away
D) cat condo
E) bug campers",,E,,"['A', 'D', 'A', 'A', 'A']",A,False,majority,0.8,"{'A': 4, 'D': 1}",5,0,0.0,1,False,,SVAMP,LAMA-3.2-3B
973,baseline,73,"Where is a statute found on a platform?

Options:
A) below
B) arena
C) concert hall
D) museum
E) building",,D,,"['E', 'E', 'A', 'E', 'E']",E,False,majority,0.8,"{'E': 4, 'A': 1}",5,0,0.0,1,False,,SVAMP,LAMA-3.2-3B
974,baseline,74,"After killing people, the murderer went to church after feeling what?

Options:
A) murder
B) remorse
C) religious
D) retaliation
E) anguish",,B,,"['B', 'B', 'C', 'C', 'E']",B,True,refiner_tiebreak,0.5,"{'B': 2, 'C': 2, 'E': 1}",6,3,0.5,3,True,True,SVAMP,LAMA-3.2-3B
975,baseline,75,"What is a place that has large cable hanging overhead?

Options:
A) radio shack
B) electrical device
C) shower
D) substation
E) television",,D,,"['A', 'D', 'D', 'D', 'D']",D,True,majority,0.8,"{'A': 1, 'D': 4}",5,4,0.8,1,False,,SVAMP,LAMA-3.2-3B
976,baseline,76,"When an elderly person needs help performing daily tasks, who might they call?

Options:
A) creativity
B) hatred
C) caregiver
D) own house
E) much money",,C,,"['C', 'C', 'C', 'C', 'C']",C,True,majority,1.0,{'C': 5},5,5,1.0,0,False,,SVAMP,LAMA-3.2-3B
977,baseline,77,"A man wants air conditioning while we watches the game on Saturday, where will it likely be installed?

Options:
A) car
B) house
C) offices
D) park
E) movie theatre",,B,,"['B', 'B', 'B', 'B', 'B']",B,True,majority,1.0,{'B': 5},5,5,1.0,0,False,,SVAMP,LAMA-3.2-3B
978,baseline,78,"A patriotic guy with a camera is looking for a bald eagle, what is he likely to do with the eagle if he finds one?

Options:
A) city
B) canada
C) minnesota
D) thermal
E) photograph",,E,,"['E', 'A', 'E', 'E', 'E']",E,True,majority,0.8,"{'E': 4, 'A': 1}",5,4,0.8,1,False,,SVAMP,LAMA-3.2-3B
979,baseline,79,"What are cats often known for?

Options:
A) whiskers
B) sharp teeth
C) purr
D) four legs
E) sharp claws",,E,,"['C', 'C', 'C', 'C', 'C']",C,False,majority,1.0,{'C': 5},5,0,0.0,0,False,,SVAMP,LAMA-3.2-3B
980,baseline,80,"What is a person who is good at sports considered?

Options:
A) lazy
B) own house
C) talented
D) affluent
E) reproduce",,C,,"['C', 'C', 'C', 'A', 'A']",C,True,majority,0.6,"{'C': 3, 'A': 2}",5,3,0.6,2,False,,SVAMP,LAMA-3.2-3B
981,baseline,81,"A creek could be located in the opposite for the city which is called what?

Options:
A) meadow
B) stick
C) valley
D) forest
E) countryside",,E,,"['A', 'A', 'C', 'C', 'C']",C,False,majority,0.6,"{'A': 2, 'C': 3}",5,0,0.0,2,False,,SVAMP,LAMA-3.2-3B
982,baseline,82,"The man got a pail to catch the draining motor oil, where was he likely doing this at home?

Options:
A) garage
B) hardware store
C) utility room
D) wishing well
E) laundry",,A,,"['A', 'B', 'A', 'A', 'A']",A,True,majority,0.8,"{'A': 4, 'B': 1}",5,4,0.8,1,False,,SVAMP,LAMA-3.2-3B
983,baseline,83,"The tourist entered Mammoth cave, what state were they in?

Options:
A) west virginia
B) kentucky
C) rocky hills
D) scotland
E) canyon",,B,,"['A', 'A', 'B', 'A', 'B']",A,False,majority,0.6,"{'A': 3, 'B': 2}",5,2,0.4,2,False,,SVAMP,LAMA-3.2-3B
984,baseline,84,"When we are running what are we doing?

Options:
A) stretches
B) running from police
C) learn to walk
D) go quickly
E) get out of bed",,D,,"['E', '', '', 'A', 'E']",E,False,majority,0.6667,"{'E': 2, 'A': 1}",3,0,0.0,1,False,,SVAMP,LAMA-3.2-3B
985,baseline,85,"Where would you find an office worker gossiping with their colleagues?

Options:
A) water cooler
B) space shuttle
C) baby shower
D) bus stop
E) family",,A,,"['A', 'A', 'A', 'A', 'A']",A,True,majority,1.0,{'A': 5},5,5,1.0,0,False,,SVAMP,LAMA-3.2-3B
986,baseline,86,"Zane doesn't like answering questions.  He's not good at it because he suffers from what?

Options:
A) panic
B) discussion
C) attention
D) confusion
E) satisfaction",,D,,"['C', 'C', 'A', 'A', 'A']",A,False,majority,0.6,"{'C': 2, 'A': 3}",5,0,0.0,2,False,,SVAMP,LAMA-3.2-3B
987,baseline,87,"What is unlikely to get bugs on its windshield due to bugs' inability to reach it when it is moving?

Options:
A) airplane
B) scooter
C) motorboat
D) car
E) motor vehicle",,A,,"['D', 'D', 'D', 'D', 'D']",D,False,majority,1.0,{'D': 5},5,0,0.0,0,False,,SVAMP,LAMA-3.2-3B
988,baseline,88,"He used an umbrella while tanning, where was he likely?

Options:
A) waves
B) seattle
C) suitcase
D) beach
E) jacket closet",,D,,"['', 'D', 'C', 'A', 'A']",A,False,majority,0.5,"{'D': 1, 'C': 1, 'A': 2}",4,1,0.25,2,False,,SVAMP,LAMA-3.2-3B
989,baseline,89,"What is the thing that is agitated in your head when kissing?

Options:
A) sexual stimulation
B) herpes
C) headache
D) catch cold
E) happiness",,E,,"['A', 'A', 'A', 'A', 'A']",A,False,majority,1.0,{'A': 5},5,0,0.0,0,False,,SVAMP,LAMA-3.2-3B
990,baseline,90,"What are people likely to want to do with their friends?

Options:
A) own land
B) own home
C) talk to each other
D) believe in god
E) spend time",,E,,"['', '', '', '', 'A']",A,False,majority,1.0,{'A': 1},1,0,0.0,0,False,,SVAMP,LAMA-3.2-3B
991,baseline,91,"The man took paperwork to other people to consult over it, where was he heading?

Options:
A) desk
B) meeting
C) office
D) table
E) work",,B,,"['A', 'B', 'A', 'A', 'B']",A,False,majority,0.6,"{'A': 3, 'B': 2}",5,2,0.4,2,False,,SVAMP,LAMA-3.2-3B
992,baseline,92,"If you really wanted a grape, where would you go to get it?

Options:
A) winery
B) fruit stand
C) field
D) kitchen
E) food",,B,,"['A', '', '', '', '']",A,False,majority,1.0,{'A': 1},1,0,0.0,0,False,,SVAMP,LAMA-3.2-3B
993,baseline,93,"John wanted to clean all of the dust out of his place before settling down to watch his favorite shows.  What might he hardest do dust?

Options:
A) closet
B) under the bed
C) television
D) attic
E) most buildings",,D,,"['A', 'D', '', 'B', 'B']",B,False,majority,0.5,"{'A': 1, 'D': 1, 'B': 2}",4,1,0.25,2,False,,SVAMP,LAMA-3.2-3B
994,baseline,94,"The buildings were intended to not have residential kitchens in them, what were they designed for?

Options:
A) large city
B) small
C) eat cake
D) university
E) town",,D,,"['D', 'B', 'B', 'B', 'E']",B,False,majority,0.6,"{'D': 1, 'B': 3, 'E': 1}",5,1,0.2,2,False,,SVAMP,LAMA-3.2-3B
995,baseline,95,"Stabbing to death of a person is what sort of way to die?

Options:
A) pool of blood
B) gruesome
C) charming
D) being arrested
E) killing",,B,,"['E', 'E', 'B', 'E', 'E']",E,False,majority,0.8,"{'E': 4, 'B': 1}",5,1,0.2,1,False,,SVAMP,LAMA-3.2-3B
996,baseline,96,"What should everyone do who doesn't want to fight anymore?

Options:
A) explicate
B) pay tribute to king
C) hope for peace
D) wear shoes
E) do well",,C,,"['C', 'C', 'C', 'C', 'C']",C,True,majority,1.0,{'C': 5},5,5,1.0,0,False,,SVAMP,LAMA-3.2-3B
997,baseline,97,"If someone is found to be committing murder, what did they do to someone?

Options:
A) misery
B) kill
C) distress
D) tickel
E) go to jail",,B,,"['B', 'B', 'B', 'B', 'B']",B,True,majority,1.0,{'B': 5},5,5,1.0,0,False,,SVAMP,LAMA-3.2-3B
998,baseline,98,"Children's behavior is a direct reflection of their what?

Options:
A) parents
B) old people
C) play ball
D) many adults
E) grown ups",,A,,"['A', 'B', 'E', 'A', 'A']",A,True,majority,0.6,"{'A': 3, 'B': 1, 'E': 1}",5,3,0.6,2,False,,SVAMP,LAMA-3.2-3B
999,baseline,99,"Bart entered his horse into the contest.  Where did he do this?

Options:
A) circus
B) in kentucky
C) western movie
D) central park
E) state fair",,E,,"['A', 'E', 'A', 'D', 'A']",A,False,majority,0.6,"{'A': 3, 'E': 1, 'D': 1}",5,1,0.2,2,False,,SVAMP,LAMA-3.2-3B
1000,baseline,100,"Where are horses judged on appearance?

Options:
A) race track
B) fair
C) raised by humans
D) in a field
E) countryside",,B,,"['B', 'B', 'B', 'B', 'B']",B,True,majority,1.0,{'B': 5},5,5,1.0,0,False,,SVAMP,LAMA-3.2-3B
1001,baseline,101,"What do people usually feel when falling in love?

Options:
A) getting married
B) pain
C) happiness
D) getting married
E) suffering",,C,,"['A', 'C', '', 'C', '']",C,True,majority,0.6667,"{'A': 1, 'C': 2}",3,2,0.6667,1,False,,SVAMP,LAMA-3.2-3B
1002,baseline,102,"If a small flying animal picks up a string, where are they taking it?

Options:
A) bird's nest
B) park
C) guitar
D) kite
E) quark",,A,,"['D', 'A', 'A', 'A', 'D']",A,True,majority,0.6,"{'D': 2, 'A': 3}",5,3,0.6,2,False,,SVAMP,LAMA-3.2-3B
1003,baseline,103,"What could suddenly stop someone when he or she is running?

Options:
A) mushroom
B) falling down
C) sweating
D) exhaustion
E) getting tired",,B,,"['A', 'A', 'D', 'D', 'A']",A,False,majority,0.6,"{'A': 3, 'D': 2}",5,0,0.0,2,False,,SVAMP,LAMA-3.2-3B
1004,baseline,104,"Billy set aside a block of time for having fun after work. Why might he do this?

Options:
A) happiness
B) stress relief
C) pleasure
D) ocean
E) may laugh",,B,,"['B', 'A', 'A', 'B', 'A']",A,False,majority,0.6,"{'B': 2, 'A': 3}",5,2,0.4,2,False,,SVAMP,LAMA-3.2-3B
1005,baseline,105,"Joan wants to cook a potato, where should she place it?

Options:
A) boiling water
B) paper bag
C) restaurants
D) underground
E) cupboard",,A,,"['A', 'A', 'A', 'A', 'A']",A,True,majority,1.0,{'A': 5},5,5,1.0,0,False,,SVAMP,LAMA-3.2-3B
1006,baseline,106,"People are very much like the animals, but one thing has secured or dominance over the planet.  We're better at doing what?

Options:
A) eat eggs
B) make tools
C) eat dosa
D) talk to each other
E) smoke pot",,B,,"['B', 'D', 'D', 'D', 'B']",D,False,majority,0.6,"{'B': 2, 'D': 3}",5,2,0.4,2,False,,SVAMP,LAMA-3.2-3B
1007,baseline,107,"Where do you head to travel to a star?

Options:
A) night sky
B) galaxy
C) outer space
D) hollywood
E) eat cake",,C,,"['A', 'A', 'B', 'A', 'A']",A,False,majority,0.8,"{'A': 4, 'B': 1}",5,0,0.0,1,False,,SVAMP,LAMA-3.2-3B
1008,baseline,108,"What does a person with a what likely do?

Options:
A) feel important
B) trust himself
C) own house
D) electrical circuit
E) know what time",,E,,"['C', 'B', 'A', 'B', 'A']",B,False,refiner_tiebreak,0.5,"{'C': 1, 'B': 2, 'A': 2}",6,0,0.0,3,True,False,SVAMP,LAMA-3.2-3B
1009,baseline,109,"Playing baseball is a lot like any other sport, there is always a risk of what?

Options:
A) sore muscles
B) errors
C) happiness
D) injury
E) fun",,D,,"['D', 'D', 'D', 'D', 'D']",D,True,majority,1.0,{'D': 5},5,5,1.0,0,False,,SVAMP,LAMA-3.2-3B
1010,baseline,110,"James couldn't get comfortable.  There was too much dirt.  He needed to clean out what?

Options:
A) ground
B) subway
C) bank
D) bed
E) street",,D,,"['A', '', 'D', 'D', 'D']",D,True,majority,0.75,"{'A': 1, 'D': 3}",4,3,0.75,1,False,,SVAMP,LAMA-3.2-3B
1011,baseline,111,"The business man was promoted recently, to celebrate he went where to buy an expensive wristwatch?

Options:
A) case
B) jewelry store
C) shopping
D) jewelery box
E) hock",,B,,"['B', 'B', 'B', 'B', 'B']",B,True,majority,1.0,{'B': 5},5,5,1.0,0,False,,SVAMP,LAMA-3.2-3B
1012,baseline,112,"What is a possible outcome for committing murder?

Options:
A) problems
B) incarceration
C) trial
D) imprisonment
E) prosecution",,D,,"['D', 'D', 'D', 'D', 'D']",D,True,majority,1.0,{'D': 5},5,5,1.0,0,False,,SVAMP,LAMA-3.2-3B
1013,baseline,113,"They kept doing things the same, she suggested they also try doing things what?

Options:
A) differently
B) otherwise
C) expensive
D) only
E) mere",,A,,"['A', 'A', 'C', 'A', 'A']",A,True,majority,0.8,"{'A': 4, 'C': 1}",5,4,0.8,1,False,,SVAMP,LAMA-3.2-3B
1014,baseline,114,"Where is the control room that controls a PWR located?

Options:
A) building
B) factory
C) window
D) prison
E) nuclear power plant",,E,,"['E', 'E', 'E', 'E', 'E']",E,True,majority,1.0,{'E': 5},5,5,1.0,0,False,,SVAMP,LAMA-3.2-3B
1015,baseline,115,"Where could you find a toilet that only friends can use?

Options:
A) rest area
B) school
C) stadium
D) apartment
E) hospital",,D,,"['A', 'B', 'A', 'A', 'A']",A,False,majority,0.8,"{'A': 4, 'B': 1}",5,0,0.0,1,False,,SVAMP,LAMA-3.2-3B
1016,baseline,116,"Immediately after peeing, a person's bladder is what?

Options:
A) collapsed
B) empty
C) full
D) filled
E) stretchable",,B,,"['C', 'B', 'B', 'C', 'C']",C,False,majority,0.6,"{'C': 3, 'B': 2}",5,2,0.4,2,False,,SVAMP,LAMA-3.2-3B
1017,baseline,117,"Where would you find people standing in a line outside?

Options:
A) bus depot
B) end of line
C) opera
D) neighbor's house
E) meeting",,A,,"['B', 'B', 'B', 'B', 'B']",B,False,majority,1.0,{'B': 5},5,0,0.0,0,False,,SVAMP,LAMA-3.2-3B
1018,baseline,118,"The potato might be the official vegetable of what?

Options:
A) vegans
B) kitchen cupboard
C) restaurants
D) chicken
E) maryland",,E,,"['B', 'D', 'A', 'B', 'B']",B,False,majority,0.6,"{'B': 3, 'D': 1, 'A': 1}",5,0,0.0,2,False,,SVAMP,LAMA-3.2-3B
1019,baseline,119,"What do you do in order to fly in airplane?

Options:
A) buy tickets
B) passenger
C) read
D) add gas
E) run through checklists",,A,,"['', 'A', 'B', 'B', 'A']",A,True,refiner_tiebreak,0.6,"{'A': 2, 'B': 2}",5,3,0.6,2,True,True,SVAMP,LAMA-3.2-3B
1020,baseline,120,"What is another name for a disk for storing information?

Options:
A) computer store
B) computer to store data
C) computer hard drive
D) cd player
E) usb mouse",,C,,"['C', 'C', 'C', 'C', 'C']",C,True,majority,1.0,{'C': 5},5,5,1.0,0,False,,SVAMP,LAMA-3.2-3B
1021,baseline,121,"When you wipe you feet on the door mat and walk through the door where do you enter?

Options:
A) a chair
B) school
C) living room
D) doorway
E) bathroom",,C,,"['D', 'D', 'D', 'D', 'D']",D,False,majority,1.0,{'D': 5},5,0,0.0,0,False,,SVAMP,LAMA-3.2-3B
1022,baseline,122,"When you get an F, you fail. If you get A's you are?

Options:
A) passed
B) completing
C) passed
D) passing
E) succeeding",,D,,"['', '', 'A', '', '']",A,False,majority,1.0,{'A': 1},1,0,0.0,0,False,,SVAMP,LAMA-3.2-3B
1023,baseline,123,"If a person were going to bed, what would be their goal?

Options:
A) lazy
B) insomnia
C) rest
D) falling asleep
E) dreaming of",,D,,"['A', 'A', '', 'A', 'D']",A,False,majority,0.75,"{'A': 3, 'D': 1}",4,1,0.25,1,False,,SVAMP,LAMA-3.2-3B
1024,baseline,124,"What could an apple tree do?

Options:
A) new hampshire
B) bloom
C) washington state
D) sunshine
E) spontaneously combust",,B,,"['B', 'B', 'B', 'B', 'B']",B,True,majority,1.0,{'B': 5},5,5,1.0,0,False,,SVAMP,LAMA-3.2-3B
1025,baseline,125,"In what Spanish speaking North American country can you get a great cup of coffee?

Options:
A) mildred's coffee shop
B) mexico
C) diner
D) kitchen
E) canteen",,B,,"['B', 'B', 'A', 'B', 'B']",B,True,majority,0.8,"{'B': 4, 'A': 1}",5,4,0.8,1,False,,SVAMP,LAMA-3.2-3B
1026,baseline,126,"What are you getting from you boss at the end of the week?

Options:
A) asking for
B) money
C) food
D) work
E) energy",,B,,"['', 'D', 'A', 'D', 'A']",D,False,refiner_tiebreak,0.6,"{'D': 2, 'A': 2}",5,0,0.0,2,True,False,SVAMP,LAMA-3.2-3B
1027,baseline,127,"Why do people stop caring about their problems?

Options:
A) no problems
B) better themselves
C) face problems
D) learn from each other
E) become disillusioned",,E,,"['E', 'E', 'E', 'E', 'E']",E,True,majority,1.0,{'E': 5},5,5,1.0,0,False,,SVAMP,LAMA-3.2-3B
1028,baseline,128,"Where is a dining area likely to be small?

Options:
A) cruise ship
B) home
C) mall
D) restaurant
E) dark cave",,B,,"['A', 'A', 'A', 'A', 'D']",A,False,majority,0.8,"{'A': 4, 'D': 1}",5,0,0.0,1,False,,SVAMP,LAMA-3.2-3B
1029,baseline,129,"What is main benefit to exercising?

Options:
A) losing weight
B) healthy
C) get in shape
D) weight loss
E) sweat",,C,,"['B', 'B', 'B', '', '']",B,False,majority,1.0,{'B': 3},3,0,0.0,0,False,,SVAMP,LAMA-3.2-3B
1030,baseline,130,"Why would you go to an office?

Options:
A) work
B) school building
C) paper
D) city
E) habit",,A,,"['A', 'A', 'A', 'A', 'A']",A,True,majority,1.0,{'A': 5},5,5,1.0,0,False,,SVAMP,LAMA-3.2-3B
1031,baseline,131,"Where are you if your bieifcase is going through an x-ray machine?

Options:
A) luggage store
B) courtroom
C) airport
D) office building
E) hand",,C,,"['A', 'B', 'C', 'D', 'C']",C,True,majority,0.4,"{'A': 1, 'B': 1, 'C': 2, 'D': 1}",5,2,0.4,3,False,,SVAMP,LAMA-3.2-3B
1032,baseline,132,"If someone laughs after surprising them they have a good sense of what?

Options:
A) joy
B) fight
C) frightened
D) humor
E) laughter",,D,,"['A', 'E', 'E', 'E', 'A']",E,False,majority,0.6,"{'A': 2, 'E': 3}",5,0,0.0,2,False,,SVAMP,LAMA-3.2-3B
1033,baseline,133,"He came from old money and had a fortune, but he made new money making shrewd trades where?

Options:
A) eat cake
B) cookie
C) stock market
D) real estate
E) treasure chest",,C,,"['C', 'C', 'C', 'C', 'C']",C,True,majority,1.0,{'C': 5},5,5,1.0,0,False,,SVAMP,LAMA-3.2-3B
1034,baseline,134,"Punk rock music is an important part of what action sport?

Options:
A) skate
B) listen
C) opera
D) opera
E) relax",,A,,"['A', 'A', 'A', 'B', 'A']",A,True,majority,0.8,"{'A': 4, 'B': 1}",5,4,0.8,1,False,,SVAMP,LAMA-3.2-3B
1035,baseline,135,"How many hours are in a day?

Options:
A) week
B) bright
C) night
D) twenty four
E) year",,D,,"['D', 'A', 'A', 'D', 'A']",A,False,majority,0.6,"{'D': 2, 'A': 3}",5,2,0.4,2,False,,SVAMP,LAMA-3.2-3B
1036,baseline,136,"When someone is talking and you missed something, what can you do to get them to repeat it?

Options:
A) walking
B) ask question
C) think
D) write question in crayon
E) sneeze",,B,,"['B', 'B', 'B', 'B', 'A']",B,True,majority,0.8,"{'B': 4, 'A': 1}",5,4,0.8,1,False,,SVAMP,LAMA-3.2-3B
1037,baseline,137,"What do people aim to do at work?

Options:
A) complete job
B) learn from each other
C) kill animals
D) wear hats
E) talk to each other",,A,,"['B', 'B', '', 'B', '']",B,False,majority,1.0,{'B': 3},3,0,0.0,0,False,,SVAMP,LAMA-3.2-3B
1038,baseline,138,"After working on the car, what did it end up doing?

Options:
A) going too fast
B) last several years
C) honk the horn
D) go fast
E) start running",,E,,"['D', 'B', 'B', 'D', 'B']",B,False,majority,0.6,"{'D': 2, 'B': 3}",5,0,0.0,2,False,,SVAMP,LAMA-3.2-3B
1039,baseline,139,"The person signed up for home insurance, what is he seeking?

Options:
A) financial security
B) live well
C) good relationship
D) compliments
E) discounted furniture",,A,,"['A', 'A', 'A', 'A', 'A']",A,True,majority,1.0,{'A': 5},5,5,1.0,0,False,,SVAMP,LAMA-3.2-3B
1040,baseline,140,"Where is a doormat likely to be in front of?

Options:
A) facade
B) front door
C) doorway
D) entrance porch
E) hallway",,B,,"['B', 'B', 'B', 'A', 'B']",B,True,majority,0.8,"{'B': 4, 'A': 1}",5,4,0.8,1,False,,SVAMP,LAMA-3.2-3B
1041,baseline,141,"What might a very large table be?

Options:
A) dining room
B) conference
C) kitchen
D) in a lake
E) demonstration",,B,,"['A', 'A', 'A', 'A', 'A']",A,False,majority,1.0,{'A': 5},5,0,0.0,0,False,,SVAMP,LAMA-3.2-3B
1042,baseline,142,"John bought a new water hose.  But he found his old one near his car.  Where did he find the old one?

Options:
A) garden shed
B) hardware store
C) greenhouse
D) garage
E) in a van",,D,,"['A', 'D', 'A', 'A', 'A']",A,False,majority,0.8,"{'A': 4, 'D': 1}",5,1,0.2,1,False,,SVAMP,LAMA-3.2-3B
1043,baseline,143,"The person wasn't bothered by the weather, she had remembered to bring her what?

Options:
A) read book
B) own house
C) apartment
D) more rice
E) warm coat",,E,,"['B', 'B', 'B', 'B', 'B']",B,False,majority,1.0,{'B': 5},5,0,0.0,0,False,,SVAMP,LAMA-3.2-3B
1044,baseline,144,"When you slip from a ladder propped on anything what will you do?

Options:
A) obesity
B) fall down
C) matter to
D) whatever
E) surprise",,B,,"['B', 'B', 'B', 'C', 'B']",B,True,majority,0.8,"{'B': 4, 'C': 1}",5,4,0.8,1,False,,SVAMP,LAMA-3.2-3B
1045,baseline,145,"Why would a person like to have a large house?

Options:
A) have choice
B) mentally challenged
C) own house
D) obesity
E) lots of space",,E,,"['E', 'E', 'E', 'E', 'D']",E,True,majority,0.8,"{'E': 4, 'D': 1}",5,4,0.8,1,False,,SVAMP,LAMA-3.2-3B
1046,baseline,146,"If a heifer is really high quality, you might take her where?

Options:
A) home
B) dairy farm
C) cattle show
D) dairy barn
E) corral",,C,,"['B', 'D', 'B', 'D', 'B']",B,False,majority,0.6,"{'B': 3, 'D': 2}",5,0,0.0,2,False,,SVAMP,LAMA-3.2-3B
1047,baseline,147,"What is a person considered a bully known for?

Options:
A) ridiculous
B) false information
C) made fun of
D) brain tumor
E) bull rider",,C,,"['C', 'C', 'C', 'C', 'C']",C,True,majority,1.0,{'C': 5},5,5,1.0,0,False,,SVAMP,LAMA-3.2-3B
1048,baseline,148,"Before racers start to run they must do what at the starting line?

Options:
A) learn to walk
B) walking
C) walk slowly
D) breathe
E) stand still",,E,,"['B', 'B', 'B', 'B', 'A']",B,False,majority,0.8,"{'B': 4, 'A': 1}",5,0,0.0,1,False,,SVAMP,LAMA-3.2-3B
1049,baseline,149,"John and Tim like playing. It makes them what?

Options:
A) feeling happy
B) learning
C) injury
D) burn
E) get hungry",,A,,"['A', '', 'A', 'A', '']",A,True,majority,1.0,{'A': 3},3,3,1.0,0,False,,SVAMP,LAMA-3.2-3B
1050,baseline,150,"What does a kindergarten teacher do before nap time?

Options:
A) lower expectations
B) encourage
C) fear
D) time test
E) tell story",,E,,"['A', 'B', 'B', 'B', 'B']",B,False,majority,0.8,"{'A': 1, 'B': 4}",5,0,0.0,1,False,,SVAMP,LAMA-3.2-3B
1051,baseline,151,"The smelly man was having a bath, but what is he pursuing?

Options:
A) hydration
B) being clear
C) personal cleanliness
D) will drown
E) use of water",,C,,"['C', 'C', 'C', 'C', 'E']",C,True,majority,0.8,"{'C': 4, 'E': 1}",5,4,0.8,1,False,,SVAMP,LAMA-3.2-3B
1052,baseline,152,"The forest experienced a cold winter, where is it located?

Options:
A) earth
B) south america
C) amazon basin
D) temperate zone
E) national park",,D,,"['A', 'C', 'D', 'A', 'D']",A,False,refiner_tiebreak,0.5,"{'A': 2, 'C': 1, 'D': 2}",6,2,0.3333,3,True,False,SVAMP,LAMA-3.2-3B
1053,baseline,153,"What does a person do when they feel dirty?

Options:
A) feel lucky
B) cross street
C) wash themselves
D) eat
E) wonder what happened",,C,,"['C', 'C', 'C', 'C', 'C']",C,True,majority,1.0,{'C': 5},5,5,1.0,0,False,,SVAMP,LAMA-3.2-3B
1054,baseline,154,"If you partied all night you could find yourself already what, even when just beginning work?

Options:
A) getting tired
B) working
C) procrastination
D) jumping
E) sitting down",,A,,"['B', 'A', 'B', 'B', 'B']",B,False,majority,0.8,"{'B': 4, 'A': 1}",5,1,0.2,1,False,,SVAMP,LAMA-3.2-3B
1055,baseline,155,"Where is a good place to have a fireplace in a house?

Options:
A) big house
B) train
C) cabin
D) living room
E) home",,D,,"['A', 'E', 'D', 'D', 'D']",D,True,majority,0.6,"{'A': 1, 'E': 1, 'D': 3}",5,3,0.6,2,False,,SVAMP,LAMA-3.2-3B
1056,baseline,156,"Where is the worst place to be in a ticket office?

Options:
A) at the top
B) movie theaters
C) train station
D) end of line
E) opera house",,D,,"['A', 'C', 'D', 'D', 'D']",D,True,majority,0.6,"{'A': 1, 'C': 1, 'D': 3}",5,3,0.6,2,False,,SVAMP,LAMA-3.2-3B
1057,baseline,157,"It's dangerous to let pet birds free so it's better to keep them what?

Options:
A) slavery
B) caught
C) caged in
D) topfree
E) prisoner",,C,,"['C', 'C', 'C', 'C', 'C']",C,True,majority,1.0,{'C': 5},5,5,1.0,0,False,,SVAMP,LAMA-3.2-3B
1058,baseline,158,"How might releasing energy that has built up feel?

Options:
A) damage
B) wonderful
C) exhaustion
D) orgasm
E) lazy",,B,,"['A', 'A', 'A', 'A', 'A']",A,False,majority,1.0,{'A': 5},5,0,0.0,0,False,,SVAMP,LAMA-3.2-3B
1059,baseline,159,"What kind of place has a leader?

Options:
A) army
B) battle
C) wildlife
D) country
E) organization",,D,,"['A', 'D', 'A', 'D', 'D']",D,True,majority,0.6,"{'A': 2, 'D': 3}",5,3,0.6,2,False,,SVAMP,LAMA-3.2-3B
1060,baseline,160,"What is the opposite of a little of something?

Options:
A) much
B) plenty
C) more
D) big
E) lot of",,E,,"['A', 'A', 'E', 'D', 'C']",A,False,majority,0.4,"{'A': 2, 'E': 1, 'D': 1, 'C': 1}",5,1,0.2,3,False,,SVAMP,LAMA-3.2-3B
1061,baseline,161,"What is likely to be found in a book that is not a foreword?

Options:
A) last word
B) conclusion
C) ikea instructions
D) afterword
E) epilogue",,E,,"['A', 'B', 'B', 'E', 'D']",B,False,majority,0.4,"{'A': 1, 'B': 2, 'E': 1, 'D': 1}",5,1,0.2,3,False,,SVAMP,LAMA-3.2-3B
1062,baseline,162,"She loved spending money at the thrift store on knickknacks, this resulted in a lot of what on every shelf in her house?

Options:
A) poverty
B) clutter
C) getting
D) satisfaction
E) more happiness",,B,,"['B', 'B', 'B', 'B', 'B']",B,True,majority,1.0,{'B': 5},5,5,1.0,0,False,,SVAMP,LAMA-3.2-3B
1063,baseline,163,"Where would a corpse be covered by a blanket?

Options:
A) bath store
B) bedroom
C) hospital
D) flower garden
E) michigan",,C,,"['A', 'A', 'B', 'A', 'A']",A,False,majority,0.8,"{'A': 4, 'B': 1}",5,0,0.0,1,False,,SVAMP,LAMA-3.2-3B
1064,baseline,164,"After recovering from the disease, what did the doctor call the patient?

Options:
A) healthy
B) passing around
C) cure
D) wellness
E) healthy",,A,,"['D', 'A', 'A', 'A', 'D']",A,True,majority,0.6,"{'D': 2, 'A': 3}",5,3,0.6,2,False,,SVAMP,LAMA-3.2-3B
1065,baseline,165,"Where would you go to get some pamphlets if you want to own them?

Options:
A) bookstore
B) drawer
C) health department
D) mail box
E) library",,A,,"['E', 'B', 'A', 'E', 'E']",E,False,majority,0.6,"{'E': 3, 'B': 1, 'A': 1}",5,1,0.2,2,False,,SVAMP,LAMA-3.2-3B
1066,baseline,166,"Jane works for the government as a senator, where does she spend a lot of time?

Options:
A) capitol building
B) everything
C) washington d.c
D) russia
E) canada",,A,,"['C', 'C', 'C', 'C', 'C']",C,False,majority,1.0,{'C': 5},5,0,0.0,0,False,,SVAMP,LAMA-3.2-3B
1067,baseline,167,"If I want to watch a movie without leaving my home what might I use?

Options:
A) drive in movie
B) drive in movie
C) television
D) video store
E) show",,C,,"['A', 'C', 'C', 'C', 'C']",C,True,majority,0.8,"{'A': 1, 'C': 4}",5,4,0.8,1,False,,SVAMP,LAMA-3.2-3B
1068,baseline,168,"Why does someone flirt with many people at once?

Options:
A) have sex
B) get laid
C) were lonely
D) attract attention
E) dance",,D,,"['A', 'D', 'D', 'D', '']",D,True,majority,0.75,"{'A': 1, 'D': 3}",4,3,0.75,1,False,,SVAMP,LAMA-3.2-3B
1069,baseline,169,"Where can you put a picture frame when it's not hung vertically?

Options:
A) art show
B) wall
C) newspaper
D) car
E) table",,E,,"['A', 'A', 'A', 'A', 'A']",A,False,majority,1.0,{'A': 5},5,0,0.0,0,False,,SVAMP,LAMA-3.2-3B
1070,baseline,170,"Where would you get a shower curtain if you do not have one?

Options:
A) department store
B) restaurant
C) hotel
D) dime store
E) bathtub",,A,,"['A', 'A', 'A', 'A', 'A']",A,True,majority,1.0,{'A': 5},5,5,1.0,0,False,,SVAMP,LAMA-3.2-3B
1071,baseline,171,"You have to a lot of thinking while studying a new subject, but it is how you gain what?

Options:
A) fatigue
B) depression
C) best way
D) weight
E) knowledge",,E,,"['E', 'E', 'A', 'E', 'E']",E,True,majority,0.8,"{'E': 4, 'A': 1}",5,4,0.8,1,False,,SVAMP,LAMA-3.2-3B
1072,baseline,172,"Janet was watching the film because she liked what?

Options:
A) erection
B) laughter
C) being entertained
D) fear
E) bordem",,C,,"['C', 'C', 'A', 'A', 'C']",C,True,majority,0.6,"{'C': 3, 'A': 2}",5,3,0.6,2,False,,SVAMP,LAMA-3.2-3B
1073,baseline,173,"With the card slot lit up he knew how to get started finding his balance with what?

Options:
A) slot machine
B) ticket machine
C) bank machine
D) telephone
E) automated teller",,E,,"['B', 'B', 'B', 'C', 'A']",B,False,majority,0.6,"{'B': 3, 'C': 1, 'A': 1}",5,0,0.0,2,False,,SVAMP,LAMA-3.2-3B
1074,baseline,174,"John and James are idiots. They bought two tickets to the Falcons vs the Jets even though neither wanted to see the what?

Options:
A) internet cafe
B) sporting event
C) pressing wrong buttons
D) obesity
E) hockey game",,B,,"['A', 'B', 'B', 'B', 'B']",B,True,majority,0.8,"{'A': 1, 'B': 4}",5,4,0.8,1,False,,SVAMP,LAMA-3.2-3B
1075,baseline,175,"What would you put coins into to make it work?

Options:
A) stove
B) water fountain
C) desk
D) purse
E) jar",,B,,"['A', 'B', 'A', 'A', 'A']",A,False,majority,0.8,"{'A': 4, 'B': 1}",5,1,0.2,1,False,,SVAMP,LAMA-3.2-3B
1076,baseline,176,"What kind of feelings does buying presents for others create?

Options:
A) tears
B) please
C) like
D) thank
E) make happy",,E,,"['A', 'A', 'A', 'A', 'A']",A,False,majority,1.0,{'A': 5},5,0,0.0,0,False,,SVAMP,LAMA-3.2-3B
1077,baseline,177,"What is a place that has a bench nestled in trees?

Options:
A) state park
B) bus stop
C) bus depot
D) statue
E) train station",,A,,"['A', 'A', 'A', 'A', 'A']",A,True,majority,1.0,{'A': 5},5,5,1.0,0,False,,SVAMP,LAMA-3.2-3B
1078,baseline,178,"Where are there likely to be a variety of flats to choose from?

Options:
A) london
B) apartment building
C) city
D) falling down
E) town",,C,,"['B', 'B', 'B', 'B', 'B']",B,False,majority,1.0,{'B': 5},5,0,0.0,0,False,,SVAMP,LAMA-3.2-3B
1079,baseline,179,"Where can you buy a two wheel transportation machine?

Options:
A) boat
B) michigan
C) train station
D) bicycle shop
E) trunk of car",,D,,"['D', 'D', 'D', 'D', 'D']",D,True,majority,1.0,{'D': 5},5,5,1.0,0,False,,SVAMP,LAMA-3.2-3B
1080,baseline,180,"When you see something rise, you are where in relation to it?

Options:
A) sun set
B) near
C) fall
D) below
E) lower",,D,,"['B', 'B', 'B', '', 'B']",B,False,majority,1.0,{'B': 4},4,0,0.0,0,False,,SVAMP,LAMA-3.2-3B
1081,baseline,181,"What do people do when they think too quickly?

Options:
A) jump to conclusions
B) hurry home
C) build trust
D) pay bills
E) sing",,A,,"['A', 'A', 'A', 'A', 'A']",A,True,majority,1.0,{'A': 5},5,5,1.0,0,False,,SVAMP,LAMA-3.2-3B
1082,baseline,182,"James was below the balloon.  He watched it rise.  What direction did he look in?

Options:
A) upstairs
B) aloft
C) diagonal
D) upstream
E) upwards",,E,,"['', 'E', '', 'E', 'E']",E,True,majority,1.0,{'E': 3},3,3,1.0,0,False,,SVAMP,LAMA-3.2-3B
1083,baseline,183,"Where could you find hundreds of beauty salon?

Options:
A) clerk
B) mall
C) strip mall
D) city
E) neighborhood",,D,,"['C', 'B', 'D', 'E', 'C']",C,False,majority,0.4,"{'C': 2, 'B': 1, 'D': 1, 'E': 1}",5,1,0.2,3,False,,SVAMP,LAMA-3.2-3B
1084,baseline,184,"When someone is physically competing what does their body do?

Options:
A) tension
B) perform better
C) releases heat
D) winning or losing
E) sweat",,E,,"['C', 'C', 'A', 'E', 'C']",C,False,majority,0.6,"{'C': 3, 'A': 1, 'E': 1}",5,1,0.2,2,False,,SVAMP,LAMA-3.2-3B
1085,baseline,185,"Why do young people swallow semen ?

Options:
A) you're into
B) prostitute
C) you're curious
D) curiosity
E) heterosexual woman in love",,C,,"['A', 'A', 'C', 'A', 'B']",A,False,majority,0.6,"{'A': 3, 'C': 1, 'B': 1}",5,1,0.2,2,False,,SVAMP,LAMA-3.2-3B
1086,baseline,186,"Bill wanted to pick up a stranger, preferably a responsible one with kids.  Where might he look for one?

Options:
A) bus station
B) paradise
C) train station
D) park
E) sea",,D,,"['D', 'A', 'C', 'D', 'A']",A,False,refiner_tiebreak,0.5,"{'D': 2, 'A': 2, 'C': 1}",6,2,0.3333,3,True,False,SVAMP,LAMA-3.2-3B
1087,baseline,187,"Where is hard to read note likely to be?

Options:
A) fridge
B) sheet music
C) desk
D) bed
E) medical chart",,E,,"['A', 'A', 'A', 'C', 'C']",A,False,majority,0.6,"{'A': 3, 'C': 2}",5,0,0.0,2,False,,SVAMP,LAMA-3.2-3B
1088,baseline,188,"If you're seeking a connection for your laptop, what are you trying to hook up with?

Options:
A) computer network
B) electrical circuit
C) lineage
D) company
E) wall",,A,,"['A', 'A', 'A', 'A', 'A']",A,True,majority,1.0,{'A': 5},5,5,1.0,0,False,,SVAMP,LAMA-3.2-3B
1089,baseline,189,"Animals who have hair and don't lay eggs are what?

Options:
A) reproduce asexually
B) males
C) mammals
D) attack
E) ocean",,C,,"['C', 'C', 'C', 'C', 'C']",C,True,majority,1.0,{'C': 5},5,5,1.0,0,False,,SVAMP,LAMA-3.2-3B
1090,baseline,190,"Dan was ditting quietly on the couch with a book in his hand.  Laurie thought that he was just focused on what he was doing, but he actually did what?

Options:
A) eat
B) think
C) reading
D) meditate
E) fall asleep",,E,,"['C', '', 'A', 'C', 'A']",C,False,refiner_tiebreak,0.6,"{'C': 2, 'A': 2}",5,0,0.0,2,True,False,SVAMP,LAMA-3.2-3B
1091,baseline,191,"Where is knight always portrayed as a hero?

Options:
A) middle ages
B) chess board
C) kids story
D) fairy tale
E) castle",,D,,"['D', 'D', 'D', 'B', 'D']",D,True,majority,0.8,"{'D': 4, 'B': 1}",5,4,0.8,1,False,,SVAMP,LAMA-3.2-3B
1092,baseline,192,"To what do trees roots cling?

Options:
A) yard
B) orchard
C) museum
D) countryside
E) surface of earth",,E,,"['E', 'E', 'E', 'E', 'E']",E,True,majority,1.0,{'E': 5},5,5,1.0,0,False,,SVAMP,LAMA-3.2-3B
1093,baseline,193,"Where would you have a stove if you don't live in a detached dwelling?

Options:
A) tent
B) car
C) living room
D) friend's house
E) apartment",,E,,"['A', 'A', 'C', 'A', 'C']",A,False,majority,0.6,"{'A': 3, 'C': 2}",5,0,0.0,2,False,,SVAMP,LAMA-3.2-3B
1094,baseline,194,"Exercise is very good for you, for faster recovery you should always do what afterwards?

Options:
A) stretch
B) lower cholesterol
C) weigh
D) track
E) expend energy",,A,,"['A', 'B', 'B', 'B', 'A']",B,False,majority,0.6,"{'A': 2, 'B': 3}",5,2,0.4,2,False,,SVAMP,LAMA-3.2-3B
1095,baseline,195,"Metal is taken from what which is pulled from the ground?

Options:
A) dirt
B) instruments
C) ore
D) car
E) junkyard",,C,,"['C', 'A', 'A', 'C', 'C']",C,True,majority,0.6,"{'C': 3, 'A': 2}",5,3,0.6,2,False,,SVAMP,LAMA-3.2-3B
1096,baseline,196,"While walking the student needed to store his writing insturment away, where did he put it?

Options:
A) desk drawer
B) cabinet
C) purse
D) classroom
E) pocket",,E,,"['A', 'C', 'A', 'A', 'A']",A,False,majority,0.8,"{'A': 4, 'C': 1}",5,0,0.0,1,False,,SVAMP,LAMA-3.2-3B
1097,baseline,197,"James found the sound relaxing.   It was so relaxing he almost did what despite his efforts?

Options:
A) deep breathing
B) worried
C) fall asleep
D) invigorating
E) feeling good",,C,,"['E', 'A', 'A', 'E', 'D']",E,False,coin_flip,0.3333,"{'E': 2, 'A': 2, 'D': 1}",6,1,0.1667,4,True,True,SVAMP,LAMA-3.2-3B
1098,baseline,198,"What could you use to get to some airplanes?

Options:
A) taxi
B) carry people
C) car
D) stall
E) crash",,A,,"['A', 'A', 'A', 'A', 'A']",A,True,majority,1.0,{'A': 5},5,5,1.0,0,False,,SVAMP,LAMA-3.2-3B
1099,baseline,199,"If there is a pond with trees around it, where it it likely located?

Options:
A) ground
B) bathroom
C) forest
D) countryside
E) rural area",,C,,"['A', 'E', 'A', 'A', 'A']",A,False,majority,0.8,"{'A': 4, 'E': 1}",5,0,0.0,1,False,,SVAMP,LAMA-3.2-3B
1100,baseline,200,"Paul wants carrots and doesn't need to drive anywhere. He gets them from where?

Options:
A) refrigerator
B) store
C) farmer's market
D) supermarket
E) dryer",,A,,"['B', 'A', 'A', 'A', 'D']",A,True,majority,0.6,"{'B': 1, 'A': 3, 'D': 1}",5,3,0.6,2,False,,SVAMP,LAMA-3.2-3B
1101,baseline,201,"The butt was bare, and Sam couldn't stop staring at it.  It was very what?

Options:
A) full
B) ample
C) covered
D) bareword
E) ample",,B,,"['C', 'C', 'C', 'C', 'C']",C,False,majority,1.0,{'C': 5},5,0,0.0,0,False,,SVAMP,LAMA-3.2-3B
1102,baseline,202,"I did not need a servant.  I was not a what?

Options:
A) freedom
B) rich person
C) hired help
D) in charge
E) busy",,B,,"['A', 'A', 'C', 'C', 'C']",C,False,majority,0.6,"{'A': 2, 'C': 3}",5,0,0.0,2,False,,SVAMP,LAMA-3.2-3B
1103,baseline,203,"Crabs live in what sort of environment?

Options:
A) maritime
B) bodies of water
C) saltwater
D) galapagos
E) fish market",,C,,"['B', 'B', 'B', 'B', 'B']",B,False,majority,1.0,{'B': 5},5,0,0.0,0,False,,SVAMP,LAMA-3.2-3B
1104,baseline,204,"What would you do if you have curiosity but are blind and paralyzed?

Options:
A) hear news
B) analyse
C) go somewhere
D) examine thing
E) see favorite show",,B,,"['', '', 'C', 'A', 'D']",C,False,refiner_tiebreak,0.5,"{'C': 1, 'A': 1, 'D': 1}",4,0,0.0,2,True,False,SVAMP,LAMA-3.2-3B
1105,baseline,205,"Where do you keep your pizza slice before you eat it?

Options:
A) table
B) plate
C) restaurant
D) oven
E) popular",,B,,"['A', 'A', 'A', 'A', 'A']",A,False,majority,1.0,{'A': 5},5,0,0.0,0,False,,SVAMP,LAMA-3.2-3B
1106,baseline,206,"As a result of dying, what happens to organic material?

Options:
A) change of color
B) stop breathing
C) wake up
D) death and decay
E) getting cold",,D,,"['D', 'D', 'D', 'D', 'D']",D,True,majority,1.0,{'D': 5},5,5,1.0,0,False,,SVAMP,LAMA-3.2-3B
1107,baseline,207,"The planet Mercury is unsuitable for human life or what?

Options:
A) toxic
B) uninhabitable
C) mercury sulphide
D) poisonous
E) jupiter",,B,,"['B', 'B', 'B', 'B', 'B']",B,True,majority,1.0,{'B': 5},5,5,1.0,0,False,,SVAMP,LAMA-3.2-3B
1108,baseline,208,"Where would you use a folding chair but not store one?

Options:
A) beach
B) city hall
C) closet
D) garage
E) school",,A,,"['E', 'B', 'A', 'A', 'A']",A,True,majority,0.6,"{'E': 1, 'B': 1, 'A': 3}",5,3,0.6,2,False,,SVAMP,LAMA-3.2-3B
1109,baseline,209,"What regions of a town would you have found a dime store?

Options:
A) commercial building
B) old movie
C) small neighborhood
D) past
E) mall",,C,,"['D', 'C', 'C', 'D', 'C']",C,True,majority,0.6,"{'D': 2, 'C': 3}",5,3,0.6,2,False,,SVAMP,LAMA-3.2-3B
1110,baseline,210,"What would you put meat on top of to cook it?

Options:
A) oil
B) freezer
C) ham sandwich
D) oven
E) frying pan",,E,,"['A', 'A', 'A', 'A', 'A']",A,False,majority,1.0,{'A': 5},5,0,0.0,0,False,,SVAMP,LAMA-3.2-3B
1111,baseline,211,"They were hoping their campaign would create a rise in awareness of the problem and hopefully do what to its effect?

Options:
A) set
B) fall
C) park
D) descend
E) reduce",,E,,"['B', 'A', 'B', 'B', 'B']",B,False,majority,0.8,"{'B': 4, 'A': 1}",5,0,0.0,1,False,,SVAMP,LAMA-3.2-3B
1112,baseline,212,"What is the primary purpose of cars?

Options:
A) cost money
B) slow down
C) move people
D) turn right
E) get girls",,C,,"['A', '', '', '', '']",A,False,majority,1.0,{'A': 1},1,0,0.0,0,False,,SVAMP,LAMA-3.2-3B
1113,baseline,213,"What kind of cold storage could you find in your house?

Options:
A) ice pack
B) freezer
C) laboratory
D) warehouse
E) refrigerator",,E,,"['E', 'B', 'B', 'A', 'E']",B,False,refiner_tiebreak,0.5,"{'E': 2, 'B': 2, 'A': 1}",6,2,0.3333,3,True,False,SVAMP,LAMA-3.2-3B
1114,baseline,214,"Where would a person live that isn't in the metro area but still has good schools?

Options:
A) woods
B) bed
C) suburbs
D) rural
E) neighborhood",,C,,"['A', 'C', 'E', 'A', 'C']",C,True,refiner_tiebreak,0.5,"{'A': 2, 'C': 2, 'E': 1}",6,3,0.5,3,True,True,SVAMP,LAMA-3.2-3B
1115,baseline,215,"Bob's only light source was a small bulb.  There were four walls, if there was a door he couldn't see it.  What was Bob in?

Options:
A) closed room
B) sky
C) dard
D) his grave
E) house",,A,,"['A', 'A', 'D', 'A', 'A']",A,True,majority,0.8,"{'A': 4, 'D': 1}",5,4,0.8,1,False,,SVAMP,LAMA-3.2-3B
1116,baseline,216,"Christians believe you will go to heaven if you're what?

Options:
A) unable to work
B) born again
C) change of color
D) dead
E) no longer exist",,B,,"['B', 'B', 'D', 'B', 'B']",B,True,majority,0.8,"{'B': 4, 'D': 1}",5,4,0.8,1,False,,SVAMP,LAMA-3.2-3B
1117,baseline,217,"Where would you find a monkey in the wild?

Options:
A) zoo
B) barrel
C) research laboratory
D) captivity
E) thailand",,E,,"['A', 'B', 'A', 'A', 'A']",A,False,majority,0.8,"{'A': 4, 'B': 1}",5,0,0.0,1,False,,SVAMP,LAMA-3.2-3B
1118,baseline,218,"Billy was an astronaut.  When he looked at the world from space, how did it look?

Options:
A) diverse
B) round
C) square
D) orange
E) complicated",,B,,"['A', 'B', 'B', 'B', 'B']",B,True,majority,0.8,"{'A': 1, 'B': 4}",5,4,0.8,1,False,,SVAMP,LAMA-3.2-3B
1119,baseline,219,"What does a child learn to do before school?

Options:
A) count to ten
B) state name
C) dress herself
D) clean room
E) socialize",,C,,"['B', 'B', 'B', 'B', 'B']",B,False,majority,1.0,{'B': 5},5,0,0.0,0,False,,SVAMP,LAMA-3.2-3B
1120,baseline,220,"Where is a drug kept in a home bathroom?

Options:
A) nursery
B) ghetto
C) cupboard
D) pharmacy
E) medicine cabinet",,E,,"['E', 'E', 'E', 'E', 'E']",E,True,majority,1.0,{'E': 5},5,5,1.0,0,False,,SVAMP,LAMA-3.2-3B
1121,baseline,221,"What is a philosopher waiting for to eventually gain through his studies?

Options:
A) job
B) boredom
C) anxiety
D) impatience
E) wisdom",,E,,"['E', 'D', 'E', 'B', 'E']",E,True,majority,0.6,"{'E': 3, 'D': 1, 'B': 1}",5,3,0.6,2,False,,SVAMP,LAMA-3.2-3B
1122,baseline,222,"The company sent off many purchases, they used recycled cardboard as their what?

Options:
A) packaging materials
B) recycle bin
C) box factory
D) warehouse
E) bowler hats",,A,,"['A', 'A', 'A', 'A', 'A']",A,True,majority,1.0,{'A': 5},5,5,1.0,0,False,,SVAMP,LAMA-3.2-3B
1123,baseline,223,"Where would you expect to find white mice?

Options:
A) bell cat
B) bush
C) attic
D) countryside
E) laboratory",,E,,"['D', 'A', 'A', 'B', '']",A,False,majority,0.5,"{'D': 1, 'A': 2, 'B': 1}",4,0,0.0,2,False,,SVAMP,LAMA-3.2-3B
1124,baseline,224,"If I put in my key and open a hinged door, where am I likely entering?

Options:
A) kitchen
B) safe
C) own house
D) building
E) pantry",,C,,"['', '', '', '', 'A']",A,False,majority,1.0,{'A': 1},1,0,0.0,0,False,,SVAMP,LAMA-3.2-3B
1125,baseline,225,"If you're watching a comedy film what would you expect to hear from the audience?

Options:
A) park
B) insight
C) being entertained
D) laughter
E) fear",,D,,"['C', 'C', 'C', 'A', 'D']",C,False,majority,0.6,"{'C': 3, 'A': 1, 'D': 1}",5,1,0.2,2,False,,SVAMP,LAMA-3.2-3B
1126,baseline,226,"What could go to a tennis court?

Options:
A) desert
B) college campus
C) recreational center
D) athletic club
E) park",,D,,"['E', 'D', 'C', 'A', 'A']",A,False,majority,0.4,"{'E': 1, 'D': 1, 'C': 1, 'A': 2}",5,1,0.2,3,False,,SVAMP,LAMA-3.2-3B
1127,baseline,227,"I took my seat, the curtains drew back and I enjoyed the what?

Options:
A) airplane
B) movie
C) auditorium
D) theatre
E) show",,E,,"['D', 'A', 'D', 'D', 'D']",D,False,majority,0.8,"{'D': 4, 'A': 1}",5,0,0.0,1,False,,SVAMP,LAMA-3.2-3B
1128,baseline,228,"The man closed his eyes as the music played, what effect did the music have?

Options:
A) coma
B) enjoyable
C) soothing
D) universal
E) good or bad",,C,,"['A', 'C', 'A', 'A', 'A']",A,False,majority,0.8,"{'A': 4, 'C': 1}",5,1,0.2,1,False,,SVAMP,LAMA-3.2-3B
1129,baseline,229,"The poker dealer spread the flop of cards across the what?

Options:
A) players
B) play games
C) casino
D) table
E) toy store",,D,,"['D', 'D', 'D', 'D', 'D']",D,True,majority,1.0,{'D': 5},5,5,1.0,0,False,,SVAMP,LAMA-3.2-3B
1130,baseline,230,"Setting up framing, truss and beam are some of the first steps in what?

Options:
A) new construction
B) warehouse
C) driving
D) ceiling
E) bridge",,A,,"['A', 'A', 'A', 'A', 'A']",A,True,majority,1.0,{'A': 5},5,5,1.0,0,False,,SVAMP,LAMA-3.2-3B
1131,baseline,231,"Where might you see a green field while driving?

Options:
A) kansas
B) meadow
C) farmland
D) countryside
E) rural area",,D,,"['D', 'D', 'A', 'A', 'B']",D,True,refiner_tiebreak,0.5,"{'D': 2, 'A': 2, 'B': 1}",6,3,0.5,3,True,True,SVAMP,LAMA-3.2-3B
1132,baseline,232,"If it's not used for hair a round brush is an example of what?

Options:
A) hair brush
B) ladies bathroom
C) art supplies
D) shower
E) hair salon",,C,,"['E', 'C', 'A', 'A', 'E']",E,False,refiner_tiebreak,0.5,"{'E': 2, 'C': 1, 'A': 2}",6,1,0.1667,3,True,False,SVAMP,LAMA-3.2-3B
1133,baseline,233,"The baby was cranky, it needed to eat breakfast but refused to what?

Options:
A) buy food
B) open mouth
C) get out of bed
D) cry
E) wake up",,B,,"['D', '', 'D', 'D', 'D']",D,False,majority,1.0,{'D': 4},4,0,0.0,0,False,,SVAMP,LAMA-3.2-3B
1134,baseline,234,"What are you waiting alongside with when you're in a reception area?

Options:
A) motel
B) chair
C) hospital
D) people
E) hotels",,D,,"['B', 'B', 'A', 'A', 'B']",B,False,majority,0.6,"{'B': 3, 'A': 2}",5,0,0.0,2,False,,SVAMP,LAMA-3.2-3B
1135,baseline,235,"What do you want someone to do when you illustrate point?

Options:
A) did not understand
B) accepting
C) make clear
D) understood
E) understanding",,E,,"['A', 'D', 'D', 'D', '']",D,False,majority,0.75,"{'A': 1, 'D': 3}",4,0,0.0,1,False,,SVAMP,LAMA-3.2-3B
1136,baseline,236,"The man was giving assistance to a pan handler in the streets, how did he give assistance?

Options:
A) feeling good
B) killing
C) law suits
D) out of pocket
E) feel loved",,D,,"['B', 'A', 'B', 'B', 'C']",B,False,majority,0.6,"{'B': 3, 'A': 1, 'C': 1}",5,0,0.0,2,False,,SVAMP,LAMA-3.2-3B
1137,baseline,237,"The field general began to write out a letter to the king, he was told to send what when the enemy was near?

Options:
A) syllable
B) english alphabet
C) word
D) email
E) invitation",,C,,"['A', 'B', 'A', 'A', 'B']",A,False,majority,0.6,"{'A': 3, 'B': 2}",5,0,0.0,2,False,,SVAMP,LAMA-3.2-3B
1138,baseline,238,"Where would you acquire a wind instrument for you own use?

Options:
A) band practice
B) concert
C) music store
D) symphony
E) music room",,C,,"['A', 'A', 'A', 'A', 'A']",A,False,majority,1.0,{'A': 5},5,0,0.0,0,False,,SVAMP,LAMA-3.2-3B
1139,baseline,239,"What makes someone a nomad?

Options:
A) unpleasant things
B) hangnail
C) have no home
D) have no car
E) schizophrenia",,C,,"['C', 'A', 'A', 'C', 'C']",C,True,majority,0.6,"{'C': 3, 'A': 2}",5,3,0.6,2,False,,SVAMP,LAMA-3.2-3B
1140,baseline,240,"John didn't care about style.  He felt that form was less important than what?

Options:
A) shapeless
B) quality
C) function
D) change shape
E) chaos",,C,,"['C', 'C', '', 'C', 'C']",C,True,majority,1.0,{'C': 4},4,4,1.0,0,False,,SVAMP,LAMA-3.2-3B
1141,baseline,241,"In what substance do clouds float?

Options:
A) sky
B) top of mountain
C) air
D) ground level
E) outer space",,C,,"['', 'C', 'A', 'C', 'C']",C,True,majority,0.75,"{'C': 3, 'A': 1}",4,3,0.75,1,False,,SVAMP,LAMA-3.2-3B
1142,baseline,242,"A person with digestion issues eats a meat-filled breakfast, what does he feel?

Options:
A) heartburn
B) overeating
C) happiness
D) being satisfied
E) gain energy",,A,,"['A', 'A', 'A', 'A', 'A']",A,True,majority,1.0,{'A': 5},5,5,1.0,0,False,,SVAMP,LAMA-3.2-3B
1143,baseline,243,"Brad tried to arise from bed but he could not.  Instead, he just continued to do what?

Options:
A) go down
B) fall down
C) lie down
D) lie to himself
E) sit down",,C,,"['C', 'C', 'C', 'C', 'C']",C,True,majority,1.0,{'C': 5},5,5,1.0,0,False,,SVAMP,LAMA-3.2-3B
1144,baseline,244,"When is the worst time for having food?

Options:
A) digesting
B) not hungry
C) gas
D) weight gain
E) feeling of fullness",,B,,"['B', 'B', '', '', '']",B,True,majority,1.0,{'B': 2},2,2,1.0,0,False,,SVAMP,LAMA-3.2-3B
1145,baseline,245,"The student explained he had a clue what neuroepithelium was and got really nervous, he then lost his balance because a what issue?

Options:
A) tastebud
B) retina
C) inner ear
D) nasal cavity
E) autistic",,C,,"['B', 'A', 'C', 'B', 'B']",B,False,majority,0.6,"{'B': 3, 'A': 1, 'C': 1}",5,1,0.2,2,False,,SVAMP,LAMA-3.2-3B
1146,baseline,246,"Brawn opened the curtains so that the sun could do what?

Options:
A) dry clothes
B) warm house
C) warm room
D) shine brightly
E) get dark",,C,,"['A', 'A', 'A', 'E', 'A']",A,False,majority,0.8,"{'A': 4, 'E': 1}",5,0,0.0,1,False,,SVAMP,LAMA-3.2-3B
1147,baseline,247,"James was someone who was caught in his own delusions.  To him, the truth didn't do what what?

Options:
A) work to advantage
B) matter to
C) help
D) free mind
E) further knowledge",,B,,"['A', 'A', 'A', 'A', 'A']",A,False,majority,1.0,{'A': 5},5,0,0.0,0,False,,SVAMP,LAMA-3.2-3B
1148,baseline,248,"If you are in a bar in a glove shaped state where are you?

Options:
A) in my pocket
B) michigan
C) new york city
D) restaurant
E) public house",,B,,"['E', 'E', 'E', 'E', 'E']",E,False,majority,1.0,{'E': 5},5,0,0.0,0,False,,SVAMP,LAMA-3.2-3B
1149,baseline,249,"Where are people likely to become impatient?

Options:
A) end of line
B) buildings
C) apartment
D) neighbor's house
E) address",,A,,"['D', 'A', 'A', 'A', 'A']",A,True,majority,0.8,"{'D': 1, 'A': 4}",5,4,0.8,1,False,,SVAMP,LAMA-3.2-3B
1150,baseline,250,"Where are you likely to find a Japanese restaurant not run by people from Japan?

Options:
A) california
B) downtown
C) large town
D) tokio
E) china town",,A,,"['E', 'D', 'E', 'D', 'A']",D,False,refiner_tiebreak,0.5,"{'E': 2, 'D': 2, 'A': 1}",6,1,0.1667,3,True,False,SVAMP,LAMA-3.2-3B
1151,baseline,251,"Where would you find magazines along side many other printed works?

Options:
A) doctor
B) bookstore
C) market
D) train station
E) mortuary",,B,,"['B', 'B', 'B', 'B', 'B']",B,True,majority,1.0,{'B': 5},5,5,1.0,0,False,,SVAMP,LAMA-3.2-3B
1152,baseline,252,"James needed smooth sandpaper, but instead he got what type?

Options:
A) rough
B) non smooth
C) uneven
D) plastic
E) bumpy",,A,,"['C', 'A', 'A', 'B', 'B']",A,True,coin_flip,0.3333,"{'C': 1, 'A': 2, 'B': 2}",6,2,0.3333,4,True,False,SVAMP,LAMA-3.2-3B
1153,baseline,253,"How would you express information to a deaf person?

Options:
A) summarize main points
B) close mouth
C) write down
D) may disagree
E) talk",,C,,"['A', 'C', 'A', 'E', 'A']",A,False,majority,0.6,"{'A': 3, 'C': 1, 'E': 1}",5,1,0.2,2,False,,SVAMP,LAMA-3.2-3B
1154,baseline,254,"Jim decided to lose weight.  He thought that exercise is the best way to lose weight because you can't get rid of what?

Options:
A) need for food
B) fitness
C) sweating
D) fastfood
E) thirst",,A,,"['A', 'B', 'B', '', 'B']",B,False,majority,0.75,"{'A': 1, 'B': 3}",4,1,0.25,1,False,,SVAMP,LAMA-3.2-3B
1155,baseline,255,"Making a schedule was easy to pick, the major called for knowledge that required a certain what?

Options:
A) color
B) class
C) meeting
D) university
E) encyclopedia",,B,,"['B', 'B', 'A', 'C', 'B']",B,True,majority,0.6,"{'B': 3, 'A': 1, 'C': 1}",5,3,0.6,2,False,,SVAMP,LAMA-3.2-3B
1156,baseline,256,"When getting in shape, this is something that does wonders?

Options:
A) eat more
B) starve
C) give up
D) period of recovery
E) jogging",,E,,"['D', 'D', 'D', 'D', 'D']",D,False,majority,1.0,{'D': 5},5,0,0.0,0,False,,SVAMP,LAMA-3.2-3B
1157,baseline,257,"What type of building has the most top floor?

Options:
A) go down
B) apartment building
C) tall building
D) office building
E) cabin",,C,,"['A', 'A', 'C', 'A', 'C']",A,False,majority,0.6,"{'A': 3, 'C': 2}",5,2,0.4,2,False,,SVAMP,LAMA-3.2-3B
1158,baseline,258,"A meteor travels through galaxies which are a part of what?

Options:
A) republic of ireland
B) sky
C) orbit
D) universe
E) school",,D,,"['A', 'B', 'D', 'B', 'B']",B,False,majority,0.6,"{'A': 1, 'B': 3, 'D': 1}",5,1,0.2,2,False,,SVAMP,LAMA-3.2-3B
1159,baseline,259,"The guys had a regular poker game, rather than going to the movies this what their what?

Options:
A) competition
B) fun game
C) losing money
D) fun
E) social event",,E,,"['E', 'E', 'D', 'D', 'D']",D,False,majority,0.6,"{'E': 2, 'D': 3}",5,2,0.4,2,False,,SVAMP,LAMA-3.2-3B
1160,baseline,260,"What are you using if there are speakers strapped on your ears?

Options:
A) take it all in
B) headphones
C) desktop
D) conference
E) concert",,B,,"['', 'B', '', '', 'B']",B,True,majority,1.0,{'B': 2},2,2,1.0,0,False,,SVAMP,LAMA-3.2-3B
1161,baseline,261,"A thoroughfare meandered through fields and woods, where was it passing though?

Options:
A) move about
B) city
C) country
D) town
E) new york city",,C,,"['D', 'C', 'B', 'D', 'C']",D,False,coin_flip,0.3333,"{'D': 2, 'C': 2, 'B': 1}",6,2,0.3333,4,True,False,SVAMP,LAMA-3.2-3B
1162,baseline,262,"What might you need to do cleaning?

Options:
A) sing a song
B) neatness
C) allergies
D) healthy living
E) using water",,E,,"['A', 'A', 'E', 'E', 'A']",A,False,majority,0.6,"{'A': 3, 'E': 2}",5,2,0.4,2,False,,SVAMP,LAMA-3.2-3B
1163,baseline,263,"What do audiences clap for?

Options:
A) cinema
B) theatre
C) movies
D) show
E) hockey game",,D,,"['', 'B', 'B', 'B', '']",B,False,majority,1.0,{'B': 3},3,0,0.0,0,False,,SVAMP,LAMA-3.2-3B
1164,baseline,264,"A weasel has a thin body and short legs to easier burrow after prey in a what?

Options:
A) tree
B) mulberry bush
C) chicken coop
D) viking ship
E) rabbit warren",,E,,"['A', 'A', 'E', 'A', 'E']",A,False,majority,0.6,"{'A': 3, 'E': 2}",5,2,0.4,2,False,,SVAMP,LAMA-3.2-3B
1165,baseline,265,"There was a long cottage somewhere.  People thought it was haunted.  It was overgrown, there was nothing near it.  It's was far into the what?

Options:
A) mountains
B) countryside
C) train
D) painting
E) village",,B,,"['B', 'A', 'A', 'E', 'B']",B,True,refiner_tiebreak,0.5,"{'B': 2, 'A': 2, 'E': 1}",6,3,0.5,3,True,True,SVAMP,LAMA-3.2-3B
1166,baseline,266,"Where might a lemur frolic in the market?

Options:
A) desert
B) hole
C) india
D) cage
E) rain forest",,C,,"['E', 'E', 'A', 'E', 'A']",E,False,majority,0.6,"{'E': 3, 'A': 2}",5,0,0.0,2,False,,SVAMP,LAMA-3.2-3B
1167,baseline,267,"The man tried to reply to the woman, but he had difficulty keeping track of conversations that he didn't do what to?

Options:
A) initiate
B) ignore
C) question
D) answer
E) ask",,A,,"['B', 'B', 'B', 'B', 'B']",B,False,majority,1.0,{'B': 5},5,0,0.0,0,False,,SVAMP,LAMA-3.2-3B
1168,baseline,268,"He was a sloppy eater, so where did he leave a mess?

Options:
A) sailboat
B) desk
C) closet
D) table
E) apartment",,D,,"['A', 'A', 'B', 'A', 'B']",A,False,majority,0.6,"{'A': 3, 'B': 2}",5,0,0.0,2,False,,SVAMP,LAMA-3.2-3B
1169,baseline,269,"John and Joe like planning games but Joe  was hit by a ball and fell down. What might have happened to Joe.

Options:
A) anger
B) good natured ribbing.
C) enjoying
D) injury
E) enjoyment",,D,,"['A', 'A', 'D', 'A', 'D']",A,False,majority,0.6,"{'A': 3, 'D': 2}",5,2,0.4,2,False,,SVAMP,LAMA-3.2-3B
1170,baseline,270,"The car was going from Alabama to New York, what was its goal?

Options:
A) head north
B) speed up
C) heading north
D) go fast
E) headed south",,A,,"['C', 'C', 'C', 'C', 'C']",C,False,majority,1.0,{'C': 5},5,0,0.0,0,False,,SVAMP,LAMA-3.2-3B
1171,baseline,271,"What is likely to satisfy someone's curiosity?

Options:
A) hear news
B) read book
C) see favorite show
D) comedy show
E) go somewhere",,A,,"['A', 'A', 'A', 'A', 'A']",A,True,majority,1.0,{'A': 5},5,5,1.0,0,False,,SVAMP,LAMA-3.2-3B
1172,baseline,272,"If the president wanted to ban snakes, where would he issue such a decree?

Options:
A) street
B) tropical forest
C) garden of eden
D) new mexico
E) white house",,E,,"['E', 'E', 'E', 'E', 'E']",E,True,majority,1.0,{'E': 5},5,5,1.0,0,False,,SVAMP,LAMA-3.2-3B
1173,baseline,273,"What will likely happen after stabbing to death a person?

Options:
A) gruesome
B) being arrested
C) pool of blood
D) mess
E) grisly",,B,,"['A', 'A', 'A', 'B', 'A']",A,False,majority,0.8,"{'A': 4, 'B': 1}",5,1,0.2,1,False,,SVAMP,LAMA-3.2-3B
1174,baseline,274,"At the picnic she was stuck eating hamburger, she was worried because she forgot her chewables to prevent what?

Options:
A) eat cake
B) have fun
C) food poisoning
D) heartburn
E) gain weight",,D,,"['D', 'A', 'D', 'C', 'A']",D,True,refiner_tiebreak,0.5,"{'D': 2, 'A': 2, 'C': 1}",6,3,0.5,3,True,True,SVAMP,LAMA-3.2-3B
1175,baseline,275,"George checked the rotor of the Apache, which wasn't powered by internal combustion, but by what?

Options:
A) jet engine
B) helicopter
C) electric motor
D) rotator
E) electrical circuit",,A,,"['A', 'B', 'A', 'B', 'C']",A,True,refiner_tiebreak,0.5,"{'A': 2, 'B': 2, 'C': 1}",6,3,0.5,3,True,True,SVAMP,LAMA-3.2-3B
1176,baseline,276,"Where is one likely to find poker chips?

Options:
A) supermarket
B) pantry
C) motherboard
D) bar
E) bar",,D,,"['A', 'A', 'A', 'D', 'A']",A,False,majority,0.8,"{'A': 4, 'D': 1}",5,1,0.2,1,False,,SVAMP,LAMA-3.2-3B
1177,baseline,277,"Sarah dropped the marble because she wanted to do what?

Options:
A) game
B) pouch
C) home
D) store
E) jar",,A,,"['A', 'A', 'A', 'B', 'E']",A,True,majority,0.6,"{'A': 3, 'B': 1, 'E': 1}",5,3,0.6,2,False,,SVAMP,LAMA-3.2-3B
1178,baseline,278,"If there is a place that is hot and arid, what could it be?

Options:
A) bland
B) lifeless
C) sandy
D) neutral
E) freezing",,B,,"['B', 'A', 'A', 'C', 'E']",A,False,majority,0.4,"{'B': 1, 'A': 2, 'C': 1, 'E': 1}",5,1,0.2,3,False,,SVAMP,LAMA-3.2-3B
1179,baseline,279,"What is a form of anaerobic exercising?

Options:
A) shortness of breath
B) lift weights
C) error
D) fall down
E) run",,E,,"['B', 'B', 'B', 'A', 'B']",B,False,majority,0.8,"{'B': 4, 'A': 1}",5,0,0.0,1,False,,SVAMP,LAMA-3.2-3B
1180,baseline,280,"A statue that shoots liquid is called a what?

Options:
A) water fountain
B) large city
C) museum
D) pool
E) central park",,A,,"['A', 'A', 'A', 'A', 'A']",A,True,majority,1.0,{'A': 5},5,5,1.0,0,False,,SVAMP,LAMA-3.2-3B
1181,baseline,281,"They were getting ready for a really long hike, he put the food can in his what?

Options:
A) cabinet
B) house
C) recycling center
D) backpack
E) make person sick",,D,,"['D', 'D', 'D', 'E', 'D']",D,True,majority,0.8,"{'D': 4, 'E': 1}",5,4,0.8,1,False,,SVAMP,LAMA-3.2-3B
1182,baseline,282,"Where is a lake likely to be glacial?

Options:
A) michigan
B) new york
C) new york
D) mountains
E) countryside",,D,,"['A', 'C', 'A', 'A', 'A']",A,False,majority,0.8,"{'A': 4, 'C': 1}",5,0,0.0,1,False,,SVAMP,LAMA-3.2-3B
1183,baseline,283,"Why do people who are dying receive social security payments?

Options:
A) rejuvenation
B) born again
C) no longer exist
D) unable to work
E) change of color",,D,,"['D', 'D', 'D', 'D', 'D']",D,True,majority,1.0,{'D': 5},5,5,1.0,0,False,,SVAMP,LAMA-3.2-3B
1184,baseline,284,"Stark was just having fun, and he wasn't hurting anyone.  What might have he been doing?

Options:
A) painting his nails
B) playing marbles
C) constructing
D) need for rest
E) wild ride",,B,,"['A', 'A', 'A', 'A', 'A']",A,False,majority,1.0,{'A': 5},5,0,0.0,0,False,,SVAMP,LAMA-3.2-3B
1185,baseline,285,"What does going to bed with your spouse for sex lead to?

Options:
A) bad dreams
B) a good nights sleep
C) rest
D) sleepiness
E) get pregnant",,E,,"['B', 'B', 'B', 'B', 'B']",B,False,majority,1.0,{'B': 5},5,0,0.0,0,False,,SVAMP,LAMA-3.2-3B
1186,baseline,286,"what is printed with ink and distributed daily?

Options:
A) fountain pen
B) squid
C) newspaper
D) book
E) printer",,C,,"['C', 'C', 'C', 'A', 'E']",C,True,majority,0.6,"{'C': 3, 'A': 1, 'E': 1}",5,3,0.6,2,False,,SVAMP,LAMA-3.2-3B
1187,baseline,287,"What would friends do if they need each others' help?

Options:
A) call each other
B) group together
C) understand each other
D) meet for lunch
E) part company",,B,,"['C', 'C', 'C', 'C', 'C']",C,False,majority,1.0,{'C': 5},5,0,0.0,0,False,,SVAMP,LAMA-3.2-3B
1188,baseline,288,"What is the main purpose of farmers?

Options:
A) raise cattle
B) grow corn
C) farm land
D) drive tractors
E) supply food",,E,,"['B', 'A', '', 'A', '']",A,False,majority,0.6667,"{'B': 1, 'A': 2}",3,0,0.0,1,False,,SVAMP,LAMA-3.2-3B
1189,baseline,289,"If a storey contained a panoramic view, what kind of structure would it be in?

Options:
A) horizontal room
B) storey book
C) mall
D) tall building
E) book of stories",,D,,"['D', 'D', 'D', 'A', 'D']",D,True,majority,0.8,"{'D': 4, 'A': 1}",5,4,0.8,1,False,,SVAMP,LAMA-3.2-3B
1190,baseline,290,"If you have a home with a courtyard, what's one thing you probably don't have to care for any longer?

Options:
A) lawn
B) kids
C) asshole
D) spain
E) office complex",,A,,"['A', 'A', 'A', 'A', 'A']",A,True,majority,1.0,{'A': 5},5,5,1.0,0,False,,SVAMP,LAMA-3.2-3B
1191,baseline,291,"If you have to read a book that is very dry and long you may become what?

Options:
A) have time
B) boring
C) learn new
D) enjoyable
E) bored",,E,,"['E', 'E', 'E', 'B', 'E']",E,True,majority,0.8,"{'E': 4, 'B': 1}",5,4,0.8,1,False,,SVAMP,LAMA-3.2-3B
1192,baseline,292,"Where is that man buying silk from?

Options:
A) space shuttle
B) theater
C) china
D) indian resteraunt
E) bar",,C,,"['A', 'C', 'C', 'A', 'C']",C,True,majority,0.6,"{'A': 2, 'C': 3}",5,3,0.6,2,False,,SVAMP,LAMA-3.2-3B
1193,baseline,293,"What continent has the most castles?

Options:
A) fairy tale
B) edinburgh
C) germany
D) europe
E) antarctica",,D,,"['D', 'D', 'A', '', 'A']",D,True,refiner_tiebreak,0.6,"{'D': 2, 'A': 2}",5,3,0.6,2,True,True,SVAMP,LAMA-3.2-3B
1194,baseline,294,"If somebody buys something and gives it to me as a free gift, what is the cost status of the gift?

Options:
A) deadly
B) imprisoned
C) paid for
D) expensive
E) in prison",,C,,"['C', 'C', 'C', 'C', 'C']",C,True,majority,1.0,{'C': 5},5,5,1.0,0,False,,SVAMP,LAMA-3.2-3B
1195,baseline,295,"If a person isn't able to pay their bills what must they do?

Options:
A) know everything
B) acknowledgment
C) make more money
D) throw a party
E) spare time",,C,,"['C', 'B', 'C', 'C', 'C']",C,True,majority,0.8,"{'C': 4, 'B': 1}",5,4,0.8,1,False,,SVAMP,LAMA-3.2-3B
1196,baseline,296,"If I have a pet bird, what does it likely live in?

Options:
A) forest
B) bathroom
C) windowsill
D) countryside
E) cage",,E,,"['E', 'E', 'A', 'A', 'A']",A,False,majority,0.6,"{'E': 2, 'A': 3}",5,2,0.4,2,False,,SVAMP,LAMA-3.2-3B
1197,baseline,297,"Where might it be hard to get furniture to?

Options:
A) apartment
B) loft
C) store
D) rug
E) stairs",,B,,"['A', 'A', 'A', 'A', 'B']",A,False,majority,0.8,"{'A': 4, 'B': 1}",5,1,0.2,1,False,,SVAMP,LAMA-3.2-3B
1198,baseline,298,"Who do professors work with?

Options:
A) methods of facts
B) teach courses
C) wear wrinkled tweed jackets
D) school students
E) state facts",,D,,"['D', 'D', 'D', 'D', 'D']",D,True,majority,1.0,{'D': 5},5,5,1.0,0,False,,SVAMP,LAMA-3.2-3B
1199,baseline,299,"Where is a good place to set a cup of coffee while relaxing?

Options:
A) coffee shop
B) kitchen
C) hand
D) table
E) office",,D,,"['A', 'A', 'A', 'A', 'A']",A,False,majority,1.0,{'A': 5},5,0,0.0,0,False,,SVAMP,LAMA-3.2-3B
1200,baseline,300,"Athletes soak in hot tubs to relieve what after playing baseball?

Options:
A) fame
B) errors
C) pain
D) strikes
E) sore muscles",,E,,"['E', 'E', 'E', 'E', 'E']",E,True,majority,1.0,{'E': 5},5,5,1.0,0,False,,SVAMP,LAMA-3.2-3B
1201,baseline,301,"At a grocery store they sell individual potatoes, where does the grocery clerk likely put the potato?

Options:
A) boiling water
B) root cellar
C) rocket ship
D) paper bag
E) underground",,D,,"['B', 'B', 'B', 'B', 'B']",B,False,majority,1.0,{'B': 5},5,0,0.0,0,False,,SVAMP,LAMA-3.2-3B
1202,baseline,302,"John was not happy with his marriage. He and his wife drifted apart.     All and all, recent turns could be described as what?

Options:
A) inappropriate
B) sadness
C) unsatisfied
D) unfortunate
E) disenchanted",,D,,"['A', 'E', 'E', 'E', 'A']",E,False,majority,0.6,"{'A': 2, 'E': 3}",5,0,0.0,2,False,,SVAMP,LAMA-3.2-3B
1203,baseline,303,"If the kitten was going to grow up to be a mouser like it's mother, where should it spend most of it's time?

Options:
A) shelter
B) floor
C) warm place
D) farmhouse
E) living room",,D,,"['E', 'A', 'A', 'A', 'A']",A,False,majority,0.8,"{'E': 1, 'A': 4}",5,0,0.0,1,False,,SVAMP,LAMA-3.2-3B
1204,baseline,304,"Bob the lizard lives in a warm place with lots of water.  Where does he probably live?

Options:
A) rock
B) tropical rainforest
C) jazz club
D) new mexico
E) rocky places",,B,,"['A', 'A', 'A', 'A', 'A']",A,False,majority,1.0,{'A': 5},5,0,0.0,0,False,,SVAMP,LAMA-3.2-3B
1205,baseline,305,"Where would you put some ham if you want to cook it?

Options:
A) hamshackle
B) pizza
C) fridge
D) refrigerator
E) part of meal",,B,,"['', 'D', '', '', 'D']",D,False,majority,1.0,{'D': 2},2,0,0.0,0,False,,SVAMP,LAMA-3.2-3B
1206,baseline,306,"Where can I put this penny to save for later?

Options:
A) piggy bank
B) wallet
C) toy
D) ground
E) pocket",,A,,"['A', 'A', 'A', 'B', 'A']",A,True,majority,0.8,"{'A': 4, 'B': 1}",5,4,0.8,1,False,,SVAMP,LAMA-3.2-3B
1207,baseline,307,"Where is the sky most beautiful?

Options:
A) planetarium
B) outdoors
C) atmosphere
D) night
E) photo",,B,,"['B', 'B', 'B', 'B', 'A']",B,True,majority,0.8,"{'B': 4, 'A': 1}",5,4,0.8,1,False,,SVAMP,LAMA-3.2-3B
1208,baseline,308,"A showroom feature washers and refrigerators, where is this showroom located?

Options:
A) appliance store
B) vegas
C) electronics store
D) car dealership
E) kitchen",,A,,"['A', 'A', 'A', 'A', 'E']",A,True,majority,0.8,"{'A': 4, 'E': 1}",5,4,0.8,1,False,,SVAMP,LAMA-3.2-3B
1209,baseline,309,"What would be necessary for getting in shape?

Options:
A) good health
B) exercise
C) muscle tone
D) sweat
E) feel better",,B,,"['A', 'B', 'B', 'A', 'B']",B,True,majority,0.6,"{'A': 2, 'B': 3}",5,3,0.6,2,False,,SVAMP,LAMA-3.2-3B
1210,baseline,310,"What do the terms need to be in order to compete against someone?

Options:
A) cheat
B) fair
C) in competition
D) practice
E) sabotage",,B,,"['', 'B', 'C', 'B', '']",B,True,majority,0.6667,"{'B': 2, 'C': 1}",3,2,0.6667,1,False,,SVAMP,LAMA-3.2-3B
1211,baseline,311,"What is something children can do while traveling in a car?

Options:
A) listen to music
B) watch television
C) play chess
D) walk
E) play basketball",,A,,"['A', 'A', 'A', 'D', 'A']",A,True,majority,0.8,"{'A': 4, 'D': 1}",5,4,0.8,1,False,,SVAMP,LAMA-3.2-3B
1212,baseline,312,"What is a salesman responsible to do at work?

Options:
A) traveling to chicago
B) get fired
C) books
D) sell products
E) service account",,D,,"['D', 'D', 'D', 'D', 'D']",D,True,majority,1.0,{'D': 5},5,5,1.0,0,False,,SVAMP,LAMA-3.2-3B
1213,baseline,313,"John went to a party that lasted all night.  Because of this, he didn't have time for what?

Options:
A) meeting
B) blowing off steam
C) stay home
D) partying hard
E) studying",,E,,"['A', 'A', 'C', 'A', '']",A,False,majority,0.75,"{'A': 3, 'C': 1}",4,0,0.0,1,False,,SVAMP,LAMA-3.2-3B
1214,baseline,314,"James decided that competing was the right choice.   Not competing has a defined outcome, but if he competes then what could happen?

Options:
A) might win
B) perform better
C) enemies
D) winners and losers
E) lose",,A,,"['B', 'B', 'B', 'B', 'B']",B,False,majority,1.0,{'B': 5},5,0,0.0,0,False,,SVAMP,LAMA-3.2-3B
1215,baseline,315,"While waiting for this appointment, people often read magazines.

Options:
A) doctor
B) train station
C) newsagent
D) market
E) table",,A,,"['A', 'C', 'C', 'C', 'B']",C,False,majority,0.6,"{'A': 1, 'C': 3, 'B': 1}",5,1,0.2,2,False,,SVAMP,LAMA-3.2-3B
1216,baseline,316,"Metal is used to make what?

Options:
A) junkyard
B) ore
C) instruments
D) metal fabrication shop
E) bowls",,C,,"['C', 'B', 'A', 'C', 'D']",C,True,majority,0.4,"{'C': 2, 'B': 1, 'A': 1, 'D': 1}",5,2,0.4,3,False,,SVAMP,LAMA-3.2-3B
1217,baseline,317,"What are people likely to do when an unexpected decent outcome occurs?

Options:
A) kill each other
B) thank god
C) experience pain
D) hatred
E) talk to each other",,B,,"['B', 'B', 'B', 'B', 'A']",B,True,majority,0.8,"{'B': 4, 'A': 1}",5,4,0.8,1,False,,SVAMP,LAMA-3.2-3B
1218,baseline,318,"Women used to be expected to wear a dress but it's now acceptable for them to wear what?

Options:
A) man suit
B) pants
C) naked
D) action
E) long skirt",,B,,"['E', 'B', 'E', 'E', 'E']",E,False,majority,0.8,"{'E': 4, 'B': 1}",5,1,0.2,1,False,,SVAMP,LAMA-3.2-3B
1219,baseline,319,"If student got a list of supplies from class like paper and pencils, their parent would have to go where?

Options:
A) classroom
B) parking garage
C) store
D) backpack
E) cabinet",,C,,"['A', 'C', 'A', 'B', 'A']",A,False,majority,0.6,"{'A': 3, 'C': 1, 'B': 1}",5,1,0.2,2,False,,SVAMP,LAMA-3.2-3B
1220,baseline,320,"Joe found spiders while checking something outside.  What might that be?

Options:
A) cupboard
B) closet
C) storage bag
D) mail box
E) garage",,D,,"['E', 'A', 'A', 'C', 'E']",E,False,refiner_tiebreak,0.5,"{'E': 2, 'A': 2, 'C': 1}",6,0,0.0,3,True,False,SVAMP,LAMA-3.2-3B
1221,baseline,321,"The runner was in third place, but he pushed harder and thought he might be able to reach second.  What was beginning to do?

Options:
A) near finish line
B) finish
C) get tired
D) gain ground
E) trip over",,D,,"['A', 'D', 'D', 'D', 'D']",D,True,majority,0.8,"{'A': 1, 'D': 4}",5,4,0.8,1,False,,SVAMP,LAMA-3.2-3B
1222,baseline,322,"In basic training they build you up only to do what, all in hopes of building you up even stronger the next time?

Options:
A) destroying
B) tear down
C) raze
D) mutilate
E) demolition",,B,,"['B', 'B', 'B', 'B', 'B']",B,True,majority,1.0,{'B': 5},5,5,1.0,0,False,,SVAMP,LAMA-3.2-3B
1223,baseline,323,"If someone rules the universe of what are they in charge?

Options:
A) classroom
B) football game
C) everything
D) text book
E) lawbook",,C,,"['C', 'C', 'C', 'C', 'C']",C,True,majority,1.0,{'C': 5},5,5,1.0,0,False,,SVAMP,LAMA-3.2-3B
1224,baseline,324,"Where is a broadcast studio likely to be heard?

Options:
A) microphone
B) arena
C) radio station
D) trees
E) town",,C,,"['A', 'A', 'A', 'A', 'A']",A,False,majority,1.0,{'A': 5},5,0,0.0,0,False,,SVAMP,LAMA-3.2-3B
1225,baseline,325,"What do parents tell a child to do on the weekend?

Options:
A) study
B) begin school
C) go out to play
D) row boat
E) clean room",,C,,"['B', 'B', 'B', 'B', 'B']",B,False,majority,1.0,{'B': 5},5,0,0.0,0,False,,SVAMP,LAMA-3.2-3B
1226,baseline,326,"He wanted lodging in the actual what, so that he was already where he needed to be?

Options:
A) a yurt
B) resort area
C) big city
D) michigan
E) going on vacation",,B,,"['A', 'A', 'C', 'B', 'B']",A,False,refiner_tiebreak,0.5,"{'A': 2, 'C': 1, 'B': 2}",6,2,0.3333,3,True,False,SVAMP,LAMA-3.2-3B
1227,baseline,327,"What do children require to grow up healthy?

Options:
A) need care
B) come home
C) fast food
D) watch television
E) wash dishes",,A,,"['A', 'A', 'A', 'A', 'A']",A,True,majority,1.0,{'A': 5},5,5,1.0,0,False,,SVAMP,LAMA-3.2-3B
1228,baseline,328,"What would not be true about a basketball if it had a hole in it but it did not lose its general shape?

Options:
A) punctured
B) popular in america
C) full of air
D) gone
E) round",,C,,"['C', 'C', 'C', 'C', 'D']",C,True,majority,0.8,"{'C': 4, 'D': 1}",5,4,0.8,1,False,,SVAMP,LAMA-3.2-3B
1229,baseline,329,"What do people typically do while playing guitar?

Options:
A) cry
B) hear sounds
C) singing
D) arthritis
E) making music",,C,,"['E', 'E', 'E', 'E', 'E']",E,False,majority,1.0,{'E': 5},5,0,0.0,0,False,,SVAMP,LAMA-3.2-3B
1230,baseline,330,"What can happen if you are buying products that someone else does not want you to buy?

Options:
A) joy
B) disagreements
C) agony
D) pleasure
E) owning",,B,,"['A', 'A', 'A', 'B', 'B']",A,False,majority,0.6,"{'A': 3, 'B': 2}",5,2,0.4,2,False,,SVAMP,LAMA-3.2-3B
1231,baseline,331,"Sam wasn't lying, but he left out important details. He was being what?

Options:
A) dishonesty
B) deceitful
C) imagination
D) deceptive
E) poker face",,B,,"['A', '', 'D', 'D', 'A']",D,False,refiner_tiebreak,0.6,"{'A': 2, 'D': 2}",5,0,0.0,2,True,False,SVAMP,LAMA-3.2-3B
1232,baseline,332,"Joe plays a percussion instrument in something.  What might be play in?

Options:
A) own home
B) music store
C) marching band
D) orchestra
E) party",,D,,"['D', 'C', 'D', 'D', 'C']",D,True,majority,0.6,"{'D': 3, 'C': 2}",5,3,0.6,2,False,,SVAMP,LAMA-3.2-3B
1233,baseline,333,"When learning about the world and different cultures, what is important if you are committed to eliminating preconceived notions

Options:
A) newness
B) loss of innocence
C) enlightenment
D) open mind
E) smartness",,D,,"['A', 'D', 'D', 'D', 'D']",D,True,majority,0.8,"{'A': 1, 'D': 4}",5,4,0.8,1,False,,SVAMP,LAMA-3.2-3B
1234,baseline,334,"If you are awaking multiple times throughout the night because a lot is on your mind, what is a likely cause?

Options:
A) irritability
B) depression
C) getting out of bed
D) happiness
E) discomfort",,B,,"['A', 'B', 'B', 'B', 'E']",B,True,majority,0.6,"{'A': 1, 'B': 3, 'E': 1}",5,3,0.6,2,False,,SVAMP,LAMA-3.2-3B
1235,baseline,335,"Where could you go to between 1000 and 10000 restaurant?

Options:
A) big city
B) town
C) small town
D) canada
E) yellow pages",,A,,"['A', 'A', 'A', 'A', 'A']",A,True,majority,1.0,{'A': 5},5,5,1.0,0,False,,SVAMP,LAMA-3.2-3B
1236,baseline,336,"Who is the guard here for?

Options:
A) man post
B) attack
C) intimidation
D) prisoner
E) unprotected",,D,,"['A', 'A', 'E', 'A', 'A']",A,False,majority,0.8,"{'A': 4, 'E': 1}",5,0,0.0,1,False,,SVAMP,LAMA-3.2-3B
1237,baseline,337,"If you're attending school and are falling asleep you're likely experiencing what?

Options:
A) boredom
B) malaria
C) graduate
D) inspiration
E) detention",,A,,"['A', 'A', 'A', 'A', 'A']",A,True,majority,1.0,{'A': 5},5,5,1.0,0,False,,SVAMP,LAMA-3.2-3B
1238,baseline,338,"John wanted scatter his wife's remains in a lake in the wilderness.  He had to delay before of where he lived.  Where did he live?

Options:
A) mountains
B) dead body
C) pay debts
D) state park
E) new york",,E,,"['D', 'B', 'D', 'D', 'D']",D,False,majority,0.8,"{'D': 4, 'B': 1}",5,0,0.0,1,False,,SVAMP,LAMA-3.2-3B
1239,baseline,339,"James loved to surf but he wasn't good at it. He would always do what?

Options:
A) wipe out
B) enjoy yourself
C) start fighting
D) get wet
E) drown",,A,,"['B', 'D', 'B', 'B', 'B']",B,False,majority,0.8,"{'B': 4, 'D': 1}",5,0,0.0,1,False,,SVAMP,LAMA-3.2-3B
1240,baseline,340,"A man takes a seat at a museum outside of Barcelona, where is he likely?

Options:
A) in cinema
B) martorell
C) falling down
D) show
E) airplane",,B,,"['', 'A', '', 'A', 'A']",A,False,majority,1.0,{'A': 3},3,0,0.0,0,False,,SVAMP,LAMA-3.2-3B
1241,baseline,341,"When you do something and have fun, its something you?

Options:
A) spontaneous
B) stop working
C) pay for
D) do like
E) do enjoy",,E,,"['E', 'E', 'E', 'E', 'E']",E,True,majority,1.0,{'E': 5},5,5,1.0,0,False,,SVAMP,LAMA-3.2-3B
1242,baseline,342,"What could a driving car do to a pedestrian?

Options:
A) say hello
B) wreak
C) pollution
D) smoke
E) relaxation",,B,,"['A', 'A', 'A', 'A', 'A']",A,False,majority,1.0,{'A': 5},5,0,0.0,0,False,,SVAMP,LAMA-3.2-3B
1243,baseline,343,"Where do people want to have a lot of coffee?

Options:
A) table
B) office
C) desk
D) kitchen
E) ocean",,B,,"['B', 'B', 'D', 'B', 'B']",B,True,majority,0.8,"{'B': 4, 'D': 1}",5,4,0.8,1,False,,SVAMP,LAMA-3.2-3B
1244,baseline,344,"If not in a stream but in a market where will you find fish?

Options:
A) stream
B) aquarium
C) refrigerator
D) boat ride
E) market",,C,,"['B', 'A', 'B', 'A', 'E']",B,False,coin_flip,0.3333,"{'B': 2, 'A': 2, 'E': 1}",6,0,0.0,4,True,False,SVAMP,LAMA-3.2-3B
1245,baseline,345,"What is someone doing when scheduling when to go to party?

Options:
A) rumpspringa
B) meeting new people
C) having fun
D) meet new people
E) plan",,E,,"['D', 'D', 'D', 'D', 'E']",D,False,majority,0.8,"{'D': 4, 'E': 1}",5,1,0.2,1,False,,SVAMP,LAMA-3.2-3B
1246,baseline,346,"Where would a cat snuggle up with their human?

Options:
A) floor
B) humane society
C) bed
D) comfortable chair
E) window sill",,D,,"['A', 'C', 'C', 'C', 'C']",C,False,majority,0.8,"{'A': 1, 'C': 4}",5,0,0.0,1,False,,SVAMP,LAMA-3.2-3B
1247,baseline,347,"Where would you need to use a lantern?

Options:
A) grocery store
B) antique shop
C) house
D) dark place
E) street",,D,,"['A', 'A', 'C', 'A', 'A']",A,False,majority,0.8,"{'A': 4, 'C': 1}",5,0,0.0,1,False,,SVAMP,LAMA-3.2-3B
1248,baseline,348,"The electrode wouldn't spark, it turned out that the what hadn't been connected?

Options:
A) battery
B) electronic equipment
C) electrolytic cell
D) charge
E) tube",,A,,"['C', 'A', 'B', 'C', 'D']",C,False,majority,0.4,"{'C': 2, 'A': 1, 'B': 1, 'D': 1}",5,1,0.2,3,False,,SVAMP,LAMA-3.2-3B
1249,baseline,349,"What is the best way to begin going into trance?

Options:
A) religious experience
B) closed eyes
C) loss of control
D) sleep
E) hallucination",,B,,"['A', '', 'A', 'A', 'A']",A,False,majority,1.0,{'A': 4},4,0,0.0,0,False,,SVAMP,LAMA-3.2-3B
1250,baseline,350,"Of all the sports, Billy enjoys football, but what does his concerned mother think of the sport?

Options:
A) very entertaining
B) fun
C) slow
D) competitive
E) violent",,E,,"['E', 'A', 'E', 'C', 'A']",A,False,refiner_tiebreak,0.5,"{'E': 2, 'A': 2, 'C': 1}",6,2,0.3333,3,True,False,SVAMP,LAMA-3.2-3B
1251,baseline,351,"Where is the first place someone leaving the planet ends up?

Options:
A) pay debts
B) galaxy
C) outer space
D) orbit
E) universe",,C,,"['A', 'E', 'C', 'A', 'C']",C,True,refiner_tiebreak,0.5,"{'A': 2, 'E': 1, 'C': 2}",6,3,0.5,3,True,True,SVAMP,LAMA-3.2-3B
1252,baseline,352,"The hardcovers were especially tall, so he removed a shelf on the what to make room?

Options:
A) chest of drawers
B) grocery store
C) hold alcohol
D) nightstand
E) bookcase",,E,,"['E', 'E', 'E', 'A', 'A']",E,True,majority,0.6,"{'E': 3, 'A': 2}",5,3,0.6,2,False,,SVAMP,LAMA-3.2-3B
1253,baseline,353,"What room is likely to have a sideboard on the counter?

Options:
A) home
B) serve food buffet
C) dining room
D) living room
E) kitchen",,E,,"['E', 'E', 'E', 'E', 'E']",E,True,majority,1.0,{'E': 5},5,5,1.0,0,False,,SVAMP,LAMA-3.2-3B
1254,baseline,354,"A good interview after applying for a job may cause you to feel what?

Options:
A) offer
B) income
C) rejection
D) hostile
E) hope",,E,,"['C', 'E', 'E', 'C', 'A']",E,True,refiner_tiebreak,0.5,"{'C': 2, 'E': 2, 'A': 1}",6,3,0.5,3,True,True,SVAMP,LAMA-3.2-3B
1255,baseline,355,"Reading newspaper one of many ways to practice your what?

Options:
A) literacy
B) knowing how to read
C) money
D) buying
E) money bank",,A,,"['B', 'B', 'B', 'B', 'B']",B,False,majority,1.0,{'B': 5},5,0,0.0,0,False,,SVAMP,LAMA-3.2-3B
1256,baseline,356,"Piece of land in Canada where you can find marmot?

Options:
A) north america
B) united states
C) vancouver island
D) american
E) cage",,C,,"['A', 'B', 'D', 'A', 'D']",A,False,coin_flip,0.3333,"{'A': 2, 'B': 1, 'D': 2}",6,1,0.1667,4,True,True,SVAMP,LAMA-3.2-3B
1257,baseline,357,"What can happen when you contemplate alone for a long time?

Options:
A) daydream
B) headache
C) get ideas
D) sleep
E) become distracted",,A,,"['C', 'A', 'A', 'A', 'A']",A,True,majority,0.8,"{'C': 1, 'A': 4}",5,4,0.8,1,False,,SVAMP,LAMA-3.2-3B
1258,baseline,358,"A potato is kept in the cellar, where is likely to be stored?

Options:
A) farmer's market
B) grocery bag
C) pantry
D) bushel basket
E) fridge",,D,,"['E', 'C', 'C', 'E', 'C']",C,False,majority,0.6,"{'E': 2, 'C': 3}",5,0,0.0,2,False,,SVAMP,LAMA-3.2-3B
1259,baseline,359,"Joe owned back taxes as well as what other type of taxes?

Options:
A) anterior
B) front
C) main
D) front
E) current",,E,,"['A', 'A', 'A', '', '']",A,False,majority,1.0,{'A': 3},3,0,0.0,0,False,,SVAMP,LAMA-3.2-3B
1260,baseline,360,"What does a person from Avalon live in?

Options:
A) pain
B) meaningful work
C) english house
D) cotton candy
E) headache",,C,,"['C', 'B', 'A', 'C', 'B']",C,True,refiner_tiebreak,0.5,"{'C': 2, 'B': 2, 'A': 1}",6,3,0.5,3,True,True,SVAMP,LAMA-3.2-3B
1261,baseline,361,"Seafood restaurants are used to draw tourists where?

Options:
A) maine
B) shoe shop
C) city
D) boston
E) coastal cities",,E,,"['B', 'E', 'A', 'E', 'A']",E,True,coin_flip,0.3333,"{'B': 1, 'E': 2, 'A': 2}",6,2,0.3333,4,True,False,SVAMP,LAMA-3.2-3B
1262,baseline,362,"He was on trial for obstructing justice, during which he made a questionable comment and was also found guilty of what?

Options:
A) prosecution
B) getting hurt
C) sweat
D) steam
E) committing perjury",,E,,"['A', 'E', 'C', 'B', 'B']",B,False,majority,0.4,"{'A': 1, 'E': 1, 'C': 1, 'B': 2}",5,1,0.2,3,False,,SVAMP,LAMA-3.2-3B
1263,baseline,363,"How does someone go about buying beer?

Options:
A) have no money
B) pants
C) relaxation
D) lose money
E) spend money",,E,,"['A', 'A', 'E', 'A', 'E']",A,False,majority,0.6,"{'A': 3, 'E': 2}",5,2,0.4,2,False,,SVAMP,LAMA-3.2-3B
1264,baseline,364,"Sally thought that competing wasn't worth the risk. If she pushed more what might happen?

Options:
A) pressure
B) trying harder
C) put harder
D) enemies
E) death",,E,,"['B', 'A', '', 'A', 'A']",A,False,majority,0.75,"{'B': 1, 'A': 3}",4,0,0.0,1,False,,SVAMP,LAMA-3.2-3B
1265,baseline,365,"What would encourage someone to continue playing tennis?

Options:
A) becoming tired
B) tennis elbow
C) exercise
D) hunger
E) victory",,E,,"['A', 'E', 'A', 'A', 'A']",A,False,majority,0.8,"{'A': 4, 'E': 1}",5,1,0.2,1,False,,SVAMP,LAMA-3.2-3B
1266,baseline,366,"The pitcher felt stress and tension on the mound, what did he feel like?

Options:
A) desert
B) baseball field
C) hell
D) baseball diamond
E) baseball stadium",,C,,"['C', 'C', 'C', 'C', 'C']",C,True,majority,1.0,{'C': 5},5,5,1.0,0,False,,SVAMP,LAMA-3.2-3B
1267,baseline,367,"Where would walk through a central passage to catch an elevator?

Options:
A) tomb
B) arena
C) access rooms
D) public building
E) house",,D,,"['', 'A', 'A', 'A', 'A']",A,False,majority,1.0,{'A': 4},4,0,0.0,0,False,,SVAMP,LAMA-3.2-3B
1268,baseline,368,"I couldn't find anybody who recalled the event, what were they adroit at doing?

Options:
A) question authority
B) act fool
C) wash dishes
D) act innocent
E) forget",,E,,"['', 'A', 'A', 'A', 'A']",A,False,majority,1.0,{'A': 4},4,0,0.0,0,False,,SVAMP,LAMA-3.2-3B
1269,baseline,369,"What is it called when you are talking to someone?

Options:
A) communication
B) quiet
C) boredom
D) persuaded
E) learn",,A,,"['A', 'A', 'A', 'A', 'A']",A,True,majority,1.0,{'A': 5},5,5,1.0,0,False,,SVAMP,LAMA-3.2-3B
1270,baseline,370,"The man flew his airplane over the city and saw pollution visibly in the sky, what was polluted?

Options:
A) forest
B) street
C) air
D) caused by humans
E) car show",,C,,"['D', 'C', 'C', 'D', 'D']",D,False,majority,0.6,"{'D': 3, 'C': 2}",5,2,0.4,2,False,,SVAMP,LAMA-3.2-3B
1271,baseline,371,"John loved his snake.  It was the only ting he loved. He hated everyone else and was abrasive to most people, but he loved his snake.   How might you describe the snake?

Options:
A) sun itself
B) tropical forest
C) pet
D) rude
E) sharp",,C,,"['', 'A', 'A', 'A', 'C']",A,False,majority,0.75,"{'A': 3, 'C': 1}",4,1,0.25,1,False,,SVAMP,LAMA-3.2-3B
1272,baseline,372,"What to kids do for boredom on a ramp?

Options:
A) watch film
B) fire game
C) hang out at bar
D) go skiing
E) skateboard",,E,,"['E', 'A', 'A', 'E', 'E']",E,True,majority,0.6,"{'E': 3, 'A': 2}",5,3,0.6,2,False,,SVAMP,LAMA-3.2-3B
1273,baseline,373,"What is the word added to Manchester that signifies what county it is in?

Options:
A) england
B) united kingdome
C) lancashire
D) greater manchester
E) cheshire",,D,,"['C', 'D', 'D', 'D', 'A']",D,True,majority,0.6,"{'C': 1, 'D': 3, 'A': 1}",5,3,0.6,2,False,,SVAMP,LAMA-3.2-3B
1274,baseline,374,"What do you do when you're in a new place and want to see new things?

Options:
A) interesting
B) look around
C) take pictures
D) change of surroundings
E) new experience",,B,,"['B', 'D', 'E', 'B', 'B']",B,True,majority,0.6,"{'B': 3, 'D': 1, 'E': 1}",5,3,0.6,2,False,,SVAMP,LAMA-3.2-3B
1275,baseline,375,"The hostess was good at her job, she always had a smile when she would what?

Options:
A) group people
B) ready parlor for guests
C) welcome guests
D) work room
E) park",,C,,"['C', 'C', 'C', 'C', 'C']",C,True,majority,1.0,{'C': 5},5,5,1.0,0,False,,SVAMP,LAMA-3.2-3B
1276,baseline,376,"This is an unavoidable physiological consequence of running.  What is it?

Options:
A) breathlessness
B) increased heart rate
C) falling down
D) muscle bulk
E) calluses",,B,,"['B', 'B', 'A', 'A', 'B']",B,True,majority,0.6,"{'B': 3, 'A': 2}",5,3,0.6,2,False,,SVAMP,LAMA-3.2-3B
1277,baseline,377,"Where does a child likely sit at a desk?

Options:
A) furniture store
B) schoolroom
C) patio
D) office building
E) library",,B,,"['B', 'A', 'B', 'A', 'A']",A,False,majority,0.6,"{'B': 2, 'A': 3}",5,2,0.4,2,False,,SVAMP,LAMA-3.2-3B
1278,baseline,378,"What is made up of people?

Options:
A) buildings
B) audience
C) apartment
D) classroom
E) falling down",,B,,"['B', 'B', 'B', 'B', 'B']",B,True,majority,1.0,{'B': 5},5,5,1.0,0,False,,SVAMP,LAMA-3.2-3B
1279,baseline,379,"He kept plugging away in his cubicle, it seemed he was the only person not called into the what?

Options:
A) building
B) conference
C) assessment
D) demonstration
E) garage",,B,,"['A', 'A', 'A', 'B', 'A']",A,False,majority,0.8,"{'A': 4, 'B': 1}",5,1,0.2,1,False,,SVAMP,LAMA-3.2-3B
1280,baseline,380,"Everybody began performing once their director stated what?

Options:
A) fear
B) injury
C) happiness
D) action
E) cut",,D,,"['D', 'D', 'D', 'D', 'D']",D,True,majority,1.0,{'D': 5},5,5,1.0,0,False,,SVAMP,LAMA-3.2-3B
1281,baseline,381,"If while driving to work another car makes a careless maneuver, what emotion might you feel?

Options:
A) boredom
B) happiness
C) transportation cost
D) getting there
E) road rage",,E,,"['E', 'E', 'A', 'A', 'A']",A,False,majority,0.6,"{'E': 2, 'A': 3}",5,2,0.4,2,False,,SVAMP,LAMA-3.2-3B
1282,baseline,382,"When a person is beginning work, what are they building?

Options:
A) time
B) accomplishing
C) working
D) momentum
E) tiredness",,D,,"['C', 'C', 'C', 'C', 'C']",C,False,majority,1.0,{'C': 5},5,0,0.0,0,False,,SVAMP,LAMA-3.2-3B
1283,baseline,383,"A mountie got off at a subway stop.  What city might he be in?

Options:
A) urban area
B) metropolis
C) chicago
D) new york city
E) toronto",,E,,"['A', 'E', 'A', 'A', 'A']",A,False,majority,0.8,"{'A': 4, 'E': 1}",5,1,0.2,1,False,,SVAMP,LAMA-3.2-3B
1284,baseline,384,"What does someone do to relax at night?

Options:
A) find time
B) check mail
C) listen to music
D) go to bed
E) stop worrying",,D,,"['A', 'A', 'A', 'D', 'A']",A,False,majority,0.8,"{'A': 4, 'D': 1}",5,1,0.2,1,False,,SVAMP,LAMA-3.2-3B
1285,baseline,385,"There was many a bottle to choose from behind the cashier where?

Options:
A) grocery store
B) diaper bag
C) gas station
D) liquor store
E) medicine cabinet",,D,,"['A', 'B', 'A', 'A', 'D']",A,False,majority,0.6,"{'A': 3, 'B': 1, 'D': 1}",5,1,0.2,2,False,,SVAMP,LAMA-3.2-3B
1286,baseline,386,"Why does someone want to examine thing closely?

Options:
A) buy
B) learn about
C) buy
D) complex
E) interesting",,B,,"['B', 'B', 'B', 'B', 'B']",B,True,majority,1.0,{'B': 5},5,5,1.0,0,False,,SVAMP,LAMA-3.2-3B
1287,baseline,387,"What is the result of applying for  job?

Options:
A) anxiety and fear
B) increased workload
C) praise
D) less sleep
E) being employed",,E,,"['E', 'E', 'E', 'A', 'E']",E,True,majority,0.8,"{'E': 4, 'A': 1}",5,4,0.8,1,False,,SVAMP,LAMA-3.2-3B
1288,baseline,388,"Where are  you likely to find a hamburger?

Options:
A) fast food restaurant
B) pizza
C) ground up dead cows
D) mouth
E) cow carcus",,A,,"['A', 'A', 'A', 'A', 'A']",A,True,majority,1.0,{'A': 5},5,5,1.0,0,False,,SVAMP,LAMA-3.2-3B
1289,baseline,389,"What does the sky do before a rain?

Options:
A) appear beautiful
B) appear blue
C) shows a rainbow
D) rain water
E) cloud over",,E,,"['B', 'B', 'B', 'D', 'B']",B,False,majority,0.8,"{'B': 4, 'D': 1}",5,0,0.0,1,False,,SVAMP,LAMA-3.2-3B
1290,baseline,390,"The rats were hiding in the house, where were they?

Options:
A) sewers
B) laboratory
C) basement
D) clinic
E) cellar",,E,,"['C', 'C', 'D', 'A', 'C']",C,False,majority,0.6,"{'C': 3, 'D': 1, 'A': 1}",5,0,0.0,2,False,,SVAMP,LAMA-3.2-3B
1291,baseline,391,"What does a successful dog grooming session likely to make a owner feel?

Options:
A) cleanliness
B) mistakes
C) growth
D) satisfaction
E) late",,D,,"['D', 'A', 'A', 'A', 'A']",A,False,majority,0.8,"{'D': 1, 'A': 4}",5,1,0.2,1,False,,SVAMP,LAMA-3.2-3B
1292,baseline,392,"What attraction is sometimes so large that you need a map to find your way around?

Options:
A) amusement park
B) truck stop
C) mcdonalds
D) backpack
E) classroom",,A,,"['B', 'B', 'B', 'B', 'B']",B,False,majority,1.0,{'B': 5},5,0,0.0,0,False,,SVAMP,LAMA-3.2-3B
1293,baseline,393,"The child wasn't allowed in the kitchen but still wanted to help, what could it do to help in the dining room?

Options:
A) set table
B) form opinions
C) make honey
D) become adult
E) gather flowers",,A,,"['A', '', '', '', 'A']",A,True,majority,1.0,{'A': 2},2,2,1.0,0,False,,SVAMP,LAMA-3.2-3B
1294,baseline,394,"Where would you keep an ottoman near your front door?

Options:
A) living room
B) parlor
C) furniture store
D) basement
E) kitchen",,A,,"['B', 'A', 'A', 'E', 'B']",A,True,refiner_tiebreak,0.5,"{'B': 2, 'A': 2, 'E': 1}",6,3,0.5,3,True,True,SVAMP,LAMA-3.2-3B
1295,baseline,395,"Where would you get some wood if you do not have any?

Options:
A) carpet
B) boat
C) river
D) lumberyard
E) synagogue",,D,,"['A', 'A', 'A', 'A', 'A']",A,False,majority,1.0,{'A': 5},5,0,0.0,0,False,,SVAMP,LAMA-3.2-3B
1296,baseline,396,"Eating breakfast in bed while seeing a homeless person shivering outside your window may cause you to what?

Options:
A) mess
B) hungry
C) feel guilty
D) indigestion
E) spills",,C,,"['B', 'B', 'B', 'A', 'A']",B,False,majority,0.6,"{'B': 3, 'A': 2}",5,0,0.0,2,False,,SVAMP,LAMA-3.2-3B
1297,baseline,397,"In what country are the most fast food restaurants?

Options:
A) new york
B) blocks of flats
C) center of town
D) america
E) big cities",,D,,"['D', 'E', 'D', 'D', 'D']",D,True,majority,0.8,"{'D': 4, 'E': 1}",5,4,0.8,1,False,,SVAMP,LAMA-3.2-3B
1298,baseline,398,"The music was festive but why are the horses dancing in circles

Options:
A) carnival
B) night club
C) theatre
D) opera
E) ringmaster",,A,,"['E', 'D', 'D', 'D', 'A']",D,False,majority,0.6,"{'E': 1, 'D': 3, 'A': 1}",5,1,0.2,2,False,,SVAMP,LAMA-3.2-3B
1299,baseline,399,"The electricity went out and everyone was shrouded in darkness.  They all remained in their seats, because it would have been dangerous to try to find there way out.  Where mihgt they have been?

Options:
A) opera
B) concert
C) basement
D) bedroom
E) grand canyon",,A,,"['B', 'C', 'D', 'C', 'C']",C,False,majority,0.6,"{'B': 1, 'C': 3, 'D': 1}",5,0,0.0,2,False,,SVAMP,LAMA-3.2-3B
1300,baseline,400,"The person tried to reduce his weight with a shrink ray, but he got it backwards and only did what?

Options:
A) grow
B) gain weight
C) make larger
D) augment
E) get bigger",,C,,"['B', 'B', 'B', 'B', 'A']",B,False,majority,0.8,"{'B': 4, 'A': 1}",5,0,0.0,1,False,,SVAMP,LAMA-3.2-3B
1301,baseline,401,"What is the main purpose of having a bath?

Options:
A) cleanness
B) wetness
C) exfoliation
D) use water
E) hygiene",,A,,"['A', 'A', 'A', 'A', 'A']",A,True,majority,1.0,{'A': 5},5,5,1.0,0,False,,SVAMP,LAMA-3.2-3B
1302,baseline,402,"The child was getting many gifts for his birthday, his father reminded him to do what after opening each one?

Options:
A) show appreciation
B) asking for
C) exchanging
D) say thank
E) smile",,D,,"['A', 'A', 'D', 'D', 'B']",A,False,refiner_tiebreak,0.5,"{'A': 2, 'D': 2, 'B': 1}",6,2,0.3333,3,True,False,SVAMP,LAMA-3.2-3B
1303,baseline,403,"Joe's cat smelled something delicious and jumped into this, causing him to panic and fear for its life. Where might it have jumped?

Options:
A) meat loaf
B) bedroom
C) microwave
D) living room
E) floor",,C,,"['A', 'A', 'C', 'A', 'A']",A,False,majority,0.8,"{'A': 4, 'C': 1}",5,1,0.2,1,False,,SVAMP,LAMA-3.2-3B
1304,baseline,404,"What very large group of western citizens has bees everywhere?

Options:
A) united states
B) space station
C) trash can
D) field of flowers
E) bouquet of flowers",,A,,"['A', 'D', 'A', 'A', 'D']",A,True,majority,0.6,"{'A': 3, 'D': 2}",5,3,0.6,2,False,,SVAMP,LAMA-3.2-3B
1305,baseline,405,"Where would you find a basement that can be accessed with an elevator?

Options:
A) eat cake
B) closet
C) church
D) office building
E) own house",,D,,"['D', 'E', 'E', 'E', 'D']",E,False,majority,0.6,"{'D': 2, 'E': 3}",5,2,0.4,2,False,,SVAMP,LAMA-3.2-3B
1306,baseline,406,"What must a student in engineering do?

Options:
A) answer question
B) learn language
C) do mathematics
D) be able to count
E) begin to study",,C,,"['A', 'E', 'C', 'E', 'A']",E,False,refiner_tiebreak,0.5,"{'A': 2, 'E': 2, 'C': 1}",6,1,0.1667,3,True,False,SVAMP,LAMA-3.2-3B
1307,baseline,407,"Who is a police officer likely to work for?

Options:
A) beat
B) direct traffic
C) city
D) street
E) president",,C,,"['A', 'A', 'A', 'A', 'A']",A,False,majority,1.0,{'A': 5},5,0,0.0,0,False,,SVAMP,LAMA-3.2-3B
1308,baseline,408,"The princess was pure, the evil wizard wished to do what to her?

Options:
A) dirty
B) tarnish
C) corrupt
D) contaminated
E) applied",,C,,"['C', 'C', 'B', 'C', 'A']",C,True,majority,0.6,"{'C': 3, 'B': 1, 'A': 1}",5,3,0.6,2,False,,SVAMP,LAMA-3.2-3B
1309,baseline,409,"Where would you expect to find a dictionary along side other writings you can borrow?

Options:
A) classroom
B) shelf
C) explain meaning of words
D) table
E) library",,E,,"['A', 'E', 'E', 'E', 'E']",E,True,majority,0.8,"{'A': 1, 'E': 4}",5,4,0.8,1,False,,SVAMP,LAMA-3.2-3B
1310,baseline,410,"I want to use string to keep something from moving, how should I do it?

Options:
A) tie around
B) wind around
C) weave
D) stringbed
E) ball up",,A,,"['D', 'A', 'D', 'B', 'A']",D,False,refiner_tiebreak,0.5,"{'D': 2, 'A': 2, 'B': 1}",6,2,0.3333,3,True,False,SVAMP,LAMA-3.2-3B
1311,baseline,411,"What might someone believe in if they are cleaning clothes?

Options:
A) feminism
B) sanitation
C) ruined
D) wrinkles
E) buttons to fall off",,B,,"['A', 'E', 'A', 'B', 'B']",A,False,coin_flip,0.3333,"{'A': 2, 'E': 1, 'B': 2}",6,2,0.3333,4,True,False,SVAMP,LAMA-3.2-3B
1312,baseline,412,"What happens when driving?

Options:
A) lack of fuel
B) paint scratching
C) wheels turning
D) tire wear
E) traffic accident",,C,,"['D', 'D', 'A', 'D', 'D']",D,False,majority,0.8,"{'D': 4, 'A': 1}",5,0,0.0,1,False,,SVAMP,LAMA-3.2-3B
1313,baseline,413,"What can machines do that humans cannot?

Options:
A) fail to work
B) perform work
C) answering questions
D) see work
E) fly",,E,,"['B', 'B', 'B', 'B', 'B']",B,False,majority,1.0,{'B': 5},5,0,0.0,0,False,,SVAMP,LAMA-3.2-3B
1314,baseline,414,"He needed more information to fix it, so he consulted the what?

Options:
A) chickens
B) google
C) newspaper
D) online
E) manual",,E,,"['B', 'B', 'B', 'B', 'B']",B,False,majority,1.0,{'B': 5},5,0,0.0,0,False,,SVAMP,LAMA-3.2-3B
1315,baseline,415,"While people just throw coins down them now, what originally had a pail to be lowered for it's intended use?

Options:
A) garage
B) utility room
C) slide
D) wishing well
E) garden",,D,,"['D', 'D', 'D', 'D', 'D']",D,True,majority,1.0,{'D': 5},5,5,1.0,0,False,,SVAMP,LAMA-3.2-3B
1316,baseline,416,"If a reception is held with hotel guests walking by, what is the likely venue?

Options:
A) room service
B) church basement
C) lobby
D) large room
E) country club",,C,,"['C', 'A', 'A', 'C', 'C']",C,True,majority,0.6,"{'C': 3, 'A': 2}",5,3,0.6,2,False,,SVAMP,LAMA-3.2-3B
1317,baseline,417,"If I wanted to grow plants, where could I put a lot of dirt?

Options:
A) corner
B) street
C) closet
D) garden
E) bathtub",,D,,"['A', 'D', 'D', 'D', 'D']",D,True,majority,0.8,"{'A': 1, 'D': 4}",5,4,0.8,1,False,,SVAMP,LAMA-3.2-3B
1318,baseline,418,"Killing people should not cause what emotion?

Options:
A) vengeance
B) going to prison
C) joy
D) afraid
E) terrible",,C,,"['B', 'B', 'A', 'A', 'D']",A,False,refiner_tiebreak,0.5,"{'B': 2, 'A': 2, 'D': 1}",6,0,0.0,3,True,False,SVAMP,LAMA-3.2-3B
1319,baseline,419,"Where would you buy a finely crafted writing instrument?

Options:
A) nasa
B) classroom
C) stationery store
D) purse
E) office supply store",,C,,"['A', 'C', 'A', 'E', 'A']",A,False,majority,0.6,"{'A': 3, 'C': 1, 'E': 1}",5,1,0.2,2,False,,SVAMP,LAMA-3.2-3B
1320,baseline,420,"Where would someone keep their nylon leggings?

Options:
A) stockings
B) rope
C) car
D) clothing
E) drawer",,E,,"['D', 'A', 'A', 'D', 'A']",A,False,majority,0.6,"{'D': 2, 'A': 3}",5,0,0.0,2,False,,SVAMP,LAMA-3.2-3B
1321,baseline,421,"When a group of people are talking at work they might be doing what?

Options:
A) having a concert.
B) cough
C) sharing of ideas
D) speak
E) sneeze",,C,,"['D', 'D', 'D', 'D', 'D']",D,False,majority,1.0,{'D': 5},5,0,0.0,0,False,,SVAMP,LAMA-3.2-3B
1322,baseline,422,"If you're buying beer for a float trip what are you preparing to do?

Options:
A) get arrested
B) have fun
C) get sick
D) spend money
E) stupidity",,B,,"['B', 'B', 'B', 'B', 'B']",B,True,majority,1.0,{'B': 5},5,5,1.0,0,False,,SVAMP,LAMA-3.2-3B
1323,baseline,423,"While washing clothes they became what when caught on the sharp object?

Options:
A) damaged
B) wet clothes
C) wear out
D) torn
E) have fun",,D,,"['A', 'C', 'A', 'A', 'D']",A,False,majority,0.6,"{'A': 3, 'C': 1, 'D': 1}",5,1,0.2,2,False,,SVAMP,LAMA-3.2-3B
1324,baseline,424,"Batman bought beer.  There were no bottles available.  He had to settle for what?.

Options:
A) shelf
B) soccer game
C) keg
D) can
E) refrigerator",,D,,"['A', 'D', 'C', 'C', 'A']",C,False,refiner_tiebreak,0.5,"{'A': 2, 'D': 1, 'C': 2}",6,1,0.1667,3,True,False,SVAMP,LAMA-3.2-3B
1325,baseline,425,"To get clean clothes you to what to them?

Options:
A) get dirty
B) writing
C) use water
D) launder
E) soap",,D,,"['D', '', '', 'D', 'D']",D,True,majority,1.0,{'D': 3},3,3,1.0,0,False,,SVAMP,LAMA-3.2-3B
1326,baseline,426,"Danny found that the carpet did not ,match the drapes, which was disappointing, because this place was expensive.  But it was the only place in town that wasn't booked solid for the week and he needed it while he was in town, so he couldn't complain.   Where might this place be?

Options:
A) brothel
B) restaurant
C) building
D) bowling alley
E) at hotel",,E,,"['E', 'E', 'B', 'B', 'C']",B,False,refiner_tiebreak,0.5,"{'E': 2, 'B': 2, 'C': 1}",6,2,0.3333,3,True,False,SVAMP,LAMA-3.2-3B
1327,baseline,427,"Running errands with screaming kids will likely cause what?

Options:
A) efficiency
B) insanity
C) aggravation
D) tiredness
E) stress",,C,,"['A', 'E', 'A', 'E', '']",E,False,refiner_tiebreak,0.6,"{'A': 2, 'E': 2}",5,0,0.0,2,True,False,SVAMP,LAMA-3.2-3B
1328,baseline,428,"The couple explained they were having trouble communicating, it seemed every conversation took great what?

Options:
A) thinking
B) effort
C) laugh
D) force
E) medium",,B,,"['B', '', 'A', 'B', 'B']",B,True,majority,0.75,"{'B': 3, 'A': 1}",4,3,0.75,1,False,,SVAMP,LAMA-3.2-3B
1329,baseline,429,"What uses a ribbon to put words on paper?

Options:
A) wrapping paper
B) girl's hair
C) bath
D) floral arrangement
E) typewriter",,E,,"['A', 'A', 'A', 'A', 'A']",A,False,majority,1.0,{'A': 5},5,0,0.0,0,False,,SVAMP,LAMA-3.2-3B
1330,baseline,430,"Humans need shelter to survive.  They usually find shelter where?

Options:
A) underpass
B) homes
C) workplace
D) school
E) space shuttle",,B,,"['B', 'B', 'B', 'B', 'B']",B,True,majority,1.0,{'B': 5},5,5,1.0,0,False,,SVAMP,LAMA-3.2-3B
1331,baseline,431,"Diving into backyard pools can be very dangerous and can lead to serious head and what?

Options:
A) going somewhere
B) splats
C) cancer
D) getting wet
E) spinal injuries",,E,,"['E', 'E', 'E', 'E', 'E']",E,True,majority,1.0,{'E': 5},5,5,1.0,0,False,,SVAMP,LAMA-3.2-3B
1332,baseline,432,"Where do you find the most amount of leafs?

Options:
A) floral arrangement
B) ground
C) forrest
D) field
E) compost pile",,C,,"['C', 'A', 'C', 'D', 'C']",C,True,majority,0.6,"{'C': 3, 'A': 1, 'D': 1}",5,3,0.6,2,False,,SVAMP,LAMA-3.2-3B
1333,baseline,433,"What would you do to a crime scene before asking a question?

Options:
A) express information
B) touch everything
C) think
D) give clue
E) analyse",,E,,"['C', 'A', 'C', 'C', 'A']",C,False,majority,0.6,"{'C': 3, 'A': 2}",5,0,0.0,2,False,,SVAMP,LAMA-3.2-3B
1334,baseline,434,"When wildlife reproduce we often refer to what comes out as what?

Options:
A) raise children
B) have children
C) photo copy
D) offspring
E) accidently got pregnant somehow",,D,,"['D', 'D', 'D', 'D', 'D']",D,True,majority,1.0,{'D': 5},5,5,1.0,0,False,,SVAMP,LAMA-3.2-3B
1335,baseline,435,"What kind of tale might feature a talking weasel?

Options:
A) mulberry bush
B) animated film
C) chicken coop
D) history book
E) children's story",,E,,"['B', 'B', 'A', 'E', 'E']",E,True,refiner_tiebreak,0.5,"{'B': 2, 'A': 1, 'E': 2}",6,3,0.5,3,True,True,SVAMP,LAMA-3.2-3B
1336,baseline,436,"The boat passenger was explaining his fear of blowfish, but the captain figured he meant piranhas since they were on a river in the what?

Options:
A) cuba
B) styx
C) atlantic ocean
D) france
E) jungle",,E,,"['B', 'B', 'B', 'B', 'B']",B,False,majority,1.0,{'B': 5},5,0,0.0,0,False,,SVAMP,LAMA-3.2-3B
1337,baseline,437,"What is someone usually doing if someone else is talking to him or her?

Options:
A) listening
B) language
C) looking at eyes
D) planning the perfect murder
E) voice",,A,,"['A', 'A', 'A', 'A', 'A']",A,True,majority,1.0,{'A': 5},5,5,1.0,0,False,,SVAMP,LAMA-3.2-3B
1338,baseline,438,"Where can someone get a new saw?

Options:
A) hardware store
B) toolbox
C) logging camp
D) tool kit
E) auger",,A,,"['A', 'A', 'A', 'A', 'A']",A,True,majority,1.0,{'A': 5},5,5,1.0,0,False,,SVAMP,LAMA-3.2-3B
1339,baseline,439,"Where would you be concerned about finding a cavity?

Options:
A) solid object
B) molar
C) dentist
D) unbrushed tooth
E) teeth",,E,,"['D', 'D', 'A', 'D', 'D']",D,False,majority,0.8,"{'D': 4, 'A': 1}",5,0,0.0,1,False,,SVAMP,LAMA-3.2-3B
1340,baseline,440,"What has a shelf that does not allow you to see what is inside of it?

Options:
A) chest of drawers
B) stove
C) hold alcohol
D) bookcase
E) grocery store",,A,,"['A', 'B', 'D', 'B', 'A']",A,True,refiner_tiebreak,0.5,"{'A': 2, 'B': 2, 'D': 1}",6,3,0.5,3,True,True,SVAMP,LAMA-3.2-3B
1341,baseline,441,"How would you express information if you do not have a pen or pencil?

Options:
A) may disagree
B) close mouth
C) write down
D) talk
E) eyes",,D,,"['A', 'A', 'A', 'A', 'A']",A,False,majority,1.0,{'A': 5},5,0,0.0,0,False,,SVAMP,LAMA-3.2-3B
1342,baseline,442,"What will god never do according to religion?

Options:
A) anything
B) judge people
C) work miracles
D) judge men
E) everywhere",,B,,"['B', 'D', 'D', 'D', 'A']",D,False,majority,0.6,"{'B': 1, 'D': 3, 'A': 1}",5,1,0.2,2,False,,SVAMP,LAMA-3.2-3B
1343,baseline,443,"The landscaper was carefully arching stones together, he was creating an elaborate what over the creek?

Options:
A) park
B) made from rocks
C) balloon
D) field
E) bridge",,E,,"['B', 'E', 'C', 'E', 'D']",E,True,majority,0.4,"{'B': 1, 'E': 2, 'C': 1, 'D': 1}",5,2,0.4,3,False,,SVAMP,LAMA-3.2-3B
1344,baseline,444,"How can people fulfill their own calorie requirements?

Options:
A) compete with each other
B) feed themselves
C) feel lonely
D) talk to each other
E) ask a doctor",,B,,"['B', 'B', 'B', 'B', 'B']",B,True,majority,1.0,{'B': 5},5,5,1.0,0,False,,SVAMP,LAMA-3.2-3B
1345,baseline,445,"What mall store sells jeans for a decent price?

Options:
A) clothing store
B) bedroom
C) thrift store
D) apartment
E) gap",,E,,"['E', 'A', 'A', 'A', 'A']",A,False,majority,0.8,"{'E': 1, 'A': 4}",5,1,0.2,1,False,,SVAMP,LAMA-3.2-3B
1346,baseline,446,"Where is a grape likely to be being fed to someone else?

Options:
A) field
B) bathroom
C) michigan
D) minnesota
E) painting",,E,,"['A', 'A', 'A', 'A', 'A']",A,False,majority,1.0,{'A': 5},5,0,0.0,0,False,,SVAMP,LAMA-3.2-3B
1347,baseline,447,"How does a planet usually move around the sun?

Options:
A) writing
B) universe
C) outer space
D) outerspace
E) orbit",,E,,"['E', 'E', 'E', 'E', 'A']",E,True,majority,0.8,"{'E': 4, 'A': 1}",5,4,0.8,1,False,,SVAMP,LAMA-3.2-3B
1348,baseline,448,"The man started to learn jogging, what was he hoping to do?

Options:
A) exhaustion
B) getting in shape
C) fitness
D) injure himself
E) fatigue",,B,,"['B', 'B', 'C', 'A', 'C']",B,True,refiner_tiebreak,0.5,"{'B': 2, 'C': 2, 'A': 1}",6,3,0.5,3,True,True,SVAMP,LAMA-3.2-3B
1349,baseline,449,"How are the conditions for someone who is living in a homeless shelter?

Options:
A) sometimes bad
B) happy
C) respiration
D) growing older
E) death",,A,,"['A', 'B', 'A', 'A', 'A']",A,True,majority,0.8,"{'A': 4, 'B': 1}",5,4,0.8,1,False,,SVAMP,LAMA-3.2-3B
1350,baseline,450,"The person saw the mess his children made, what was his following reaction?

Options:
A) smell smoke
B) cross street
C) cry
D) bank savings
E) look angry",,E,,"['E', 'A', '', 'E', 'A']",E,True,refiner_tiebreak,0.6,"{'E': 2, 'A': 2}",5,3,0.6,2,True,True,SVAMP,LAMA-3.2-3B
1351,baseline,451,"What animal is known for being a follower?

Options:
A) goat
B) expensive
C) lion
D) wolf
E) meadow",,A,,"['D', 'A', 'A', 'C', 'E']",A,True,majority,0.4,"{'D': 1, 'A': 2, 'C': 1, 'E': 1}",5,2,0.4,3,False,,SVAMP,LAMA-3.2-3B
1352,baseline,452,"Where would you find a toy soldier that is being played with?

Options:
A) toy box
B) movies
C) child's hand
D) toybos
E) child park",,C,,"['A', 'A', 'A', 'A', 'C']",A,False,majority,0.8,"{'A': 4, 'C': 1}",5,1,0.2,1,False,,SVAMP,LAMA-3.2-3B
1353,baseline,453,"What is the habitat of the fox?

Options:
A) hen house
B) burrow
C) california
D) england
E) mountains",,E,,"['B', 'B', 'B', 'B', 'B']",B,False,majority,1.0,{'B': 5},5,0,0.0,0,False,,SVAMP,LAMA-3.2-3B
1354,baseline,454,"If you jump in any of the oceans you will get?

Options:
A) tanned
B) wet
C) wide
D) very deep
E) fish",,B,,"['B', 'B', 'B', 'B', 'B']",B,True,majority,1.0,{'B': 5},5,5,1.0,0,False,,SVAMP,LAMA-3.2-3B
1355,baseline,455,"If you are committing perjury you have done what while under oath?

Options:
A) crime
B) disrespect judge
C) embarrassment
D) lie
E) indictment",,D,,"['D', 'A', 'D', 'D', 'D']",D,True,majority,0.8,"{'D': 4, 'A': 1}",5,4,0.8,1,False,,SVAMP,LAMA-3.2-3B
1356,baseline,456,"What is someone who isn't clever, bright, or competent called?

Options:
A) clumsy
B) ineffectual
C) dull
D) clumsy
E) stupid",,E,,"['D', 'A', 'B', 'B', 'B']",B,False,majority,0.6,"{'D': 1, 'A': 1, 'B': 3}",5,0,0.0,2,False,,SVAMP,LAMA-3.2-3B
1357,baseline,457,"I am looking for honey right from the source, where should I look?

Options:
A) last all night
B) beehive
C) farmer's market
D) jar
E) honeyful",,B,,"['B', 'B', 'B', 'B', 'A']",B,True,majority,0.8,"{'B': 4, 'A': 1}",5,4,0.8,1,False,,SVAMP,LAMA-3.2-3B
1358,baseline,458,"What do airplanes do as they are arriving at the gate?

Options:
A) slow down
B) crash
C) speed up
D) land
E) carry people",,A,,"['D', 'D', 'A', 'D', 'A']",D,False,majority,0.6,"{'D': 3, 'A': 2}",5,2,0.4,2,False,,SVAMP,LAMA-3.2-3B
1359,baseline,459,"Most items in retail stores are what even when they are on sale?

Options:
A) overpriced
B) purchase
C) expensive
D) park
E) buying",,A,,"['D', 'B', 'B', 'B', 'B']",B,False,majority,0.8,"{'D': 1, 'B': 4}",5,0,0.0,1,False,,SVAMP,LAMA-3.2-3B
1360,baseline,460,"The cancer patient was expecting to die, so he made out his what?

Options:
A) not to live
B) write will
C) never want
D) seek help
E) go to hell",,B,,"['B', 'B', 'B', 'B', 'B']",B,True,majority,1.0,{'B': 5},5,5,1.0,0,False,,SVAMP,LAMA-3.2-3B
1361,baseline,461,"How can someone die from eating hamburger?

Options:
A) gas
B) getting full
C) mad cow disease
D) death
E) feel full",,C,,"['B', 'A', 'D', 'A', 'B']",A,False,refiner_tiebreak,0.5,"{'B': 2, 'A': 2, 'D': 1}",6,0,0.0,3,True,False,SVAMP,LAMA-3.2-3B
1362,baseline,462,"Sally used a clipboard to hold her papers while she read off names at the beginning of the day.  Where might she work?

Options:
A) desk
B) windows 95
C) office supply store
D) see work
E) school",,E,,"['B', 'B', 'B', 'A', 'B']",B,False,majority,0.8,"{'B': 4, 'A': 1}",5,0,0.0,1,False,,SVAMP,LAMA-3.2-3B
1363,baseline,463,"Although the sun did rise, what did the pessimist warn everyone it would do?

Options:
A) lay
B) go down
C) fall
D) below
E) sundown",,B,,"['B', 'A', 'B', 'A', 'B']",B,True,majority,0.6,"{'B': 3, 'A': 2}",5,3,0.6,2,False,,SVAMP,LAMA-3.2-3B
1364,baseline,464,"Where are you when you're about to use your plane ticket?

Options:
A) pocket
B) terrorists hands
C) airport
D) sea ship
E) briefcase",,C,,"['C', 'A', 'E', 'A', 'A']",A,False,majority,0.6,"{'C': 1, 'A': 3, 'E': 1}",5,1,0.2,2,False,,SVAMP,LAMA-3.2-3B
1365,baseline,465,"People are what when you're a stranger?

Options:
A) train
B) strange
C) human
D) stupid
E) dangerous",,B,,"['C', 'C', 'C', 'C', 'C']",C,False,majority,1.0,{'C': 5},5,0,0.0,0,False,,SVAMP,LAMA-3.2-3B
1366,baseline,466,"When people are playing a game, what is their motivation to play?

Options:
A) believe in god
B) dance
C) desire to win
D) destroy each other
E) run amok",,C,,"['A', 'C', 'A', 'C', 'D']",A,False,refiner_tiebreak,0.5,"{'A': 2, 'C': 2, 'D': 1}",6,2,0.3333,3,True,False,SVAMP,LAMA-3.2-3B
1367,baseline,467,"John farms anemone in what type of facility?

Options:
A) michigan
B) swimming pool
C) atlantic ocean
D) nursery
E) gulf of mexico",,D,,"['D', 'D', 'E', 'A', 'D']",D,True,majority,0.6,"{'D': 3, 'E': 1, 'A': 1}",5,3,0.6,2,False,,SVAMP,LAMA-3.2-3B
1368,baseline,468,"The dogs were protecting their own when they decided to what the bad man?

Options:
A) bad breath
B) defend
C) run fast
D) ocean
E) attack",,E,,"['E', 'E', 'B', 'B', 'B']",B,False,majority,0.6,"{'E': 2, 'B': 3}",5,2,0.4,2,False,,SVAMP,LAMA-3.2-3B
1369,baseline,469,"Where would you put a dollar if you want to go to a store and buy something with it?

Options:
A) cash drawer
B) teh bank
C) safety deposit box
D) pocket
E) piggy bank",,D,,"['D', 'A', 'D', 'D', 'B']",D,True,majority,0.6,"{'D': 3, 'A': 1, 'B': 1}",5,3,0.6,2,False,,SVAMP,LAMA-3.2-3B
1370,baseline,470,"The cat carefully navigated the area, they do everything they can to avoid what?

Options:
A) get wet
B) eat vegetables
C) falling
D) wool sweater
E) sharp claws",,A,,"['A', 'B', 'A', 'C', 'C']",A,True,refiner_tiebreak,0.5,"{'A': 2, 'B': 1, 'C': 2}",6,3,0.5,3,True,True,SVAMP,LAMA-3.2-3B
1371,baseline,471,"After he got hired he hoped for success at his what?

Options:
A) vocation
B) new job
C) michigan
D) working hard
E) manual",,B,,"['A', 'B', 'B', 'A', 'B']",B,True,majority,0.6,"{'A': 2, 'B': 3}",5,3,0.6,2,False,,SVAMP,LAMA-3.2-3B
1372,baseline,472,"What southern U.S. state is know for having many swamps?

Options:
A) wetlands
B) new york
C) michigan
D) louisiana
E) river delta",,D,,"['D', 'D', 'D', 'D', 'D']",D,True,majority,1.0,{'D': 5},5,5,1.0,0,False,,SVAMP,LAMA-3.2-3B
1373,baseline,473,"In what kind of environment does an anemone live?

Options:
A) nursery
B) south pacific
C) desert
D) sea water
E) atlantic ocean",,D,,"['D', 'D', 'D', 'E', 'D']",D,True,majority,0.8,"{'D': 4, 'E': 1}",5,4,0.8,1,False,,SVAMP,LAMA-3.2-3B
1374,baseline,474,"Where can children play with animals?

Options:
A) meadow
B) play room
C) surface of earth
D) zoos
E) fairgrounds",,E,,"['D', 'E', 'D', 'D', 'D']",D,False,majority,0.8,"{'D': 4, 'E': 1}",5,1,0.2,1,False,,SVAMP,LAMA-3.2-3B
1375,baseline,475,"They were searching for rocks, so they missed the birds overhead as they stared at the what?

Options:
A) ground
B) drawer
C) surface of earth
D) pizza
E) waterfall",,A,,"['', 'C', 'A', 'C', 'B']",C,False,majority,0.5,"{'C': 2, 'A': 1, 'B': 1}",4,1,0.25,2,False,,SVAMP,LAMA-3.2-3B
1376,baseline,476,"The man  tried to break the glass in order to make his escape in time, but he could not.  The person in the cat, trying to kill him, did what?

Options:
A) accelerate
B) putting together
C) working
D) construct
E) train",,A,,"['C', 'B', 'B', 'B', 'B']",B,False,majority,0.8,"{'C': 1, 'B': 4}",5,0,0.0,1,False,,SVAMP,LAMA-3.2-3B
1377,baseline,477,"After climbing the mountains, the explored found the cave, what was the general goegraphy of the region he found it in?

Options:
A) west virginia
B) kentucky
C) desert
D) sea
E) rocky hills",,E,,"['A', 'A', 'A', 'A', 'E']",A,False,majority,0.8,"{'A': 4, 'E': 1}",5,1,0.2,1,False,,SVAMP,LAMA-3.2-3B
1378,baseline,478,"He had no issue committing perjury, he had a what that he would get away with it?

Options:
A) confidence
B) go to jail
C) telling lies
D) lying
E) manual",,A,,"['D', 'D', 'D', 'D', 'D']",D,False,majority,1.0,{'D': 5},5,0,0.0,0,False,,SVAMP,LAMA-3.2-3B
1379,baseline,479,"Where is a teacher likely to keep her clavichord?

Options:
A) living room
B) parlor
C) music hall
D) music room
E) museum",,D,,"['A', 'A', 'A', 'A', 'A']",A,False,majority,1.0,{'A': 5},5,0,0.0,0,False,,SVAMP,LAMA-3.2-3B
1380,baseline,480,"He wasn't the hugging type, even when he meet friend he'd just do what?

Options:
A) have sex
B) smile
C) hug each other
D) conversation
E) handshake",,E,,"['E', 'D', 'E', 'B', 'B']",B,False,refiner_tiebreak,0.5,"{'E': 2, 'D': 1, 'B': 2}",6,2,0.3333,3,True,False,SVAMP,LAMA-3.2-3B
1381,baseline,481,"Where can you store your dishes in your dwelling?

Options:
A) drawer
B) shelf
C) pantry
D) apartment
E) cabinet",,B,,"['A', 'A', 'A', 'A', 'A']",A,False,majority,1.0,{'A': 5},5,0,0.0,0,False,,SVAMP,LAMA-3.2-3B
1382,baseline,482,"The family wanted to adopt for enviro-ethical reasons, what did they abhor?

Options:
A) orphan
B) biological child
C) give away
D) foster child
E) abandon",,B,,"['A', 'B', 'D', 'D', 'A']",A,False,coin_flip,0.3333,"{'A': 2, 'B': 1, 'D': 2}",6,2,0.3333,4,True,True,SVAMP,LAMA-3.2-3B
1383,baseline,483,"Where would you put a net if you wanted to use it?

Options:
A) sports
B) fishing gear
C) soccer game
D) fishing boat
E) badminton",,D,,"['A', 'A', 'A', 'A', 'A']",A,False,majority,1.0,{'A': 5},5,0,0.0,0,False,,SVAMP,LAMA-3.2-3B
1384,baseline,484,"The fresh herbs, flowers, and vegetables will shrivel up if people don't do this?

Options:
A) water plants
B) believe in god
C) drive to the nearest pool
D) speaking english
E) raise children",,A,,"['A', 'A', 'A', 'A', 'A']",A,True,majority,1.0,{'A': 5},5,5,1.0,0,False,,SVAMP,LAMA-3.2-3B
1385,baseline,485,"John didn't mind getting in line.  It was what game after that he hated.  The time, the sore feet. He did not like doing what?

Options:
A) have to wait for
B) standing in line
C) eat cake
D) less confusion
E) being ordered",,B,,"['B', 'B', 'B', 'B', 'B']",B,True,majority,1.0,{'B': 5},5,5,1.0,0,False,,SVAMP,LAMA-3.2-3B
1386,baseline,486,"where is a good place to obtain new soap?

Options:
A) supermarket
B) washing
C) cabinet
D) own home
E) sink",,A,,"['D', 'A', 'A', '', '']",A,True,majority,0.6667,"{'D': 1, 'A': 2}",3,2,0.6667,1,False,,SVAMP,LAMA-3.2-3B
1387,baseline,487,"If you're going to a party in a new town what are you hoping to make?

Options:
A) getting drunk
B) making new friends
C) new contacts
D) doing drugs
E) set home",,B,,"['B', 'B', 'B', 'B', 'B']",B,True,majority,1.0,{'B': 5},5,5,1.0,0,False,,SVAMP,LAMA-3.2-3B
1388,baseline,488,"Joe is a  squirrel, which is an animal. He probably lives in what sort of place.

Options:
A) pet store
B) outside
C) woodland
D) ocean
E) cafe",,C,,"['B', 'C', 'A', 'C', 'B']",B,False,refiner_tiebreak,0.5,"{'B': 2, 'C': 2, 'A': 1}",6,2,0.3333,3,True,False,SVAMP,LAMA-3.2-3B
1389,baseline,489,"What may you have after awaking after a night of heavy drinking?

Options:
A) get up
B) discomfort
C) discomfort
D) headache
E) shock",,D,,"['B', 'B', 'B', 'B', 'B']",B,False,majority,1.0,{'B': 5},5,0,0.0,0,False,,SVAMP,LAMA-3.2-3B
1390,baseline,490,"The traveling business man was glad his credit card had perks, it offset the high prices for travel from a what?

Options:
A) car
B) theatre
C) airport
D) hotel
E) disneyland",,C,,"['D', 'D', 'D', 'D', 'D']",D,False,majority,1.0,{'D': 5},5,0,0.0,0,False,,SVAMP,LAMA-3.2-3B
1391,baseline,491,"Spraining an ankle while playing baseball will cause what?

Options:
A) strikes
B) eating
C) injury
D) sore muscles
E) pain",,E,,"['C', 'E', 'C', 'E', 'C']",C,False,majority,0.6,"{'C': 3, 'E': 2}",5,2,0.4,2,False,,SVAMP,LAMA-3.2-3B
1392,baseline,492,"They were never going to be big actors, but they all had passion for the local what?

Options:
A) theater
B) opera
C) show
D) television
E) blockbuster feature",,A,,"['A', '', '', '', '']",A,True,majority,1.0,{'A': 1},1,1,1.0,0,False,,SVAMP,LAMA-3.2-3B
1393,baseline,493,"Lawyers often talk in front of an audience where?

Options:
A) work
B) courtroom
C) office building
D) press charges
E) theatre",,B,,"['B', 'B', 'B', 'B', 'B']",B,True,majority,1.0,{'B': 5},5,5,1.0,0,False,,SVAMP,LAMA-3.2-3B
1394,baseline,494,"They needed grape juice for their party, they went to buy it and other snacks at the what?

Options:
A) field
B) restaurant
C) salad
D) market
E) food store",,E,,"['E', 'E', 'E', 'E', 'E']",E,True,majority,1.0,{'E': 5},5,5,1.0,0,False,,SVAMP,LAMA-3.2-3B
1395,baseline,495,"A story about World War II would be set when?

Options:
A) book or library
B) book or magazine
C) newspaper
D) past
E) future",,D,,"['D', 'D', 'D', 'A', 'D']",D,True,majority,0.8,"{'D': 4, 'A': 1}",5,4,0.8,1,False,,SVAMP,LAMA-3.2-3B
1396,baseline,496,"The pitcher stepped on the mound ready to throw, where was he located specifically?

Options:
A) hell
B) baseball stadium
C) golf course
D) africa
E) baseball diamond",,E,,"['E', 'B', 'B', 'B', 'A']",B,False,majority,0.6,"{'E': 1, 'B': 3, 'A': 1}",5,1,0.2,2,False,,SVAMP,LAMA-3.2-3B
1397,baseline,497,"Where might the stapler be if I cannot find it?

Options:
A) office building
B) office supply store
C) desk drawer
D) with dwight
E) desktop",,C,,"['A', 'C', 'A', 'A', 'B']",A,False,majority,0.6,"{'A': 3, 'C': 1, 'B': 1}",5,1,0.2,2,False,,SVAMP,LAMA-3.2-3B
1398,baseline,498,"Where would you find a fox that is made up?

Options:
A) storybook
B) woods
C) hen house
D) natural habitat
E) back yard",,A,,"['E', 'E', 'A', 'A', 'D']",E,False,coin_flip,0.3333,"{'E': 2, 'A': 2, 'D': 1}",6,2,0.3333,4,True,False,SVAMP,LAMA-3.2-3B
1399,baseline,499,"What part of a table would you put a ruler in?

Options:
A) drawer
B) desk
C) the backside
D) office
E) measure distance",,A,,"['A', 'A', 'E', 'A', 'A']",A,True,majority,0.8,"{'A': 4, 'E': 1}",5,4,0.8,1,False,,SVAMP,LAMA-3.2-3B
1400,baseline,500,"What is the most famous constellation out of earth?

Options:
A) one moon
B) milky way
C) god's creation
D) stars
E) universe",,B,,"['D', 'B', 'B', 'B', 'B']",B,True,majority,0.8,"{'D': 1, 'B': 4}",5,4,0.8,1,False,,SVAMP,LAMA-3.2-3B
1401,baseline,501,"The criminal insisted he must do the crime to the bank teller, but she tried to convince him there were other ways in life and this was what?

Options:
A) willing
B) optional
C) should not
D) have to
E) unnecessary",,E,,"['B', 'C', 'A', 'A', 'B']",B,False,coin_flip,0.3333,"{'B': 2, 'C': 1, 'A': 2}",6,0,0.0,4,True,False,SVAMP,LAMA-3.2-3B
1402,baseline,502,"Marathoners feel fatigued after running twenty six miles, but some that have pushed them self too hard might be prone to what?

Options:
A) excruciating pain
B) passing out
C) death
D) drunk
E) exhaustion",,B,,"['E', 'E', 'E', 'E', 'E']",E,False,majority,1.0,{'E': 5},5,0,0.0,0,False,,SVAMP,LAMA-3.2-3B
1403,baseline,503,"Where is one likely to find a fan for their stove?

Options:
A) appliance store
B) sports stadium
C) dress emporium
D) hot room
E) football stadium",,A,,"['A', 'A', 'A', 'A', 'A']",A,True,majority,1.0,{'A': 5},5,5,1.0,0,False,,SVAMP,LAMA-3.2-3B
1404,baseline,504,"The wood was still rough to the touch, what did the woodworker have to do?

Options:
A) petrify
B) sanded
C) warp
D) composted
E) clean",,B,,"['B', 'A', 'A', 'E', 'B']",B,True,refiner_tiebreak,0.5,"{'B': 2, 'A': 2, 'E': 1}",6,3,0.5,3,True,True,SVAMP,LAMA-3.2-3B
1405,baseline,505,"Where can a student learn to play a triangle?

Options:
A) math class
B) math book
C) in pythagorus' band
D) orchestra
E) music class",,E,,"['A', 'A', 'A', 'B', 'A']",A,False,majority,0.8,"{'A': 4, 'B': 1}",5,0,0.0,1,False,,SVAMP,LAMA-3.2-3B
1406,baseline,506,"James bought a new set of tire chains and put them somewhere he could find them.  Where would he put them?

Options:
A) gear shift
B) garage
C) kitchen
D) jewelry store
E) hardware store",,B,,"['', 'A', 'A', 'E', 'A']",A,False,majority,0.75,"{'A': 3, 'E': 1}",4,0,0.0,1,False,,SVAMP,LAMA-3.2-3B
1407,baseline,507,"Why would a small dog pant if it's hot outside?

Options:
A) outside
B) europe
C) heat
D) wet
E) dog show",,C,,"['C', 'C', 'A', 'C', 'A']",C,True,majority,0.6,"{'C': 3, 'A': 2}",5,3,0.6,2,False,,SVAMP,LAMA-3.2-3B
1408,baseline,508,"The kitten had nothing to dig it's claws into, so when it tried to stop it slid across what?

Options:
A) living room
B) floor
C) warm place
D) carpet
E) farmhouse",,B,,"['A', '', 'A', 'B', '']",A,False,majority,0.6667,"{'A': 2, 'B': 1}",3,1,0.3333,1,False,,SVAMP,LAMA-3.2-3B
1409,baseline,509,"What do young boys do on the ice in the winter?

Options:
A) ski
B) play hockey
C) summer
D) knit
E) warm",,B,,"['B', 'A', 'A', 'A', 'A']",A,False,majority,0.8,"{'B': 1, 'A': 4}",5,1,0.2,1,False,,SVAMP,LAMA-3.2-3B
1410,baseline,510,"I want to buy a gong, where should I look for one?

Options:
A) orchestra
B) church
C) chinese temple
D) chinatown
E) music store",,E,,"['B', 'A', 'C', '', '']",B,False,coin_flip,0.25,"{'B': 1, 'A': 1, 'C': 1}",4,1,0.25,3,True,True,SVAMP,LAMA-3.2-3B
1411,baseline,511,"Joe was thrown from his boat into the water.  The water was cold because it was the middle of winter and he cried out to his crew for help.  They couldn't hear him over the sound of the what?

Options:
A) surface of earth
B) teardrops
C) snowflake
D) typhoon
E) motor",,D,,"['C', 'B', 'B', 'B', 'E']",B,False,majority,0.6,"{'C': 1, 'B': 3, 'E': 1}",5,0,0.0,2,False,,SVAMP,LAMA-3.2-3B
1412,baseline,512,"What type of residence has a ground floor with a stoop?

Options:
A) brownstone
B) hotel
C) condominium
D) entering building
E) office building",,A,,"['C', 'A', 'A', 'A', 'A']",A,True,majority,0.8,"{'C': 1, 'A': 4}",5,4,0.8,1,False,,SVAMP,LAMA-3.2-3B
1413,baseline,513,"Where do most people make coffee?

Options:
A) coffee shop
B) office
C) table
D) washing
E) kitchen",,E,,"['', 'B', 'A', 'A', 'A']",A,False,majority,0.75,"{'B': 1, 'A': 3}",4,0,0.0,1,False,,SVAMP,LAMA-3.2-3B
1414,baseline,514,"He picked up the perfect pebble, he planned to skip it across the entire small what?

Options:
A) manual
B) lake
C) aquarium
D) pond
E) playground",,D,,"['A', 'A', 'B', 'A', 'A']",A,False,majority,0.8,"{'A': 4, 'B': 1}",5,0,0.0,1,False,,SVAMP,LAMA-3.2-3B
1415,baseline,515,"If you were looking for a blowfish, you wouldn't look on dry land, you'd look in a what?

Options:
A) fish market
B) jungle
C) sea water
D) body of water
E) soup",,D,,"['D', 'D', 'D', 'D', 'A']",D,True,majority,0.8,"{'D': 4, 'A': 1}",5,4,0.8,1,False,,SVAMP,LAMA-3.2-3B
1416,baseline,516,"There was more than one bum asking for change or a ticket, it was the cheapest way to travel so it was no surprise sight at the what?

Options:
A) train station
B) beach
C) bus depot
D) bridge
E) stumblebum",,C,,"['E', 'E', 'E', 'E', 'E']",E,False,majority,1.0,{'E': 5},5,0,0.0,0,False,,SVAMP,LAMA-3.2-3B
1417,baseline,517,"Where would you display a picture on a horizontal surface?

Options:
A) microwave
B) desktop
C) shelf
D) art show
E) wall",,C,,"['A', 'A', 'A', 'A', 'A']",A,False,majority,1.0,{'A': 5},5,0,0.0,0,False,,SVAMP,LAMA-3.2-3B
1418,baseline,518,"Despite the large crowds, how did the depressed man feel?

Options:
A) small group
B) alone
C) solitary
D) solitude
E) panic",,C,,"['B', 'B', 'D', 'A', 'C']",B,False,majority,0.4,"{'B': 2, 'D': 1, 'A': 1, 'C': 1}",5,1,0.2,3,False,,SVAMP,LAMA-3.2-3B
1419,baseline,519,"What does every person want?

Options:
A) life partner
B) larger house
C) second chances
D) money
E) headache",,A,,"['A', 'A', 'B', 'A', 'A']",A,True,majority,0.8,"{'A': 4, 'B': 1}",5,4,0.8,1,False,,SVAMP,LAMA-3.2-3B
1420,baseline,520,"The woman is watching television and trying to forget her day, what is her goal?

Options:
A) entertainment
B) falling asleep
C) getting fat
D) crying
E) relaxation",,E,,"['A', 'E', 'A', '', '']",A,False,majority,0.6667,"{'A': 2, 'E': 1}",3,1,0.3333,1,False,,SVAMP,LAMA-3.2-3B
1421,baseline,521,"Where could you get some knives if you are planning to bring them outside with you?

Options:
A) sporting goods store
B) backpack
C) kitchen
D) sharp edges
E) dog house",,C,,"['A', 'A', 'A', 'A', 'A']",A,False,majority,1.0,{'A': 5},5,0,0.0,0,False,,SVAMP,LAMA-3.2-3B
1422,baseline,522,"What is the animal trying to accomplish?

Options:
A) sand trap
B) live long
C) leave home
D) feel pain
E) eating",,B,,"['E', '', 'E', 'C', 'E']",E,False,majority,0.75,"{'E': 3, 'C': 1}",4,0,0.0,1,False,,SVAMP,LAMA-3.2-3B
1423,baseline,523,"James tore the antenna off of his boat due to bad reception as he was crossing the channel from France.  Where was he going?

Options:
A) river
B) television
C) india
D) england
E) europe",,D,,"['B', 'A', 'A', 'A', 'D']",A,False,majority,0.6,"{'B': 1, 'A': 3, 'D': 1}",5,1,0.2,2,False,,SVAMP,LAMA-3.2-3B
1424,baseline,524,"As he looked out the window, he knew the landing was happening soon, and it made him nervous, but where would he be soon?

Options:
A) apartment building
B) disembark
C) stairwell
D) deplane
E) airport",,E,,"['D', 'D', 'D', 'D', 'E']",D,False,majority,0.8,"{'D': 4, 'E': 1}",5,1,0.2,1,False,,SVAMP,LAMA-3.2-3B
1425,baseline,525,"If you want to learn about the world and understand the real reasons behind cultural norms and mores, you have achieved a sense of what?

Options:
A) enlightenment
B) open mind
C) confusion
D) smartness
E) anger",,A,,"['A', 'A', 'A', 'B', 'B']",A,True,majority,0.6,"{'A': 3, 'B': 2}",5,3,0.6,2,False,,SVAMP,LAMA-3.2-3B
1426,baseline,526,"What will happen if you inject water into yourself?

Options:
A) dilute
B) thin blood
C) take several forms
D) wet clothes
E) move mountains",,B,,"['B', 'A', '', 'B', 'A']",B,True,refiner_tiebreak,0.6,"{'B': 2, 'A': 2}",5,3,0.6,2,True,True,SVAMP,LAMA-3.2-3B
1427,baseline,527,"Kramer wrote a self-referential book.  What might that book be about?

Options:
A) counter
B) coffee table
C) school room
D) backpack
E) bedside table",,B,,"['A', 'A', 'A', 'E', 'A']",A,False,majority,0.8,"{'A': 4, 'E': 1}",5,0,0.0,1,False,,SVAMP,LAMA-3.2-3B
1428,baseline,528,"Where would you get jeans and other wearable items to take home with you?

Options:
A) shopping mall
B) museum
C) laundromat
D) clothing store
E) bedroom",,D,,"['D', 'A', 'D', 'A', 'A']",A,False,majority,0.6,"{'D': 2, 'A': 3}",5,2,0.4,2,False,,SVAMP,LAMA-3.2-3B
1429,baseline,529,"Riding a bike for a long time can cause what?

Options:
A) enjoyment
B) fatigue
C) falling down
D) getting lost
E) thirst",,B,,"['B', 'B', 'B', 'B', 'B']",B,True,majority,1.0,{'B': 5},5,5,1.0,0,False,,SVAMP,LAMA-3.2-3B
1430,baseline,530,"A revolving door is convenient for two direction travel, but it also serves as a security measure at a what?

Options:
A) bank
B) library
C) department store
D) mall
E) new york",,A,,"['B', 'A', 'D', 'B', 'A']",A,True,refiner_tiebreak,0.5,"{'B': 2, 'A': 2, 'D': 1}",6,3,0.5,3,True,True,SVAMP,LAMA-3.2-3B
1431,baseline,531,"Sally was afraid of danger and always double checked what?

Options:
A) fight enemy
B) secure
C) being safe
D) safety
E) vicinity",,D,,"['C', '', 'C', '', '']",C,False,majority,1.0,{'C': 2},2,0,0.0,0,False,,SVAMP,LAMA-3.2-3B
1432,baseline,532,"During a shark filled tornado where should you not be?

Options:
A) marine museum
B) pool hall
C) noodle house
D) bad movie
E) outside",,E,,"['B', 'A', 'A', 'A', 'A']",A,False,majority,0.8,"{'B': 1, 'A': 4}",5,0,0.0,1,False,,SVAMP,LAMA-3.2-3B
1433,baseline,533,"Billy lived in the capital of his country, then he moved.  Where might he move to?

Options:
A) small town
B) jail
C) lower case
D) contain governmental activities
E) lowercase",,A,,"['A', 'A', 'D', 'A', 'D']",A,True,majority,0.6,"{'A': 3, 'D': 2}",5,3,0.6,2,False,,SVAMP,LAMA-3.2-3B
1434,baseline,534,"Where does a maid empty a trash can?

Options:
A) bus stop
B) corner
C) hockey game
D) motel
E) alley",,D,,"['A', 'B', 'E', 'A', 'A']",A,False,majority,0.6,"{'A': 3, 'B': 1, 'E': 1}",5,0,0.0,2,False,,SVAMP,LAMA-3.2-3B
1435,baseline,535,"If i were to spit a lot without noticing i may have extra what?

Options:
A) phlegm
B) saliva nd mouth
C) disease
D) germs
E) spittle",,B,,"['E', 'E', 'E', 'A', 'E']",E,False,majority,0.8,"{'E': 4, 'A': 1}",5,0,0.0,1,False,,SVAMP,LAMA-3.2-3B
1436,baseline,536,"I picked from an apple tree outside of Fort Wayne, where am I?

Options:
A) woods
B) illinois
C) indiana
D) washington state
E) tampa",,C,,"['B', 'A', 'C', 'A', 'A']",A,False,majority,0.6,"{'B': 1, 'A': 3, 'C': 1}",5,1,0.2,2,False,,SVAMP,LAMA-3.2-3B
1437,baseline,537,"Blowfish require what specific thing to live?

Options:
A) sea water
B) hatred
C) fish market
D) body of water
E) jungle",,A,,"['D', 'D', 'D', 'D', 'D']",D,False,majority,1.0,{'D': 5},5,0,0.0,0,False,,SVAMP,LAMA-3.2-3B
1438,baseline,538,"What happens at soon as a living being is born?

Options:
A) expiration
B) growing older
C) sometimes bad
D) death
E) start reproduction",,B,,"['D', 'D', 'D', 'D', 'D']",D,False,majority,1.0,{'D': 5},5,0,0.0,0,False,,SVAMP,LAMA-3.2-3B
1439,baseline,539,"What type of demands to the unions need to be making to go off strike?

Options:
A) reasonable
B) more money
C) not go to work
D) return to work
E) union",,A,,"['D', 'A', 'A', 'A', 'A']",A,True,majority,0.8,"{'D': 1, 'A': 4}",5,4,0.8,1,False,,SVAMP,LAMA-3.2-3B
1440,baseline,540,"If one needed the bathroom they needed a key, to get it they had to also buy something from the what?

Options:
A) school
B) convenience store
C) rest area
D) mall
E) theater",,B,,"['B', 'A', 'B', 'B', 'B']",B,True,majority,0.8,"{'B': 4, 'A': 1}",5,4,0.8,1,False,,SVAMP,LAMA-3.2-3B
1441,baseline,541,"If you spend a long time running after a ball how are you likely to feel?

Options:
A) laughter
B) sweating
C) embarrassed
D) breathing heavily
E) tiredness",,E,,"['E', 'E', 'A', 'A', 'E']",E,True,majority,0.6,"{'E': 3, 'A': 2}",5,3,0.6,2,False,,SVAMP,LAMA-3.2-3B
1442,baseline,542,"At the new comic store he found himself making friends, it was nice to meet people with what?

Options:
A) smiling
B) smile
C) open mind
D) common interests
E) laughter",,D,,"['D', 'D', 'A', 'D', 'D']",D,True,majority,0.8,"{'D': 4, 'A': 1}",5,4,0.8,1,False,,SVAMP,LAMA-3.2-3B
1443,baseline,543,"If I was watching TV on the couch and the air was stuffy, I might turn the fan on to make the what more comfortable?

Options:
A) hockey game
B) living room
C) bathroom
D) football stadium
E) hot room",,B,,"['B', 'B', 'B', 'B', 'B']",B,True,majority,1.0,{'B': 5},5,5,1.0,0,False,,SVAMP,LAMA-3.2-3B
1444,baseline,544,"What type of non-vegetarian soup is one likely to find a potato?

Options:
A) beef stew
B) own kitchen
C) clam chowder
D) kitchen cabinet
E) pantry",,C,,"['C', 'A', 'A', 'A', 'A']",A,False,majority,0.8,"{'C': 1, 'A': 4}",5,1,0.2,1,False,,SVAMP,LAMA-3.2-3B
1445,baseline,545,"Bill puts meat on the scale, where does Bill work?

Options:
A) music store
B) assay office
C) tidal wave
D) butcher shop
E) bathroom",,D,,"['D', 'A', 'A', 'A', 'D']",A,False,majority,0.6,"{'D': 2, 'A': 3}",5,2,0.4,2,False,,SVAMP,LAMA-3.2-3B
1446,baseline,546,"The man often made smart remarks, like that any restaurant is a mexican restaurant where?

Options:
A) city
B) mexica
C) san diego
D) spain
E) mexico",,E,,"['E', 'E', 'B', 'B', 'E']",E,True,majority,0.6,"{'E': 3, 'B': 2}",5,3,0.6,2,False,,SVAMP,LAMA-3.2-3B
1447,baseline,547,"Where would you put pans if you want to bring them with you?

Options:
A) cooking
B) cook food
C) kitchen
D) backpack
E) drawer",,D,,"['', 'A', '', 'A', 'A']",A,False,majority,1.0,{'A': 3},3,0,0.0,0,False,,SVAMP,LAMA-3.2-3B
1448,baseline,548,"when communicating with my boss what should i do

Options:
A) misunderstandings
B) transfer of information
C) learning
D) confusion
E) silence",,B,,"['B', 'B', 'B', 'B', 'B']",B,True,majority,1.0,{'B': 5},5,5,1.0,0,False,,SVAMP,LAMA-3.2-3B
1449,baseline,549,"Where is a good place to store pamphlets in your home or office?

Options:
A) library
B) health department
C) mail box
D) drawer
E) bookstore",,D,,"['A', 'A', 'A', 'A', 'A']",A,False,majority,1.0,{'A': 5},5,0,0.0,0,False,,SVAMP,LAMA-3.2-3B
1450,baseline,550,"The pencil sharpener was broken in the classroom, where did the teacher recommend the student go?

Options:
A) home
B) library
C) stationery store
D) cabinet
E) desk drawer",,B,,"['C', 'B', 'B', 'D', 'A']",B,True,majority,0.4,"{'C': 1, 'B': 2, 'D': 1, 'A': 1}",5,2,0.4,3,False,,SVAMP,LAMA-3.2-3B
1451,baseline,551,"What will happen to animals after eating food?

Options:
A) bite
B) digestion
C) feel pleasure
D) pass water
E) listen to each other",,C,,"['B', 'B', 'B', 'B', '']",B,False,majority,1.0,{'B': 4},4,0,0.0,0,False,,SVAMP,LAMA-3.2-3B
1452,baseline,552,"What geographic area is a lizard likely to be?

Options:
A) ball stopped
B) west texas
C) arid regions
D) garden
E) warm place",,B,,"['C', 'A', 'A', 'A', 'A']",A,False,majority,0.8,"{'C': 1, 'A': 4}",5,0,0.0,1,False,,SVAMP,LAMA-3.2-3B
1453,baseline,553,"Nature creates more beautiful structures than those that are what?

Options:
A) artificial
B) indoors
C) city
D) man made
E) eat cake",,D,,"['D', 'D', 'D', 'D', 'D']",D,True,majority,1.0,{'D': 5},5,5,1.0,0,False,,SVAMP,LAMA-3.2-3B
1454,baseline,554,"The chief saw his entire tribe wiped out, he was a leader with a single what?

Options:
A) peon
B) indian
C) minister
D) follower
E) employee",,D,,"['A', 'A', 'C', 'A', 'A']",A,False,majority,0.8,"{'A': 4, 'C': 1}",5,0,0.0,1,False,,SVAMP,LAMA-3.2-3B
1455,baseline,555,"When a human is earning money, where are they often found?

Options:
A) deep thought
B) park
C) friend's house
D) place of work
E) school",,D,,"['D', 'D', 'D', 'D', 'D']",D,True,majority,1.0,{'D': 5},5,5,1.0,0,False,,SVAMP,LAMA-3.2-3B
1456,baseline,556,"John got his tax refund back.  He treated it like it was what?

Options:
A) candy
B) death and
C) free money
D) discount
E) credit",,C,,"['C', 'A', 'A', 'E', 'D']",A,False,majority,0.4,"{'C': 1, 'A': 2, 'E': 1, 'D': 1}",5,1,0.2,3,False,,SVAMP,LAMA-3.2-3B
1457,baseline,557,"If I have a modern light source in my living room, what is it likely to be?

Options:
A) sky
B) house
C) lamp
D) match
E) candle",,C,,"['A', 'A', 'A', 'E', 'C']",A,False,majority,0.6,"{'A': 3, 'E': 1, 'C': 1}",5,1,0.2,2,False,,SVAMP,LAMA-3.2-3B
1458,baseline,558,"Jenny enjoyed helping people.  It brought her a great deal of what?

Options:
A) satisfaction
B) complications
C) train
D) feel good about yourself
E) enjoyment",,A,,"['A', 'E', 'A', 'A', 'E']",A,True,majority,0.6,"{'A': 3, 'E': 2}",5,3,0.6,2,False,,SVAMP,LAMA-3.2-3B
1459,baseline,559,"Which group of states is Louisiana part of?

Options:
A) deep south
B) 98 of world's crayfish
C) united states
D) gulf states
E) bible belt",,D,,"['C', 'C', 'C', 'C', 'C']",C,False,majority,1.0,{'C': 5},5,0,0.0,0,False,,SVAMP,LAMA-3.2-3B
1460,baseline,560,"Because John was first violin, he had to bring something important to work ever day. What did he need to bring to work?

Options:
A) music store
B) obesity
C) symphony orchestra
D) ochestra
E) violin case",,E,,"['E', 'E', 'E', 'E', 'E']",E,True,majority,1.0,{'E': 5},5,5,1.0,0,False,,SVAMP,LAMA-3.2-3B
1461,baseline,561,"Where is the ideal location for a post office?

Options:
A) building
B) business district
C) above ground
D) most towns
E) center of town",,E,,"['A', 'D', 'E', 'A', 'E']",A,False,refiner_tiebreak,0.5,"{'A': 2, 'D': 1, 'E': 2}",6,2,0.3333,3,True,False,SVAMP,LAMA-3.2-3B
1462,baseline,562,"They had a theory of what they could do in t he big game, so over and over they would what?

Options:
A) park
B) practice
C) fact
D) practical
E) practise",,B,,"['B', 'B', 'B', 'B', 'B']",B,True,majority,1.0,{'B': 5},5,5,1.0,0,False,,SVAMP,LAMA-3.2-3B
1463,baseline,563,"Where are you likely to find much more than a drop of blood on the floor?

Options:
A) crime scene
B) vein
C) blood bank
D) slaughter house
E) needle",,D,,"['B', 'A', 'A', 'A', 'A']",A,False,majority,0.8,"{'B': 1, 'A': 4}",5,0,0.0,1,False,,SVAMP,LAMA-3.2-3B
1464,baseline,564,"The ball was hit over a boundary and struck an audience member.  What kind of game were they playing?

Options:
A) sporting event
B) sporting
C) basketball
D) society
E) ranch country",,A,,"['A', 'A', 'C', 'A', 'A']",A,True,majority,0.8,"{'A': 4, 'C': 1}",5,4,0.8,1,False,,SVAMP,LAMA-3.2-3B
1465,baseline,565,"The poor girls needed a light to see, what was the relationship between that light and finishing her homework?

Options:
A) darkness
B) cumbersome
C) obesity
D) forceful
E) crucial",,E,,"['A', 'E', '', 'A', 'E']",E,True,refiner_tiebreak,0.6,"{'A': 2, 'E': 2}",5,3,0.6,2,True,True,SVAMP,LAMA-3.2-3B
1466,baseline,566,"In a horror movie victims usually trip when the run in order to do what in regards to the killer?

Options:
A) frightened
B) run up stairs
C) get away from
D) go quickly
E) go faster",,C,,"['C', 'C', 'C', 'C', 'C']",C,True,majority,1.0,{'C': 5},5,5,1.0,0,False,,SVAMP,LAMA-3.2-3B
1467,baseline,567,"If I keep getting crumbs under my table, what should I put under it?

Options:
A) conference
B) neighbor's house
C) rug
D) net
E) card room",,C,,"['C', 'A', 'A', 'A', 'A']",A,False,majority,0.8,"{'C': 1, 'A': 4}",5,1,0.2,1,False,,SVAMP,LAMA-3.2-3B
1468,baseline,568,"Mandy lived in a train station.  She longed to see distant places. Where might she imagine going?

Options:
A) downtown area
B) centre of town
C) bedroom
D) europe
E) big city",,D,,"['A', 'B', 'D', 'D', 'A']",A,False,refiner_tiebreak,0.5,"{'A': 2, 'B': 1, 'D': 2}",6,2,0.3333,3,True,False,SVAMP,LAMA-3.2-3B
1469,baseline,569,"The gimmicky low brow TV show was about animals when they what?

Options:
A) sick
B) mammals
C) males
D) bite
E) attack",,E,,"['B', 'B', 'B', 'B', 'B']",B,False,majority,1.0,{'B': 5},5,0,0.0,0,False,,SVAMP,LAMA-3.2-3B
1470,baseline,570,"The low trickle of water revealed a stone, where was the stone found?

Options:
A) ocean
B) gallbladder
C) driveway
D) river bed
E) creek bed",,E,,"['E', 'E', 'E', 'D', 'A']",E,True,majority,0.6,"{'E': 3, 'D': 1, 'A': 1}",5,3,0.6,2,False,,SVAMP,LAMA-3.2-3B
1471,baseline,571,"Something had the nerve to break into the garbage last night, what did it?

Options:
A) eyes
B) animal
C) fingertips
D) brainstem
E) human body",,B,,"['A', 'A', 'C', 'E', 'A']",A,False,majority,0.6,"{'A': 3, 'C': 1, 'E': 1}",5,0,0.0,2,False,,SVAMP,LAMA-3.2-3B
1472,baseline,572,"The child was politely waiting for dessert, he was eventually rewarded for his what?

Options:
A) timing
B) expenditure of time
C) getting bored
D) anger
E) patience",,E,,"['B', 'B', 'B', 'B', 'B']",B,False,majority,1.0,{'B': 5},5,0,0.0,0,False,,SVAMP,LAMA-3.2-3B
1473,baseline,573,"After high tide, where on the coast can you look to find a sea anemone?

Options:
A) nursery
B) museum
C) gulf of mexico
D) tide pool
E) intertidal zone",,D,,"['E', 'A', 'D', 'E', 'E']",E,False,majority,0.6,"{'E': 3, 'A': 1, 'D': 1}",5,1,0.2,2,False,,SVAMP,LAMA-3.2-3B
1474,baseline,574,"The dog curled up for a nap, it was tuckered out because it had just been what?

Options:
A) walked
B) petted
C) affection
D) go outside
E) scratch",,A,,"['A', 'A', 'A', 'A', 'A']",A,True,majority,1.0,{'A': 5},5,5,1.0,0,False,,SVAMP,LAMA-3.2-3B
1475,baseline,575,"What island country is ferret popular?

Options:
A) own home
B) north carolina
C) great britain
D) hutch
E) outdoors",,C,,"['C', 'C', 'B', 'D', 'C']",C,True,majority,0.6,"{'C': 3, 'B': 1, 'D': 1}",5,3,0.6,2,False,,SVAMP,LAMA-3.2-3B
1476,baseline,576,"Why would a woman kill a stranger she met in a dark alley?

Options:
A) being raped
B) get rid of
C) they didn't know the passcode
D) get revenge
E) were evil",,A,,"['B', 'B', 'B', 'B', 'B']",B,False,majority,1.0,{'B': 5},5,0,0.0,0,False,,SVAMP,LAMA-3.2-3B
1477,baseline,577,"What is the feeling of one having fun?

Options:
A) smiling
B) pleasure
C) hurt
D) injuries
E) laughter",,B,,"['A', 'B', 'A', 'B', 'A']",A,False,majority,0.6,"{'A': 3, 'B': 2}",5,2,0.4,2,False,,SVAMP,LAMA-3.2-3B
1478,baseline,578,"Where might a mouse be found to make it country?

Options:
A) kitchen
B) cook
C) computer lab
D) old barn
E) research laboratory",,D,,"['A', 'A', 'A', 'A', 'A']",A,False,majority,1.0,{'A': 5},5,0,0.0,0,False,,SVAMP,LAMA-3.2-3B
1479,baseline,579,"He had to wear a tuxedo while playing the keyboard instrument, so did the other hundred members of the what?

Options:
A) music store
B) band
C) medium
D) orchestra
E) piano store",,D,,"['A', 'D', 'B', 'C', 'D']",D,True,majority,0.4,"{'A': 1, 'D': 2, 'B': 1, 'C': 1}",5,2,0.4,3,False,,SVAMP,LAMA-3.2-3B
1480,baseline,580,"Where is a good place to put a hamburger?

Options:
A) resturant
B) fast food restaurant
C) mouth
D) kitchen
E) pizza",,C,,"['A', 'A', 'A', 'D', 'A']",A,False,majority,0.8,"{'A': 4, 'D': 1}",5,0,0.0,1,False,,SVAMP,LAMA-3.2-3B
1481,baseline,581,"According to what book did an apple tree lead to the downfall of man?

Options:
A) bible
B) spain
C) harry potter
D) new york
E) woods",,A,,"['A', 'A', 'A', 'A', 'A']",A,True,majority,1.0,{'A': 5},5,5,1.0,0,False,,SVAMP,LAMA-3.2-3B
1482,baseline,582,"Where do you keep a pail in your house?

Options:
A) garage
B) pool
C) utility room
D) hardware store
E) wishing well",,C,,"['C', 'C', 'C', 'C', 'A']",C,True,majority,0.8,"{'C': 4, 'A': 1}",5,4,0.8,1,False,,SVAMP,LAMA-3.2-3B
1483,baseline,583,"Why does having a disability sometimes making academic tasks hard for a person?

Options:
A) mentally challenged
B) have choice
C) lots of space
D) hungry
E) acknowledgment",,A,,"['B', 'B', 'B', 'B', 'B']",B,False,majority,1.0,{'B': 5},5,0,0.0,0,False,,SVAMP,LAMA-3.2-3B
1484,baseline,584,"If the wood texture is not smooth it is what?

Options:
A) gilded
B) porous
C) solid
D) painted
E) less dense than water",,B,,"['A', 'B', 'B', 'A', 'C']",A,False,coin_flip,0.3333,"{'A': 2, 'B': 2, 'C': 1}",6,2,0.3333,4,True,False,SVAMP,LAMA-3.2-3B
1485,baseline,585,"From where do aliens arrive?

Options:
A) outer space
B) weekly world news
C) roswell
D) universe
E) mars",,A,,"['A', 'C', 'A', 'A', 'A']",A,True,majority,0.8,"{'A': 4, 'C': 1}",5,4,0.8,1,False,,SVAMP,LAMA-3.2-3B
1486,baseline,586,"Where can you find a restaurant's phone number?

Options:
A) yellow pages
B) town
C) business sector
D) town
E) at hotel",,A,,"['A', 'B', 'B', 'A', 'B']",B,False,majority,0.6,"{'A': 2, 'B': 3}",5,2,0.4,2,False,,SVAMP,LAMA-3.2-3B
1487,baseline,587,"What does someone typically feel when applying for a job?

Options:
A) horror
B) anxiety and fear
C) rejection
D) increased workload
E) being employed",,B,,"['E', 'B', 'B', 'B', 'A']",B,True,majority,0.6,"{'E': 1, 'B': 3, 'A': 1}",5,3,0.6,2,False,,SVAMP,LAMA-3.2-3B
1488,baseline,588,"How is a person likely to communicatewith others?

Options:
A) say words
B) meet friends
C) open mouth
D) thank god
E) die of cancer",,A,,"['B', 'A', 'A', 'A', 'A']",A,True,majority,0.8,"{'B': 1, 'A': 4}",5,4,0.8,1,False,,SVAMP,LAMA-3.2-3B
1489,baseline,589,"What kind of path do comets tend to have?

Options:
A) ice
B) set orbits
C) universe
D) space
E) solid nucleus",,B,,"['B', '', 'A', 'A', 'A']",A,False,majority,0.75,"{'B': 1, 'A': 3}",4,1,0.25,1,False,,SVAMP,LAMA-3.2-3B
1490,baseline,590,"What might someone do after they finish creating art?

Options:
A) frustration
B) relax
C) eat
D) enlightenment
E) communication",,B,,"['B', 'A', 'A', 'B', 'A']",A,False,majority,0.6,"{'B': 2, 'A': 3}",5,2,0.4,2,False,,SVAMP,LAMA-3.2-3B
1491,baseline,591,"Copulating with the wrong partner may be ill advised, many diseases can be transferred that can cause different types of what?

Options:
A) intense pleasure
B) ejaculation
C) period of rest
D) enjoyment
E) skin irritation",,E,,"['B', 'B', 'B', 'B', 'B']",B,False,majority,1.0,{'B': 5},5,0,0.0,0,False,,SVAMP,LAMA-3.2-3B
1492,baseline,592,"What are candles good for eliminating?

Options:
A) shelf
B) board
C) church
D) table
E) dark",,E,,"['E', 'A', 'A', 'B', 'E']",E,True,refiner_tiebreak,0.5,"{'E': 2, 'A': 2, 'B': 1}",6,3,0.5,3,True,True,SVAMP,LAMA-3.2-3B
1493,baseline,593,"What could happen if someone is seeing new presents at a birthday party?

Options:
A) envy
B) jealousy
C) education
D) fear
E) excitement",,E,,"['E', 'A', 'A', 'E', 'B']",E,True,refiner_tiebreak,0.5,"{'E': 2, 'A': 2, 'B': 1}",6,3,0.5,3,True,True,SVAMP,LAMA-3.2-3B
1494,baseline,594,"Where are the most famous BBQ steakhouses in america?

Options:
A) texas
B) building
C) kansas city
D) maine
E) falling down",,A,,"['A', 'A', 'A', 'A', 'A']",A,True,majority,1.0,{'A': 5},5,5,1.0,0,False,,SVAMP,LAMA-3.2-3B
1495,baseline,595,"Going public about a common problem can gain what for a celebrity?

Options:
A) wide acceptance
B) a degree
C) pain
D) getting high
E) press coverage",,A,,"['E', 'E', 'A', 'E', 'A']",E,False,majority,0.6,"{'E': 3, 'A': 2}",5,2,0.4,2,False,,SVAMP,LAMA-3.2-3B
1496,baseline,596,"The trucker plopped on the bench with a sense of relief, where did he arrive?

Options:
A) bordello
B) rest area
C) garden
D) bus stop
E) state park",,B,,"['B', 'B', 'A', 'A', 'B']",B,True,majority,0.6,"{'B': 3, 'A': 2}",5,3,0.6,2,False,,SVAMP,LAMA-3.2-3B
1497,baseline,597,"They wanted to recognize his accomplishment, where should they put his name?

Options:
A) certificate
B) directory
C) phone book
D) lineup
E) roster",,A,,"['', 'B', 'A', 'B', 'B']",B,False,majority,0.75,"{'B': 3, 'A': 1}",4,1,0.25,1,False,,SVAMP,LAMA-3.2-3B
1498,baseline,598,"The carpet was smelly and discouraged the league from playing there, where was this smelly carpet installed?

Options:
A) bedroom
B) movie theater
C) bowling alley
D) church
E) office",,C,,"['D', 'D', 'D', 'C', 'C']",D,False,majority,0.6,"{'D': 3, 'C': 2}",5,2,0.4,2,False,,SVAMP,LAMA-3.2-3B
1499,baseline,599,"They wanted to try blowfish, so they went to get some where?

Options:
A) atlantic ocean
B) books
C) france
D) aquarium
E) fish market",,E,,"['D', 'D', 'E', 'E', 'D']",D,False,majority,0.6,"{'D': 3, 'E': 2}",5,2,0.4,2,False,,SVAMP,LAMA-3.2-3B
1500,baseline,600,"Where is a likely place to store unused soap?

Options:
A) cabinet
B) supermarket
C) jail
D) butt
E) own home",,A,,"['A', '', 'A', 'A', 'A']",A,True,majority,1.0,{'A': 4},4,4,1.0,0,False,,SVAMP,LAMA-3.2-3B
1501,baseline,601,"What may I place the telephone on?

Options:
A) bar
B) friend's house
C) desktop
D) party
E) office",,C,,"['A', 'E', 'A', 'A', 'A']",A,False,majority,0.8,"{'A': 4, 'E': 1}",5,0,0.0,1,False,,SVAMP,LAMA-3.2-3B
1502,baseline,602,"What room is a rubber bath mat usually kept?

Options:
A) doorway
B) living room
C) sand
D) floors
E) bathroom",,E,,"['E', 'E', 'A', 'E', 'E']",E,True,majority,0.8,"{'E': 4, 'A': 1}",5,4,0.8,1,False,,SVAMP,LAMA-3.2-3B
1503,baseline,603,"The child didn't know the problems his mother was going through, all he had was what for her?

Options:
A) care
B) balloon
C) loved
D) become adult
E) learn",,C,,"['A', 'A', 'A', 'A', 'A']",A,False,majority,1.0,{'A': 5},5,0,0.0,0,False,,SVAMP,LAMA-3.2-3B
1504,baseline,604,"What type of geographic area will you find a marmot?

Options:
A) mountainous area
B) wood pile
C) jungle
D) petting zoo
E) animals",,A,,"['A', 'A', 'A', 'A', 'A']",A,True,majority,1.0,{'A': 5},5,5,1.0,0,False,,SVAMP,LAMA-3.2-3B
1505,baseline,605,"Where are bus stops more common in what parts?

Options:
A) ocean
B) getting off of bus
C) airport
D) urban area
E) towns",,D,,"['D', 'C', 'C', 'D', 'D']",D,True,majority,0.6,"{'D': 3, 'C': 2}",5,3,0.6,2,False,,SVAMP,LAMA-3.2-3B
1506,baseline,606,"Many towns and cities have trash cans where on sidewalks?

Options:
A) hospital
B) park
C) corner
D) motel
E) office",,C,,"['B', 'B', 'B', 'B', 'B']",B,False,majority,1.0,{'B': 5},5,0,0.0,0,False,,SVAMP,LAMA-3.2-3B
1507,baseline,607,"Dad wanted to hide the check in his office, where did he put it?

Options:
A) cash register
B) desk drawer
C) fish tank
D) bank
E) pay envelope",,B,,"['E', 'A', 'A', 'A', 'B']",A,False,majority,0.6,"{'E': 1, 'A': 3, 'B': 1}",5,1,0.2,2,False,,SVAMP,LAMA-3.2-3B
1508,baseline,608,"Where do cars usually travel at very high speeds?

Options:
A) freeway
B) road
C) race track
D) alley
E) parking lot",,C,,"['B', 'A', 'A', 'A', 'B']",A,False,majority,0.6,"{'B': 2, 'A': 3}",5,0,0.0,2,False,,SVAMP,LAMA-3.2-3B
1509,baseline,609,"What could committing murder prevent someone from doing?

Options:
A) go to jail
B) cry
C) find god
D) guilty conscience
E) problems",,C,,"['E', 'A', 'A', 'A', 'A']",A,False,majority,0.8,"{'E': 1, 'A': 4}",5,0,0.0,1,False,,SVAMP,LAMA-3.2-3B
1510,baseline,610,"They had to know where to go, they got on the national highway after consulting the what?

Options:
A) canada
B) atlas
C) united states
D) major cities
E) book",,B,,"['B', 'C', 'B', 'B', 'B']",B,True,majority,0.8,"{'B': 4, 'C': 1}",5,4,0.8,1,False,,SVAMP,LAMA-3.2-3B
1511,baseline,611,"Where is there a telephone book in almost every room?

Options:
A) at hotel
B) house
C) library
D) bedsit
E) closet",,A,,"['B', 'B', 'C', 'B', 'B']",B,False,majority,0.8,"{'B': 4, 'C': 1}",5,0,0.0,1,False,,SVAMP,LAMA-3.2-3B
1512,baseline,612,"While on the fan boat he thought he'd see swamps and gators, but he was surprised to spot a bald eagle in what nature area?

Options:
A) everglades
B) high places
C) natural habitat
D) new york
E) colorado",,A,,"['A', 'A', 'A', 'A', 'A']",A,True,majority,1.0,{'A': 5},5,5,1.0,0,False,,SVAMP,LAMA-3.2-3B
1513,baseline,613,"Some people got escorted out of the library, they were probably what?

Options:
A) state facts
B) talking loudly
C) making money
D) amount to nothing
E) believe in god",,B,,"['A', 'B', 'B', 'B', 'D']",B,True,majority,0.6,"{'A': 1, 'B': 3, 'D': 1}",5,3,0.6,2,False,,SVAMP,LAMA-3.2-3B
1514,baseline,614,"The place where my linen closet is really needs repainting a light color as it only has one overhead light.

Options:
A) house
B) home
C) pool house
D) hallway
E) bedroom",,D,,"['D', 'B', 'D', 'A', 'D']",D,True,majority,0.6,"{'D': 3, 'B': 1, 'A': 1}",5,3,0.6,2,False,,SVAMP,LAMA-3.2-3B
1515,baseline,615,"When going to sleep what happens to your body?

Options:
A) snoring
B) latency
C) dreams
D) relaxation
E) dreaming",,D,,"['D', 'D', 'D', 'D', 'D']",D,True,majority,1.0,{'D': 5},5,5,1.0,0,False,,SVAMP,LAMA-3.2-3B
1516,baseline,616,"She wanted a kitten and puppy so why did she only get the puppy?

Options:
A) one choice for pet
B) cute
C) kennel
D) soft
E) waxy",,A,,"['A', 'D', 'B', 'B', 'C']",B,False,majority,0.4,"{'A': 1, 'D': 1, 'B': 2, 'C': 1}",5,1,0.2,3,False,,SVAMP,LAMA-3.2-3B
1517,baseline,617,"What kind of food makes someone sick?

Options:
A) boat
B) necessary to live
C) edible
D) unhealthy
E) kitchen",,D,,"['D', 'C', 'D', 'A', 'C']",D,True,refiner_tiebreak,0.5,"{'D': 2, 'C': 2, 'A': 1}",6,3,0.5,3,True,True,SVAMP,LAMA-3.2-3B
1518,baseline,618,"He was at the gym trying to build muscle, what is it called that he is trying to build muscle on?

Options:
A) body of animal
B) arm
C) bodybuilder
D) body of dog
E) human body",,E,,"['E', 'E', 'E', 'E', 'A']",E,True,majority,0.8,"{'E': 4, 'A': 1}",5,4,0.8,1,False,,SVAMP,LAMA-3.2-3B
1519,baseline,619,"A car was hailed to chauffeur someone to the opera house, where was it heading?

Options:
A) go downtown
B) appear suddenly
C) go fast
D) bottom out
E) east",,A,,"['A', 'A', 'A', 'E', 'A']",A,True,majority,0.8,"{'A': 4, 'E': 1}",5,4,0.8,1,False,,SVAMP,LAMA-3.2-3B
1520,baseline,620,"Some food can be stored at room temperature until you open it, then you should keep it in what?

Options:
A) shop
B) bookcase
C) shelf
D) refrigerators
E) kitchen",,D,,"['E', 'C', 'E', 'A', 'C']",E,False,coin_flip,0.3333,"{'E': 2, 'C': 2, 'A': 1}",6,1,0.1667,4,True,True,SVAMP,LAMA-3.2-3B
1521,baseline,621,"The man was going fishing instead of work, what is he seeking?

Options:
A) food
B) relaxation
C) killing
D) missing morning cartoons
E) boredom",,B,,"['', '', '', '', '']",,False,majority,1.0,{'': 5},5,0,0.0,0,False,,SVAMP,LAMA-3.2-3B
1522,baseline,622,"If you spend all your time buying and not saving what is is likely to happen?

Options:
A) using money
B) feel better
C) ocean
D) losing money
E) go broke",,E,,"['E', 'E', 'E', 'E', 'E']",E,True,majority,1.0,{'E': 5},5,5,1.0,0,False,,SVAMP,LAMA-3.2-3B
1523,baseline,623,"What might result in an unsuccessful suicide attempt?

Options:
A) die
B) interruption
C) bleed
D) hatred
E) dying",,B,,"['A', 'E', 'A', 'E', 'C']",A,False,refiner_tiebreak,0.5,"{'A': 2, 'E': 2, 'C': 1}",6,0,0.0,3,True,False,SVAMP,LAMA-3.2-3B
1524,baseline,624,"The advertisement came in the form of a pop-up, where did it appear?

Options:
A) web page
B) store
C) la ville
D) bus
E) email",,A,,"['A', 'A', 'A', 'A', 'A']",A,True,majority,1.0,{'A': 5},5,5,1.0,0,False,,SVAMP,LAMA-3.2-3B
1525,baseline,625,"Where is the large area location of the empire state building?

Options:
A) manhattan
B) office
C) the city
D) fifth avenue
E) new york city",,E,,"['E', 'A', 'E', 'E', 'E']",E,True,majority,0.8,"{'E': 4, 'A': 1}",5,4,0.8,1,False,,SVAMP,LAMA-3.2-3B
1526,baseline,626,"The bald eagle flew from Mount St Helen's to the Puget Sound and all over what?

Options:
A) washington state
B) utah
C) pacific northwest
D) northern california
E) the desert",,A,,"['', 'A', '', '', '']",A,True,majority,1.0,{'A': 1},1,1,1.0,0,False,,SVAMP,LAMA-3.2-3B
1527,baseline,627,"Animals make up a large part of the?

Options:
A) carrying cargo
B) favorite
C) ecosystem
D) nature
E) ecology",,C,,"['C', 'C', 'C', 'C', 'C']",C,True,majority,1.0,{'C': 5},5,5,1.0,0,False,,SVAMP,LAMA-3.2-3B
1528,baseline,628,"What might a kind person do?

Options:
A) cross street
B) talk to themselves
C) open doors
D) throw away
E) study greek",,C,,"['C', 'A', 'A', 'A', 'C']",A,False,majority,0.6,"{'C': 2, 'A': 3}",5,2,0.4,2,False,,SVAMP,LAMA-3.2-3B
1529,baseline,629,"The coach decided to make a lineup change, the team's effort was suffering from what?

Options:
A) stagnant
B) stagnation
C) tradition
D) hunger
E) paper money",,B,,"['C', 'A', 'A', 'D', 'A']",A,False,majority,0.6,"{'C': 1, 'A': 3, 'D': 1}",5,0,0.0,2,False,,SVAMP,LAMA-3.2-3B
1530,baseline,630,"Where can you find a snake in tall grass?

Options:
A) tree
B) in a jar
C) pet shops
D) feild
E) tropical forest",,D,,"['E', 'E', 'A', 'D', 'A']",E,False,coin_flip,0.3333,"{'E': 2, 'A': 2, 'D': 1}",6,2,0.3333,4,True,True,SVAMP,LAMA-3.2-3B
1531,baseline,631,"After standing up I had to sit right back down, why would I feel like this?

Options:
A) train
B) effort
C) balance
D) feet
E) muscles",,C,,"['A', 'C', 'C', 'E', 'E']",C,True,refiner_tiebreak,0.5,"{'A': 1, 'C': 2, 'E': 2}",6,3,0.5,3,True,True,SVAMP,LAMA-3.2-3B
1532,baseline,632,"When you need to rest it's often because you have been doing what?

Options:
A) action
B) sleep
C) sleeping
D) in motion
E) using energy",,E,,"['B', 'B', 'B', 'B', 'A']",B,False,majority,0.8,"{'B': 4, 'A': 1}",5,0,0.0,1,False,,SVAMP,LAMA-3.2-3B
1533,baseline,633,"The bell rang, and the congregation began to what in to the church?

Options:
A) run away
B) wind instrument
C) funnel
D) blunderbuss
E) associated with telephones",,C,,"['D', 'B', 'B', 'B', 'D']",B,False,majority,0.6,"{'D': 2, 'B': 3}",5,0,0.0,2,False,,SVAMP,LAMA-3.2-3B
1534,baseline,634,"What could go on top of wood?

Options:
A) lumberyard
B) synagogue
C) floor
D) carpet
E) hardware store",,D,,"['A', 'A', 'A', 'A', 'A']",A,False,majority,1.0,{'A': 5},5,0,0.0,0,False,,SVAMP,LAMA-3.2-3B
1535,baseline,635,"Noble citizen of the Roman empire believed those born with lower status were what to them?

Options:
A) loser
B) ignoble
C) peasant
D) inferior
E) plebeian",,D,,"['E', 'E', 'E', 'E', 'B']",E,False,majority,0.8,"{'E': 4, 'B': 1}",5,0,0.0,1,False,,SVAMP,LAMA-3.2-3B
1536,baseline,636,"Where would you find a kosher deli along side a number of different places to eat?

Options:
A) los angeles
B) food court
C) new york city
D) jewish community
E) jewish neighborhoods",,B,,"['B', 'C', 'B', 'C', 'C']",C,False,majority,0.6,"{'B': 2, 'C': 3}",5,2,0.4,2,False,,SVAMP,LAMA-3.2-3B
1537,baseline,637,"She wanted to get in shape, but she couldn't stay focused on the hour long what?

Options:
A) sweating
B) excercise
C) work out
D) video
E) swim",,C,,"['B', 'B', 'B', 'B', 'B']",B,False,majority,1.0,{'B': 5},5,0,0.0,0,False,,SVAMP,LAMA-3.2-3B
1538,baseline,638,"Flowers make a good center focal point, just one of many arrangements that look good on a what?

Options:
A) market
B) table
C) countryside
D) anthology
E) vase",,B,,"['B', 'A', 'B', 'B', 'A']",B,True,majority,0.6,"{'B': 3, 'A': 2}",5,3,0.6,2,False,,SVAMP,LAMA-3.2-3B
1539,baseline,639,"What do you write letter in in America?

Options:
A) syllable
B) post office
C) envelope
D) english alphabet
E) word",,D,,"['A', 'D', 'D', 'D', 'D']",D,True,majority,0.8,"{'A': 1, 'D': 4}",5,4,0.8,1,False,,SVAMP,LAMA-3.2-3B
1540,baseline,640,"John was traveling to a new city and took time to check out a business.  He noticed that its carpet was stained with sauces and ketchup. What type of business might that be?

Options:
A) bedroom
B) chair
C) bowling alley
D) at hotel
E) restaurant",,E,,"['E', 'A', 'E', 'A', 'E']",E,True,majority,0.6,"{'E': 3, 'A': 2}",5,3,0.6,2,False,,SVAMP,LAMA-3.2-3B
1541,baseline,641,"If I want to behave with proper aplomb, what manners should I avoid?

Options:
A) inappropriate
B) incomplete
C) impolite
D) none
E) incorrect",,A,,"['', '', '', 'A', '']",A,True,majority,1.0,{'A': 1},1,1,1.0,0,False,,SVAMP,LAMA-3.2-3B
1542,baseline,642,"If you aren't well rested and it's a rainy day what might you do?

Options:
A) sleep
B) write
C) make bread
D) stay in bed
E) enjoy film",,D,,"['A', 'D', 'D', 'D', 'A']",D,True,majority,0.6,"{'A': 2, 'D': 3}",5,3,0.6,2,False,,SVAMP,LAMA-3.2-3B
1543,baseline,643,"The teacher knew her students understood division, what was she hoping they would learn next?

Options:
A) multiplication
B) multiply
C) putting together
D) unity
E) pay debts",,A,,"['', '', '', 'A', '']",A,True,majority,1.0,{'A': 1},1,1,1.0,0,False,,SVAMP,LAMA-3.2-3B
1544,baseline,644,"Writers with a great what can amass a large fortune?

Options:
A) cookie
B) bank
C) real estate
D) imagination
E) bank roll",,D,,"['B', 'B', 'B', 'C', 'B']",B,False,majority,0.8,"{'B': 4, 'C': 1}",5,0,0.0,1,False,,SVAMP,LAMA-3.2-3B
1545,baseline,645,"What might I place under the furniture?

Options:
A) rug
B) room
C) toy
D) friend's house
E) building",,A,,"['A', 'A', 'A', 'E', 'A']",A,True,majority,0.8,"{'A': 4, 'E': 1}",5,4,0.8,1,False,,SVAMP,LAMA-3.2-3B
1546,baseline,646,"Where can fisherman store their rods when on a fishing trip?

Options:
A) hardware store
B) engine
C) fishing camp
D) lake
E) sporting goods store",,C,,"['D', 'D', 'E', 'D', 'D']",D,False,majority,0.8,"{'D': 4, 'E': 1}",5,0,0.0,1,False,,SVAMP,LAMA-3.2-3B
1547,baseline,647,"The family finished dinner, the child's chore was to load the dirty dishes where?

Options:
A) restaurant kitchen
B) dishwasher
C) son's room
D) cabinet
E) party",,B,,"['D', 'B', 'B', 'B', 'B']",B,True,majority,0.8,"{'D': 1, 'B': 4}",5,4,0.8,1,False,,SVAMP,LAMA-3.2-3B
1548,baseline,648,"What type of fruit is easily broken in to sections?

Options:
A) slide
B) citrus
C) band
D) orchestra
E) coconut",,B,,"['B', 'E', 'E', 'E', 'E']",E,False,majority,0.8,"{'B': 1, 'E': 4}",5,1,0.2,1,False,,SVAMP,LAMA-3.2-3B
1549,baseline,649,"Where can you keep letter opener when it likely to be needed soon?

Options:
A) office supply store
B) stationery store
C) dek
D) martyr's chest
E) refrigerator",,C,,"['A', 'A', 'A', 'A', 'A']",A,False,majority,1.0,{'A': 5},5,0,0.0,0,False,,SVAMP,LAMA-3.2-3B
1550,baseline,650,"Committing perjury is a serious what?

Options:
A) indictment
B) crime
C) violence
D) lie
E) go to jail",,B,,"['A', 'A', 'A', 'A', 'B']",A,False,majority,0.8,"{'A': 4, 'B': 1}",5,1,0.2,1,False,,SVAMP,LAMA-3.2-3B
1551,baseline,651,"Where would you hear a violin along side many string and wind instruments?

Options:
A) school
B) string quartet
C) orchestra
D) kitchen
E) music room",,C,,"['C', 'C', 'C', 'C', 'C']",C,True,majority,1.0,{'C': 5},5,5,1.0,0,False,,SVAMP,LAMA-3.2-3B
1552,baseline,652,"What do you use to carry your briefcase?

Options:
A) office building
B) school
C) courtroom
D) airport
E) hand",,E,,"['D', '', 'A', '', 'A']",A,False,majority,0.6667,"{'D': 1, 'A': 2}",3,0,0.0,1,False,,SVAMP,LAMA-3.2-3B
1553,baseline,653,"A great teacher can be what when you are attending school?

Options:
A) detention
B) graduate
C) follower
D) inspiration
E) boredom",,D,,"['D', 'D', 'D', 'D', 'D']",D,True,majority,1.0,{'D': 5},5,5,1.0,0,False,,SVAMP,LAMA-3.2-3B
1554,baseline,654,"When you fail to finish something, you failed at doing what to it

Options:
A) winning
B) passing
C) completing
D) do well
E) succeeding",,C,,"['D', 'E', 'D', 'D', 'A']",D,False,majority,0.6,"{'D': 3, 'E': 1, 'A': 1}",5,0,0.0,2,False,,SVAMP,LAMA-3.2-3B
1555,baseline,655,"What will a person do at work?

Options:
A) cross street
B) draw attention to themselves
C) make money
D) falling down
E) come home",,C,,"['E', 'A', 'E', 'A', 'C']",A,False,refiner_tiebreak,0.5,"{'E': 2, 'A': 2, 'C': 1}",6,1,0.1667,3,True,False,SVAMP,LAMA-3.2-3B
1556,baseline,656,"He was beginning to worry they wouldn't get on the ride before closing, they had been standing in queue for a long what?

Options:
A) frustration
B) waiting
C) hair
D) time
E) patience",,D,,"['B', 'B', 'D', 'B', 'B']",B,False,majority,0.8,"{'B': 4, 'D': 1}",5,1,0.2,1,False,,SVAMP,LAMA-3.2-3B
1557,baseline,657,"When are people buying products more?

Options:
A) debt
B) economic boom
C) being able to use
D) disagreements
E) trading",,B,,"['C', 'C', 'B', 'C', 'C']",C,False,majority,0.8,"{'C': 4, 'B': 1}",5,1,0.2,1,False,,SVAMP,LAMA-3.2-3B
1558,baseline,658,"Blue read material outside of his comfort zone because he wanted to gain what?

Options:
A) new perspective
B) entertained
C) understanding
D) hunger
E) tired eyes",,A,,"['A', 'A', 'A', 'A', 'A']",A,True,majority,1.0,{'A': 5},5,5,1.0,0,False,,SVAMP,LAMA-3.2-3B
1559,baseline,659,"If I want to open a steakhouse, what should I get first?

Options:
A) michigan
B) florida
C) wine
D) texas
E) building",,E,,"['A', 'A', 'A', 'A', 'D']",A,False,majority,0.8,"{'A': 4, 'D': 1}",5,0,0.0,1,False,,SVAMP,LAMA-3.2-3B
1560,baseline,660,"What could happen to a cat other than wanting food?

Options:
A) feline
B) thirsty
C) sharp claws
D) pussycat
E) hungry",,B,,"['E', 'E', 'C', 'E', 'A']",E,False,majority,0.6,"{'E': 3, 'C': 1, 'A': 1}",5,0,0.0,2,False,,SVAMP,LAMA-3.2-3B
1561,baseline,661,"The man had a fear of illness, so he never visited friends who were a what?

Options:
A) sick person
B) hospital
C) elderly person
D) graveyard
E) doctor's office",,A,,"['B', 'A', 'A', 'A', 'A']",A,True,majority,0.8,"{'B': 1, 'A': 4}",5,4,0.8,1,False,,SVAMP,LAMA-3.2-3B
1562,baseline,662,"If there is gum on your shoe where did it likely come from?

Options:
A) shelf
B) movies
C) sidewalk
D) water fountain
E) table",,C,,"['A', 'D', 'A', 'A', 'A']",A,False,majority,0.8,"{'A': 4, 'D': 1}",5,0,0.0,1,False,,SVAMP,LAMA-3.2-3B
1563,baseline,663,"The tiger was stuck in what animal prison where he got lazy and fat?

Options:
A) jungle
B) zoo
C) kill
D) india
E) eat cake",,B,,"['A', 'B', 'B', 'B', 'B']",B,True,majority,0.8,"{'A': 1, 'B': 4}",5,4,0.8,1,False,,SVAMP,LAMA-3.2-3B
1564,baseline,664,"Kissing is normally an activity reserved for your romantic what?

Options:
A) anus
B) partner
C) arousal
D) trust
E) cooperation",,B,,"['B', 'B', 'B', 'B', 'B']",B,True,majority,1.0,{'B': 5},5,5,1.0,0,False,,SVAMP,LAMA-3.2-3B
1565,baseline,665,"When a person suffers from hunger early in the day what do they do?

Options:
A) eat hamburger
B) eat breakfast
C) open fridge
D) buy food
E) cook dinner",,B,,"['B', 'B', 'B', 'B', 'B']",B,True,majority,1.0,{'B': 5},5,5,1.0,0,False,,SVAMP,LAMA-3.2-3B
1566,baseline,666,"Where is likely to not just have a kosher restaurant?

Options:
A) jerusalem
B) jewish neighborhoods
C) dining in
D) new york city
E) dining",,D,,"['A', 'D', 'D', 'D', 'D']",D,True,majority,0.8,"{'A': 1, 'D': 4}",5,4,0.8,1,False,,SVAMP,LAMA-3.2-3B
1567,baseline,667,"What language type is someone from Iran likely to use?

Options:
A) books
B) dard
C) sky
D) closed room
E) television",,B,,"['A', 'A', 'A', 'B', 'A']",A,False,majority,0.8,"{'A': 4, 'B': 1}",5,1,0.2,1,False,,SVAMP,LAMA-3.2-3B
1568,baseline,668,"What might happen if someone is not losing weight?

Options:
A) loose skin
B) beauty
C) miss universe
D) death
E) healthier",,D,,"['A', 'A', 'E', 'A', 'A']",A,False,majority,0.8,"{'A': 4, 'E': 1}",5,0,0.0,1,False,,SVAMP,LAMA-3.2-3B
1569,baseline,669,"The person was in physical distress, where should he go?

Options:
A) synagogue
B) for help
C) hospital
D) bus stop
E) building",,C,,"['A', 'C', 'C', 'C', 'C']",C,True,majority,0.8,"{'A': 1, 'C': 4}",5,4,0.8,1,False,,SVAMP,LAMA-3.2-3B
1570,baseline,670,"What animal has quills all over it?

Options:
A) feather
B) chicken
C) calligraphy
D) porcupine
E) hedgehog",,E,,"['D', 'D', 'D', 'D', 'D']",D,False,majority,1.0,{'D': 5},5,0,0.0,0,False,,SVAMP,LAMA-3.2-3B
1571,baseline,671,"What do professors primarily do?

Options:
A) master physics
B) state facts
C) wear wrinkled tweed jackets
D) school students
E) teach courses",,E,,"['E', 'E', 'E', 'E', 'E']",E,True,majority,1.0,{'E': 5},5,5,1.0,0,False,,SVAMP,LAMA-3.2-3B
1572,baseline,672,"To get out of there the person had to keep on walking, they had to keep on what?

Options:
A) moving forward
B) locomotion
C) blisters
D) rollerskate
E) exercise",,A,,"['', '', '', '', '']",,False,majority,1.0,{'': 5},5,0,0.0,0,False,,SVAMP,LAMA-3.2-3B
1573,baseline,673,"He picked up his pace to a run, he wanted to do what?

Options:
A) learn to walk
B) frightened
C) get away from
D) exercise
E) go faster",,E,,"['E', 'D', 'E', 'E', 'E']",E,True,majority,0.8,"{'E': 4, 'D': 1}",5,4,0.8,1,False,,SVAMP,LAMA-3.2-3B
1574,baseline,674,"All the power tools like the drill used for fixing cars made for a very loud workplace where?

Options:
A) basement
B) work shop
C) tool shed
D) repair shop
E) store room",,D,,"['B', 'B', 'B', 'B', 'B']",B,False,majority,1.0,{'B': 5},5,0,0.0,0,False,,SVAMP,LAMA-3.2-3B
1575,baseline,675,"Why do people read non fiction?

Options:
A) having fun
B) it's more relatable
C) learn new things
D) becoming absorbed
E) falling asleep",,C,,"['C', 'C', 'D', 'C', 'C']",C,True,majority,0.8,"{'C': 4, 'D': 1}",5,4,0.8,1,False,,SVAMP,LAMA-3.2-3B
1576,baseline,676,"While John Candy and Dan Aykroyd didn't run into a gazelle, you'd have to go where to see one?

Options:
A) eastern hemisphere
B) the city
C) open plain
D) television program
E) great outdoors",,E,,"['E', 'E', 'E', 'E', 'E']",E,True,majority,1.0,{'E': 5},5,5,1.0,0,False,,SVAMP,LAMA-3.2-3B
1577,baseline,677,"What might a couple have a lot of when they are deciding on stopping being married to each other?

Options:
A) pleasure
B) detachment
C) exercise
D) bankruptcy
E) fights",,E,,"['B', 'B', 'B', 'B', 'B']",B,False,majority,1.0,{'B': 5},5,0,0.0,0,False,,SVAMP,LAMA-3.2-3B
1578,baseline,678,"Before lifting weights he liked to warm up on the squash court, he really enjoyed the facilities of the what?

Options:
A) swimming pool
B) rich person's house
C) country club
D) fitness center
E) park",,D,,"['C', 'C', 'D', 'A', 'D']",C,False,refiner_tiebreak,0.5,"{'C': 2, 'D': 2, 'A': 1}",6,2,0.3333,3,True,False,SVAMP,LAMA-3.2-3B
1579,baseline,679,"What will you put on a pen to prevent it from drying out?

Options:
A) write sentences on paper
B) ink in
C) ink cartridges
D) caps
E) cling film",,D,,"['A', 'C', 'A', 'A', 'A']",A,False,majority,0.8,"{'A': 4, 'C': 1}",5,0,0.0,1,False,,SVAMP,LAMA-3.2-3B
1580,baseline,680,"Where do adults use glue sticks?

Options:
A) classroom
B) desk drawer
C) at school
D) office
E) kitchen drawer",,D,,"['D', 'D', 'B', 'B', 'B']",B,False,majority,0.6,"{'D': 2, 'B': 3}",5,2,0.4,2,False,,SVAMP,LAMA-3.2-3B
1581,baseline,681,"A child wants to play, what would they likely want?

Options:
A) fall down
B) breathe
C) play tag
D) be dismembered by a chainsaw
E) become adult",,C,,"['C', 'C', '', 'B', 'C']",C,True,majority,0.75,"{'C': 3, 'B': 1}",4,3,0.75,1,False,,SVAMP,LAMA-3.2-3B
1582,baseline,682,"What would a person need to do if his or her captain dies at sea?

Options:
A) cross street
B) have a party
C) experience life
D) cross road
E) man crew",,E,,"['D', 'E', 'B', 'C', 'E']",E,True,majority,0.4,"{'D': 1, 'E': 2, 'B': 1, 'C': 1}",5,2,0.4,3,False,,SVAMP,LAMA-3.2-3B
1583,baseline,683,"The newlyweds began copulating their marriage, they wanted many what?

Options:
A) babies
B) odors
C) sadness
D) rapport
E) ejaculation",,A,,"['A', 'A', 'A', 'A', 'A']",A,True,majority,1.0,{'A': 5},5,5,1.0,0,False,,SVAMP,LAMA-3.2-3B
1584,baseline,684,"Where outside of a city would a squirrel live?

Options:
A) roof
B) inside home
C) forest
D) yard
E) park",,C,,"['A', 'A', 'A', 'A', 'A']",A,False,majority,1.0,{'A': 5},5,0,0.0,0,False,,SVAMP,LAMA-3.2-3B
1585,baseline,685,"August needed  money because he was afraid that he'd be kicked out of his house.  What did he need money to do?

Options:
A) control people
B) pay bills
C) hurt people
D) buy food
E) get things",,B,,"['B', 'B', 'B', 'B', 'A']",B,True,majority,0.8,"{'B': 4, 'A': 1}",5,4,0.8,1,False,,SVAMP,LAMA-3.2-3B
1586,baseline,686,"James wanted to find an old underground map from the 50s.  Where might he look for one?

Options:
A) library
B) subway station
C) county engineer's office
D) super market
E) home",,A,,"['A', 'A', '', 'B', 'B']",A,True,refiner_tiebreak,0.6,"{'A': 2, 'B': 2}",5,3,0.6,2,True,True,SVAMP,LAMA-3.2-3B
1587,baseline,687,"What happens someone who is bad play poker?

Options:
A) think
B) ante up
C) drink
D) win money
E) losing money",,E,,"['E', 'E', 'B', 'E', 'E']",E,True,majority,0.8,"{'E': 4, 'B': 1}",5,4,0.8,1,False,,SVAMP,LAMA-3.2-3B
1588,baseline,688,"I house outside the center of a community is said to be where?

Options:
A) city
B) subdivision
C) newspaper
D) residential area
E) street",,B,,"['D', 'D', 'D', 'D', 'D']",D,False,majority,1.0,{'D': 5},5,0,0.0,0,False,,SVAMP,LAMA-3.2-3B
1589,baseline,689,"John was a bit think in the head, but he knew that he never saw the lady before.  They were what?

Options:
A) pay debts
B) slender
C) unacquainted
D) free flowing
E) sparse",,C,,"['C', 'A', 'C', 'C', 'C']",C,True,majority,0.8,"{'C': 4, 'A': 1}",5,4,0.8,1,False,,SVAMP,LAMA-3.2-3B
1590,baseline,690,"If you have a child who gets in trouble for being hyperactive you may need to teach them how to what down?

Options:
A) park
B) calm
C) being good
D) good behavior
E) safe",,B,,"['B', 'B', 'B', 'A', 'B']",B,True,majority,0.8,"{'B': 4, 'A': 1}",5,4,0.8,1,False,,SVAMP,LAMA-3.2-3B
1591,baseline,691,"If you are hungry and going fishing, why would you be going fishing?

Options:
A) to see the fish
B) have fun
C) catching fish
D) wet clothes
E) killing",,C,,"['C', 'A', 'B', 'B', 'C']",C,True,coin_flip,0.3333,"{'C': 2, 'A': 1, 'B': 2}",6,2,0.3333,4,True,False,SVAMP,LAMA-3.2-3B
1592,baseline,692,"Where could you find hundreds of thousands of home?

Options:
A) field
B) neighborhood
C) star can
D) city or town
E) apartment building",,D,,"['D', 'D', 'D', 'D', 'D']",D,True,majority,1.0,{'D': 5},5,5,1.0,0,False,,SVAMP,LAMA-3.2-3B
1593,baseline,693,"What is a tactic used to interfere with learning about science?

Options:
A) repetition
B) sense of wonder
C) accidents
D) intimidation
E) increased knowledge",,D,,"['B', 'A', 'D', 'A', 'A']",A,False,majority,0.6,"{'B': 1, 'A': 3, 'D': 1}",5,1,0.2,2,False,,SVAMP,LAMA-3.2-3B
1594,baseline,694,"Where could a person avoid the rain?

Options:
A) bus stop
B) tunnel
C) synagogue
D) fairy tale
E) street corner",,C,,"['A', 'A', 'A', 'A', 'A']",A,False,majority,1.0,{'A': 5},5,0,0.0,0,False,,SVAMP,LAMA-3.2-3B
1595,baseline,695,"What do they call the trash in Australia?

Options:
A) dirt
B) subway
C) state park
D) container
E) dustbin",,E,,"['E', 'E', 'E', 'E', 'E']",E,True,majority,1.0,{'E': 5},5,5,1.0,0,False,,SVAMP,LAMA-3.2-3B
1596,baseline,696,"Jodie felt a tightness in her chest. She was worried but didn't want to go to the hospital. Where might she go instead?

Options:
A) istanbul
B) concert
C) bedroom
D) antique shop
E) human being",,C,,"['B', 'A', 'C', 'D', 'B']",B,False,majority,0.4,"{'B': 2, 'A': 1, 'C': 1, 'D': 1}",5,1,0.2,3,False,,SVAMP,LAMA-3.2-3B
1597,baseline,697,"The flower grew tall to compete for sunlight, what did its neighbor do?

Options:
A) blossom
B) park
C) open
D) cast shadow
E) vase",,D,,"['C', 'C', 'A', 'A', 'C']",C,False,majority,0.6,"{'C': 3, 'A': 2}",5,0,0.0,2,False,,SVAMP,LAMA-3.2-3B
1598,baseline,698,"John was my neighbor, it was easy to talk to him. He was never what?

Options:
A) away
B) distant
C) remote person
D) bore
E) foe",,B,,"['D', 'D', 'D', 'D', 'D']",D,False,majority,1.0,{'D': 5},5,0,0.0,0,False,,SVAMP,LAMA-3.2-3B
1599,baseline,699,"When you get together with friends to watch film, you might do plenty of this?

Options:
A) see what happens
B) enjoy stories
C) pass time
D) have fun
E) interesting",,D,,"['B', 'D', 'D', 'D', 'D']",D,True,majority,0.8,"{'B': 1, 'D': 4}",5,4,0.8,1,False,,SVAMP,LAMA-3.2-3B
1600,baseline,700,"The end of the barrel of what primitive firearm is bell shaped?

Options:
A) barbell
B) funnel
C) blunderbuss
D) wind instrument
E) kettlebell",,C,,"['C', 'A', 'C', 'C', 'C']",C,True,majority,0.8,"{'C': 4, 'A': 1}",5,4,0.8,1,False,,SVAMP,LAMA-3.2-3B
1601,baseline,701,"Where would one find a snake in a cage?

Options:
A) tropical forest
B) oregon
C) woods
D) pet store
E) louisiana",,D,,"['A', 'A', 'A', 'A', 'A']",A,False,majority,1.0,{'A': 5},5,0,0.0,0,False,,SVAMP,LAMA-3.2-3B
1602,baseline,702,"What are our bodies doing after having food?

Options:
A) falling down
B) digesting
C) gas
D) weight gain
E) not hungry",,B,,"['B', '', 'B', 'A', 'A']",B,True,refiner_tiebreak,0.6,"{'B': 2, 'A': 2}",5,3,0.6,2,True,True,SVAMP,LAMA-3.2-3B
1603,baseline,703,"She had an interest in the man, what did she want to do with him?

Options:
A) see particular program
B) see exhibits
C) see people play game
D) have conversation
E) watch film",,D,,"['D', 'D', 'D', '', 'D']",D,True,majority,1.0,{'D': 4},4,4,1.0,0,False,,SVAMP,LAMA-3.2-3B
1604,baseline,704,"The weasel was becoming a problem, it kept getting into the chicken eggs kept in the what?

Options:
A) forrest
B) barn
C) public office
D) out of doors
E) freezer",,B,,"['B', 'B', 'B', 'B', 'B']",B,True,majority,1.0,{'B': 5},5,5,1.0,0,False,,SVAMP,LAMA-3.2-3B
1605,baseline,705,"Why do people play chess on the weekends?

Options:
A) satisfaction
B) have fun
C) thrilling
D) made
E) smart",,B,,"['B', 'B', 'B', 'B', 'B']",B,True,majority,1.0,{'B': 5},5,5,1.0,0,False,,SVAMP,LAMA-3.2-3B
1606,baseline,706,"His phone was dead and they couldn't find the expressway, he opened up the glove compartment and handed his passenger the what to navigate?

Options:
A) eastern united states
B) michigan
C) map
D) choppers
E) american city",,C,,"['A', 'C', 'A', 'A', 'A']",A,False,majority,0.8,"{'A': 4, 'C': 1}",5,1,0.2,1,False,,SVAMP,LAMA-3.2-3B
1607,baseline,707,"What would you do if your date does not show up?

Options:
A) wait for
B) bathe
C) go for haircut
D) plan revenge
E) dress nice",,A,,"['A', 'A', 'A', 'A', '']",A,True,majority,1.0,{'A': 4},4,4,1.0,0,False,,SVAMP,LAMA-3.2-3B
1608,baseline,708,"What emotion leads to punching?

Options:
A) fists
B) hitting
C) boxing gloves
D) anger
E) hands",,D,,"['D', 'D', 'A', 'A', 'A']",A,False,majority,0.6,"{'D': 2, 'A': 3}",5,2,0.4,2,False,,SVAMP,LAMA-3.2-3B
1609,baseline,709,"What was the man encouraged to do after he expressed his anger violently?

Options:
A) cool off
B) punch
C) illustrate point
D) fight
E) release energy",,A,,"['A', 'A', 'A', 'A', 'E']",A,True,majority,0.8,"{'A': 4, 'E': 1}",5,4,0.8,1,False,,SVAMP,LAMA-3.2-3B
1610,baseline,710,"Working on the elaborate task was taxing, it require extreme what?

Options:
A) holding
B) concentration
C) energy
D) job
E) energh",,B,,"['C', 'C', 'B', 'B', 'B']",B,True,majority,0.6,"{'C': 2, 'B': 3}",5,3,0.6,2,False,,SVAMP,LAMA-3.2-3B
1611,baseline,711,"If I wanted to eat something that is made from plants and needs to be washed, what would it be?

Options:
A) roots
B) millions of cells
C) see work
D) leaves to gather light
E) flowers on",,A,,"['B', 'B', 'E', 'B', 'D']",B,False,majority,0.6,"{'B': 3, 'E': 1, 'D': 1}",5,0,0.0,2,False,,SVAMP,LAMA-3.2-3B
1612,baseline,712,"Where could a personal ficus live?

Options:
A) cabin in the woods
B) california
C) front yard
D) conservatory
E) tropical forest",,C,,"['C', 'C', 'C', 'C', 'C']",C,True,majority,1.0,{'C': 5},5,5,1.0,0,False,,SVAMP,LAMA-3.2-3B
1613,baseline,713,"Because of his anger he couldn't clearly explain or what?

Options:
A) cool off
B) write letter
C) get mad
D) illustrate point
E) destroy enemy",,D,,"['C', 'C', 'C', 'C', 'A']",C,False,majority,0.8,"{'C': 4, 'A': 1}",5,0,0.0,1,False,,SVAMP,LAMA-3.2-3B
1614,baseline,714,"Where do people get beer after a bit of gambling?

Options:
A) bottle
B) grocery store
C) casino
D) spaceship
E) hockey game",,C,,"['A', 'B', 'B', 'B', 'B']",B,False,majority,0.8,"{'A': 1, 'B': 4}",5,0,0.0,1,False,,SVAMP,LAMA-3.2-3B
1615,baseline,715,"I was apprehensive to buy the expensive equipment to play a game with so much walking and swinging around in grass, but now I understand why people what?

Options:
A) care less
B) play golf
C) shake hands
D) believe in god
E) trip over",,B,,"['B', 'A', 'A', 'C', 'B']",B,True,refiner_tiebreak,0.5,"{'B': 2, 'A': 2, 'C': 1}",6,3,0.5,3,True,True,SVAMP,LAMA-3.2-3B
1616,baseline,716,"Where can I find a stapler in many places?

Options:
A) desk drawer
B) office building
C) manual
D) office supply store
E) desktop",,B,,"['D', 'D', 'D', 'D', 'D']",D,False,majority,1.0,{'D': 5},5,0,0.0,0,False,,SVAMP,LAMA-3.2-3B
1617,baseline,717,"How is riding a bike getting it to move?

Options:
A) practice
B) sense of balance
C) driving
D) good balance
E) pedalling",,E,,"['E', 'A', 'E', 'E', 'A']",E,True,majority,0.6,"{'E': 3, 'A': 2}",5,3,0.6,2,False,,SVAMP,LAMA-3.2-3B
1618,baseline,718,"What can you use to store a book while traveling?

Options:
A) library of congress
B) pocket
C) backpack
D) suitcase
E) synagogue",,D,,"['A', 'A', 'A', 'A', 'A']",A,False,majority,1.0,{'A': 5},5,0,0.0,0,False,,SVAMP,LAMA-3.2-3B
1619,baseline,719,"Danny is having fun just dancing and singing with his friends. He wasn't concerned with things that weren't fun. For him having fun is the same as what?

Options:
A) injuries
B) smiling
C) being happy
D) glee
E) jump",,C,,"['C', 'C', 'C', 'C', 'D']",C,True,majority,0.8,"{'C': 4, 'D': 1}",5,4,0.8,1,False,,SVAMP,LAMA-3.2-3B
1620,baseline,720,"Where might someone store a reusable shopping bag?

Options:
A) supermarket
B) home
C) mart
D) obesity
E) closet",,E,,"['A', 'B', 'A', 'A', 'A']",A,False,majority,0.8,"{'A': 4, 'B': 1}",5,0,0.0,1,False,,SVAMP,LAMA-3.2-3B
1621,baseline,721,"They were making sauerkraut, the instructor explained the liquid should be above the cabbage in the what?

Options:
A) jar
B) drinking glass
C) pot
D) container
E) can",,A,,"['A', 'A', 'D', 'D', '']",A,True,refiner_tiebreak,0.6,"{'A': 2, 'D': 2}",5,3,0.6,2,True,True,SVAMP,LAMA-3.2-3B
1622,baseline,722,"Where would there be an auditorium with only a single person speaking?

Options:
A) lights
B) crowd
C) university campus
D) theater
E) park",,C,,"['A', 'B', 'C', 'D', 'D']",D,False,majority,0.4,"{'A': 1, 'B': 1, 'C': 1, 'D': 2}",5,1,0.2,3,False,,SVAMP,LAMA-3.2-3B
1623,baseline,723,"Where would you find many varieties of plants including a rosebush?

Options:
A) kew gardens
B) garder
C) backyard
D) shop
E) beautiful garden",,E,,"['C', 'A', 'E', 'C', 'A']",A,False,refiner_tiebreak,0.5,"{'C': 2, 'A': 2, 'E': 1}",6,1,0.1667,3,True,False,SVAMP,LAMA-3.2-3B
1624,baseline,724,"Where can one obtain a bass fiddle?

Options:
A) jazz band
B) string quartet
C) group band
D) nursery rhyme
E) music store",,E,,"['A', 'A', 'A', 'A', 'A']",A,False,majority,1.0,{'A': 5},5,0,0.0,0,False,,SVAMP,LAMA-3.2-3B
1625,baseline,725,"What is a very unlikely side effect of becoming inebriated?

Options:
A) fights
B) drunkenness
C) staggering
D) puke
E) paralysis",,E,,"['B', 'D', 'C', 'B', 'E']",B,False,majority,0.4,"{'B': 2, 'D': 1, 'C': 1, 'E': 1}",5,1,0.2,3,False,,SVAMP,LAMA-3.2-3B
1626,baseline,726,"Where would you borrow furniture if you do not have any?

Options:
A) sewer
B) neighbor's house
C) apartment
D) room
E) floor",,B,,"['C', 'A', 'D', 'B', 'A']",A,False,majority,0.4,"{'C': 1, 'A': 2, 'D': 1, 'B': 1}",5,1,0.2,3,False,,SVAMP,LAMA-3.2-3B
1627,baseline,727,"The artist was sitting quietly pondering, then suddenly he began to paint when what struck him?

Options:
A) sadness
B) anxiety
C) inspiration
D) discomfort
E) insights",,C,,"['A', 'C', 'C', 'C', 'C']",C,True,majority,0.8,"{'A': 1, 'C': 4}",5,4,0.8,1,False,,SVAMP,LAMA-3.2-3B
1628,baseline,728,"What is a person called who doesn't have immortality?

Options:
A) mortal
B) dying
C) death
D) dead
E) mortal",,E,,"['A', 'A', 'A', 'A', 'A']",A,False,majority,1.0,{'A': 5},5,0,0.0,0,False,,SVAMP,LAMA-3.2-3B
1629,baseline,729,"Printing on a printer can get expensive because it does what?

Options:
A) explode
B) use paper
C) store information
D) queue
E) noise",,B,,"['B', 'D', 'B', 'B', 'B']",B,True,majority,0.8,"{'B': 4, 'D': 1}",5,4,0.8,1,False,,SVAMP,LAMA-3.2-3B
1630,baseline,730,"Where would you sit in a chair while working toward an advanced degree?

Options:
A) aeroport
B) church
C) furniture store
D) university
E) living room",,D,,"['A', 'D', 'A', 'D', 'D']",D,True,majority,0.6,"{'A': 2, 'D': 3}",5,3,0.6,2,False,,SVAMP,LAMA-3.2-3B
1631,baseline,731,"The weasel ran up away from danger, somebody joked only our first president could get him down from the what?

Options:
A) washington dc
B) ladder
C) natural history museum
D) cherry tree
E) chicken coop",,D,,"['B', 'A', 'A', 'A', 'D']",A,False,majority,0.6,"{'B': 1, 'A': 3, 'D': 1}",5,1,0.2,2,False,,SVAMP,LAMA-3.2-3B
1632,baseline,732,"What would you need if you want to smoke?

Options:
A) you're stupid
B) kill yourself
C) roll joint
D) cigarette
E) lighter fluid.",,D,,"['D', 'D', 'D', 'D', 'D']",D,True,majority,1.0,{'D': 5},5,5,1.0,0,False,,SVAMP,LAMA-3.2-3B
1633,baseline,733,"The lock kept the steering wheel from moving, but the thief still took his chances and began to work on the what?

Options:
A) keep cloesd
B) train
C) ignition switch
D) drawer
E) firearm",,C,,"['C', 'C', 'C', 'C', 'C']",C,True,majority,1.0,{'C': 5},5,5,1.0,0,False,,SVAMP,LAMA-3.2-3B
1634,baseline,734,"If a person is working a lot, what are they likely trying to earn?

Options:
A) much money
B) own house
C) creativity
D) new car
E) caregiver",,A,,"['A', 'A', '', 'A', 'A']",A,True,majority,1.0,{'A': 4},4,4,1.0,0,False,,SVAMP,LAMA-3.2-3B
1635,baseline,735,"Where does one store fabric in their own home?

Options:
A) sewing room
B) clothing store
C) tailor shop
D) clothes store
E) cotton mill",,A,,"['A', 'A', 'A', 'A', 'A']",A,True,majority,1.0,{'A': 5},5,5,1.0,0,False,,SVAMP,LAMA-3.2-3B
1636,baseline,736,"I'm having some food at my party, what will I need to serve it?

Options:
A) zoo
B) pan
C) bowl
D) kitchen
E) spoon",,E,,"['C', 'D', 'A', 'A', 'A']",A,False,majority,0.6,"{'C': 1, 'D': 1, 'A': 3}",5,0,0.0,2,False,,SVAMP,LAMA-3.2-3B
1637,baseline,737,"Why did the heavy metal band need electricity at the stadium?

Options:
A) concert
B) bedroom
C) make person sick
D) building
E) church",,A,,"['A', 'A', 'A', 'A', 'A']",A,True,majority,1.0,{'A': 5},5,5,1.0,0,False,,SVAMP,LAMA-3.2-3B
1638,baseline,738,"A beaver is know for building prowess, their supplies come from where?

Options:
A) british columbia
B) body of water
C) wooded area
D) pay debts
E) zoo",,C,,"['B', 'B', 'B', 'B', 'B']",B,False,majority,1.0,{'B': 5},5,0,0.0,0,False,,SVAMP,LAMA-3.2-3B
1639,baseline,739,"I listened to lecture intensely, what is my goal?

Options:
A) gain confidence
B) concentrate
C) get attention
D) pay attention
E) stop talking",,B,,"['B', 'A', 'B', 'D', 'B']",B,True,majority,0.6,"{'B': 3, 'A': 1, 'D': 1}",5,3,0.6,2,False,,SVAMP,LAMA-3.2-3B
1640,baseline,740,"How is a child eager to be going to play likely to get there?

Options:
A) slowly
B) rush
C) being entertained
D) have fun
E) enjoyment",,B,,"['A', 'D', 'D', 'D', 'A']",D,False,majority,0.6,"{'A': 2, 'D': 3}",5,0,0.0,2,False,,SVAMP,LAMA-3.2-3B
1641,baseline,741,"When a main artery is used to expedite travel what would it be referred to as?

Options:
A) neck
B) busy city
C) own brain
D) thruway
E) food",,D,,"['D', 'D', 'D', 'D', 'D']",D,True,majority,1.0,{'D': 5},5,5,1.0,0,False,,SVAMP,LAMA-3.2-3B
1642,baseline,742,"At a shop what can you buy to put your spare unused things?

Options:
A) basement
B) cardboard box
C) ocean floor
D) high school
E) container",,E,,"['B', 'B', 'B', 'B', 'B']",B,False,majority,1.0,{'B': 5},5,0,0.0,0,False,,SVAMP,LAMA-3.2-3B
1643,baseline,743,"What is performing a type of?

Options:
A) singing
B) act
C) feat
D) smile
E) acting",,B,,"['E', 'E', 'E', 'E', 'E']",E,False,majority,1.0,{'E': 5},5,0,0.0,0,False,,SVAMP,LAMA-3.2-3B
1644,baseline,744,"Why do most people take a quick rest during the day?

Options:
A) need to
B) hungry
C) feel more energetic
D) weak
E) regenerate",,C,,"['A', 'C', 'A', 'C', 'E']",A,False,refiner_tiebreak,0.5,"{'A': 2, 'C': 2, 'E': 1}",6,2,0.3333,3,True,False,SVAMP,LAMA-3.2-3B
1645,baseline,745,"WHat leads to an early death?

Options:
A) poisonous gas
B) homicide
C) cinder
D) nuclear weapons
E) cyanide",,B,,"['A', 'E', 'B', 'B', 'A']",A,False,refiner_tiebreak,0.5,"{'A': 2, 'E': 1, 'B': 2}",6,2,0.3333,3,True,False,SVAMP,LAMA-3.2-3B
1646,baseline,746,"If you're celebrating with too many cocktails what may you have in the morning?

Options:
A) drunkenness
B) have fun
C) headache
D) hang over
E) intimacy",,D,,"['D', 'D', 'D', 'D', 'D']",D,True,majority,1.0,{'D': 5},5,5,1.0,0,False,,SVAMP,LAMA-3.2-3B
1647,baseline,747,"What do the feathers look like on birds found in the rainforest?

Options:
A) pretty smart
B) singing
C) dark
D) very colorful
E) light",,D,,"['', 'B', 'C', 'A', 'D']",D,True,refiner_tiebreak,0.4,"{'B': 1, 'C': 1, 'A': 1, 'D': 1}",5,2,0.4,3,True,True,SVAMP,LAMA-3.2-3B
1648,baseline,748,"The lady would eat and eat, and because of mental issues would then make herself what?

Options:
A) wash dishes
B) throwing up
C) drinking
D) throw up
E) turn inside out",,D,,"['B', 'B', 'B', 'A', 'B']",B,False,majority,0.8,"{'B': 4, 'A': 1}",5,0,0.0,1,False,,SVAMP,LAMA-3.2-3B
1649,baseline,749,"Where is a likely place for an ivy plant?

Options:
A) flower pot
B) shelf
C) windowsill
D) outside
E) sill",,D,,"['A', 'C', 'A', 'A', 'A']",A,False,majority,0.8,"{'A': 4, 'C': 1}",5,0,0.0,1,False,,SVAMP,LAMA-3.2-3B
1650,baseline,750,"John felt that his actions were fate.   Harry said that he could have always made a different what?

Options:
A) free will
B) choice
C) will
D) alcohol
E) freedom",,B,,"['A', 'B', 'B', 'A', 'A']",A,False,majority,0.6,"{'A': 3, 'B': 2}",5,2,0.4,2,False,,SVAMP,LAMA-3.2-3B
1651,baseline,751,"Where would you run in to a niece you only see every one and a while?

Options:
A) family reunion
B) brother's house
C) family picture book
D) family tree
E) party",,A,,"['A', 'A', 'A', 'A', 'A']",A,True,majority,1.0,{'A': 5},5,5,1.0,0,False,,SVAMP,LAMA-3.2-3B
1652,baseline,752,"The teens were trying to hide that they get drink, but when they walked in the door their what gave it away?

Options:
A) health
B) fall down
C) stagger
D) get arrested
E) vomit",,C,,"['C', 'D', 'C', 'C', 'C']",C,True,majority,0.8,"{'C': 4, 'D': 1}",5,4,0.8,1,False,,SVAMP,LAMA-3.2-3B
1653,baseline,753,"If a court case is dismissed after hearing testimony, what would be a likely cause?

Options:
A) change of heart
B) anguish
C) anger
D) boredom
E) anxiety",,A,,"['A', 'A', 'A', 'A', 'A']",A,True,majority,1.0,{'A': 5},5,5,1.0,0,False,,SVAMP,LAMA-3.2-3B
1654,baseline,754,"I am cold, what should I do to stay warm?

Options:
A) stay in bed
B) light fire
C) freezer
D) lay on ice
E) spit",,B,,"['A', 'A', '', 'A', 'A']",A,False,majority,1.0,{'A': 4},4,0,0.0,0,False,,SVAMP,LAMA-3.2-3B
1655,baseline,755,"Billy liked driving cars.  He was good at it.  But he was rattled ever since his father experienced what?

Options:
A) transportation
B) pollution
C) stress
D) death
E) go somewhere",,D,,"['D', 'C', '', 'A', 'D']",D,True,majority,0.5,"{'D': 2, 'C': 1, 'A': 1}",4,2,0.5,2,False,,SVAMP,LAMA-3.2-3B
1656,baseline,756,"For what entity should the government work?

Options:
A) country
B) democracy
C) canada
D) civilization
E) tax office",,A,,"['A', 'B', 'B', 'B', 'B']",B,False,majority,0.8,"{'A': 1, 'B': 4}",5,1,0.2,1,False,,SVAMP,LAMA-3.2-3B
1657,baseline,757,"Where do you store a large container?

Options:
A) supermarket
B) factory
C) juice
D) hostel
E) cabinet",,E,,"['A', 'A', 'A', 'A', 'A']",A,False,majority,1.0,{'A': 5},5,0,0.0,0,False,,SVAMP,LAMA-3.2-3B
1658,baseline,758,"His house was a mess, he began doing housework to get what?

Options:
A) boredom
B) nice home
C) michigan
D) feeling satisfied
E) house clean",,E,,"['E', 'A', 'E', 'E', 'E']",E,True,majority,0.8,"{'E': 4, 'A': 1}",5,4,0.8,1,False,,SVAMP,LAMA-3.2-3B
1659,baseline,759,"What has a surface with many sides?

Options:
A) tetrahedron
B) object
C) geometry problem
D) lake
E) triangle",,A,,"['E', 'A', 'A', 'A', 'A']",A,True,majority,0.8,"{'E': 1, 'A': 4}",5,4,0.8,1,False,,SVAMP,LAMA-3.2-3B
1660,baseline,760,"Where does one usually keep literature?

Options:
A) books and magazines
B) own home
C) kitchen
D) shelf
E) meeting",,D,,"['A', 'B', 'B', 'B', 'B']",B,False,majority,0.8,"{'A': 1, 'B': 4}",5,0,0.0,1,False,,SVAMP,LAMA-3.2-3B
1661,baseline,761,"Where in your home would you keep a ballpoint pen when not in use?

Options:
A) backpack
B) bank
C) desk drawer
D) eat cake
E) office desk",,C,,"['A', 'A', 'C', 'A', 'E']",A,False,majority,0.6,"{'A': 3, 'C': 1, 'E': 1}",5,1,0.2,2,False,,SVAMP,LAMA-3.2-3B
1662,baseline,762,"The teacher thought that a ferret can be very mischievous and probably wouldn't make a great pet for the entire what?

Options:
A) bad mood
B) hutch
C) classroom
D) pair of trousers
E) year",,C,,"['C', 'B', 'C', 'C', 'A']",C,True,majority,0.6,"{'C': 3, 'B': 1, 'A': 1}",5,3,0.6,2,False,,SVAMP,LAMA-3.2-3B
1663,baseline,763,"The old man needed to have rest multiple times a day, he would do what on the couch and catnap?

Options:
A) lay in bed
B) lay in bed
C) go to bed
D) relax
E) lie down",,E,,"['D', 'B', 'B', 'B', 'B']",B,False,majority,0.8,"{'D': 1, 'B': 4}",5,0,0.0,1,False,,SVAMP,LAMA-3.2-3B
1664,baseline,764,"Where would you put a plate immediately after eating from it?

Options:
A) kitchen cupboard
B) floor
C) table
D) dishwasher
E) flea market",,D,,"['A', 'A', 'C', 'C', 'A']",A,False,majority,0.6,"{'A': 3, 'C': 2}",5,0,0.0,2,False,,SVAMP,LAMA-3.2-3B
1665,baseline,765,"What is a place that is far away from your house and where you could consume beer?

Options:
A) refrigerator
B) friend's house
C) keg
D) neighbor's house
E) kitchen",,B,,"['E', 'C', 'E', 'B', 'E']",E,False,majority,0.6,"{'E': 3, 'C': 1, 'B': 1}",5,1,0.2,2,False,,SVAMP,LAMA-3.2-3B
1666,baseline,766,"Everybody seemed to be crying at the holy site, the tour guide explained that this was what?

Options:
A) profane
B) halibut
C) damaged
D) common
E) halibut",,D,,"['B', 'D', 'B', 'C', 'B']",B,False,majority,0.6,"{'B': 3, 'D': 1, 'C': 1}",5,1,0.2,2,False,,SVAMP,LAMA-3.2-3B
1667,baseline,767,"He was afraid he would die from his cold, so he wisely decided to what?

Options:
A) ocean
B) write will
C) never want
D) were shot
E) seek help",,E,,"['E', 'E', 'E', 'E', 'E']",E,True,majority,1.0,{'E': 5},5,5,1.0,0,False,,SVAMP,LAMA-3.2-3B
1668,baseline,768,"What happens when you go somewhere and forget something at home?

Options:
A) arriving
B) arrive there
C) turn around
D) go back
E) fart",,D,,"['B', '', 'D', 'B', 'B']",B,False,majority,0.75,"{'B': 3, 'D': 1}",4,1,0.25,1,False,,SVAMP,LAMA-3.2-3B
1669,baseline,769,"The juror was quite bored and zoning out but wanted to convey he was hearing testimony, so he just sat there doing what?

Options:
A) take notes
B) nodding
C) change of heart
D) writing down
E) listening",,B,,"['B', 'B', 'B', 'B', 'B']",B,True,majority,1.0,{'B': 5},5,5,1.0,0,False,,SVAMP,LAMA-3.2-3B
1670,baseline,770,"The hikers stopped to have a drink, simply put they what?

Options:
A) had a party
B) were thirsty
C) refreshment
D) getting drunk
E) celebrating",,B,,"['B', 'B', 'B', 'A', 'B']",B,True,majority,0.8,"{'B': 4, 'A': 1}",5,4,0.8,1,False,,SVAMP,LAMA-3.2-3B
1671,baseline,771,"The audience cheered when a goal was scored, what were they spectating?

Options:
A) school
B) sporting event
C) concert hall
D) show
E) television",,B,,"['B', 'B', 'B', 'B', 'B']",B,True,majority,1.0,{'B': 5},5,5,1.0,0,False,,SVAMP,LAMA-3.2-3B
1672,baseline,772,"James knew that he shouldn't have been buying beer for minors.  He didn't even get paid for it.  Why was this bad?

Options:
A) lose money
B) fun
C) have no money
D) broken law
E) relaxation",,D,,"['A', 'D', 'D', 'D', '']",D,True,majority,0.75,"{'A': 1, 'D': 3}",4,3,0.75,1,False,,SVAMP,LAMA-3.2-3B
1673,baseline,773,"Who is not famous for a superhighway with no speed limit?

Options:
A) europe
B) germany
C) industrialized country
D) city
E) america",,E,,"['D', 'B', 'D', 'D', 'B']",D,False,majority,0.6,"{'D': 3, 'B': 2}",5,0,0.0,2,False,,SVAMP,LAMA-3.2-3B
1674,baseline,774,"Bob stands in the grass surrounded by trees and nature, where is Bob?

Options:
A) rest area
B) desert
C) state park
D) fairgrounds
E) soccer game",,C,,"['A', 'A', 'C', 'A', 'A']",A,False,majority,0.8,"{'A': 4, 'C': 1}",5,1,0.2,1,False,,SVAMP,LAMA-3.2-3B
1675,baseline,775,"What skill is needed for riding a bike?

Options:
A) wheels
B) feet
C) pedalling
D) practice
E) good balance",,E,,"['A', 'A', 'B', 'B', 'A']",A,False,majority,0.6,"{'A': 3, 'B': 2}",5,0,0.0,2,False,,SVAMP,LAMA-3.2-3B
1676,baseline,776,"The vet found malignant tumors on the animals, what is their likely fate?

Options:
A) euthanasia
B) pass water
C) die of cancer
D) feel pain
E) feel pleasure",,C,,"['C', '', 'C', 'A', 'A']",C,True,refiner_tiebreak,0.6,"{'C': 2, 'A': 2}",5,3,0.6,2,True,True,SVAMP,LAMA-3.2-3B
1677,baseline,777,"What do you go to see for live entertainment?

Options:
A) movie
B) show
C) concert venue
D) casino
E) theatre",,B,,"['C', 'A', 'E', 'C', 'C']",C,False,majority,0.6,"{'C': 3, 'A': 1, 'E': 1}",5,0,0.0,2,False,,SVAMP,LAMA-3.2-3B
1678,baseline,778,"Where did you meet your best friend since Kindergarten?

Options:
A) friend's house
B) school
C) fraternity house
D) internet cafe
E) airplane",,B,,"['', '', '', '', '']",,False,majority,1.0,{'': 5},5,0,0.0,0,False,,SVAMP,LAMA-3.2-3B
1679,baseline,779,"What rubber toy filled with helium will make a child happy?

Options:
A) loved
B) learn
C) eat cake
D) balloon
E) become adult",,D,,"['D', 'D', 'D', 'D', 'A']",D,True,majority,0.8,"{'D': 4, 'A': 1}",5,4,0.8,1,False,,SVAMP,LAMA-3.2-3B
1680,baseline,780,"Pens, computers, text books and paper clips can all be found where?

Options:
A) desktop
B) university
C) drawer
D) table
E) work",,B,,"['D', 'A', 'C', 'A', 'A']",A,False,majority,0.6,"{'D': 1, 'A': 3, 'C': 1}",5,0,0.0,2,False,,SVAMP,LAMA-3.2-3B
1681,baseline,781,"If you wanted a license to catch crabs, what government office would you go to?

Options:
A) most offices
B) fish department
C) fancy restaurant
D) government submarine
E) chesapeake bay",,B,,"['A', 'B', 'B', 'A', 'B']",B,True,majority,0.6,"{'A': 2, 'B': 3}",5,3,0.6,2,False,,SVAMP,LAMA-3.2-3B
1682,baseline,782,"A supermarket is uncommon in what type of collection of shops?

Options:
A) strip mall
B) city or town
C) shoppingcentre
D) boutique
E) vermont",,A,,"['B', 'B', 'A', 'A', 'A']",A,True,majority,0.6,"{'B': 2, 'A': 3}",5,3,0.6,2,False,,SVAMP,LAMA-3.2-3B
1683,baseline,783,"Where might an alien use a vacuum?

Options:
A) space
B) closet
C) kitchen
D) orbit
E) container",,A,,"['A', 'A', 'A', 'B', 'A']",A,True,majority,0.8,"{'A': 4, 'B': 1}",5,4,0.8,1,False,,SVAMP,LAMA-3.2-3B
1684,baseline,784,"What does a farmer need to do to make  a maze on his farm in the fall?

Options:
A) seed plants
B) plant seeds
C) garden
D) grow corn
E) produce food",,D,,"['A', 'A', 'A', 'A', 'A']",A,False,majority,1.0,{'A': 5},5,0,0.0,0,False,,SVAMP,LAMA-3.2-3B
1685,baseline,785,"Traveling from new place to new place is likely to be what?

Options:
A) going somewhere
B) exhilarating
C) diarrhea
D) relocation
E) exhausting",,B,,"['D', 'E', 'D', 'D', 'D']",D,False,majority,0.8,"{'D': 4, 'E': 1}",5,0,0.0,1,False,,SVAMP,LAMA-3.2-3B
1686,baseline,786,"Eating is part of living, but your body doesn't use it all and the next day you will be doing what?

Options:
A) reduced
B) getting full
C) becoming full
D) chewing
E) defecating",,E,,"['B', 'B', 'A', 'A', 'B']",B,False,majority,0.6,"{'B': 3, 'A': 2}",5,0,0.0,2,False,,SVAMP,LAMA-3.2-3B
1687,baseline,787,"Where would you find a ticket booth and see a concert?

Options:
A) clerk
B) indoors
C) movie theater
D) venue
E) auditorium",,D,,"['D', 'A', 'A', 'E', 'E']",D,True,coin_flip,0.3333,"{'D': 1, 'A': 2, 'E': 2}",6,2,0.3333,4,True,True,SVAMP,LAMA-3.2-3B
1688,baseline,788,"The man acted ridiculous at the funeral, what attitude should he have taken?

Options:
A) straightforward
B) serious
C) solemn
D) somber
E) funny",,C,,"['A', 'A', 'D', 'A', 'B']",A,False,majority,0.6,"{'A': 3, 'D': 1, 'B': 1}",5,0,0.0,2,False,,SVAMP,LAMA-3.2-3B
1689,baseline,789,"James looked up and saw the start twinkling in the black yonder.  He marveled the sheer number of them and the size of what?

Options:
A) universe
B) orbit
C) night sky
D) outer space
E) his wallet",,A,,"['D', 'A', 'C', 'A', 'C']",A,True,refiner_tiebreak,0.5,"{'D': 1, 'A': 2, 'C': 2}",6,3,0.5,3,True,True,SVAMP,LAMA-3.2-3B
1690,baseline,790,"Where areas are there likely to be many nightclubs?

Options:
A) manhattan
B) drink and dance
C) alcohol
D) major city
E) downtown area",,D,,"['D', 'D', 'D', 'D', 'D']",D,True,majority,1.0,{'D': 5},5,5,1.0,0,False,,SVAMP,LAMA-3.2-3B
1691,baseline,791,"What negative effect can competing in a chess game on a cold day have?

Options:
A) enemies
B) perform better
C) sweat
D) tension
E) frostbite",,D,,"['E', 'A', 'C', 'C', 'D']",C,False,majority,0.4,"{'E': 1, 'A': 1, 'C': 2, 'D': 1}",5,1,0.2,3,False,,SVAMP,LAMA-3.2-3B
1692,baseline,792,"The victim was to take stand today, they were going to do what?

Options:
A) testify
B) runaway
C) witness
D) tell truth
E) go home",,A,,"['', 'A', 'A', '', 'A']",A,True,majority,1.0,{'A': 3},3,3,1.0,0,False,,SVAMP,LAMA-3.2-3B
1693,baseline,793,"What is the least likely immediate side effect of eating hamburger?

Options:
A) nausea
B) death
C) illness
D) health problems
E) gain weight",,B,,"['C', 'A', 'A', 'A', 'A']",A,False,majority,0.8,"{'C': 1, 'A': 4}",5,0,0.0,1,False,,SVAMP,LAMA-3.2-3B
1694,baseline,794,"He was very outgoing, for him making friends was no personal what?

Options:
A) scary
B) having friends
C) good feeling
D) conflict
E) friendship",,D,,"['A', 'B', 'B', 'D', 'E']",B,False,majority,0.4,"{'A': 1, 'B': 2, 'D': 1, 'E': 1}",5,1,0.2,3,False,,SVAMP,LAMA-3.2-3B
1695,baseline,795,"I saw the receptionist carelessly toss my resume into the drawer, where did I want it to end up?

Options:
A) file cabinet
B) nightstand
C) kitchen cabinet
D) office desk
E) the floor",,D,,"['D', 'A', 'D', 'B', 'A']",A,False,refiner_tiebreak,0.5,"{'D': 2, 'A': 2, 'B': 1}",6,2,0.3333,3,True,False,SVAMP,LAMA-3.2-3B
1696,baseline,796,"Where can I go to be a religious gentleman?

Options:
A) club
B) restaurant
C) university
D) pub
E) church",,E,,"['A', 'E', 'E', 'E', 'E']",E,True,majority,0.8,"{'A': 1, 'E': 4}",5,4,0.8,1,False,,SVAMP,LAMA-3.2-3B
1697,baseline,797,"Where would you find gazelle under a G?

Options:
A) open field
B) ivory coast
C) dictionary
D) steppe
E) encyclopedia",,E,,"['A', 'A', 'E', 'A', 'A']",A,False,majority,0.8,"{'A': 4, 'E': 1}",5,1,0.2,1,False,,SVAMP,LAMA-3.2-3B
1698,baseline,798,"I you believe in god, where will you go when you die?

Options:
A) heaven
B) church
C) imagination
D) synagogue
E) monastery",,A,,"['A', '', '', '', '']",A,True,majority,1.0,{'A': 1},1,1,1.0,0,False,,SVAMP,LAMA-3.2-3B
1699,baseline,799,"Where would you put nails if they are already packaged?

Options:
A) pocket
B) container
C) cabinet
D) jar
E) store",,C,,"['A', 'A', 'A', 'A', 'A']",A,False,majority,1.0,{'A': 5},5,0,0.0,0,False,,SVAMP,LAMA-3.2-3B
1700,baseline,800,"Where is one likely to find a brownstone?

Options:
A) new york city
B) subdivision
C) ring
D) hazleton
E) live in",,A,,"['A', 'A', 'A', 'A', 'A']",A,True,majority,1.0,{'A': 5},5,5,1.0,0,False,,SVAMP,LAMA-3.2-3B
1701,baseline,801,"The man in the white suit was very lazy.  He did nothing useful.  Meanwhile, the ban in the blue had put in effort and was very what?

Options:
A) restless
B) active
C) lazybutt
D) productive
E) hard work",,D,,"['D', 'D', 'B', 'D', 'D']",D,True,majority,0.8,"{'D': 4, 'B': 1}",5,4,0.8,1,False,,SVAMP,LAMA-3.2-3B
1702,baseline,802,"The soldier was told to get to the rendezvous point, for there he was suppose to what?

Options:
A) fight enemy
B) go to war
C) fight for freedom
D) wait for orders
E) follow instructions",,D,,"['D', 'D', '', '', 'D']",D,True,majority,1.0,{'D': 3},3,3,1.0,0,False,,SVAMP,LAMA-3.2-3B
1703,baseline,803,"Colorful anemone look somewhat like what object you find on window sills?

Options:
A) intertidal zone
B) coral sea
C) under water
D) flower bed
E) florida keys",,D,,"['A', 'B', 'A', 'B', 'A']",A,False,majority,0.6,"{'A': 3, 'B': 2}",5,0,0.0,2,False,,SVAMP,LAMA-3.2-3B
1704,baseline,804,"More people should lower the guard and just have fun, we don't got long just what?

Options:
A) enjoy living
B) happy
C) enjoyable
D) get laid
E) do enjoy",,A,,"['B', 'A', 'C', 'D', 'B']",B,False,majority,0.4,"{'B': 2, 'A': 1, 'C': 1, 'D': 1}",5,1,0.2,3,False,,SVAMP,LAMA-3.2-3B
1705,baseline,805,"Many homes in this country are built around a courtyard. Where is it?

Options:
A) candidate
B) spain
C) lawn
D) asshole
E) office complex",,B,,"['C', 'C', 'C', 'A', 'C']",C,False,majority,0.8,"{'C': 4, 'A': 1}",5,0,0.0,1,False,,SVAMP,LAMA-3.2-3B
1706,baseline,806,"John saw a fox running along the beach and was glad to be on the east coast.  Where might he have been?

Options:
A) tennessee
B) south carolina
C) louisiana
D) oklahoma
E) mountains",,B,,"['C', 'A', 'B', 'A', 'B']",C,False,coin_flip,0.3333,"{'C': 1, 'A': 2, 'B': 2}",6,2,0.3333,4,True,False,SVAMP,LAMA-3.2-3B
1707,baseline,807,"He was getting advice for the job interview, they told him when talking to the interviewer always make what?

Options:
A) get tired of
B) small talk
C) eye contact
D) friendship
E) social life",,C,,"['C', 'C', 'C', 'C', 'C']",C,True,majority,1.0,{'C': 5},5,5,1.0,0,False,,SVAMP,LAMA-3.2-3B
1708,baseline,808,"Where would you put a container can after you buy it?

Options:
A) pantry
B) store
C) gas
D) liquid
E) garage",,E,,"['A', 'A', 'A', 'A', 'A']",A,False,majority,1.0,{'A': 5},5,0,0.0,0,False,,SVAMP,LAMA-3.2-3B
1709,baseline,809,"Her son scraped his knee, she fetched a bottle of peroxide from the what?

Options:
A) supermarket
B) diaper bag
C) liquor store
D) hollow log
E) medicine cabinet",,E,,"['E', 'E', 'A', 'A', 'E']",E,True,majority,0.6,"{'E': 3, 'A': 2}",5,3,0.6,2,False,,SVAMP,LAMA-3.2-3B
1710,baseline,810,"What western state has thousands of miles of shore?

Options:
A) picture of sea side
B) seaside town
C) beach
D) california
E) see side picture",,D,,"['D', 'D', 'D', 'D', 'D']",D,True,majority,1.0,{'D': 5},5,5,1.0,0,False,,SVAMP,LAMA-3.2-3B
1711,baseline,811,"What is a treat that you dog will enjoy?

Options:
A) salad
B) petted
C) affection
D) bone
E) lots of attention",,D,,"['E', 'B', 'D', 'D', 'B']",E,False,coin_flip,0.3333,"{'E': 1, 'B': 2, 'D': 2}",6,2,0.3333,4,True,False,SVAMP,LAMA-3.2-3B
1712,baseline,812,"Where could you find a shark before it was caught?

Options:
A) pool hall
B) tomales bay
C) marine museum
D) business
E) desert",,B,,"['A', 'A', 'A', 'B', 'A']",A,False,majority,0.8,"{'A': 4, 'B': 1}",5,1,0.2,1,False,,SVAMP,LAMA-3.2-3B
1713,baseline,813,"Surprising an angry person could lead to what?

Options:
A) humor
B) fight
C) jocose
D) laughter
E) accidents",,B,,"['A', 'A', 'A', 'B', 'B']",A,False,majority,0.6,"{'A': 3, 'B': 2}",5,2,0.4,2,False,,SVAMP,LAMA-3.2-3B
1714,baseline,814,"People do many things to alleviate boredom.  If you can't get out of the house you might decide to do what?

Options:
A) play cards
B) skateboard
C) meet interesting people
D) listen to music
E) go to a concert",,D,,"['B', 'D', 'A', 'C', 'D']",D,True,majority,0.4,"{'B': 1, 'D': 2, 'A': 1, 'C': 1}",5,2,0.4,3,False,,SVAMP,LAMA-3.2-3B
1715,baseline,815,"The audience listened to the orchestra play, where were they watching the performance?

Options:
A) concert hall
B) museum
C) school
D) hockey game
E) sporting event",,A,,"['A', 'A', 'A', 'A', 'A']",A,True,majority,1.0,{'A': 5},5,5,1.0,0,False,,SVAMP,LAMA-3.2-3B
1716,baseline,816,"What is another name for the color of the fur of a dog with light colored fur?

Options:
A) fair
B) basket
C) dog hair
D) game
E) sun",,A,,"['A', 'A', 'A', 'A', 'A']",A,True,majority,1.0,{'A': 5},5,5,1.0,0,False,,SVAMP,LAMA-3.2-3B
1717,baseline,817,"He wanted to live somewhere were every yard was uniform in size and landscaping, where should he look for a house?

Options:
A) city
B) three feet
C) subdivision
D) parking garage
E) michigan",,C,,"['C', 'C', 'C', 'C', 'C']",C,True,majority,1.0,{'C': 5},5,5,1.0,0,False,,SVAMP,LAMA-3.2-3B
1718,baseline,818,"Where can many stores with clothing be found?

Options:
A) shop
B) mall
C) department store
D) drawer
E) library",,B,,"['B', 'B', 'B', 'B', 'B']",B,True,majority,1.0,{'B': 5},5,5,1.0,0,False,,SVAMP,LAMA-3.2-3B
1719,baseline,819,"james told his son to settle down and be careful.  There were many frogs mating in the area, and James didn't want his son to do what to them?

Options:
A) wander
B) migrate
C) scare
D) disturb
E) agitate",,D,,"['C', 'D', 'A', 'A', 'D']",A,False,refiner_tiebreak,0.5,"{'C': 1, 'D': 2, 'A': 2}",6,2,0.3333,3,True,False,SVAMP,LAMA-3.2-3B
1720,baseline,820,"A bald eagle is likely to be found on what kind of work?

Options:
A) rural area
B) book
C) canada
D) painting
E) aviary",,D,,"['A', 'A', 'E', 'E', 'A']",A,False,majority,0.6,"{'A': 3, 'E': 2}",5,0,0.0,2,False,,SVAMP,LAMA-3.2-3B
1721,baseline,821,"The man laid on the soft moss and looked up at the trees, where was the man?

Options:
A) niagra falls
B) forest
C) waterfall
D) ground
E) tree",,B,,"['B', 'D', 'E', 'A', 'D']",D,False,majority,0.4,"{'B': 1, 'D': 2, 'E': 1, 'A': 1}",5,1,0.2,3,False,,SVAMP,LAMA-3.2-3B
1722,baseline,822,"If you were lost you might need a map, the best place to find one on the road is at any what?

Options:
A) truck stop
B) amusement park
C) atlas
D) mall
E) gas station",,E,,"['C', 'E', 'C', 'C', 'C']",C,False,majority,0.8,"{'C': 4, 'E': 1}",5,1,0.2,1,False,,SVAMP,LAMA-3.2-3B
1723,baseline,823,"Where may you be if you're buying pork chops at a corner shop?

Options:
A) england
B) town
C) desert
D) kentucky
E) iowa",,E,,"['B', 'B', 'B', 'B', 'B']",B,False,majority,1.0,{'B': 5},5,0,0.0,0,False,,SVAMP,LAMA-3.2-3B
1724,baseline,824,"Sean was leaving work and took the roadway that led to his what?

Options:
A) neighborhood
B) city
C) fate
D) countryside
E) maps",,A,,"['A', 'A', '', 'D', 'A']",A,True,majority,0.75,"{'A': 3, 'D': 1}",4,3,0.75,1,False,,SVAMP,LAMA-3.2-3B
1725,baseline,825,"Where would you buy food?

Options:
A) freezer
B) store
C) home
D) hatred
E) kitchen",,B,,"['', 'A', 'B', 'A', 'B']",B,True,refiner_tiebreak,0.6,"{'A': 2, 'B': 2}",5,3,0.6,2,True,True,SVAMP,LAMA-3.2-3B
1726,baseline,826,"Where could a sloth live?

Options:
A) tropical jungle
B) manual
C) work
D) transit
E) countryside",,A,,"['E', 'E', 'A', 'E', 'A']",E,False,majority,0.6,"{'E': 3, 'A': 2}",5,2,0.4,2,False,,SVAMP,LAMA-3.2-3B
1727,baseline,827,"What do people do when they don't understand something?

Options:
A) ask questions
B) experience joy
C) believe in god
D) talk to each other
E) get sick",,A,,"['A', 'A', 'A', 'A', 'A']",A,True,majority,1.0,{'A': 5},5,5,1.0,0,False,,SVAMP,LAMA-3.2-3B
1728,baseline,828,"For many males hair is a concern as they get older, it begins to what, causing a receding hairline?

Options:
A) thin out
B) grow in ear
C) fall out
D) bulge
E) composted",,C,,"['C', 'C', 'C', 'C', 'A']",C,True,majority,0.8,"{'C': 4, 'A': 1}",5,4,0.8,1,False,,SVAMP,LAMA-3.2-3B
1729,baseline,829,"Where is a control room needed to prevent wide spread disaster?

Options:
A) airbase
B) prison
C) mill
D) nuclear plant
E) recording studio",,D,,"['A', 'D', 'D', 'A', 'A']",A,False,majority,0.6,"{'A': 3, 'D': 2}",5,2,0.4,2,False,,SVAMP,LAMA-3.2-3B
1730,baseline,830,"What does an actor do when they are bored of their roles?

Options:
A) mask
B) branch out
C) wear costume
D) pretend
E) sing songs",,B,,"['B', 'B', 'B', 'B', 'A']",B,True,majority,0.8,"{'B': 4, 'A': 1}",5,4,0.8,1,False,,SVAMP,LAMA-3.2-3B
1731,baseline,831,"If for some reason you were to start killing people, what would you be likely to receive?

Options:
A) feelings of guilt
B) prison sentence
C) terrible
D) encouragement
E) die",,B,,"['B', 'E', 'A', 'A', 'A']",A,False,majority,0.6,"{'B': 1, 'E': 1, 'A': 3}",5,1,0.2,2,False,,SVAMP,LAMA-3.2-3B
1732,baseline,832,"The car's steering seem quite loose, but he still considered purchasing it because he needed something small and what?

Options:
A) sturdy
B) faithful
C) bound
D) compact
E) packaged",,D,,"['D', 'D', 'A', 'D', 'D']",D,True,majority,0.8,"{'D': 4, 'A': 1}",5,4,0.8,1,False,,SVAMP,LAMA-3.2-3B
1733,baseline,833,"Why would you take a bus to work?

Options:
A) commute
B) flying
C) get somewhere
D) travel
E) go home",,A,,"['A', 'A', 'A', 'A', 'A']",A,True,majority,1.0,{'A': 5},5,5,1.0,0,False,,SVAMP,LAMA-3.2-3B
1734,baseline,834,"What do people feel after having sex that requires them to shower?

Options:
A) bedroom
B) pleasant
C) obesity
D) painful
E) dirty",,E,,"['B', 'A', 'B', 'D', 'D']",B,False,coin_flip,0.3333,"{'B': 2, 'A': 1, 'D': 2}",6,0,0.0,4,True,False,SVAMP,LAMA-3.2-3B
1735,baseline,835,"Where is a well used toy car likely to be found?

Options:
A) child's room
B) boy's bedroom
C) own home
D) toy store
E) house",,A,,"['A', 'D', 'A', 'A', 'A']",A,True,majority,0.8,"{'A': 4, 'D': 1}",5,4,0.8,1,False,,SVAMP,LAMA-3.2-3B
1736,baseline,836,"James know that committing murder was wrong, but he thought that he could get away with it.  He was really troubled  and fearful because of what?

Options:
A) happiness
B) problems
C) prosecution
D) distress
E) misery",,C,,"['C', 'E', 'C', 'A', 'C']",C,True,majority,0.6,"{'C': 3, 'E': 1, 'A': 1}",5,3,0.6,2,False,,SVAMP,LAMA-3.2-3B
1737,baseline,837,"Where is a ferret unlikely to be?

Options:
A) classroom
B) outdoors
C) aquarium
D) north carolina
E) great britain",,A,,"['A', 'A', 'A', 'E', 'A']",A,True,majority,0.8,"{'A': 4, 'E': 1}",5,4,0.8,1,False,,SVAMP,LAMA-3.2-3B
1738,baseline,838,"Where would I not want a fox?

Options:
A) hen house
B) english hunt
C) mountains
D) outside bedroom window
E) england",,A,,"['A', 'A', 'A', 'A', 'A']",A,True,majority,1.0,{'A': 5},5,5,1.0,0,False,,SVAMP,LAMA-3.2-3B
1739,baseline,839,"WHat type of keyboard is made up of one or more pipe divisions?

Options:
A) killing
B) typewriter
C) office
D) terminal
E) organ",,E,,"['B', 'B', 'B', 'A', 'A']",B,False,majority,0.6,"{'B': 3, 'A': 2}",5,0,0.0,2,False,,SVAMP,LAMA-3.2-3B
1740,baseline,840,"If a person is trying to keep something in their hand what should they do?

Options:
A) complete collection
B) own house
C) procrastinate
D) explode
E) have to hold",,E,,"['E', 'E', 'E', 'E', 'E']",E,True,majority,1.0,{'E': 5},5,5,1.0,0,False,,SVAMP,LAMA-3.2-3B
1741,baseline,841,"What would be happening if you are pretending to be a police officer?

Options:
A) fighting
B) misunderstanding
C) deception
D) play
E) distrust",,C,,"['C', 'C', 'C', 'A', 'C']",C,True,majority,0.8,"{'C': 4, 'A': 1}",5,4,0.8,1,False,,SVAMP,LAMA-3.2-3B
1742,baseline,842,"What is someone likely to want as a result of sex?

Options:
A) sexploiter
B) chicken
C) reproductive cycle
D) procreation
E) human experience",,D,,"['D', 'A', 'D', 'D', 'A']",D,True,majority,0.6,"{'D': 3, 'A': 2}",5,3,0.6,2,False,,SVAMP,LAMA-3.2-3B
1743,baseline,843,"Where can you get a lizard to keep in your home?

Options:
A) desert country
B) dessert
C) pet shop
D) tropical areas
E) zoo",,C,,"['C', 'D', 'C', 'C', 'C']",C,True,majority,0.8,"{'C': 4, 'D': 1}",5,4,0.8,1,False,,SVAMP,LAMA-3.2-3B
1744,baseline,844,"What would you be unable to do if you have too much greed?

Options:
A) keep things
B) make friends
C) play poker
D) conquer opponent
E) lie",,B,,"['A', 'A', 'E', 'A', 'A']",A,False,majority,0.8,"{'A': 4, 'E': 1}",5,0,0.0,1,False,,SVAMP,LAMA-3.2-3B
1745,baseline,845,"What do geese do every fall in fields?

Options:
A) guard house
B) fly
C) eat
D) follow ultralight airplane
E) group together",,E,,"['C', 'B', 'B', 'E', 'A']",B,False,majority,0.4,"{'C': 1, 'B': 2, 'E': 1, 'A': 1}",5,1,0.2,3,False,,SVAMP,LAMA-3.2-3B
1746,baseline,846,"The ancient seafaring Norse tribesman brought pelts of weasel aboard his what?

Options:
A) rabbit warren
B) used car lot
C) chicken coop
D) cruise
E) viking ship",,E,,"['E', 'E', 'E', '', 'C']",E,True,majority,0.75,"{'E': 3, 'C': 1}",4,3,0.75,1,False,,SVAMP,LAMA-3.2-3B
1747,baseline,847,"One of the potential hazards of attending school is what?

Options:
A) cooties
B) get smart
C) boredom
D) colds and flu
E) taking tests",,D,,"['D', 'B', 'A', 'C', 'C']",C,False,majority,0.4,"{'D': 1, 'B': 1, 'A': 1, 'C': 2}",5,1,0.2,3,False,,SVAMP,LAMA-3.2-3B
1748,baseline,848,"After the weight cut he was worried about his energy levels, but this was part of participating in a what?

Options:
A) work
B) wrestle
C) play sports
D) matter
E) sleep",,B,,"['A', 'C', 'B', 'E', 'A']",A,False,majority,0.4,"{'A': 2, 'C': 1, 'B': 1, 'E': 1}",5,1,0.2,3,False,,SVAMP,LAMA-3.2-3B
1749,baseline,849,"The pioneer went to the general store for storage measures, what was he looking for?

Options:
A) checkers
B) barrels
C) baking soda
D) buffalo
E) salt",,B,,"['A', '', 'A', 'A', 'A']",A,False,majority,1.0,{'A': 4},4,0,0.0,0,False,,SVAMP,LAMA-3.2-3B
1750,baseline,850,"Sitting down quickly after eating beans could lead to what?

Options:
A) flatulence
B) happiness
C) laziness
D) fall asleep
E) comfort",,A,,"['A', 'A', 'A', 'A', 'A']",A,True,majority,1.0,{'A': 5},5,5,1.0,0,False,,SVAMP,LAMA-3.2-3B
1751,baseline,851,"Turkey only has a small northern part of their country located in part of the what?

Options:
A) middle east
B) oven
C) balkan peninsula
D) provide meat
E) asia minor",,C,,"['C', 'A', 'C', 'C', 'C']",C,True,majority,0.8,"{'C': 4, 'A': 1}",5,4,0.8,1,False,,SVAMP,LAMA-3.2-3B
1752,baseline,852,"What do you feel when giving assistance to the needy?

Options:
A) reward
B) boredom
C) pleasure
D) happiness
E) satisfaction",,E,,"['E', 'A', 'A', '', 'D']",A,False,majority,0.5,"{'E': 1, 'A': 2, 'D': 1}",4,1,0.25,2,False,,SVAMP,LAMA-3.2-3B
1753,baseline,853,"The man didn't do great in college, all his best memories were late night with his brothers at the what?

Options:
A) big city
B) fraternity house
C) school
D) building
E) big town",,B,,"['B', 'B', 'B', 'B', 'B']",B,True,majority,1.0,{'B': 5},5,5,1.0,0,False,,SVAMP,LAMA-3.2-3B
1754,baseline,854,"Donald is a prominent figure for the federal government, so in what city does he likely spend a lot of time?

Options:
A) everything
B) capitol building
C) tourist sites
D) canada
E) washington d.c",,E,,"['E', 'E', 'E', 'E', 'E']",E,True,majority,1.0,{'E': 5},5,5,1.0,0,False,,SVAMP,LAMA-3.2-3B
1755,baseline,855,"Where would you find the sharpest parts of a triangle?

Options:
A) three vertices
B) point
C) 3 sides
D) three sides
E) math book",,A,,"['B', 'B', 'A', 'A', 'B']",B,False,majority,0.6,"{'B': 3, 'A': 2}",5,2,0.4,2,False,,SVAMP,LAMA-3.2-3B
1756,baseline,856,"What does 	drinking alcohol lead to?

Options:
A) have fun
B) intoxication
C) vomiting
D) drinking more alcohol
E) nausea",,B,,"['B', 'B', 'B', 'B', 'B']",B,True,majority,1.0,{'B': 5},5,5,1.0,0,False,,SVAMP,LAMA-3.2-3B
1757,baseline,857,"James thought of criminal justice like a computer program.  It need to work right.   What ideas might James not like?

Options:
A) manual
B) process information
C) power down
D) control model
E) reason exists",,D,,"['A', 'A', 'A', 'A', 'A']",A,False,majority,1.0,{'A': 5},5,0,0.0,0,False,,SVAMP,LAMA-3.2-3B
1758,baseline,858,"His parents thought he was suffering from boredom, but the teen loved to lay in bed and just do what?

Options:
A) meet interesting people
B) lift weights
C) listen to music
D) play chess
E) entertain",,C,,"['A', 'E', 'A', 'C', 'C']",A,False,coin_flip,0.3333,"{'A': 2, 'E': 1, 'C': 2}",6,2,0.3333,4,True,False,SVAMP,LAMA-3.2-3B
1759,baseline,859,"It was a long trip from the farm, so he stayed in a hotel when he arrived at the what?

Options:
A) bed away from home
B) wwii bunker
C) resort
D) las vegas
E) city",,E,,"['B', 'B', 'B', 'A', 'C']",B,False,majority,0.6,"{'B': 3, 'A': 1, 'C': 1}",5,0,0.0,2,False,,SVAMP,LAMA-3.2-3B
1760,baseline,860,"From where does a snowflake form?

Options:
A) cloud
B) snow storm
C) billow
D) air
E) snowstorm",,A,,"['A', 'A', 'A', 'A', 'A']",A,True,majority,1.0,{'A': 5},5,5,1.0,0,False,,SVAMP,LAMA-3.2-3B
1761,baseline,861,"Sailors drive many different types of boats, what type of boat involves their namesake.

Options:
A) coming home
B) row boat
C) board ship
D) inflatable raft
E) sail boat",,E,,"['E', 'E', 'E', 'E', 'E']",E,True,majority,1.0,{'E': 5},5,5,1.0,0,False,,SVAMP,LAMA-3.2-3B
1762,baseline,862,"What kind of status is the bald eagle given?

Options:
A) outside
B) world
C) protection
D) colorado
E) america",,C,,"['A', 'E', 'C', 'A', 'B']",A,False,majority,0.4,"{'A': 2, 'E': 1, 'C': 1, 'B': 1}",5,1,0.2,3,False,,SVAMP,LAMA-3.2-3B
1763,baseline,863,"You'll find a landing at the top of what?

Options:
A) ocean
B) apartment building
C) stairwell
D) airport
E) room",,C,,"['A', 'A', 'A', 'D', 'A']",A,False,majority,0.8,"{'A': 4, 'D': 1}",5,0,0.0,1,False,,SVAMP,LAMA-3.2-3B
1764,baseline,864,"Where are required to carry books all day?

Options:
A) friend's house
B) university
C) large city
D) storage
E) table",,B,,"['A', 'B', 'A', 'D', 'D']",A,False,refiner_tiebreak,0.5,"{'A': 2, 'B': 1, 'D': 2}",6,1,0.1667,3,True,False,SVAMP,LAMA-3.2-3B
1765,baseline,865,"What do animals do when an enemy is approaching?

Options:
A) feel pleasure
B) procreate
C) pass water
D) listen to each other
E) sing",,D,,"['A', 'C', 'C', 'E', 'C']",C,False,majority,0.6,"{'A': 1, 'C': 3, 'E': 1}",5,0,0.0,2,False,,SVAMP,LAMA-3.2-3B
1766,baseline,866,"Where would you get a balalaika if you do not have one?

Options:
A) orchestra
B) music store
C) buy music
D) make music
E) symphony",,B,,"['A', 'A', 'A', 'A', 'A']",A,False,majority,1.0,{'A': 5},5,0,0.0,0,False,,SVAMP,LAMA-3.2-3B
1767,baseline,867,"What does everyone feel of monsters?

Options:
A) looking for love
B) afraid of
C) good at
D) make pet
E) different",,B,,"['B', 'B', 'B', '', 'B']",B,True,majority,1.0,{'B': 4},4,4,1.0,0,False,,SVAMP,LAMA-3.2-3B
1768,baseline,868,"Jan tested the current, and noticed that it was high.  He thought that the wires might have too much what?

Options:
A) later
B) updated
C) still
D) resistance
E) now",,D,,"['D', 'D', 'E', 'D', 'D']",D,True,majority,0.8,"{'D': 4, 'E': 1}",5,4,0.8,1,False,,SVAMP,LAMA-3.2-3B
1769,baseline,869,"The child felt like it was all pretend, he didn't understand what?

Options:
A) people believe
B) daydreams
C) transcendentalism
D) laughter
E) religion",,E,,"['A', '', 'A', '', '']",A,False,majority,1.0,{'A': 2},2,0,0.0,0,False,,SVAMP,LAMA-3.2-3B
1770,baseline,870,"There were times where kids wanted to know a definition, so there was a nice big dictionary in the what?

Options:
A) pocket
B) classroom
C) table
D) library
E) shelf",,B,,"['D', 'D', 'B', 'B', 'B']",B,True,majority,0.6,"{'D': 2, 'B': 3}",5,3,0.6,2,False,,SVAMP,LAMA-3.2-3B
1771,baseline,871,"No matter what date you put on it, we all know the universe to be what?

Options:
A) very old
B) infiniverse
C) getting younger
D) infinite
E) real",,A,,"['D', 'D', 'D', 'D', 'D']",D,False,majority,1.0,{'D': 5},5,0,0.0,0,False,,SVAMP,LAMA-3.2-3B
1772,baseline,872,"The child pretended he was reading newspaper, he couldn't actually do it without what?

Options:
A) patience
B) falling down
C) literacy
D) buying
E) knowing how to read",,E,,"['A', 'A', 'E', 'E', 'C']",A,False,refiner_tiebreak,0.5,"{'A': 2, 'E': 2, 'C': 1}",6,2,0.3333,3,True,False,SVAMP,LAMA-3.2-3B
1773,baseline,873,"The chef wanted to perfect his craft, what did he do?

Options:
A) thin potatos
B) prepare food
C) study french cooking
D) drink
E) cook dinner",,C,,"['E', '', '', 'E', '']",E,False,majority,1.0,{'E': 2},2,0,0.0,0,False,,SVAMP,LAMA-3.2-3B
1774,baseline,874,"Sally was bored because she didn't like the junk that was on what?

Options:
A) drawer
B) garage
C) caddy
D) bed
E) television",,E,,"['D', 'E', 'A', '', 'A']",A,False,majority,0.5,"{'D': 1, 'E': 1, 'A': 2}",4,1,0.25,2,False,,SVAMP,LAMA-3.2-3B
1775,baseline,875,"Where would a person live if they wanted no neighbors?

Options:
A) housing estate
B) neighborhood
C) mars
D) woods
E) suburbs",,D,,"['D', 'A', 'A', 'A', 'A']",A,False,majority,0.8,"{'D': 1, 'A': 4}",5,1,0.2,1,False,,SVAMP,LAMA-3.2-3B
1776,baseline,876,"If a car-less person want to listen to talk radio in private, where might they listen to it?

Options:
A) trunk
B) bedroom
C) diner
D) space shuttle
E) shop",,B,,"['B', 'B', 'B', 'B', 'B']",B,True,majority,1.0,{'B': 5},5,5,1.0,0,False,,SVAMP,LAMA-3.2-3B
1777,baseline,877,"What happens to a body after death?

Options:
A) rebirth
B) human experience
C) sadness
D) decomposition
E) obesity",,D,,"['E', 'D', 'D', 'D', 'D']",D,True,majority,0.8,"{'E': 1, 'D': 4}",5,4,0.8,1,False,,SVAMP,LAMA-3.2-3B
1778,baseline,878,"Billy saw a dog running from him and did his best to get away from it.  The leaped up to where the dog couldn't reach and was stuck.  Where might he have been trapped?

Options:
A) kennel
B) table
C) porch
D) backyard
E) park",,B,,"['A', 'A', 'B', 'D', 'A']",A,False,majority,0.6,"{'A': 3, 'B': 1, 'D': 1}",5,1,0.2,2,False,,SVAMP,LAMA-3.2-3B
1779,baseline,879,"What region of a west coast U.S. city would you find a Japanese restaurant?

Options:
A) california
B) tokio
C) downtown
D) narnia
E) large town",,C,,"['A', 'B', 'A', 'C', 'A']",A,False,majority,0.6,"{'A': 3, 'B': 1, 'C': 1}",5,1,0.2,2,False,,SVAMP,LAMA-3.2-3B
1780,baseline,880,"What event might one buy tickets for seats?

Options:
A) park
B) show
C) auditorium
D) movies
E) rest area",,B,,"['E', 'A', 'A', 'A', 'C']",A,False,majority,0.6,"{'E': 1, 'A': 3, 'C': 1}",5,0,0.0,2,False,,SVAMP,LAMA-3.2-3B
1781,baseline,881,"The fact that Joe was able to memorize the list in spite of his apparent  state proved that part of his brain was what?

Options:
A) awake
B) repeat
C) sleeping
D) concentrate
E) read aloud",,A,,"['B', 'B', 'A', 'A', 'D']",B,False,refiner_tiebreak,0.5,"{'B': 2, 'A': 2, 'D': 1}",6,2,0.3333,3,True,False,SVAMP,LAMA-3.2-3B
1782,baseline,882,"He has lactose intolerant, but was eating dinner made of cheese, what followed for him?

Options:
A) digestive
B) feel better
C) sleepiness
D) indigestion
E) illness",,D,,"['D', 'A', 'D', 'A', 'D']",D,True,majority,0.6,"{'D': 3, 'A': 2}",5,3,0.6,2,False,,SVAMP,LAMA-3.2-3B
1783,baseline,883,"Where is food likely to stay dry?

Options:
A) etna
B) cupboard
C) oven
D) stomach
E) fridge",,B,,"['E', 'A', 'E', 'A', 'A']",A,False,majority,0.6,"{'E': 2, 'A': 3}",5,0,0.0,2,False,,SVAMP,LAMA-3.2-3B
1784,baseline,884,"She was in an affair, what did that end upon discovery by her husband?

Options:
A) relationship
B) marriage
C) fidelity
D) love
E) divorce",,B,,"['E', 'E', 'E', 'E', 'E']",E,False,majority,1.0,{'E': 5},5,0,0.0,0,False,,SVAMP,LAMA-3.2-3B
1785,baseline,885,"Someone who had a very bad flight might be given a trip in this to make up for it?

Options:
A) first class
B) propitious
C) reputable
D) one
E) sufficient",,A,,"['B', 'B', 'B', 'B', 'B']",B,False,majority,1.0,{'B': 5},5,0,0.0,0,False,,SVAMP,LAMA-3.2-3B
1786,baseline,886,"Many humans enjoy fishing and enjoy another relaxing activity at the same time, what activity is it?

Options:
A) getting tied up lure.
B) looking for information
C) get wet
D) drink beer
E) sit quietly",,D,,"['E', 'D', 'E', 'E', 'E']",E,False,majority,0.8,"{'E': 4, 'D': 1}",5,1,0.2,1,False,,SVAMP,LAMA-3.2-3B
1787,baseline,887,"Where would you get some maps that you own?

Options:
A) bookstore
B) library
C) electrical circuit
D) cabinet
E) important when traveling",,D,,"['B', 'B', 'B', 'B', 'B']",B,False,majority,1.0,{'B': 5},5,0,0.0,0,False,,SVAMP,LAMA-3.2-3B
1788,baseline,888,"What could happen to you after you are cleaning house for a long time?

Options:
A) neatness
B) tiredness
C) order
D) exhaustion
E) sneezing",,D,,"['D', 'A', 'A', 'B', 'B']",D,True,coin_flip,0.3333,"{'D': 1, 'A': 2, 'B': 2}",6,2,0.3333,4,True,True,SVAMP,LAMA-3.2-3B
1789,baseline,889,"Where would a person be doing when having to wait their turn?

Options:
A) have patience
B) get in line
C) sing
D) stand in line
E) turn left",,D,,"['D', 'D', 'D', 'D', 'B']",D,True,majority,0.8,"{'D': 4, 'B': 1}",5,4,0.8,1,False,,SVAMP,LAMA-3.2-3B
1790,baseline,890,"Who might wear dark glasses indoors?

Options:
A) blind person
B) glove box
C) movie studio
D) ray charles
E) glove compartment",,A,,"['A', 'A', 'A', 'B', 'C']",A,True,majority,0.6,"{'A': 3, 'B': 1, 'C': 1}",5,3,0.6,2,False,,SVAMP,LAMA-3.2-3B
1791,baseline,891,"Where is a shelf likely to be hidden behind a door?

Options:
A) refrigerator
B) bookstore
C) cupboard
D) school building
E) wardrobe",,C,,"['A', 'A', 'A', 'A', 'E']",A,False,majority,0.8,"{'A': 4, 'E': 1}",5,0,0.0,1,False,,SVAMP,LAMA-3.2-3B
1792,baseline,892,"If you have leftover cake, where would you put it?

Options:
A) quandry
B) refrigerator
C) oven
D) night stand
E) bakery",,B,,"['', 'B', '', 'A', '']",B,True,refiner_tiebreak,0.6667,"{'B': 1, 'A': 1}",3,2,0.6667,1,True,True,SVAMP,LAMA-3.2-3B
1793,baseline,893,"What is a person trying to accomplish when taking analgesics?

Options:
A) acceptance
B) avoid pain
C) acknowledgment
D) passing grade
E) intellectual challenge",,B,,"['B', 'B', 'B', 'B', 'B']",B,True,majority,1.0,{'B': 5},5,5,1.0,0,False,,SVAMP,LAMA-3.2-3B
1794,baseline,894,"We are all human, and we all what?

Options:
A) write
B) eat cake
C) smile
D) think critically
E) die",,E,,"['', 'D', 'D', '', '']",D,False,majority,1.0,{'D': 2},2,0,0.0,0,False,,SVAMP,LAMA-3.2-3B
1795,baseline,895,"John needed a straight wire.  Unfortunately, this one had endured some abuse and had become what?

Options:
A) bent
B) bent
C) crooked
D) straightforth
E) curved",,A,,"['A', 'A', 'A', 'B', 'A']",A,True,majority,0.8,"{'A': 4, 'B': 1}",5,4,0.8,1,False,,SVAMP,LAMA-3.2-3B
1796,baseline,896,"The smile gave away that the what was one of happiness?

Options:
A) manual
B) rainbow
C) cry
D) frown
E) make others happy too",,C,,"['E', 'E', 'D', 'E', 'D']",E,False,majority,0.6,"{'E': 3, 'D': 2}",5,0,0.0,2,False,,SVAMP,LAMA-3.2-3B
1797,baseline,897,"Where does a wild bird usually live?

Options:
A) cage
B) sky
C) countryside
D) desert
E) windowsill",,C,,"['C', 'C', 'C', 'A', 'C']",C,True,majority,0.8,"{'C': 4, 'A': 1}",5,4,0.8,1,False,,SVAMP,LAMA-3.2-3B
1798,baseline,898,"Joe found spiders in the place where he keeps his tools.  Where might that be?

Options:
A) cupboard
B) toolbox
C) closet
D) garage
E) mail box",,D,,"['B', 'A', 'A', 'E', 'A']",A,False,majority,0.6,"{'B': 1, 'A': 3, 'E': 1}",5,0,0.0,2,False,,SVAMP,LAMA-3.2-3B
1799,baseline,899,"What part of plants is pretty?

Options:
A) dirt
B) no neurons in
C) millions of cells
D) flowers on
E) roots",,D,,"['A', 'D', 'C', 'E', 'D']",D,True,majority,0.4,"{'A': 1, 'D': 2, 'C': 1, 'E': 1}",5,2,0.4,3,False,,SVAMP,LAMA-3.2-3B
