,mode,idx,question,gt_answer,final_answer,correct,strategy,confidence,correct_votes,total_votes,vote_consistency,wasted_votes,refiner_used,refiner_correct,vote_counts,plan,fineTunedOn,guideModel
0,guided,0,Winter is almost here and most animals are migrating to warmer countries. There are 41 bird families living near the mountain. If 35 bird families flew away to asia and 62 bird families flew away to africa How many more bird families flew away to africa than those that flew away to asia?,27,6,False,majority,0.6,1,5,0.2,2,False,,"{'6': 3, '27': 1}","Step 1: Africa - Asia =? (Subtracting the two groups)
Step 2: Result of subtraction =?",SVAMP,LAMA-3.2-3B
1,guided,1,Paige raised 7 goldfish and 12 catfish in the pond but stray cats loved eating them. Now she has 15 left How many fishes disappeared?,4,19,False,majority,0.6,2,5,0.4,2,False,,"{'4': 2, '19': 3}","Step 1: Initial amount of fish = Goldfish + Catfish = 7 + 12 =
Step 2: Disappeared = Initial amount - Remaining = (7 + 12) - 15 =?",SVAMP,LAMA-3.2-3B
2,guided,2,Marco and his dad went strawberry picking. Together they collected strawberries that weighed 22 pounds. On the way back Marco ' dad found 30 more pounds of strawberries. Marco's strawberries now weighed 36 pounds How much did his dad's strawberries weigh now?,16,52,False,majority,0.4,0,5,0.0,3,False,,"{'52': 2, '30': 1, '0': 1, '-8': 1}","Step 1: Dad's initial weight + Found weight = Total weight initially
Step 2: Initial total - Marco's share = Dad's current weight
Step 3: (Dad's initial weight + Found weight) - Marco's share = Dad's current weight",SVAMP,LAMA-3.2-3B
3,guided,3,Debby bought 200 water bottles and 256 soda bottles when they were on sale. If she drank 312 water bottles and 4 soda bottles a day How many days would the soda bottles last?,64,14,False,majority,0.4,1,5,0.2,3,False,,"{'14': 2, '312': 1, '64': 1, '45': 1}","Step 1: Soda bottles initially - Soda bottles drunk per day = Remaining soda bottles.
Step 2: Divide by daily consumption rate to find out how long it will last in terms of days.
Step 3: Not required as we only need the time period.",SVAMP,LAMA-3.2-3B
4,guided,4,There were 106 dollars in Olivia's wallet. After she visited a supermarket and a showroom there were 26 dollars left. If she spent 49 dollars at the showroom How much did she spend at the supermarket?,31,57,False,refiner_tiebreak,0.3333,0,6,0.0,4,True,False,"{'57': 2, '106': 1, '179': 1, '49': 1, '129': 1}","Step 1: Initial amount + Amount spent at showroom = Total initial amount
Step 2: Subtracting the remaining money with what was initially present to find out how much was spent at the supermarket
Step 3: New calculation using previous results (not necessary)",SVAMP,LAMA-3.2-3B
5,guided,5,Faye was placing her pencils and crayons into 30 rows with 71 crayons and 24 pencils in each row How many pencils does she have?,720,70,False,majority,0.4,0,5,0.0,3,False,,"{'63700': 1, '71': 1, '70': 2, '2130': 1}","Step 1: Crayons per row * Total rows = Pencils per row
Step 2: Multiply by total number of rows to find all pencils
Step 3: (Crayons per row) x (Total rows) = 71 x 30",SVAMP,LAMA-3.2-3B
6,guided,6,Ed had 10 more marbles than Doug. Doug lost 11 of his marbles at the playground. If Ed had 45 marbles How many more marbles did Ed have than Doug then?,21,10,False,majority,0.4,0,5,0.0,3,False,,"{'20': 1, '10': 2, '45': 1, '35': 1}","Step 1: Initial difference between their marble count = Ed's initial marbles - Doug's initial marbles = 45 - x
Step 2: Since Ed has 10 more marbles initially, we know that x = 35 (because if he started with 10 less than Doug and ended up with 45).
Step 3: Now calculate how much more Ed has now compared to what it was initially for comparison purposes only; Not necessary in this case as we already determined the value of ""x"". So skip this step.",SVAMP,LAMA-3.2-3B
7,guided,7,26 children were riding on the bus. At the bus stop 38 more children got on the bus How many children are on the bus now?,64,64,True,majority,1.0,5,5,1.0,0,False,,{'64': 5},"Step 1: Initial + New arrivals = Total
Step 2: 26 + 38 =
Step 3: 64",SVAMP,LAMA-3.2-3B
8,guided,8,Helen the hippo and her friends are preparing for thanksgiving at Helen's house. Helen baked 31 cookies yesterday 270 cookies this morning and 419 cookies the day before yesterday How many cookies did Helen bake till last night?,450,419,False,majority,0.6,0,5,0.0,2,False,,"{'301': 1, '419': 3, '1378': 1}","Step 1: Yesterday + Day Before Yesterday = Today
Step 2: Add Yesterday's amount to Today's amount
Step 3: Add Day Before Yesterday's amount to sum of previous two amounts",SVAMP,LAMA-3.2-3B
9,guided,9,He then went to see the oranges being harvested. He found out that they harvest 66 sacks per day and that each sack containes 25 oranges How many oranges will they have after 87 days of harvest?,143550,5736,False,majority,0.6,0,5,0.0,2,False,,"{'230.8': 1, '87': 1, '5736': 3}","Step 1: Daily production * Number of days = Total oranges produced
Step 2: Total oranges produced / Oranges per sack = Total sacks collected
Step 3: Total sacks collected * Oranges per sack =?",SVAMP,LAMA-3.2-3B
10,guided,10,An industrial machine made 9 shirts yesterday and 44 shirts today. It can make 3 shirts a minute How many minutes did the machine work yesterday?,3,53,False,majority,0.8,0,5,0.0,1,False,,"{'53': 4, '17.67.': 1}","Step 1: Total shirts produced = Shirts made yesterday + Shirts made today = 9 + 44 =
Step 2: Time taken to produce all shirts = Total shirts / Rate per minute = (9 + 44) / 3 =
Step 3: Simplify expression inside parentheses first, then divide = 53 / 3 =?",SVAMP,LAMA-3.2-3B
11,guided,11,Bryan took a look at his books and magazines. If he has 9 books and 46 magazines in each of his 10 bookshelves How many magazines does he have in total?,460,460,True,majority,0.4,2,5,0.4,3,False,,"{'460': 2, '21260': 1, '414': 1, '21040': 1}","Step 1: Number of shelves * Magazines per shelf = Total magazines
Step 2: Multiply to find the product
Step 3: Result =?",SVAMP,LAMA-3.2-3B
12,guided,12,Dave had 17 apps on his phone. After adding some he had 18 left How many apps did he add?,1,17,False,majority,0.6,0,5,0.0,2,False,,"{'17': 3, '-1': 2}","Step 1: Initial - Final =? (initial amount) - (final amount)
Step 2: 17 - 18",SVAMP,LAMA-3.2-3B
13,guided,13,Dan has $ 4. He bought a candy bar for $ 7 and a chocolate for $ 6 How much money did he spend buying the candy bar and chocolate?,13,13,True,majority,0.8,4,5,0.8,1,False,,"{'14': 1, '13': 4}","Step 1: Candy bar cost + Chocolate cost = $ 7 + $ 6 =
Step 2: Sum of costs = $ 13",SVAMP,LAMA-3.2-3B
14,guided,14,The bananas in Philip's collection are organized into 196 groups. If there are a total of 392 bananas in Philip's banana collection How big is each group?,2,2,True,majority,1.0,5,5,1.0,0,False,,{'2': 5},"Step 1: Total bananas / Number of groups = Bananas per group
Step 2: 392 ÷ 196 =
Step 3: 2",SVAMP,LAMA-3.2-3B
15,guided,15,The cave is 1218 feet deep and they are already at 849 feet. If they are travelling at speed of 17 How much farther until they reach the end of the cave?,369,369,True,majority,1.0,5,5,1.0,0,False,,{'369': 5},"Step 1: Depth - Current depth = Cave depth - Starting point depth = 1218 - 849 =
Step 2: Distance to go = Result from step 1 =?",SVAMP,LAMA-3.2-3B
16,guided,16,The Ferris wheel in paradise park has 4 seats. If 20 people can ride the wheel at the same time How many people can each seat hold?,5,5,True,majority,0.4,2,5,0.4,3,False,,"{'5': 2, '10': 1, '20': 1}","Step 1: Total riders / Number of seats = People per seat
Step 2: 20 ÷ 4 =
Step 3: 5",SVAMP,LAMA-3.2-3B
17,guided,17,A farmer had 177 tomatoes and 12 potatoes in his garden. If he picked 53 tomatoes How many tomatoes and potatoes does he have left?,136,124,False,majority,0.4,0,5,0.0,3,False,,"{'122': 1, '124': 2, '12': 1, '189': 1}","Step 1: Tomatoes - Picked = Remaining Tomatoes
Step 2: Total Fruits - Remaining Fruits = Remaining Vegetables
Step 3: (Tomatoes + Potatoes) - Remaining Fruits",SVAMP,LAMA-3.2-3B
18,guided,18,Danny collects bottle caps. He lost 66 bottle caps at the park. Now he has 25 bottle caps in his collection How many bottle caps did danny have at first?,91,91,True,refiner_tiebreak,0.5,3,6,0.5,3,True,True,"{'-41': 2, '91': 3, '25': 1}","Step 1: Current - Lost = Initial
Step 2: 25 + 66 =
Step 3: 91",SVAMP,LAMA-3.2-3B
19,guided,19,"Jack received 4 emails in the morning, 5 emails in the afternoon and 8 emails in the evening How many emails did Jack receive in the afternoon and evening?",13,5,False,majority,0.4,0,5,0.0,3,False,,"{'12': 1, '5': 2, '26': 1, '17': 1}","Step 1: Afternoon + Evening = 
Step 2: 5 + 8 =?",SVAMP,LAMA-3.2-3B
20,guided,20,Paco had 22 sweet cookies and 75 salty cookies. He ate 15 sweet cookies and 54 salty cookies How many sweet cookies did Paco have left?,7,7,True,refiner_tiebreak,0.5,3,6,0.5,3,True,True,"{'12': 1, '22': 2, '7': 3}","Step 1: Initial amount of sweets - Amount eaten = Remaining sweets
Step 2: 22 - 15 =
Step 3: Result =?",SVAMP,LAMA-3.2-3B
21,guided,21,The ring toss game at the carnival made the same amount of money each day. In total in 5 days they earned 165 dollars How much did they make per day?,33,33,True,majority,0.8,4,5,0.8,1,False,,{'33': 4},"Step 1: Total earnings / Number of days = Amount per day
Step 2: $165 ÷ 5 =
Step 3: $33",SVAMP,LAMA-3.2-3B
22,guided,22,Dave had 24 files and 13 apps on his phone. After deleting some apps and files he had 17 apps and 21 files left How many files did he delete?,3,-1,False,refiner_tiebreak,0.5,2,6,0.3333,3,True,False,"{'1': 1, '-1': 3, '3': 2}","Step 1: Initial files - Remaining files = 24 - 21 =
Step 2: Initial apps - Remaining apps = 13 - 17 =
Step 3: Files deleted = (Initial files - Remaining files) + (Initial apps - Remaining apps)",SVAMP,LAMA-3.2-3B
23,guided,23,In a school there are 569 girls and 236 boys How many more girls than boys does the school have?,333,333,True,majority,1.0,5,5,1.0,0,False,,{'333': 5},"Step 1: Girls - Boys = 
Step 2: 569 - 236 =
Step 3: Result =?",SVAMP,LAMA-3.2-3B
24,guided,24,Rebecca wants to split a collection of eggs into groups of 11. If each group has 2 eggs How many eggs does Rebecca have?,22,11,False,majority,0.6,0,5,0.0,2,False,,"{'11': 3, '110': 1, '14': 1}","Step 1: Unknowns / Group size = Total eggs
Step 2: Unknowns ÷ Group size = Total eggs ÷ 11 =?",SVAMP,LAMA-3.2-3B
25,guided,25,Mary is baking a cake. The recipe calls for 7 cups of sugar and 10 cups of flour. She already put in 4 cups of sugar How many more cups of sugar does she need to add?,3,3,True,majority,0.8,4,5,0.8,1,False,,"{'17': 1, '3': 4}","Step 1: Required - Used = Total needed
Step 2: 7 - 4 =
Step 3: =?",SVAMP,LAMA-3.2-3B
26,guided,26,Dave had 21 apps on his phone. He added 89 new apps. After deleting some he had 24 left How many more apps did he add than he deleted?,3,21,False,majority,0.4,0,5,0.0,3,False,,"{'21': 2, '86': 1, '0': 1, '100': 1}","Step 1: Initial - Deleted = Remaining
Step 2: Added - Deleted =?",SVAMP,LAMA-3.2-3B
27,guided,27,During summer break 202958 kids from Lawrence county go to camp and the other 777622 kids stay home How many more kids stayed home compared to those who went to the camp?,574664,574664,True,refiner_tiebreak,0.5,3,6,0.5,3,True,True,"{'777622': 2, '776564': 1, '574664': 3}","Step 1: Kids staying home - Kids going to camp = 777622 - 202958.
Step 2: Subtract to find difference in attendance.",SVAMP,LAMA-3.2-3B
28,guided,28,The grasshopper and the frog had a jumping contest. The grasshopper jumped 13 inches. The grasshopper jumped 2 inches farther than the grasshopper How far did the frog jump?,11,11,True,majority,0.8,4,5,0.8,1,False,,"{'13': 1, '11': 4}","Step 1: Distance jumped by frog = Distance jumped by grasshopper - Additional distance covered by grasshopper
Step 2: Distance jumped by frog = 13 - 2
Step 3: Distance jumped by frog = 11",SVAMP,LAMA-3.2-3B
29,guided,29,Allan brought 3 balloons and 20 balls while Jake brought 5 balloons and 59 balls to the park How many balloons did Allan and Jake have in the park?,8,67,False,majority,0.4,1,5,0.2,3,False,,"{'8': 1, '16': 1, '87': 1, '67': 2}","Step 1: All balloons + Balls = Total items
Step 2: Add both quantities together (Allan's + Jake's)
Step 3: Combine like terms (Balloons + Balloons)",SVAMP,LAMA-3.2-3B
30,guided,30,He then went to see the oranges being harvested. He found out that they harvest 8 sacks per day How many days will it take to harvest 24 sacks of oranges?,3,1,False,majority,0.6,0,5,0.0,2,False,,"{'1': 3, '0.3333': 2}","Step 1: Sacks harvested per day ÷ Total desired sacks = Days required
Step 2: 8 ÷ 24 =
Step 3: 1/3",SVAMP,LAMA-3.2-3B
31,guided,31,Every day Ryan spends 6 hours on learning english and 5 hours on learning chinese. If he learns for 2 days How many hours does he spend on learning english in all?,12,22,False,majority,0.6,0,5,0.0,2,False,,"{'22': 3, '44': 1, '11': 1}","Step 1: English + Chinese = Total time per day
Step 2: Multiply by Number of days
Step 3: (English + Chinese) * Days =?",SVAMP,LAMA-3.2-3B
32,guided,32,Baker made 144 cakes. He sold 71 of them. Then he made 111 more cakes How many more cakes did baker make than those he sold?,184,40,False,majority,0.4,0,5,0.0,3,False,,"{'73': 1, '215': 1, '40': 2, '144': 1}","Step 1: Made - Sold = New amount left in stock.
Step 2: New amount left in stock - Initial sales = Additional baked goods.
Step 3: Additional baked goods = 111 - 71.",SVAMP,LAMA-3.2-3B
33,guided,33,There were 12 people on the bus. At the next stop 4 more people got on the bus. Each bus can not have more than 36 people How many people are there on the bus now?,16,16,True,majority,0.4,2,5,0.4,3,False,,"{'16': 2, '20': 1, '12': 1}","Step 1: Initial passengers + New arrivals = Total passengers
Step 2: 12 + 4 =
Step 3: 16",SVAMP,LAMA-3.2-3B
34,guided,34,Allan brought 5 balloons and Jake brought 6 balloons to the park. Jake then bought 3 more balloons at the park How many balloons did Jake bring to the park?,9,6,False,majority,0.6,0,5,0.0,2,False,,"{'3': 2, '6': 3}","Step 1: Initial amount Jake had + Amount he bought = Total amount now
Step 2: Total amount now - Initial amount Jake had = New total for Jake
Step 3: Since we want only what Jake originally brought, subtract that from new total for Jake.",SVAMP,LAMA-3.2-3B
35,guided,35,An industrial machine worked for 5 minutes. It can make 4 shirts a minute How many shirts did machine make?,20,20,True,majority,1.0,5,5,1.0,0,False,,{'20': 5},"Step 1: Time * Rate = Quantity
Step 2: 5 * 4 =?",SVAMP,LAMA-3.2-3B
36,guided,36,Paco had 9 sweet cookies and 6 salty cookies. He ate 36 sweet cookies and 3 salty cookies How many salty cookies did Paco have left?,3,3,True,majority,0.8,4,5,0.8,1,False,,"{'6': 1, '3': 4}","Step 1: Initial amount of salty cookies - Amount eaten = Remaining salty cookies
Step 2: 6 - 3 =?",SVAMP,LAMA-3.2-3B
37,guided,37,A book has 3 chapters. The first chapter is 66 pages long the second chapter is 35 pages long and the third chapter is 24 pages long How many pages does the book have altogether?,125,125,True,majority,0.6,3,5,0.6,2,False,,"{'125': 3, '101': 2}","Step 1: Chapter 1 + Chapter 2 = 66 + 35 =
Step 2: Add to that the length of Chapter 3, so it becomes 66 + 35 + 24 =?",SVAMP,LAMA-3.2-3B
38,guided,38,Some children were riding on the bus. At the bus stop 2 more children got on the bus. Then there were 41 children altogether on the bus How many children were riding on the bus before the bus stop?,39,39,True,coin_flip,0.3333,2,6,0.3333,4,True,False,"{'39': 2, '2': 2, '41': 2}","Step 1: Total - Additional = Remaining
Step 2: Remaining - New arrivals = Initial riders
Step 3: Subtract new info (no calculation needed)",SVAMP,LAMA-3.2-3B
39,guided,39,Rebecca wants to split a collection of eggs into 3 groups. Rebecca has 4 marbles and 15 eggs How many eggs will each group have?,5,19,False,majority,0.8,0,5,0.0,1,False,,"{'19': 4, '7': 1}","Step 1: Total items = Marbles + Eggs = 4 + 15 =
Step 2: Divide by Number of Groups = (4 + 15) / 3 =
Step 3: Each Group Size = (4 + 15) / 3 =",SVAMP,LAMA-3.2-3B
40,guided,40,After finding some bottle caps at the park danny has 32 bottle caps in his collection. If he had 25 bottle caps in his collection earlier How many bottle caps did he find at the park?,7,32,False,majority,0.8,1,5,0.2,1,False,,"{'7': 1, '32': 4}","Step 1: Current - Earlier = 32 - 25
Step 2: Find difference between current and earlier amounts to determine how much was added (not subtracted). Since it's ""found"", use addition instead of subtraction for this part:
Step 3: Added =? + 25",SVAMP,LAMA-3.2-3B
41,guided,41,"Julia played tag with 15 kids on monday, 18 kids on tuesday and 97 kids on wednesday How many kids did she play with on monday and tuesday?",33,33,True,majority,0.6,3,5,0.6,2,False,,"{'66': 1, '33': 3, '285': 1}","Step 1: Monday + Tuesday = 
Step 2: = 15 + 18",SVAMP,LAMA-3.2-3B
42,guided,42,In Haley's class some boys love to play marbles. If Haley has 10 marbles and she gave 5 marbles to each boy How many boys did she give the marbles to?,2,10,False,majority,0.6,1,5,0.2,2,False,,"{'2': 1, '10': 3, '1': 1}","Step 1: Marbles given / Marbles per person = Number of people
Step 2: Marbles given = 5 * Number of people
Step 3: Since we know that Haley started with 10 marbles, we can set up an equation:
Marbles given = Initial marbles - Remaining marbles
Since all marbles were given away, there are no remaining marbles left.
So, Marbles given = 10 - 0 = 10 (this confirms our previous calculation)
Therefore, confirming that our initial assumption about calculating how many people was correct.",SVAMP,LAMA-3.2-3B
43,guided,43,After resting they decided to go for a swim. If the depth of the water is 10 times Dean's height and he stands at 9 feet How much deeper is the water than Dean's height?,81,81,True,majority,0.8,4,5,0.8,1,False,,"{'81': 4, '0': 1}","Step 1: Water depth - Dean's height = Depth - Height =? 
Step 2: Since it's given that the depth is 10 times his height, we can express this as:
   (10 * Dean's height) - Dean's height =?
Step 3: Substitute known values into equation from step two:
   (10 * 9) - 9 =?",SVAMP,LAMA-3.2-3B
44,guided,44,A book has 3 chapters. The first chapter is 91 pages long the second chapter is 23 pages long and the third chapter is 25 pages long How many more pages does the first chapter have than the second chapter?,68,68,True,majority,0.8,4,5,0.8,1,False,,"{'68': 4, '91': 1}","Step 1: First chapter length - Second chapter length = 91 - 23 =
Step 2: Result of subtraction = 68",SVAMP,LAMA-3.2-3B
45,guided,45,"After eating a hearty meal they went to see the Buckingham palace. There, Rachel learned that 317 visitors came to the Buckingham palace that day. If there were 295 visitors the previous day How many more visitors visited the Buckingham palace on that day than on the previous day?",22,22,True,majority,0.8,4,5,0.8,1,False,,"{'317': 1, '22': 4}","Step 1: Current - Previous = New - Old
Step 2: 317 - 295 =
Step 3: = 22",SVAMP,LAMA-3.2-3B
46,guided,46,The Razorback t-shirt shop made $ 51 dollars from selling 3 t-shirt during the Arkansas and Texas tech game they What is the cost of each t-shirt?,17,17,True,majority,0.8,4,5,0.8,1,False,,"{'17': 4, '51': 1}","Step 1: Revenue - Number sold = Cost per item
Step 2: $51 ÷ 3 =?",SVAMP,LAMA-3.2-3B
47,guided,47,"Jack received 3 emails in the morning, 4 emails in the afternoon and 8 emails in the evening How many emails did Jack receive in the morning and evening?",11,15,False,majority,0.6,0,5,0.0,2,False,,"{'15': 3, '3': 2}","Step 1: Morning + Evening = 
Step 2: Add the results of step 1 to Afternoon.",SVAMP,LAMA-3.2-3B
48,guided,48,Lawrence county has 313473 kids. During summer break 274865 kids stay home and the rest go to camp How many kids go to the camp during the break?,38608,338608,False,majority,0.4,0,5,0.0,3,False,,"{'3848': 1, '338608': 2, '38458': 1}","Step 1: Total - Staying Home = Going To Camp
Step 2: 313473 - 274865 =
Step 3: Result = 38308",SVAMP,LAMA-3.2-3B
49,guided,49,The grasshopper and the frog had a jumping contest. The grasshopper jumped 35 inches. The grasshopper jumped 4 inches farther than the frog How much did they jump altogether?,66,34,False,coin_flip,0.1667,1,6,0.1667,5,True,True,"{'34': 1, '': 1, '4': 1, '35': 1, '22': 1, '66': 1}","Step 1: Frog's jump length + Given =? 
Step 2: Grasshopper's jump length - Distance between their jumps =?

Note: This assumes that ""the grasshopper jumped 4 inches farther"" means the difference in their jumps, not an additional distance covered by each individually. If it meant both jumped 4 more inches together, then we'd need another piece of information (e.g., how far apart they started).",SVAMP,LAMA-3.2-3B
50,guided,50,Winter is almost here and most animals are migrating to warmer countries. There are 3 bird families living near the mountain. 26 new bird families came to live near the mountain from the arctic while 2 bird families flew away further south for winter How many bird families were left near the mountain?,27,0,False,majority,0.6,1,5,0.2,2,False,,"{'0': 3, '27': 1, '39': 1}","Step 1: Initial birds + New birds = Total initial birds
Step 2: Total initial birds - Birds that flew away = Remaining birds
Step 3: Remaining birds - Birds that stayed in other places (not specified) =?",SVAMP,LAMA-3.2-3B
51,guided,51,Adam could fit 8 action figures and 10 cabinets on each shelf in his room. His room has 4 shelves How many total items could his shelves hold?,72,72,True,majority,0.8,4,5,0.8,1,False,,"{'72': 4, '32': 1}","Step 1: Items per shelf * Number of shelves = Action figures/shelf * Shelves = 8 * 4 =
Step 2: Add other items/shelf * Additional shelves = Cabinets/shelf * Shelves = 10 * 4 =
Step 3: Sum both totals = (Items per shelf) + (Other items per shelf) = 32 + 40 =?",SVAMP,LAMA-3.2-3B
52,guided,52,Robin's hair was 16 inches long. He cut off 11 inches. Then it again grew by 12 inches How long is his hair now?,17,17,True,majority,0.8,4,5,0.8,1,False,,"{'17': 4, '5': 1}","Step 1: Initial length - Cut-off = 16 - 11 =
Step 2: Result from step 1 + New growth = 5 + 12 =",SVAMP,LAMA-3.2-3B
53,guided,53,Friends of Katie had 57 games and she had 63 ds games How many more games does Katie have than her friends?,6,6,True,majority,1.0,5,5,1.0,0,False,,{'6': 5},"Step 1: Katie's games - Friends' games = 63 - 57 =
Step 2: Answer = 6",SVAMP,LAMA-3.2-3B
54,guided,54,Lucy went to the grocery store. She bought 10 packs of cookie and 4 packs of cake How many more packs of cookie did she buy over cake?,6,6,True,majority,1.0,5,5,1.0,0,False,,{'6': 5},"Step 1: Cookie - Cake = 10 - 4 =
Step 2: Answer = 6",SVAMP,LAMA-3.2-3B
55,guided,55,"6 red peaches, 90 yellow peaches and 16 green peaches are in the basket How many red and green peaches are in the basket?",22,22,True,majority,1.0,5,5,1.0,0,False,,{'22': 5},"Step 1: Red + Green = Total
Step 2: Red + Green = 6 + 16 =
Step 3: Simplify (if necessary)",SVAMP,LAMA-3.2-3B
56,guided,56,Mary is baking a cake. The recipe calls for 10 cups of flour 2 cups of sugar and 80 cups of salt. She already put in 7 cups of flour How many more cups of flour than cups of sugar does she need to add now?,1,12,False,majority,0.6,0,5,0.0,2,False,,"{'12': 3, '5': 1, '0': 1}","Step 1: Required - Used = Total needed
Step 2: Flour + Sugar = 10 + 2 =
Step 3: 10 - 2 =?",SVAMP,LAMA-3.2-3B
57,guided,57,Paco had 17 cookies. He ate 14 cookies and gave 13 of them to his friend How many more cookies did he eat than those he gave to his friend?,1,1,True,majority,0.4,2,5,0.4,3,False,,"{'4': 1, '-10': 1, '3': 1, '1': 2}","Step 1: Eaten - Given = 14 - 13 =
Step 2: Answer =? (no calculation needed)",SVAMP,LAMA-3.2-3B
58,guided,58,In a school there are 315 girls and 309 boys. There are also 772 teachers How many people are there in that school?,1396,1294,False,majority,0.6,0,5,0.0,2,False,,"{'1294': 3, '624': 1, '315': 1}","Step 1: Girls + Boys = Total students
Step 2: Students + Teachers = Total people",SVAMP,LAMA-3.2-3B
59,guided,59,There are some baskets of peaches. Each basket has 4 red peaches and 3 green peaches. If there are a total of 7 peaches in all baskets How many baskets of peaches are there?,1,1,True,majority,1.0,5,5,1.0,0,False,,{'1': 5},"Step 1: Total peaches per basket = Red + Green = 4 + 3 =?
Step 2: Divide both sides by the result to find the number of baskets = Total peaches / Peaches per basket =? /?",SVAMP,LAMA-3.2-3B
60,guided,60,Jessie currently weighs 27 kilograms. After she started to go jogging everyday she lost 101 kilograms How much did she weigh before starting to jog?,128,-74,False,majority,0.8,0,5,0.0,1,False,,{'-74': 4},"Step 1: Current weight - Weight loss = Initial weight
Step 2: 27 - 101 =?",SVAMP,LAMA-3.2-3B
61,guided,61,David did 51 push-ups in gym class today. David did 49 more push-ups than Zachary How many push-ups did Zachary and David do altogether?,53,51,False,coin_flip,0.3333,0,6,0.0,4,True,False,"{'51': 2, '149': 1, '100': 2, '76': 1}","Step 1: David's push-ups + Zachary's push-ups = Total push-ups
Step 2: (David's push-ups) + (Zachary's push-ups)
Step 3: 51 + 49",SVAMP,LAMA-3.2-3B
62,guided,62,In a school there are 362 boys and 257 girls. 403 more girls joined the school How many more girls than boys does the school have?,298,298,True,majority,0.8,4,5,0.8,1,False,,"{'745': 1, '298': 4}","Step 1: Girls + New joinings = Existing girls + Additional girls
Step 2: (Existing girls) - Boys = 257 + 403 - 362
Step 3: Resultant difference = 298",SVAMP,LAMA-3.2-3B
63,guided,63,Josh had 22 marbles in his collection. He found 13 marbles ones while he lost 5 marbles How many marbles does he have now?,30,22,False,majority,0.6,1,5,0.2,2,False,,"{'30': 1, '22': 3, '35': 1}","Step 1: Initial amount + Found = 22 + 13 =
Step 2: Subtracting Lost = (22 + 13) - 5 =?",SVAMP,LAMA-3.2-3B
64,guided,64,"After eating a hearty meal they went to see the Buckingham palace. There were 39 paintings in the Buckingham palace. There, Rachel learned that 661 visitors came to the Buckingham palace that day. If there were 600 visitors the previous day How many more visitors visited the Buckingham palace on that day than on the previous day?",61,661,False,majority,0.6,2,5,0.4,2,False,,"{'661': 3, '61': 2}","Step 1: Current - Previous = 661 - 600
Step 2: Subtract
Step 3: Result of subtraction",SVAMP,LAMA-3.2-3B
65,guided,65,Nell collects baseball cards. She had 566 cards while Jeff had 234 cards. She gave some of her cards to Jeff and now has 535 cards left How many cards does Jeff have now?,265,535,False,refiner_tiebreak,0.3333,0,6,0.0,4,True,False,"{'466': 1, '535': 2, '0': 1, '332': 1, '566': 1}","Step 1: Initial amount given to Jeff + Current amount with others = Total initial amount
Step 2: Subtract this from his current total to find out how much he received initially
Step 3: This equals the difference between their starting amounts.",SVAMP,LAMA-3.2-3B
66,guided,66,Randy uses 36 blocks to build a tower. If he had 59 blocks How many blocks are left?,23,36,False,coin_flip,0.3333,0,6,0.0,4,True,False,"{'36': 2, '-23': 2, '0': 2}","Step 1: Total blocks initially - Blocks used = Remaining blocks
Step 2: 59 - 36 =?",SVAMP,LAMA-3.2-3B
67,guided,67,At the stop 8 more people got on the train. Initially there were 11 people on the train How many people are there on the train now?,19,19,True,majority,1.0,5,5,1.0,0,False,,{'19': 5},"Step 1: Initial passengers + Additional passengers = Total passengers
Step 2: 11 + 8 =
Step 3: 19",SVAMP,LAMA-3.2-3B
68,guided,68,Rachel has 3 apple trees. She picked 8 apples from each of her trees. Now the trees have a total 9 apples still on them How many apples were there on all trees initially?,33,24,False,majority,0.6,2,5,0.4,2,False,,"{'24': 3, '33': 2}","Step 1: Total picked * Number of trees = 8 * 3 =
Step 2: Add back to what was left = (8 * 3) + 9 =?",SVAMP,LAMA-3.2-3B
69,guided,69,43 children were riding on the bus. At the bus stop some children got off the bus. Then there were 21 children left on the bus How many children got off the bus at the bus stop?,22,22,True,majority,0.6,3,5,0.6,2,False,,"{'22': 3, '43': 2}","Step 1: Initial - Remaining = Total who stayed
Step 2: Initial - Remaining = 43 - 21",SVAMP,LAMA-3.2-3B
70,guided,70,5 red peaches and 11 green peaches are in the basket How many more green peaches than red peaches are in the basket?,6,6,True,majority,0.6,3,5,0.6,2,False,,"{'6': 3, '7': 1, '1': 1}","Step 1: Green - Red =? 
Step 2: 11 - 5",SVAMP,LAMA-3.2-3B
71,guided,71,Nell collects cards. She had 246 baseball cards and 214 Ace cards. She gave some of her cards to Jeff and now has 404 baseball cards and 495 Ace cards left How many more Ace cards than baseball cards does Nell have?,91,249,False,majority,0.8,0,5,0.0,1,False,,"{'249': 4, '4': 1}","Step 1: Initial amount of Ace cards - Initial amount of baseball cards = 495 - 246.
Step 2: Subtract given away Ace cards from initial amount of Ace cards = 495 - (some).
Step 3: Since we don't know how much was given away for each type, let's find out how many were given away in total first. Total cards given away = (Initial - Current) * 2 = (246 + 214 - 404). Then subtract this value from both types separately. For example: Given away Ace cards = 495 - ((246 + 214 - 404).",SVAMP,LAMA-3.2-3B
72,guided,72,Each pack of dvds costs 76 dollars. If there is a discount of 25 dollars on each pack How much do you have to pay to buy each pack?,51,51,True,majority,1.0,5,5,1.0,0,False,,{'51': 5},"Step 1: Original price - Discount amount = $76 - $25 =
Step 2: Resulting cost per pack = $51",SVAMP,LAMA-3.2-3B
73,guided,73,They decided to hold the party in their backyard. They have 14 chairs for each set of table. If they have 9 sets of tables How many more chairs than tables do they have?,117,126,False,majority,0.8,1,5,0.2,1,False,,"{'126': 4, '117': 1}","Step 1: Chairs per set * Total sets = 14 * 9 =
Step 2: Total chairs - Total sets = 126 - 9 =?",SVAMP,LAMA-3.2-3B
74,guided,74,Next on his checklist is wax to stick the feathers together and colors to paint them. He needs a total of 57 g of colors to paint them. He needs 22 g of wax more. If the feathers require a total of 353 g of wax How many grams of wax does he already have?,331,,False,refiner_tiebreak,0.3333,0,6,0.0,4,True,False,"{'397': 1, '375': 1, '273': 1, '': 2, '-22': 1}","Step 1: Wax required for painting + Additional wax needed = Total wax available
Step 2: 353 (Wax required) + 22 (Additional wax needed) =
Step 3: 375",SVAMP,LAMA-3.2-3B
75,guided,75,Frank was reading through his favorite book. The book had 2 chapters each with 405 pages. It took frank 664 days to finish the book How many chapters did he read per day?,332,0.6175,False,majority,0.4,0,5,0.0,3,False,,"{'0.6125': 1, '0.6175': 2, '0.612': 1, '0.1531': 1}","Step 1: Total pages / Total days = Pages per chapter * Chapters
Step 2: 405 / 664
Step 3: 405 ÷ 664",SVAMP,LAMA-3.2-3B
76,guided,76,Jerry had 5 action figures and 2 books on a shelf in his room. Later he added 9 more books to the shelf How many more books than action figures were on his shelf?,6,7,False,coin_flip,0.3333,0,6,0.0,4,True,False,"{'7': 2, '4': 2, '9': 1, '5': 1}","Step 1: Books + Initial amount of action figures = Total items initially
Step 2: New additions - Initial amount of action figures = Difference between new items and old action figures",SVAMP,LAMA-3.2-3B
77,guided,77,Paul got a box of some crayons for his birthday. By the end of the school year he had either lost or given away 551 of them and only had 177 left How many crayons did he get for his birthday?,728,177,False,majority,0.4,1,5,0.2,3,False,,"{'-374': 1, '177': 2, '374': 1, '728': 1}","Step 1: Crayons kept + Crayons given/lost = Initial amount
Step 2: Initial amount - Crayons kept = Crayons received
Step 3: Crayons received",SVAMP,LAMA-3.2-3B
78,guided,78,Because of the decision Sofia asked the students to suggest specific types of food. If 324 students suggested adding mashed potatoes 374 suggested adding bacon to the menu and 128 suggested adding tomatoes How many students participated in the suggestion of new food items?,826,826,True,majority,0.4,2,5,0.4,3,False,,"{'826': 2, '816': 1, '698': 1, '896': 1}","Step 1: Add all suggestions for each type of food item together.
Step 2: Sum up the results from step one.
Step 3: Combine the sums from both sides of the equation.",SVAMP,LAMA-3.2-3B
79,guided,79,A book has 31 chapters. Each chapter is 61 pages long How many pages does the book have altogether?,1891,1891,True,coin_flip,0.3333,2,6,0.3333,4,True,False,"{'1891': 2, '1881': 2, '1860': 1, '1870': 1}","Step 1: Chapters * Pages per Chapter = Total Pages
Step 2: 31 * 61 =
Step 3: =?",SVAMP,LAMA-3.2-3B
80,guided,80,The school is planning a field trip. The school has 67 classrooms. There are 66 students in each classroom in the school. If there are 6 seats on each school bus How many buses are needed to take the trip?,737,,False,coin_flip,0.1667,1,6,0.1667,5,True,False,"{'': 1, '4422': 1, '737': 1, '4482': 1, '4020': 1, '67': 1}","Step 1: Classrooms * Students per classroom = Total students
Step 2: Total students / Seats per bus = Buses needed",SVAMP,LAMA-3.2-3B
81,guided,81,Bobby ate 33 pieces of candy. Then he ate 4 more. He also ate 14 pieces of chocolate How many pieces of candy and chocolate did Bobby eat altogether?,51,47,False,majority,0.4,0,5,0.0,3,False,,"{'47': 2, '37': 1, '33': 1, '80': 1}","Step 1: Candy + Chocolate = Total sweets eaten initially
Step 2: Add candies eaten before last one to get total candies eaten
Step 3: Add chocolates eaten in second instance to previous result",SVAMP,LAMA-3.2-3B
82,guided,82,Paco had 36 cookies. He gave 14 cookies to his friend and ate 10 cookies How many cookies did Paco have left?,12,22,False,majority,0.6,2,5,0.4,2,False,,"{'12': 2, '22': 3}","Step 1: Initial amount - Given away = Starting with 36 - 14 =
Step 2: Result of subtraction - Amount eaten = (Starting with 36 - 14) - 10 =?",SVAMP,LAMA-3.2-3B
83,guided,83,Paige raised 15 goldfish in the pond but stray cats loved eating them. 5 were eaten How many goldfish remained?,10,10,True,majority,0.6,3,5,0.6,2,False,,"{'15': 2, '10': 3}","Step 1: Initial amount - Amount eaten = Remaining fish
Step 2: 15 - 5 =?",SVAMP,LAMA-3.2-3B
84,guided,84,During summer break 61619 kids from Lawrence county stayed home and the rest went to camp. The total number of kids in Lawrence county is 91676 About how many kids in Lawrence county went to camp?,30057,91676,False,majority,0.6,0,5,0.0,2,False,,"{'91676': 3, '153395': 1, '46057': 1}","Step 1: Total - Staying home = Going to camp
Step 2: 91676 - 61619 =?",SVAMP,LAMA-3.2-3B
85,guided,85,2 children were riding on the bus. At the bus stop some more children got on the bus. Then there were 10 children altogether on the bus How many more children are on the bus now than there were before the bus stop?,8,12,False,majority,0.4,1,5,0.2,3,False,,"{'8': 1, '10': 1, '12': 2, '20': 1}","Step 1: Initial - Current =? (initial unknown)
Step 2: Initial + Additional = Total
Step 3: Total - Initial =?",SVAMP,LAMA-3.2-3B
86,guided,86,3 birds were sitting on the fence. 2 more birds and 6 more storks came to join them How many more storks than birds are sitting on the fence?,1,3,False,refiner_tiebreak,0.5,1,6,0.1667,3,True,False,"{'1': 1, '2': 2, '3': 3}","Step 1: Initial birds + Additional birds = Total birds
Step 2: Storks - Birds =? (Subtracting one group from another)",SVAMP,LAMA-3.2-3B
87,guided,87,The Ferris wheel in paradise park has 6 seats. Each seat can hold 14 people. If there are 16 people on the wheel right now How many more people can join the wheel?,68,68,True,majority,0.4,2,5,0.4,3,False,,"{'952': 1, '68': 2, '84': 1, '424': 1}","Step 1: Total capacity - Current riders = Available space.
Step 2: Available space = 6 * 14 - 16.
Step 3: Subtract to find out how much more can fit.",SVAMP,LAMA-3.2-3B
88,guided,88,He then went to see the oranges being harvested. He found out that they harvest 74 sacks per day and discard 71 of them How many sacks of oranges will they have after 51 days of harvest?,153,153,True,majority,0.6,3,5,0.6,2,False,,"{'3579': 1, '153': 3, '3': 1}","Step 1: Daily production - Discarded = Remaining daily amount
Step 2: Remaining daily amount * Number of days = Total remaining sacks
Step 3: (74 - 71) * 51 =?",SVAMP,LAMA-3.2-3B
89,guided,89,The Razorback shop makes $ 115 dollars off each jersey and $ 25 off each t-shirt. During the Arkansas and Texas tech game they sold 113 t-shirts and 78 jerseys How much more does a jersey cost than a t-shirt?,90,90,True,majority,1.0,5,5,1.0,0,False,,{'90': 5},"Step 1: Revenue from selling one item (jersey) - Cost of making an item (t-shirt)
= Price per jersey - Price per t-shirt
= $115 - $25

Step 2: Calculate difference in prices for both items
= ($115 - $25) - ($25 - $0)

Note: Since there's no comparison with another quantity here, we can stop immediately after the first subtraction. However, to follow your format strictly:

Step 1: $115 - $25
Step 2: ($115 - $25) - ($25 - $0)",SVAMP,LAMA-3.2-3B
90,guided,90,Next on his checklist is wax to stick the feathers together and colors to paint them. He needs a total of 49 g of colors to paint them. If the feathers require 288 g of wax and right now he just needs 260 g How many grams of wax does he already have?,28,28,True,majority,0.4,2,5,0.4,3,False,,"{'28': 2, '308': 1}","Step 1: Wax needed for painting - Wax available = Total wax required - Wax used so far
Step 2: 289 - 260 =
Step 3: 29",SVAMP,LAMA-3.2-3B
91,guided,91,Paul had 21 books. After selling some in a garage sale he bought 42 new ones. If he has 15 books now How many more books did he sell than he bought?,6,6,True,coin_flip,0.3333,2,6,0.3333,4,True,False,"{'6': 2, '48': 1, '21': 2, '63': 1}","Step 1: Initial amount of books initially owned + Amount of books purchased = Total initial amount of books
Step 2: Subtract current amount from total initial amount to find out how much was sold
Step 3: Difference between what's left and what was bought",SVAMP,LAMA-3.2-3B
92,guided,92,"Julia played tag with 9 kids on monday, 7 kids on tuesday and 96 kids on wednesday How many more kids did she play with on monday than on tuesday?",2,16,False,refiner_tiebreak,0.3333,1,6,0.1667,4,True,False,"{'45': 1, '7': 1, '16': 2, '3': 1, '2': 1}","Step 1: Monday - Tuesday =? 
Step 2: 9 - 7 =?",SVAMP,LAMA-3.2-3B
93,guided,93,There are 65 baskets of peaches. Each basket has 7 red peaches and 3 green peaches How many peaches are in each basket?,10,10,True,majority,0.8,4,5,0.8,1,False,,"{'10': 4, '7': 1}","Step 1: Total peaches per basket = Red + Green
Step 2: Total peaches per basket = 7 + 3",SVAMP,LAMA-3.2-3B
94,guided,94,You had 14 bags with equal number of cookies. If you had 28 cookies and 86 candies in total How many bags of cookies do you have?,2,,False,refiner_tiebreak,0.3333,0,6,0.0,4,True,False,"{'86': 1, '7': 1, '100': 1, '': 2, '6': 1}","Step 1: Total items / Number per bag = Total bags
Step 2: Divide both sides by 2 (since there's an equal amount of each type)
Step 3: Simplify if necessary",SVAMP,LAMA-3.2-3B
95,guided,95,Carol was sending out birthday invitations to her friends. Each package of invitations she bought had 14 invitations in it and she bought 6 packs. Then she bought 11 extra invitations How many friends can she invite?,95,84,False,coin_flip,0.3333,2,6,0.3333,4,True,False,"{'84': 2, '95': 2, '14': 1, '6': 1}","Step 1: Packs * Invitations per pack = Total invitations initially
Step 2: Add extra invitations to total invitations
Step 3: Total invitations",SVAMP,LAMA-3.2-3B
96,guided,96,Baker made 155 cakes. If his friend bought 140 cakes from him How many cakes would baker still have?,15,15,True,majority,0.8,4,5,0.8,1,False,,"{'15': 4, '5': 1}","Step 1: Initial amount - Amount sold = Baked - Bought
Step 2: 155 - 140",SVAMP,LAMA-3.2-3B
97,guided,97,A grocery store had 22 bottles of regular soda and 61 bottles of diet soda How many more bottles of diet soda than regular soda did they have?,39,39,True,majority,0.6,3,5,0.6,2,False,,"{'39': 3, '2': 1}","Step 1: Diet - Regular = 61 - 22 =
Step 2: Answer = 39",SVAMP,LAMA-3.2-3B
98,guided,98,"A grocery store had 36 apples, 80 bottles of regular soda and 54 bottles of diet soda How many more bottles than apple did they have?",98,-26,False,majority,0.4,0,5,0.0,3,False,,"{'31': 1, '26': 1, '-26': 2, '44': 1}","Step 1: Bottles of diet soda - Bottles of regular soda = 
Step 2: Result - Apples =?",SVAMP,LAMA-3.2-3B
99,guided,99,Ryan learns english and chinese for 7 days. Every day he spends 4 hours on learning english and 5 hours on learning chinese How many hours does he spend on learning english and chinese in all?,63,9,False,majority,0.6,1,5,0.2,2,False,,"{'9': 3, '18': 1, '63': 1}","Step 1: English time + Chinese time = Total time spent on both subjects
Step 2: 4 (English) + 5 (Chinese) =
Step 3: 9",SVAMP,LAMA-3.2-3B
100,guided,100,Debby drinks 6 bottles a day. If she bought a total of 12 water bottles How many days would they last her?,2,2,True,majority,0.6,3,5,0.6,2,False,,"{'2': 3, '1': 1, '12': 1}","Step 1: Total bottles / Bottles per day = Days
Step 2: 12 ÷ 6 =
Step 3: 12 ÷ 6 = 2",SVAMP,LAMA-3.2-3B
101,guided,101,David did 44 push-ups in gym class today. David did 9 more push-ups than Zachary How many push-ups did Zachary do?,35,44,False,majority,0.4,1,5,0.2,3,False,,"{'44': 2, '40': 1, '-35': 1, '35': 1}","Step 1: David's push-ups - Push-ups done by Zachary = 44 - x
Step 2: Subtract to find out how many push-ups were done by Zachary 
Step 3: Solve for x (not required as we only need the value of x)",SVAMP,LAMA-3.2-3B
102,guided,102,Mom buys 51 white t - shirts. If white t - shirts can be purchased in packages of 3 How many packages will she have?,17,17,True,majority,1.0,5,5,1.0,0,False,,{'17': 5},"Step 1: Total shirts / Shirts per package = Packages
Step 2: 51 ÷ 3 =
Step 3: Result =?",SVAMP,LAMA-3.2-3B
103,guided,103,During summer break 907611 kids from Lawrence county stay home and the other 455682 kids go to camp About how many kids are in Lawrence county?,1363293,907611,False,coin_flip,0.3333,0,6,0.0,4,True,False,"{'907611': 2, '1362933': 2, '1361933': 1, '1352913': 1}","Step 1: Kids staying home + Kids going to camp = Total kids in Lawrence county
Step 2: 907611 + 455682 =
Step 3: Sum calculated in step 2",SVAMP,LAMA-3.2-3B
104,guided,104,Danny collects bottle caps and wrappers. He found 66 wrappers and 39 bottle caps at the park. Now he has 16 bottle caps and 68 wrappers in his collection How many wrappers did danny have at first?,2,66,False,majority,0.6,0,5,0.0,2,False,,"{'66': 3, '0': 2}","Step 1: Initial wrappers + Current wrappers = Total wrappers initially
Step 2: Subtract current wrappers from total wrappers to find initial wrappers
Step 3: Initial wrappers - Current wrappers",SVAMP,LAMA-3.2-3B
105,guided,105,After Jessie started to go jogging everyday she lost 35 kilograms. She weighed 69 kilograms before beginning jogging How much does she weigh now?,34,34,True,majority,1.0,5,5,1.0,0,False,,{'34': 5},"Step 1: Initial weight - Weight loss = Current weight
Step 2: 69 - 35 =?",SVAMP,LAMA-3.2-3B
106,guided,106,Josh had 20 marbles in his collection. He gave 2 marbles to Jack How many marbles does Josh have now?,18,18,True,majority,0.6,3,5,0.6,2,False,,"{'18': 3, '2': 1, '20': 1}","Step 1: Initial amount - Given away = Remaining marbles
Step 2: 20 - 2 =?",SVAMP,LAMA-3.2-3B
107,guided,107,Zachary did 15 push-ups in gym class today. David did 39 more push-ups than Zachary. John did 9 push-ups less than David How many more push-ups did Zachary do than John?,30,0,False,refiner_tiebreak,0.3333,0,6,0.0,4,True,False,"{'0': 2, '-9': 1, '54': 1, '6': 1, '24': 1}","Step 1: Zachary's push-ups - David's push-ups =? 
Step 2: David's push-ups - John's push-ups =?
Step 3: First result - Second result =?",SVAMP,LAMA-3.2-3B
108,guided,108,Lewis earns $ 368 every week during the 1359 weeks of harvest. If he has to pay $ 388 rent every week How much money does he pay as rent during the harvest season?,527292,80,False,majority,0.6,0,5,0.0,2,False,,"{'28': 1, '80': 3, '368': 1}","Step 1: Weekly earnings - Rent per week = Total weekly expenses
Step 2: 368 - 388 =?",SVAMP,LAMA-3.2-3B
109,guided,109,Winter is almost here and most animals are migrating to warmer countries. There are 18 bird families living near the mountain. If 38 bird families flew away to africa and 80 bird families flew away to asia How many bird families flew away for the winter?,118,100,False,majority,0.6,1,5,0.2,2,False,,"{'100': 3, '80': 1, '118': 1}","Step 1: Africa + Asia = Total that left
Step 2: Total that left - Initial = 38 + 80 =? 
Step 3: 118 - 18 =?",SVAMP,LAMA-3.2-3B
110,guided,110,Mary is baking a cake. The recipe calls for 11 cups of sugar 6 cups of flour and 9 cups of salt. She already put in 12 cups of flour How many more cups of sugar than cups of salt does she need to add now?,2,5,False,majority,0.6,0,5,0.0,2,False,,"{'5': 3, '-4': 2}","Step 1: Required sugars - Used sugars = 11 - 6 =?
Step 2: Required salts - Used salts = 9 - 0 =?
Step 3: Difference between required sugars and required salts = (11 - 6) - 9",SVAMP,LAMA-3.2-3B
111,guided,111,Jessie weighed 114 kilograms. After she started to go jogging everyday she lost 50 kilograms in the first week and 60 kilograms in the second week How much does she weigh now?,4,4,True,majority,1.0,5,5,1.0,0,False,,{'4': 5},"Step 1: Initial weight - Weight lost per week 1 = 114 - 50
Step 2: Result from step 1 - Weight lost per week 2 = (114 - 50) - 60
Step 3: Simplify expression with parentheses = 64 - 60",SVAMP,LAMA-3.2-3B
112,guided,112,Jesse's room is 7 feet long. If she needs a carpet of size 14 square feet What is the width of her room?,2,2,True,majority,0.8,4,5,0.8,1,False,,"{'2': 4, '14': 1}","Step 1: Area = Length x Width
Step 2: Rearrange for Width: Width = Area / Length
Step 3: Substitute values: Width = 14 / 7",SVAMP,LAMA-3.2-3B
113,guided,113,A farmer had 175 tomatoes and 77 potatoes in his garden. If he picked 172 potatoes How many tomatoes and potatoes does he have left?,80,3,False,majority,0.8,0,5,0.0,1,False,,"{'3': 4, '267': 1}","Step 1: Tomatoes - Picked = Remaining Tomatoes
Step 2: Potatoes - Picked = Remaining Potatoes
Step 3: Total - (Remaining Tomatoes + Remaining Potatoes)",SVAMP,LAMA-3.2-3B
114,guided,114,The Ferris wheel in paradise park has 3 small seats and 7 large seats. Each small seat can hold 16 people and large seat can hold 12 people How many people can ride the Ferris wheel on large seats?,84,84,True,majority,1.0,5,5,1.0,0,False,,{'84': 5},"Step 1: Large seats * Capacity per large seat = 7 * 12 =
Step 2: Multiply to find total capacity for all large seats = 84
Step 3: No further calculation needed, as we found what was asked (total capacity).",SVAMP,LAMA-3.2-3B
115,guided,115,Bobby had 22 pieces of candy. He ate some pieces of candy. Then he ate 5 more. If he still has 8 pieces of candy left How many pieces of candy had he eaten at the start?,9,22,False,majority,0.4,0,5,0.0,3,False,,"{'17': 1, '22': 2, '7': 1, '5': 1}","Step 1: Initial amount + Remaining amount = Total candies initially
Step 2: Subtract remaining candies to find out how much was eaten before eating additional ones.
Step 3: Initial amount - (Remaining amount + Extra eaten)",SVAMP,LAMA-3.2-3B
116,guided,116,There are 2 baskets of peaches. Each basket has 4 red peaches and some more green peaches. If there are a total of 12 peaches in all baskets How many green peaches are in each basket?,2,2,True,majority,0.4,2,5,0.4,3,False,,"{'2': 2, '12': 1, '0': 1, '3': 1}","Step 1: Total peaches per basket + Baskets = 12
   Red peaches per basket + Green peaches per basket = 4 + x

Step 2: Since both baskets have equal amounts, multiply both sides by 2:
8 + 2x = 12

Step 3: Subtract 8 from both sides:
2x = 4",SVAMP,LAMA-3.2-3B
117,guided,117,Baker made some cakes. He sold 145 of them. If he still has 72 cakes left How many cakes did baker make?,217,217,True,majority,0.6,3,5,0.6,2,False,,"{'217': 3, '72': 2}","Step 1: Initial amount + Remaining amount = Total produced
Step 2: Initial amount + 72 = x + 72
Step 3: x = 217",SVAMP,LAMA-3.2-3B
118,guided,118,David did 40 more push-ups but 17 less crunches than Zachary in gym class today. If Zachary did 34 push-ups and 62 crunches How many crunches did David do?,45,40,False,coin_flip,0.1667,0,6,0.0,5,True,False,"{'40': 1, '22': 1, '62': 1, '41': 1, '50': 1, '': 1}","Step 1: Crunches done by both - Given = 62 (Zachary) +? (unknown)
Step 2: Subtracting ""less"" information about push-ups to find out how much fewer crunches were done by David: 
     Since we know that David did 40 more push-ups than those who didn't perform any extra exercise so it's safe to say he did 34+40=74 push-ups.
Step 3: Now subtracting this new info from original amount of crunches done by Zachary will give us our answer:
       62 - 74 isn't correct because we need to compare with what was given for crunches only. So let's redo step two:
Step 2: Subtracting ""more"" information about push-ups to find out how much LESS crunches were done by David:
       We already established that David has 40 more push-ups than those who didn't do any extra exercises which means he must have done some crunches as well since there's an opposite action (""but"") between these two types of exercises. Let's call his unknown amount x. Then we can set up equation:
          34+x=74 (since he does 40 more push-ups). Solving this gives us x=40.
Step 4: Using this value for x, calculate difference in crunches:
         Difference = Original amount - New amount = 62 - 40",SVAMP,LAMA-3.2-3B
119,guided,119,Olivia spent 78 dollars at a supermarket. If she has 33 dollars left with her How much money did she have initially?,111,111,True,majority,0.4,2,5,0.4,3,False,,"{'33': 1, '111': 2, '108': 1, '0': 1}","Step 1: Initial amount + Remaining amount = Total initial amount
Step 2: $78 (spent) + $33 (remaining) =?",SVAMP,LAMA-3.2-3B
120,guided,120,Bobby ate 17 pieces of candy. Then he ate 15 more. If he initially had 36 pieces of candy How many pieces of candy does he still have left?,4,36,False,majority,0.8,1,5,0.2,1,False,,"{'36': 4, '4': 1}","Step 1: Initial amount + Given = Total initial candies
Step 2: Subtract eaten candies from total initial candies
Step 3: Resultant - Remaining candies",SVAMP,LAMA-3.2-3B
121,guided,121,An industrial machine made 13 shirts yesterday and 3 shirts today. It can make 8 shirts a minute How many minutes did the machine work in all?,2,16,False,majority,0.8,1,5,0.2,1,False,,"{'16': 4, '2': 1}","Step 1: Total shirts produced = Shirts made yesterday + Shirts made today = 13 + 3 =
Step 2: Total time taken = Total shirts / Rate per minute = (13 + 3) / 8 =
Step 3: Simplify expression if necessary.",SVAMP,LAMA-3.2-3B
122,guided,122,They decided to hold the party in their backyard. They have 12 sets of tables and each set has 14 chairs. There are also 6 chairs extra How many chairs do they have for the guests?,174,174,True,majority,0.6,3,5,0.6,2,False,,"{'174': 3, '168': 2}","Step 1: Total chairs per table * Number of tables = Chairs from all tables
Step 2: Add extra chairs to find total available seating
Step 3: Subtract unused chairs if any",SVAMP,LAMA-3.2-3B
123,guided,123,Adam has 10 apples. Jackie has 2 apples How many more apples does Adam have than Jackie?,8,8,True,majority,1.0,5,5,1.0,0,False,,{'8': 5},"Step 1: Adam's - Jackie's = 10 - 2
Step 2: Result of subtraction =?",SVAMP,LAMA-3.2-3B
124,guided,124,Jake has 7 fewer peaches than Steven and 9 more peaches than Jill. Steven has 16 peaches How many peaches does Jake have?,9,9,True,majority,0.6,3,5,0.6,2,False,,"{'23': 1, '9': 3, '7': 1}","Step 1: Steven's peaches + Given = 16 + x
Step 2: x - 7 (since Jake has 7 fewer)
Step 3: x - 7",SVAMP,LAMA-3.2-3B
125,guided,125,Dan has $ 5. He bought a candy bar for $ 2 and a chocolate for $ 3 How much money did he spend to buy chocolate than he did to buy candy bar?,1,1,True,majority,0.8,4,5,0.8,1,False,,{'1': 4},"Step 1: Cost of chocolate - Cost of candy bar = $ 3 - $ 2 =
Step 2: Simplify, if necessary.",SVAMP,LAMA-3.2-3B
126,guided,126,There are 8 different movies and 21 different books in the ' crazy silly school ' series. If you read 7 of the books and watched 4 of the movies How many more movies do you still have to watch?,4,4,True,majority,0.8,4,5,0.8,1,False,,"{'4': 4, '12': 1}","Step 1: Total movies - Watched movies = Remaining movies
Step 2: 8 - 4 =
Step 3: Result =?",SVAMP,LAMA-3.2-3B
127,guided,127,White t - shirts can be purchased in packages of 13. If mom buys 39 white t - shirts How many packages will she have?,3,3,True,majority,0.6,3,5,0.6,2,False,,"{'3': 3, '39': 1}","Step 1: Total shirts / Shirts per package = Packages bought
Step 2: Divide total shirts by shirts per package = 39 ÷ 13 =
Step 3: Resultant quotient (no remainder)",SVAMP,LAMA-3.2-3B
128,guided,128,Julia played tag with 19 kids on monday. She played tag with 18 kids on tuesday. She spent a total of 38 hours to play tag on both days How many more kids did she play with on monday than on tuesday?,1,37,False,majority,0.6,0,5,0.0,2,False,,"{'342': 1, '19': 1, '37': 3}","Step 1: Monday's kids + Tuesday's kids = Total kids
Step 2: Subtract Tuesday's kids from the total number of kids
Step 3: Resulting difference in the number of kids",SVAMP,LAMA-3.2-3B
129,guided,129,3 birds and 4 storks were sitting on the fence. 6 more storks came to join them How many birds and storks are sitting on the fence?,13,13,True,coin_flip,0.3333,2,6,0.3333,4,True,False,"{'13': 2, '3': 2, '17': 1, '7': 1}","Step 1: Initial count (birds) + Initial count (storks) = Total initial animals
Step 2: Add new arrivals to total count
Step 3: Combine like items in the resulting expression",SVAMP,LAMA-3.2-3B
130,guided,130,He then went to see the oranges being harvested. He found out that they harvest 16 sacks per day and that each sack containes 57 oranges How many days will it take to harvest 80 sacks of oranges?,5,5,True,majority,0.4,2,5,0.4,3,False,,"{'5': 2, '16': 1, '6': 1}","Step 1: Sacks - Daily production = Total desired sacks / Daily production rate
Step 2: (Total desired sacks) / (Daily production)
Step 3: 80 / 16",SVAMP,LAMA-3.2-3B
131,guided,131,Adam has 3 more apples than jackie. Adam has 9 apples How many apples does Jackie have?,6,6,True,majority,0.8,4,5,0.8,1,False,,{'6': 4},"Step 1: Let's represent what we know with variables.
Adam = x, Jackie =?

Step 2: Since Adam has 3 more apples than Jackie, we can write an equation:
x =? + 3

Step 3: We also know that Adam has 9 apples, so substitute this value into our first equation:
9 =? + 3",SVAMP,LAMA-3.2-3B
132,guided,132,An industrial machine can make 3 shirts per minute. It made 6 shirts in all How many minutes was the machine working?,2,2,True,majority,0.8,4,5,0.8,1,False,,"{'2': 4, '6': 1}","Step 1: Time * Rate = Total output
Step 2: Rate (shirts/minute) x Total time (minutes) = Shirts produced
Step 3: Solve for Time: Time = Shirts / Rate",SVAMP,LAMA-3.2-3B
133,guided,133,Allan brought 5 balloons. If Allan and Jake brought total of 6 balloons to the park How many balloons did Jake bring to the park?,1,6,False,refiner_tiebreak,0.5,2,6,0.3333,3,True,False,"{'6': 3, '-4': 1, '1': 2}","Step 1: Total - Brought by both = Brought by Allan + Brought by Jake
Step 2: 5 (Brought by Allan) + x (Brought by Jake) = 6
Step 3: x = 6 - 5",SVAMP,LAMA-3.2-3B
134,guided,134,After resting they decided to go for a swim. The depth of the water is 9 times Dean's height. If Ron is 15 feet tall and Dean is 6 feet shorter than Ron How deep was the water?,81,135,False,majority,0.4,1,5,0.2,3,False,,"{'135': 2, '81': 1, '117': 1, '15': 1}","Step 1: Height difference between Ron and unknown person (Dean) =? 
Step 2: Unknown person's height + 6 = 15
Step 3: 9 * (Unknown person's height + 6)",SVAMP,LAMA-3.2-3B
135,guided,135,"The grasshopper, the frog and the mouse had a jumping contest. The grasshopper jumped 39 inches. The grasshopper jumped 19 inches farther than the frog and the mouse jumped 12 inches lesser than the frog How far did the mouse jump?",8,39,False,majority,1.0,0,5,0.0,0,False,,{'39': 5},"Step 1: Frog's distance + Lesser amount = Grasshopper's distance
         => Frog's distance + 12 = 39
Step 2: Subtract 12 from both sides of equation to find Frog's distance
         => Frog's distance = 27
Step 3: Mouse's distance - Greater amount = Frog's distance
         => Mouse's distance - 12 = 27",SVAMP,LAMA-3.2-3B
136,guided,136,Tiffany was collecting cans for recycling. On monday she had 3 bags of cans. The next day she found 7 more bags of cans and 44 bags of bottles How many bags of cans did she have altogether?,10,10,True,majority,0.8,4,5,0.8,1,False,,"{'54': 1, '10': 4}","Step 1: Monday's initial amount + Found on Tuesday = Initial + New = 3 + 7 =
Step 2: Combine like items (cans) only = Bags of cans = 10",SVAMP,LAMA-3.2-3B
137,guided,137,Jerry had 2 action figures and 10 books on a shelf in his room. Later he added 4 more action figures to the shelf How many more books than action figures were on his shelf?,4,4,True,refiner_tiebreak,0.3333,2,6,0.3333,4,True,True,"{'12': 1, '14': 1, '4': 2, '10': 1, '6': 1}","Step 1: Books - Action Figures = 10 - 6 =
Step 2: Difference = 4",SVAMP,LAMA-3.2-3B
138,guided,138,Winter is almost here and most animals are migrating to warmer countries. 86 bird families flew away for the winter from near a mountain. If there were 45 bird families living near the mountain initially How many more bird families flew away for the winter than those that stayed behind?,127,86,False,majority,0.6,0,5,0.0,2,False,,"{'86': 3, '41': 1, '45': 1}","Step 1: Initial - Departed = Remaining
Step 2: Departed - Staying =?",SVAMP,LAMA-3.2-3B
139,guided,139,There are 11 baskets of peaches. Each basket has 10 red peaches and 18 green peaches How many peaches are in the baskets altogether?,308,110,False,majority,0.6,2,5,0.4,2,False,,"{'308': 2, '110': 3}","Step 1: Red peaches per basket * Total baskets = 10 * 11 =
Step 2: Green peaches per basket * Total baskets = 18 * 11 =
Step 3: Add both results together = (10 * 11) + (18 * 11)",SVAMP,LAMA-3.2-3B
140,guided,140,Adam has 9 apples. Jackie has 10 apples How many more apples does Jackie have than Adam?,1,1,True,majority,0.8,4,5,0.8,1,False,,"{'1': 4, '11': 1}","Step 1: Jackie's - Adam's = 10 - 9 =
Step 2: = 1",SVAMP,LAMA-3.2-3B
141,guided,141,The school is planning a field trip. The school has 72 classrooms. There are 3 seats on each school bus. If there are a total of 111 students in the school How many buses are needed to take the trip?,37,111,False,refiner_tiebreak,0.3333,1,6,0.1667,4,True,False,"{'24': 1, '37': 1, '111': 2, '3': 1, '72': 1}","Step 1: Total students / Students per bus = Buses needed
Step 2: Divide total number of students by capacity per bus.
Step 3: Round up if necessary (since you can't have part of a bus).",SVAMP,LAMA-3.2-3B
142,guided,142,Kelly has 80 nintendo games. She found 31 more nintendo games How many does she need to give away so that she will have 6 games left?,105,80,False,majority,0.4,0,5,0.0,3,False,,"{'111': 1, '20': 1, '80': 2, '19': 1}","Step 1: Current - Found = Initial - Additional = 80 + 31 =
Step 2: Subtract desired outcome from current total = (Initial + Additional) - Desired = 111 - 86 =
Step 3: Final subtraction = 25",SVAMP,LAMA-3.2-3B
143,guided,143,Paco had 40 cookies. He ate 2 of them. Then he bought 37 more cookies How many cookies did Paco have left?,75,38,False,majority,0.6,0,5,0.0,2,False,,"{'1': 1, '38': 3, '40': 1}","Step 1: Initial amount + Bought = Had initially
Step 2: Had initially - Ate = Remaining
Step 3: Remaining - New purchase = Final amount",SVAMP,LAMA-3.2-3B
144,guided,144,Mary is baking a cake. The recipe calls for 6 cups of sugar and 9 cups of flour. She already put in 2 cups of flour How many more cups of flour than cups of sugar does she need to add now?,1,7,False,majority,1.0,0,5,0.0,0,False,,{'7': 5},"Step 1: Required flour - Used flour = 9 - 2 =
Step 2: Result = 7",SVAMP,LAMA-3.2-3B
145,guided,145,Paul got a box of 457 erasers and 617 crayons for his birthday. At the end of the school year he only had 523 crayons left while not having lost a single eraser How many more crayons than erasers did he have left?,66,94,False,majority,0.6,0,5,0.0,2,False,,"{'94': 3, '457': 2}","Step 1: Crayons initially - Crayons at the end = 617 - 523 =
Step 2: Result = 94",SVAMP,LAMA-3.2-3B
146,guided,146,There are 4 different books and 17 different movies in the ' crazy silly school ' series. If you read 19 of the books and watched 7 of the movies How many more movies do you still have to watch?,10,3,False,majority,0.4,1,5,0.2,3,False,,"{'3': 2, '10': 1, '1': 1, '7': 1}","Step 1: Total movies initially - Movies already watched = 17 - 7 =
Step 2: Subtract remaining movies from total possible movies = 10 -? 
(Note: This was incorrectly formatted as an equation with an unknown variable for subtraction. Corrected format follows.)",SVAMP,LAMA-3.2-3B
147,guided,147,Debby bought some water bottles when they were on sale. She drank 109 bottles a day. If the bottles lasted for 74 days How many bottles had she bought?,8066,74,False,coin_flip,0.1667,0,6,0.0,5,True,False,"{'74': 1, '8': 1, '8004': 1, '84720': 1, '8074': 1, '1.466': 1}","Step 1: Days * Bottles per day = Total bottles
Step 2: 74 * 109 =
Step 3: =?",SVAMP,LAMA-3.2-3B
148,guided,148,Katie had 62 new games and 80 old games. Her friends had 73 new games and 41 old games How many old games do they have 3,121,135,False,majority,0.6,0,5,0.0,2,False,,"{'135': 3, '14': 2}","Step 1: New games of both groups combined - Old games of both groups = (62 + 73) - (80 + 41)
Step 2: Combine like terms inside parentheses = 135 - 121
Step 3: Subtract one value from another = 14",SVAMP,LAMA-3.2-3B
149,guided,149,We ordered 9 pizzas. Each pizza has 10 slices. If there are 2 of us How many slices of pizza does each of us get if distributed equally?,45,45,True,majority,0.6,3,5,0.6,2,False,,"{'45': 3, '90': 2}","Step 1: Total slices available / Number of people = Slices per person
Step 2: 18 ÷ 2 =
Step 3: =?",SVAMP,LAMA-3.2-3B
150,guided,150,6 storks and 2 birds were sitting on the fence. 3 more birds came to join them How many more storks than birds are sitting on the fence?,1,6,False,majority,0.8,0,5,0.0,1,False,,"{'6': 4, '8': 1}","Step 1: Initial count of storks + Initial count of birds = Storks + Birds = 6 + 2 =
Step 2: Current total (storks + birds) - Previous total (only birds) = New total - Old total = (6 + 2) - 2 =
Step 3: Simplify expression with parentheses first, then perform subtraction = 8 - 2 =?",SVAMP,LAMA-3.2-3B
151,guided,151,During summer break 819058 kids from Lawrence county go to camp and the other 668278 kids stay home How many more kids spent their summer break at the camp compared to those who stayed home?,150780,151780,False,coin_flip,0.3333,2,6,0.3333,4,True,False,"{'151780': 2, '150780': 2, '': 1, '819058': 1}","Step 1: Camp-goers - Stay-at-home kids = 819058 - 668278 =
Step 2: Result = 150780",SVAMP,LAMA-3.2-3B
152,guided,152,At the arcade Dave had won 7 tickets. He used some tickets to buy toys. If he still has 2 tickets left How many tickets did Dave use to buy toys?,5,7,False,majority,0.4,1,5,0.2,3,False,,"{'1': 1, '2': 1, '7': 2, '5': 1}","Step 1: Initial - Used = Remaining
Step 2: 7 - x = 2",SVAMP,LAMA-3.2-3B
153,guided,153,Jerry had some action figures on a shelf in his room. Later he added 7 more action figures to the shelf. If there are a total of 10 action figures on his shelf now How many action figures did he have initially on the shelf?,3,10,False,majority,0.8,1,5,0.2,1,False,,"{'10': 4, '3': 1}","Step 1: Initial amount + Added amount = Total
Step 2: x + 7 = 10
Step 3: Subtract 7 from both sides of equation to solve for initial amount.",SVAMP,LAMA-3.2-3B
154,guided,154,Paul had 71 books. After selling some in a garage sale he bought 38 new ones. If he has 116 books now How many more books did he buy than he sold?,45,38,False,majority,0.4,0,5,0.0,3,False,,"{'109': 1, '0': 1, '38': 2, '71': 1}","Step 1: Initial amount of books owned initially + Amount added to get current total = 71 + 38 =
Step 2: Current total - Initial amount of books owned initially = 109 - 71 =
Step 3: Difference between two amounts = 38 -?",SVAMP,LAMA-3.2-3B
155,guided,155,Paul got a box of some crayons for his birthday. During the school year he gave 52 crayons to his friends while he lost 535 crayons. If he only had 492 crayons left How many crayons had been lost or given away?,587,52,False,majority,0.4,0,5,0.0,3,False,,"{'43': 1, '52': 2, '-220': 1, '-440': 1}","Step 1: Crayons initially + Crayons given away = Total crayons initially
Step 2: Total crayons initially - Crayons left = Crayons lost/given away
Step 3: Crayons lost/given away = 535 - 492",SVAMP,LAMA-3.2-3B
156,guided,156,Adam could fit 11 action figures on each shelf in his room. His room has 4 shelves and 40 cabinets How many total action figures could his shelves hold?,44,176,False,majority,0.6,1,5,0.2,2,False,,"{'176': 3, '1760': 1, '44': 1}","Step 1: Number of shelves * Action figures per shelf = Total capacity for one shelf
Step 2: Multiply by Total number of shelves to find overall capacity
Step 3: Overall capacity = (Shelves) x (Action figures/shelf)",SVAMP,LAMA-3.2-3B
157,guided,157,The ring toss game at the carnival made 144 dollars per day. They were at the carnival for 22 days How much money did they make?,3168,3168,True,majority,0.4,2,5,0.4,3,False,,"{'3184': 1, '3168': 2, '3164': 1}","Step 1: Daily earnings * Number of days = Total revenue
Step 2: $144 * 22 =
Step 3: $3128",SVAMP,LAMA-3.2-3B
158,guided,158,Brenda's mother made cookies for 5. She prepared 22 cookies but had to throw away 17 cookies. If each of them had the same number of cookies How many did each of them have?,1,5,False,coin_flip,0.3333,2,6,0.3333,4,True,False,"{'5': 2, '1': 2, '17': 1, '4.4': 1}","Step 1: Total initial - Discarded = Remaining cookies
Step 2: Remaining / Number of people = Cookies per person
Step 3: (22 - 17) / 5 =?",SVAMP,LAMA-3.2-3B
159,guided,159,White t - shirts can be purchased in packages of 53. If mom buys 57 packages of white t - shirts and 34 trousers How many white t - shirts will she have?,3021,3009,False,majority,0.4,0,5,0.0,3,False,,"{'3031': 1, '3009': 2, '3043': 1, '3007': 1}","Step 1: Total shirts bought = Packages * Shirts per package = 57 * 53
Step 2: Subtracting the unknown quantity (trousers) doesn't apply here since we're only concerned with shirts. 
Step 3: Since there's no comparison to subtract from, this step isn't necessary.",SVAMP,LAMA-3.2-3B
160,guided,160,He then went to see the oranges being harvested. He found out that they harvest 5 sacks of ripe oranges and 74 sacks of unripe oranges per day How many more sacks of unripe oranges than ripe oranges are harvested per day?,69,69,True,majority,1.0,5,5,1.0,0,False,,{'69': 5},"Step 1: Unripe - Ripe = 74 - 5 =
Step 2: Subtract 5 from 74.",SVAMP,LAMA-3.2-3B
161,guided,161,"Julia played tag with 14 kids on monday, 2 kids on tuesday and 8 kids on wednesday How many more kids did she play with on monday than on wednesday?",6,14,False,majority,0.4,1,5,0.2,3,False,,"{'14': 2, '90': 1, '22': 1, '6': 1}","Step 1: Monday - Wednesday = 
Step 2: 14 - 8 =?",SVAMP,LAMA-3.2-3B
162,guided,162,Paco had 13 cookies. He ate 2 of them. Then he bought 36 more cookies How many more cookies did he buy than those he ate?,34,34,True,majority,0.8,4,5,0.8,1,False,,"{'34': 4, '2': 1}","Step 1: Bought - Ate = 36 - 2 =
Step 2: 36 - 2",SVAMP,LAMA-3.2-3B
163,guided,163,White t - shirts can be purchased in packages. If mom buys 28 packages which contain 56 white t - shirts in total How many white t - shirts does each package have?,2,2,True,majority,0.6,3,5,0.6,2,False,,"{'56': 2, '2': 3}","Step 1: Total shirts / Number of packages = Shirts per package
Step 2: 56 ÷ 28 =
Step 3: 2",SVAMP,LAMA-3.2-3B
164,guided,164,The school has 304 grades and each grade has 75 students How many students were there in total?,22800,22800,True,majority,0.6,3,5,0.6,2,False,,"{'22800': 3, '23000': 2}","Step 1: Grades * Students per grade = Total students
Step 2: 304 * 75 =
Step 3: =?",SVAMP,LAMA-3.2-3B
165,guided,165,He then went to see the oranges being harvested. He found out that they harvest 25 sacks of unripe oranges and 5 sacks of ripe oranges per day How many sacks of ripe oranges will they have after 73 days of harvest?,365,2160,False,majority,0.4,0,5,0.0,3,False,,"{'7705': 1, '2160': 2, '30': 1, '4005': 1}","Step 1: Daily production = Ripe + Unripe = 5 + 25 =
Step 2: Total production for 73 days = (Ripe + Unripe) * 73 = (5 + 25) * 73
Step 3: Total ripe oranges collected so far = Total production for 72 days = (5 + 25) * 72",SVAMP,LAMA-3.2-3B
166,guided,166,The Razorback shop makes $ 192 dollars off each t-shirt and $ 34 off each jersey. During the Arkansas and Texas tech game they sold 157 t-shirts and 19 jerseys How much more does a t-shirt cost than a jersey?,158,1.2238,False,coin_flip,0.1667,1,6,0.1667,5,True,False,"{'1.2238': 1, '1.238': 1, '-0.5647': 1, '158': 1, '157': 1, '29418': 1}","Step 1: Revenue from t-shirts = Price per shirt * Number of shirts sold = $192 * 157
Step 2: Revenue from jerseys = Price per jersey * Number of jerseys sold = $34 * 19
Step 3: Difference in revenue between shirts and jerseys = (Revenue from shirts) - (Revenue from jerseys)",SVAMP,LAMA-3.2-3B
167,guided,167,Steven has 14 peaches. Jake has 6 fewer peaches than Steven and 3 more peaches than Jill How many peaches does Jill have?,5,14,False,refiner_tiebreak,0.3333,0,6,0.0,4,True,False,"{'12': 1, '6': 1, '84': 1, '14': 2, '8': 1}","Step 1: Jake's peaches - Steven's peaches =? (Subtracting to find difference between their peach amounts)
Step 2: Difference - Jill's peaches =? (Using result from previous step)",SVAMP,LAMA-3.2-3B
168,guided,168,A waiter had 12 customers. While 15 customers left he got 14 new customers How many customers does he still have?,11,12,False,majority,0.6,0,5,0.0,2,False,,"{'15': 1, '12': 3, '-3': 1}","Step 1: Initial - Departed = Remaining
Step 2: Remaining + New = Current",SVAMP,LAMA-3.2-3B
169,guided,169,Allan brought 2 balloons and Jake brought 4 balloons to the park. Allan then bought 3 more balloons at the park How many more balloons did Allan have than Jake in the park?,1,5,False,majority,0.6,2,5,0.4,2,False,,"{'5': 3, '1': 2}","Step 1: Allan's initial + Bought = Initial + Additional = 2 + 3 =
Step 2: Jake's initial = 4
Step 3: Difference = (Initial + Additional) - Jake's initial = (5) - 4 =?",SVAMP,LAMA-3.2-3B
170,guided,170,"Being his favorite, he saved checking on the grapevines for his last stop. He was told by 235 of the pickers that they fill 100 drums of raspberries per day and 221 drums of grapes per day How many drums of grapes would be filled in 77 days?",17017,17047,False,majority,0.4,0,5,0.0,3,False,,"{'15490': 1, '17047': 2, '16807': 1, '1300009': 1}","Step 1: Grapes per day * Days = Drums of grapes
Step 2: 221 * 77 =
Step 3: Result =?",SVAMP,LAMA-3.2-3B
171,guided,171,Ed had 6 more marbles than Doug. Doug lost 7 of his marbles at the playground. If Ed had 22 marbles How many marbles does Doug have now?,9,9,True,refiner_tiebreak,0.5,3,6,0.5,3,True,True,"{'16': 2, '9': 3, '22': 1}","Step 1: Initial difference between their marble count = Ed's initial marbles - Doug's initial marbles = 22 - x
Step 2: Since Ed has 6 more marbles initially, we know that x = 16 (because 22 - 6 = 16).
Step 3: Now subtracting what was lost from Doug's original amount will give us his current marble count. Current marbles for Doug = Original marbles - Marbles lost = 16 - 7",SVAMP,LAMA-3.2-3B
172,guided,172,At the arcade Dave had won 18 tickets. If he used 5 to buy some toys and 11 more to buy some clothes How many tickets did Dave have left?,2,13,False,coin_flip,0.3333,0,6,0.0,4,True,False,"{'13': 2, '24': 1, '14': 2, '29': 1}","Step 1: Tickets initially + Tickets bought for clothes = Total tickets before buying toys
Step 2: Subtract tickets spent on toys from total tickets before buying clothes
Step 3: Resulting amount - Tickets bought for clothes = Remaining tickets",SVAMP,LAMA-3.2-3B
173,guided,173,Danny has 21 bottle caps in his collection. He found some more bottle caps at the park. If he has 53 bottle caps now How many bottle caps did he find at the park?,32,53,False,refiner_tiebreak,0.5,2,6,0.3333,3,True,False,"{'32': 2, '53': 3, '21': 1}","Step 1: Initial amount + Found = Current amount
Step 2: 21 + x = 53
Step 3: Subtract initial to isolate variable
     x = 32",SVAMP,LAMA-3.2-3B
174,guided,174,Paul got a box of 65 crayons for his birthday. During the school year he gave 213 crayons to his friends while he lost 16 crayons How many crayons had been lost or given away?,229,229,True,majority,0.8,4,5,0.8,1,False,,"{'229': 4, '-148': 1}","Step 1: Crayons given away + Crayons lost = Total crayons gone
Step 2: 213 (crayons given) + 16 (crayons lost) =?",SVAMP,LAMA-3.2-3B
175,guided,175,At the arcade Dave had won 14 tickets and lost 2 tickets. If he used 10 to buy some toys How many tickets did Dave have left?,2,12,False,majority,0.6,0,5,0.0,2,False,,"{'14': 1, '12': 3, '4': 1}","Step 1: Initial amount + Won - Lost = 14 + (-2) =
Step 2: Simplified expression = 12
Step 3: Subtracting more amounts (if necessary), but in this case it's just simplification so no further subtraction needed.",SVAMP,LAMA-3.2-3B
176,guided,176,"A grocery store had 72 bottles of regular soda, 32 bottles of diet soda and 78 apples How many more bottles than apple did they have?",26,26,True,majority,0.6,3,5,0.6,2,False,,"{'26': 3, '104': 2}","Step 1: Bottles of regular soda + Bottles of diet soda = Total bottles
Step 2: Total bottles - Apples =?",SVAMP,LAMA-3.2-3B
177,guided,177,Because of the decision Sofia asked the students to suggest specific types of food. If 269 students suggested adding bacon 330 suggested adding mashed potatoes to the menu and 76 suggested adding tomatoes How many more students suggested mashed potatoes than those that suggested bacon?,61,46,False,majority,1.0,0,5,0.0,0,False,,{'46': 5},"Step 1: Mashed potatoes - Bacon = 76 - 33
Step 2: Subtract 
Step 3: Result =?",SVAMP,LAMA-3.2-3B
178,guided,178,Because of the decision Sofia asked 310 students to suggest specific types of food. 185 students suggested adding mashed potatoes while others suggested adding bacon to the menu How many students suggested bacon?,125,125,True,refiner_tiebreak,0.5,3,6,0.5,3,True,True,"{'125': 3, '310': 2, '175': 1}","Step 1: Total - Suggested mashed potatoes = Suggested bacon
Step 2: 310 - 185 =?",SVAMP,LAMA-3.2-3B
179,guided,179,Lewis earns $ 403 every week during the 233 weeks of harvest. If he has to pay $ 49 rent every week How much money does he earn during harvest season?,93899,403,False,coin_flip,0.3333,0,6,0.0,4,True,False,"{'403': 2, '233': 2, '4969.05': 1, '93209': 1}","Step 1: Weekly earnings x Number of weeks = Total earnings
Step 2: $403 * 233 =
Step 3: Multiply the two amounts together.",SVAMP,LAMA-3.2-3B
180,guided,180,"They decided to hold the party in their backyard. They have some sets of tables, each having the 3 chairs. If there are a total of 9 chairs in the backyard How many sets of tables do they have?",3,3,True,majority,1.0,5,5,1.0,0,False,,{'3': 5},"Step 1: Total chairs / Chairs per set = Sets
Step 2: 9 ÷ 3 =
Step 3: 9 ÷ 3 = 3",SVAMP,LAMA-3.2-3B
181,guided,181,"After eating a hearty meal they went to see the Buckingham palace. There, Rachel learned that 705 visitors came to the Buckingham palace that day. If there were 191 visitors the previous day and 457 visitors the day before that How many more visitors visited the Buckingham palace on that day than on the previous 245 days?",57,705,False,majority,0.4,0,5,0.0,3,False,,"{'-457': 1, '705': 2, '749': 1, '896': 1}","Step 1: Today's visitors + Previous day's visitors = Current total visitors
Step 2: Subtract previous two totals from current total
Step 3: Resultant difference between today's and yesterday's visitor count",SVAMP,LAMA-3.2-3B
182,guided,182,There are 11 different books and 17 different movies in the ' crazy silly school ' series. If you read 7 of the books and watched 21 of the movies How many more movies than books have you read?,14,6,False,majority,0.4,1,5,0.2,3,False,,"{'11': 1, '14': 1, '6': 2, '17': 1}","Step 1: Number of movies - Number of books = 21 - 7 =
Step 2: Subtract to find difference = 14",SVAMP,LAMA-3.2-3B
183,guided,183,For the walls of the house he would use 12 large planks of wood and 10 small planks. If large planks together need 15 pieces of nails to be secured and small planks together need 5 nails How many nails does John need for the house wall?,20,230,False,majority,0.6,0,5,0.0,2,False,,"{'180': 2, '230': 3}","Step 1: Large planks * Nails per plank = Total nails for large planks
         12 * 15 =?

Step 2: Small planks * Nails per plank = Total nails for small planks
         10 * 5 =?

Step 3: Add both results from above two steps together
          (12 * 15) + (10 * 5)",SVAMP,LAMA-3.2-3B
184,guided,184,Matthew gave equal numbers of crackers and cakes to his 28 friends. If he had 13 crackers and 15 cakes initially How many crackers and cakes did each person eat?,1,14,False,majority,0.4,0,5,0.0,3,False,,"{'14': 2, '0.9991': 1, '1.0011': 1, '8': 1}","Step 1: Total items given / Number of people = Cracker per person + Cake per person
Step 2: (Crackers + Cakes) / 2 =?",SVAMP,LAMA-3.2-3B
185,guided,185,Winter is almost here and most animals are migrating to warmer countries. 27 bird families flew away for the winter from near a mountain. If there were 41 bird families living near the mountain initially How many bird families were left near the mountain?,14,41,False,coin_flip,0.3333,2,6,0.3333,4,True,True,"{'41': 2, '14': 2, '-13': 2}","Step 1: Initial amount - Amount that migrated = Remaining amount
Step 2: 41 - 27 =
Step 3: =?",SVAMP,LAMA-3.2-3B
186,guided,186,Rebecca wants to split a collection of eggs into groups of 20. Rebecca has 5 marbles and 12 eggs How many more eggs does Rebecca have than marbles?,7,7,True,majority,1.0,5,5,1.0,0,False,,{'7': 5},"Step 1: Eggs - Marbles = 12 - 5 =
Step 2: Answer = 7",SVAMP,LAMA-3.2-3B
187,guided,187,A mailman has to give 32 pieces of junk mail to each of the 55 blocks. If he gives 8 mails to each house in a block How many houses are there in a block?,4,8,False,majority,0.4,0,5,0.0,3,False,,"{'8': 2, '5.625': 1, '44': 1, '55': 1}","Step 1: Blocks / Mails per block = Total houses
Step 2: 55 ÷ 8 =
Step 3: 55 ÷ 8 = 6.875",SVAMP,LAMA-3.2-3B
188,guided,188,"After eating a hearty meal they went to see the Buckingham palace. There, Rachel learned that 92 visitors came to the Buckingham palace that day. If there were 419 visitors the previous day and 103 visitors the day before that How many visited the Buckingham palace before that day?",522,408,False,majority,0.8,0,5,0.0,1,False,,"{'408': 4, '511': 1}","Step 1: Previous day's visitors + Current day's visitors = Total visitors so far
Step 2: Subtract current day's visitors from total visitors so far
Step 3: Resultant value - Day before yesterday's visitors",SVAMP,LAMA-3.2-3B
189,guided,189,Danny collects bottle caps and wrappers. He found 65 wrappers and 5 bottle caps at the park. Now he has 31 bottle caps and 9 wrappers in his collection How many more wrappers than bottle caps did danny find at the park?,60,0,False,coin_flip,0.3333,0,6,0.0,4,True,False,"{'0': 2, '70': 1, '65': 2, '-60': 1}","Step 1: Initial amount of wrappers + Initial amount of bottle caps = Found wrappers + Found bottle caps
Step 2: Subtract initial amounts from total found to get difference between wrappers and bottle caps
Step 3: Difference (wrappers) - Difference (bottle caps)",SVAMP,LAMA-3.2-3B
190,guided,190,The Razorback t-shirt shop makes $ 87 dollars off each t-shirt sold. During the Arkansas game and the Texas tech game they sold a total of 95 t-shirts. If they sold 47 t-shirts during the Arkansas game How much money did they make from selling the t-shirts?,8265,4164,False,majority,0.4,0,5,0.0,3,False,,"{'4144': 1, '48': 1, '4164': 2, '4140': 1}","Step 1: T-shirts sold at both games = Total t-shirts - T-shirts sold in one game
         = 95 - 47 =?

Step 2: Price per shirt * Shirts sold at both games = Revenue
         = $87 *?",SVAMP,LAMA-3.2-3B
191,guided,191,Paco had 41 cookies. He gave 9 cookies to his friend and ate 18 cookies How many more cookies did he eat than those he gave to his friend?,9,23,False,refiner_tiebreak,0.5,0,6,0.0,3,True,False,"{'14': 2, '23': 3, '41': 1}","Step 1: Given - Eaten = 41 - 18 =
Step 2: Eaten - Given = 18 - 9",SVAMP,LAMA-3.2-3B
192,guided,192,In a school there are 402 more girls than boys. If there are 739 girls How many boys are there in that school?,337,337,True,majority,0.4,2,5,0.4,3,False,,"{'337': 2, '373.5': 1, '739': 1, '166.5': 1}","Step 1: Let's represent the unknown as x. Since there are 402 more girls than boys, we can say that the number of boys is (x + 402).
Step 2: We know that the total number of girls is given as 739. So we set up an equation to solve for x: x + 402 = 739.
Step 3: Solve for x by subtracting both sides from 739: x = 739 - 402.",SVAMP,LAMA-3.2-3B
193,guided,193,Because of the decision Sofia asked the students to suggest specific types of food. 182 students suggested adding mashed potatoes while others suggested adding bacon to the menu. If 166 more students suggested adding bacon than those that suggested mashed potatoes How many students suggested bacon?,348,16,False,majority,0.4,0,5,0.0,3,False,,"{'150': 1, '182': 1, '16': 2}","Step 1: Bacon - Mashed Potatoes = 
Step 2: 166 + Mashed Potatoes =?",SVAMP,LAMA-3.2-3B
194,guided,194,"The grasshopper, the frog and the mouse had a jumping contest. The grasshopper jumped 9 inches. The mouse jumped 3 inches lesser than the frog who jumped 33 inches farther than the grasshopper How far did the mouse jump?",39,9,False,refiner_tiebreak,0.3333,0,6,0.0,4,True,False,"{'33': 1, '9': 2, '27': 1, '-9': 1, '6': 1}","Step 1: Grasshopper's distance + Additional distance to find frog's jump = 9 + 33 =?
Step 2: Frog's jump - Difference between their jumps =?",SVAMP,LAMA-3.2-3B
195,guided,195,Ed had 30 more marbles than Doug. Ed lost 21 of his marbles at the playground. If Ed had 91 marbles How many more marbles did Ed have than Doug then?,9,91,False,majority,0.4,0,5,0.0,3,False,,"{'111': 1, '91': 2, '112': 1, '10': 1}","Step 1: Initial difference between their marble amounts = Ed's initial marbles - Doug's unknown marbles = 30 + x (where x represents what we need to find)
Step 2: Since Ed ended up with 91 marbles after losing some, set up an equation based on this information: 91 = (initial amount) - 21
Step 3: Solve for initial amount by adding back the ones lost: Initial amount = 91 + 21 = 112
Step 4: Find out how much more Ed has compared to Doug now that we know both their starting points. This would be the original difference plus any additional info given in the question about one person having ""more"". In this case it was stated he had 30 more initially so no extra calculation is required here just use that value directly as there isn't another comparison made within the prompt regarding their current quantities. Therefore:
Final step: Difference = Initial difference + Additional information about who has more = 30",SVAMP,LAMA-3.2-3B
196,guided,196,Danny collects bottle caps. He found 30 bottle caps at the park while he threw away 63 old ones. Now he has 42 bottle caps in his collection How many more bottle caps did danny throw away than those he found at the park?,33,-33,False,majority,0.8,0,5,0.0,1,False,,"{'-33': 4, '66': 1}","Step 1: Found - Thrown Away = 30 - 63 =
Step 2: Result = 30 - 63",SVAMP,LAMA-3.2-3B
197,guided,197,There are 384 oranges and 192 bananas in Philip's collection. If the bananas are organized into 345 groups and oranges are organized into 16 groups How big is each group of oranges?,24,24,True,majority,1.0,5,5,1.0,0,False,,{'24': 5},"Step 1: Oranges / Total orange groups = 384 ÷ 16 =
Step 2: Result = 24",SVAMP,LAMA-3.2-3B
198,guided,198,Paul got a box of 253 crayons for his birthday. By the end of the school year he had either lost or given away 70 of them How many crayons did he have left by the end of the school year?,183,183,True,majority,1.0,5,5,1.0,0,False,,{'183': 5},"Step 1: Initial amount - Amount given away/lost = Remaining crayons
Step 2: 253 - 70 =?",SVAMP,LAMA-3.2-3B
199,guided,199,Josh had 15 marbles in his collection. He found 9 marbles while he lost 23 marbles How many more marbles did he lose than those he found?,14,9,False,coin_flip,0.3333,2,6,0.3333,4,True,False,"{'9': 2, '14': 2, '15': 2}","Step 1: Lost - Found = 23 - 9 =
Step 2: Subtract to find difference = 14",SVAMP,LAMA-3.2-3B
200,guided,200,An industrial machine can make 6 shirts a minute. It worked for 12 minutes yesterday and for 14 shirts today How many shirts did machine make altogether?,156,6,False,majority,0.4,1,5,0.2,3,False,,"{'6': 2, '156': 1, '168': 1}","Step 1: Yesterday's production + Today's production = 
Step 2: Yesterday's production * Time taken to produce each shirt + Today's production",SVAMP,LAMA-3.2-3B
201,guided,201,A grocery store had 67 bottles of regular soda and 9 bottles of diet soda How many more bottles of regular soda than diet soda did they have?,58,58,True,majority,0.6,3,5,0.6,2,False,,{'58': 3},"Step 1: Regular - Diet = 67 - 9 =
Step 2: Answer = 58",SVAMP,LAMA-3.2-3B
202,guided,202,Lewis earns $ 21 every week during the 216 weeks of harvest. If he has to pay $ 702 tax How much money will have at the end of the harvest season?,3834,216,False,majority,0.4,0,5,0.0,3,False,,"{'3724': 1, '216': 2, '20.9135': 1, '3934': 1}","Step 1: Weekly earnings x Total weeks = Total income
Step 2: Subtract taxes from total income
Step 3: Resultant amount",SVAMP,LAMA-3.2-3B
203,guided,203,Jessie weighed 92 kilograms. After she started to go jogging everyday she lost 56 kilograms in the first week and 99 kilograms in the second week How much did she weigh after the first week of jogging?,36,36,True,majority,0.6,3,5,0.6,2,False,,"{'36': 3, '135': 1, '-43': 1}","Step 1: Initial weight - Weight lost in Week 1 = Jessie's weight before Week 2
Step 2: Subtract additional weight loss for Week 2 from previous result 
Note: This would be corrected as:
Step 1: Initial weight - Weight lost in Week 1 = 92 - 56
Step 2: Result - Weight lost in Week 2 = (92 - 56) - 99",SVAMP,LAMA-3.2-3B
204,guided,204,There were 21 roses in the vase. Jessica threw away 34 roses from the vase and cut some more new roses from her flower garden to put in the vase. There are now 15 roses in the vase How many more roses did she throw away than those she cut from her garden?,6,6,True,majority,0.6,3,5,0.6,2,False,,"{'6': 3, '34': 1, '-28': 1}","Step 1: Initial - Removed = 21 - 15 =
Step 2: Removed - Added = (34) - x =?",SVAMP,LAMA-3.2-3B
205,guided,205,Paco had 25 cookies. He ate 5 of them. Then he bought 3 more cookies How many more cookies did he eat than those he bought?,2,8,False,majority,0.4,0,5,0.0,3,False,,"{'-5': 1, '8': 2, '20': 1, '14': 1}","Step 1: Baked - Ate = Initial amount left
Step 2: Left - Bought =?",SVAMP,LAMA-3.2-3B
206,guided,206,Melissa scored a total of 21 points playing some games. Is she scored 7 points in each game How many games did she play?,3,3,True,majority,0.6,3,5,0.6,2,False,,"{'7': 1, '3': 3}","Step 1: Total score / Points per game = Number of games played
Step 2: 21 ÷ 7 =
Step 3: 21 ÷ 7",SVAMP,LAMA-3.2-3B
207,guided,207,Paige was helping her mom plant flowers and together they planted 45 seeds in 9 flowerbeds. If they put same number of seeds in each flower bed How many seeds did they plant in each flowerbed?,5,45,False,majority,0.6,0,5,0.0,2,False,,"{'45': 3, '9': 2}","Step 1: Total seeds / Number of beds = Seeds per bed
Step 2: 45 ÷ 9 =
Step 3: 5",SVAMP,LAMA-3.2-3B
208,guided,208,Jake has 11 fewer peaches than Steven. If Jake has 17 peaches How many peaches does Steven have?,28,17,False,coin_flip,0.3333,2,6,0.3333,4,True,False,"{'17': 2, '': 1, '28': 2, '6': 1}","Step 1: Let's represent what we know as variables.
Let S = Steve's peaches
J = Jake's peaches

Since Jake has 11 fewer peaches than Steven:
J = S - 11

Step 2: Substitute known value for J (Jake's peaches).
17 = S - 11

Step 3: Solve for S (Steven's peaches).",SVAMP,LAMA-3.2-3B
209,guided,209,Frank was reading through his favorite book. The book had 193 pages equally distributed over 15 chapters. It took Frank 660 days to finish the book How many chapters did he read per day?,44,0.295,False,refiner_tiebreak,0.3333,0,6,0.0,4,True,False,"{'193': 1, '0.2957': 1, '0.295': 2, '4.5': 1, '4.47': 1}","Step 1: Total pages / Total days = Chapters per page * Days taken for one chapter
Step 2: 193 ÷ 660 =?",SVAMP,LAMA-3.2-3B
210,guided,210,Rachel had to complete 5 pages of math homework and 2 pages of reading homework How many more pages of math homework than reading homework did she have?,3,3,True,majority,0.8,4,5,0.8,1,False,,"{'3': 4, '0': 1}","Step 1: Math - Reading = 5 - 2 =
Step 2: Answer = 5 - 2",SVAMP,LAMA-3.2-3B
211,guided,211,Frank put some pieces of candy equally into 2 bags. If he had 16 pieces of candy How many pieces of candy are in each bag?,8,8,True,majority,0.8,4,5,0.8,1,False,,"{'8': 4, '16': 1}","Step 1: Total candies / Number of bags = Candies per bag
Step 2: 16 ÷ 2 =
Step 3: 8",SVAMP,LAMA-3.2-3B
212,guided,212,Jerry had 8 action figures on a shelf in his room. Later he added 4 more action figures to the shelf and removed 5 old ones How many action figures were on his shelf in all?,7,7,True,majority,0.8,4,5,0.8,1,False,,"{'7': 4, '12': 1}","Step 1: Initial amount + Added = 8 + 4 =
Step 2: Result - Removed = (8 + 4) - 5 = 12 - 5",SVAMP,LAMA-3.2-3B
213,guided,213,Baker made 110 cakes. He sold 75 of them. Then he made 76 more cakes How many cakes would baker still have?,111,111,True,majority,0.4,2,5,0.4,3,False,,"{'35': 1, '111': 2, '110': 1}","Step 1: Initial amount - Amount sold = Remaining amount
Step 2: Remaining amount + New production = Final amount
Step 3: Final amount Calculation:
Initial amount = 110
Amount sold = 75
New production = 76
Remaining amount = 110 - 75 = 35
Final amount = 35 + 76 = 111",SVAMP,LAMA-3.2-3B
214,guided,214,Paco ate 19 cookies and had 35 cookies left How many cookies did he have in the beginning?,54,19,False,majority,0.6,0,5,0.0,2,False,,"{'19': 3, '16': 2}","Step 1: Initial amount + Remaining amount = Total initial amount
Step 2: 35 (Remaining) + x (Initial) = 19 (Eaten)
Step 3: x = 35 - 19",SVAMP,LAMA-3.2-3B
215,guided,215,Dan has $ 4. He had $ 3 left with him after he bought a candy bar How much did the candy bar cost?,1,4,False,majority,0.6,1,5,0.2,2,False,,"{'1': 1, '4': 3, '-1': 1}","Step 1: Initial amount - Amount spent = Cost of candy bar
Step 2: $ 4 - $ 3 =?",SVAMP,LAMA-3.2-3B
216,guided,216,For the walls of the house he would use 11 nails in all to secure large planks of wood. If each plank needs 3 pieces of nails to be secured and an additional 8 nails were used How many planks does John need for the house wall?,1,27,False,coin_flip,0.1667,0,6,0.0,5,True,False,"{'27': 1, '2.67': 1, '2.6667': 1, '3': 1, '63': 1, '3.666...': 1}","Step 1: Additional nails / Nails per plank = Total planks with extra nails.
Step 2: (Nails needed per plank + Extra nails) / Nails needed per plank = Planks without extra nails.
Step 3: Planks without extra nails * Original amount of planks = Required planks.",SVAMP,LAMA-3.2-3B
217,guided,217,Paige raised 16 goldfish and 71 catfish in the pond but stray cats loved eating them. Now she has 2 left How many goldfish disappeared?,14,87,False,majority,0.8,0,5,0.0,1,False,,"{'87': 4, '85': 1}","Step 1: Initial amount of goldfish + Initial amount of catfish = Total initial fish
Step 2: Subtract remaining fish from total initial fish to find out how much were eaten
Step 3: (Initial goldfish + Initial catfish) - Remaining fish = 16 + 71 - 2",SVAMP,LAMA-3.2-3B
218,guided,218,Baker sold 44 cakes. If he had made 48 cakes initially How many cakes would baker still have?,4,4,True,majority,1.0,5,5,1.0,0,False,,{'4': 5},"Step 1: Initial amount - Amount sold = 48 - 44
Step 2: Result = 4",SVAMP,LAMA-3.2-3B
219,guided,219,The ring toss game at the carnival made 325 dollars in the first 154 days and 114 dollars in the remaining 57 days How much did they make per day in the remaining 57 days at the carnival?,2,114,False,majority,0.6,0,5,0.0,2,False,,"{'114': 3, '7': 1, '325': 1}","Step 1: Total earnings for all days + Earnings on last 57 days = Initial amount + Last amount
Step 2: (Initial amount + Last amount) / Number of full weeks = Average daily revenue
Step 3: Simplify expression with actual values to find average daily income.",SVAMP,LAMA-3.2-3B
220,guided,220,Rachel had to complete 10 pages of math homework. If she had to complete 3 more pages of reading homework than math homework How many pages did she have to complete in all?,23,10,False,refiner_tiebreak,0.3333,1,6,0.1667,4,True,False,"{'20': 1, '7': 1, '10': 2, '13': 1, '23': 1}","Step 1: Math + Reading = Total
Step 2: Math + 3 = 10
Step 3: 7 + 3 =?",SVAMP,LAMA-3.2-3B
221,guided,221,"Being his favorite, he saved checking on the grapevines for his last stop. He was told by 36 of the pickers that they fill 8 drums of grapes per day How many days will it take to fill 240 drums of grapes?",30,8640,False,coin_flip,0.3333,0,6,0.0,4,True,False,"{'7200': 1, '8640': 2, '1080': 2, '145': 1}","Step 1: Drums filled per day * Total drums needed = 36 * 240 =
Step 2: Divide both sides by drums filled per day = 36 * 240 ÷ 8 =?",SVAMP,LAMA-3.2-3B
222,guided,222,Nell collects cards. She had 438 baseball cards and 18 Ace cards. She gave some of her cards to Jeff and now has 55 Ace cards and 178 baseball cards left How many more baseball cards than Ace cards does Nell have?,123,420,False,majority,1.0,0,5,0.0,0,False,,{'420': 5},"Step 1: Initial amount of baseball cards - Initial amount of Ace cards = 438 - 18 =
Step 2: Subtracting the new amounts for both types of cards: (Initial - New) Baseballs - (New Aces) = (438 - 178) - (18 - 55)",SVAMP,LAMA-3.2-3B
223,guided,223,There were 15 roses in the vase. Jessica threw away 33 roses from the vase and cut some more new roses from her flower garden to put in the vase. There are now 17 roses in the vase How many more roses did she cut than those she threw away?,2,-18,False,majority,0.8,0,5,0.0,1,False,,"{'-18': 4, '18': 1}","Step 1: Initial - Removed = 15 - 33 =
Step 2: Added = (no specific amount given) + x
Step 3: Final - Initial + Added = New - Old = 17 - 15 + x",SVAMP,LAMA-3.2-3B
224,guided,224,Dan has $ 4. For a total of $ 3 he bought 10 candy bar each one costing the same amount of money How much money is left?,1,-46,False,majority,0.4,0,5,0.0,3,False,,"{'-46': 2, '3': 1, '3.7': 1, '50': 1}","Step 1: Cost per candy * Quantity purchased = Total spent
$ x 10 = $3
Step 2: Subtract total spent from initial amount
$4 - ($3)",SVAMP,LAMA-3.2-3B
225,guided,225,If they are already at 659 feet and the cave is 762 feet deep How much farther until they reach the end of the cave?,103,-103,False,majority,0.8,1,5,0.2,1,False,,"{'-103': 4, '103': 1}","Step 1: Cave depth - Current position = Depth remaining
Step 2: 762 - 659 =
Step 3: Answer =?",SVAMP,LAMA-3.2-3B
226,guided,226,Faye was placing her pencils into 14 rows with 11 pencils in each row How many pencils does she have?,154,154,True,majority,1.0,5,5,1.0,0,False,,{'154': 5},"Step 1: Number of pencils per row * Total number of rows = 
Step 2: Multiply 11 * 14 =?",SVAMP,LAMA-3.2-3B
227,guided,227,There were 6 roses and 20 orchids in the vase. Jessica cut some more roses and orchids from her flower garden. There are now 21 orchids and 22 roses in the vase How many more roses than orchids are there in the vase now?,1,-14,False,coin_flip,0.3333,0,6,0.0,4,True,False,"{'-14': 2, '20': 2, '30': 1, '26': 1}","Step 1: Initial roses - Initial orchids = Roses added + Orchids added
Step 2: (Roses initially + Additional roses) - (Orchids initially + Additional orchids)
= (6 + x) - (20 + y)
Where x represents unknown additional roses and y represents unknown additional orchids.",SVAMP,LAMA-3.2-3B
228,guided,228,If Lewis earns $ 1357 every week during the 223 weeks of a harvest season How much money will he earn if he works for 73 harvest seasons?,22090603,,False,refiner_tiebreak,0.5,0,6,0.0,3,True,False,"{'300301': 1, '1357': 1, '': 3, '2200007': 1}","Step 1: Weekly earnings * Number of weeks per season = Total weekly earnings per season
Step 2: Total weekly earnings per season * Seasons worked = Total amount earned
Step 3: Multiply total weekly earnings by number of seasons worked",SVAMP,LAMA-3.2-3B
229,guided,229,A farmer had 171 tomatoes in his garden. If he picked 134 of them yesterday and 30 today How many will he have left after today?,7,7,True,majority,0.4,2,5,0.4,3,False,,"{'135': 1, '17': 1, '7': 2, '164': 1}","Step 1: Yesterday's harvest + Today's harvest = Total harvested so far
Step 2: Subtract total harvested from initial amount
Step 3: Remaining tomatoes = Initial amount - (Yesterday's harvest + Today's harvest) 
= 171 - (134 + 30)
= 171 - 164",SVAMP,LAMA-3.2-3B
230,guided,230,Mary is baking a cake. The recipe calls for 11 cups of sugar and 9 cups of flour. She already put in 12 cups of flour and 10 cups of sugar How many more cups of sugar does she need to add?,1,20,False,majority,0.4,1,5,0.2,3,False,,"{'-3': 1, '20': 2, '1': 1}","Step 1: Required - Used = Total needed
Step 2: 11 - 10 =
Step 3: =?",SVAMP,LAMA-3.2-3B
231,guided,231,Winter is almost here and most animals are migrating to warmer countries. There were 89 bird families living near the mountain. If 60 bird families flew away for winter How many more bird families flew away for the winter than those that stayed behind?,31,29,False,majority,1.0,0,5,0.0,0,False,,{'29': 5},"Step 1: Total initially - Those who left = 89 - 60 =
Step 2: Subtract = 29",SVAMP,LAMA-3.2-3B
232,guided,232,Dan has $ 4. He bought 99 candy bar for $ 3 each one costing the same amount of money How much money is left?,1,-293,False,majority,0.8,0,5,0.0,1,False,,"{'-293': 4, '297': 1}","Step 1: Cost per item * Quantity purchased = Total cost
$ 3 * 99 =?

Step 2: Subtract total spent from initial amount
$ 4 - ($ 3 * 99)",SVAMP,LAMA-3.2-3B
233,guided,233,Last week Fred had 47 dollars and Jason had 99 dollars. Over the weekend Fred delivered newspapers earning 111 dollars and washed cars earning 34 dollars How much money does Fred have now?,192,291,False,majority,0.8,0,5,0.0,1,False,,"{'291': 4, '146': 1}","Step 1: Initial amount for both - Starting balance (Fred) + Starting balance (Jason)
= $47 + $99 =
Step 2: Add earnings from delivering newspapers to one person's initial amount
= ($47 + $99) + $111 =
Step 3: Add earnings from washing cars to that result
= ($47 + $99 + $111) + $34 =",SVAMP,LAMA-3.2-3B
234,guided,234,4 birds and 6 storks were sitting on the fence. 2 more storks came to join them How many storks are sitting on the fence?,8,4,False,coin_flip,0.3333,2,6,0.3333,4,True,False,"{'4': 2, '8': 2, '6': 2}","Step 1: Initial number of storks + New arrivals = Old number of storks + 2
Step 2: 6 (initial) + 2 (new) = 8
Step 3: Combine like terms, no further calculation needed.",SVAMP,LAMA-3.2-3B
235,guided,235,The school is planning a field trip. The school has 87 classrooms. There are 58 students in the school with each classroom having the same number of students. If there are 2 seats on each school bus How many buses are needed to take the trip?,29,5004,False,coin_flip,0.1667,0,6,0.0,5,True,False,"{'5004': 1, '5024': 1, '5048': 1, '2520': 1, '1059': 1, '2507': 1}","Step 1: Classrooms * Students per classroom = Total students
87 * 58 =?

Step 2: Divide total students by seats per bus
Total students ÷ Seats per bus =?",SVAMP,LAMA-3.2-3B
236,guided,236,Paul had 95 pens and 153 books. After selling some books and pens in a garage sale he had 13 books and 23 pens left How many books did he sell in the garage sale?,140,45,False,coin_flip,0.1667,1,6,0.1667,5,True,False,"{'45': 1, '153': 1, '95': 1, '140': 1, '': 1, '40': 1}","Step 1: Initial amount of books - Final amount of books = 153 - 13 =
Step 2: Subtract to find out how many were sold = 140",SVAMP,LAMA-3.2-3B
237,guided,237,"After making some pies, chef had 2 apples left. Initially he had 43 apples How many apples did he use?",41,41,True,majority,1.0,5,5,1.0,0,False,,{'41': 5},"Step 1: Initial amount - Remaining amount = Total used
Step 2: 43 - 2 =
Step 3: = 41",SVAMP,LAMA-3.2-3B
238,guided,238,Josh had 19 marbles in his collection. He lost 11 marbles and found 5 new ones How many marbles does he have now?,13,8,False,refiner_tiebreak,0.5,2,6,0.3333,3,True,False,"{'13': 2, '8': 3, '24': 1}","Step 1: Initial amount - Lost = Remaining initial amount
Step 2: Remaining initial amount + Found = Current amount
Step 3: (Initial - Lost) + Found = Current",SVAMP,LAMA-3.2-3B
239,guided,239,Ed had 24 more marbles than Doug. Doug lost 27 of his marbles at the playground while Ed found 9 more marbles How many more marbles did Ed have than Doug then?,60,24,False,majority,0.6,0,5,0.0,2,False,,"{'-2': 1, '24': 3, '0': 1}","Step 1: Initial difference between their marble counts = Ed's initial marbles - Doug's initial marbles = 24 +? 
Step 2: Subtracting what was taken away from each person to find new differences = (Ed's remaining marbles) - (Doug's remaining marbles)
Step 3: Find how much greater one has over other now = New difference in marble count = ((Ed's new amount) - (Doug's new amount))",SVAMP,LAMA-3.2-3B
240,guided,240,If the cave is 919 feet deep and they need to travel 1307 feet How far is the end of the cave?,2226,2216,False,majority,0.4,0,5,0.0,3,False,,"{'2216': 2, '1108': 1, '1307': 1, '0': 1}","Step 1: Cave depth + Distance traveled so far = Total distance to reach the end.
Step 2: 919 + 1307 =
Step 3: Resultant value.",SVAMP,LAMA-3.2-3B
241,guided,241,Robin cut off 20 inches of his hair. If his hair is now 10 inches long How long was his hair before he cut?,30,20,False,majority,0.4,0,5,0.0,3,False,,"{'40': 1, '20': 2, '10': 1}","Step 1: Initial length + Cut amount = Before cutting
Step 2: Initial length - Length after cutting = Before cutting - 10
Step 3: Initial length = Before cutting + Cutting amount",SVAMP,LAMA-3.2-3B
242,guided,242,He then went to see the oranges being harvested. He found out that they harvest 44 sacks of ripe oranges and 25 sacks of unripe oranges per day How many more sacks of ripe oranges than unripe oranges are harvested per day?,19,19,True,majority,1.0,5,5,1.0,0,False,,{'19': 5},"Step 1: Ripe - Unripe = 
Step 2: 44 - 25",SVAMP,LAMA-3.2-3B
243,guided,243,There are 4502 skittles in Steven's skittles collection. Steven also has 4276 erasers. If the skittles and erasers are organized into 154 groups How big is each group?,57,57,True,majority,0.6,3,5,0.6,2,False,,"{'58': 1, '57': 3, '57.75': 1}","Step 1: Total items = Skittles + Erasers = 4502 + 4276 =
Step 2: Divide total by number of groups = (4502 + 4276) / 154 =
Step 3: Simplify division = 8778 ÷ 154 =",SVAMP,LAMA-3.2-3B
244,guided,244,Jake has 6 fewer peaches than Steven. Steven has 18 more peaches than Jill. If jill has 5 peaches How many peaches does Jake have?,17,17,True,refiner_tiebreak,0.3333,2,6,0.3333,4,True,True,"{'5': 1, '17': 2, '41': 1, '-1': 1, '35': 1}","Step 1: Jill + Given = 5 + x
Step 2: x - 18 (since Steven has 18 more than Jill)
Step 3: x - 6 (since Jake has 6 fewer than Steven)",SVAMP,LAMA-3.2-3B
245,guided,245,36 children were riding on the bus. At the bus stop 68 children got off the bus while some more got on the bus. Then there were 12 children altogether on the bus How many more children got off the bus than those that got on?,24,-32,False,majority,0.8,0,5,0.0,1,False,,"{'-32': 4, '36': 1}","Step 1: Initial - Got off = 36 - 68 =
Step 2: Got off - Got on =?",SVAMP,LAMA-3.2-3B
246,guided,246,Because of the decision Sofia asked the students to suggest specific types of food. If 228 students suggested adding mashed potatoes 337 suggested adding bacon to the menu and 23 suggested adding tomatoes How many more students suggested bacon than those that suggested tomatoes?,314,314,True,majority,1.0,5,5,1.0,0,False,,{'314': 5},"Step 1: Bacon - Tomatoes = 
Step 2: 337 - 23 =?",SVAMP,LAMA-3.2-3B
247,guided,247,He then went to see the oranges being harvested. He found out that they harvested 56 sacks of oranges How many sacks did they harvest per day if they harvested for a total of 14 days?,4,4,True,majority,0.8,4,5,0.8,1,False,,"{'4': 4, '56': 1}","Step 1: Total sacks / Number of days = Sacks per day
Step 2: 56 ÷ 14 =
Step 3: 4",SVAMP,LAMA-3.2-3B
248,guided,248,Debby bought 88 water bottles and 13 soda bottles when they were on sale. If she drank 4 water bottles and 87 soda bottles a day How many days would the water bottles last?,22,22,True,majority,0.6,3,5,0.6,2,False,,"{'22': 3, '4': 1, '5.5': 1}","Step 1: Initial amount of water bottles / Daily consumption rate for water bottles = Total duration in days
Step 2: Divide initial water bottle quantity by daily water bottle usage to find out how long it will last. 
Step 3: Calculate the result of division.",SVAMP,LAMA-3.2-3B
249,guided,249,Jerry had some action figures on a shelf in his room. Later he added 2 more action figures to the shelf and removed 7 of the old ones. If there are 10 action figures on his shelf now How many action figures did he have initially on the shelf?,15,10,False,majority,0.6,1,5,0.2,2,False,,"{'10': 3, '15': 1, '22': 1}","Step 1: Initial amount + Added - Removed = Current amount
Step 2: x + 2 - 7 = 10
Step 3: x - 5 = 10",SVAMP,LAMA-3.2-3B
250,guided,250,Mary is baking a cake. The recipe calls for 12 cups of flour 5 cups of sugar and 49 cups of salt. She already put in 11 cups of flour How many more cups of flour does she need to add?,1,1,True,majority,0.4,2,5,0.4,3,False,,"{'1': 2, '66': 1, '0': 1}","Step 1: Required - Used = Total needed
Step 2: 12 - 11 =?",SVAMP,LAMA-3.2-3B
251,guided,251,Jake has 8 fewer peaches and 10 more apples than Steven. Steven has 11 apples and 18 peaches How many more peaches than apples does Steven have?,7,-8,False,majority,0.4,0,5,0.0,3,False,,"{'-19': 1, '-8': 2, '11': 1, '-0.7273': 1}","Step 1: Peaches difference = Steves' peaches - Jakes' peaches = 18 - (18 + 8) 
Step 2: Simplify expression inside parentheses first, then subtract.
Step 3: Perform subtraction to find out how much more peaches Steven has compared to apples.",SVAMP,LAMA-3.2-3B
252,guided,252,Mary is baking a cake. The recipe calls for 3 cups of sugar and 10 cups of flour. She already put in some cups of flour. If she still needs 5 more cups of flour than sugar How many cups of flour did she put in?,2,15,False,majority,1.0,0,5,0.0,0,False,,{'15': 5},"Step 1: Required - Needed = Total - Used
Step 2: 10 + 5 = 
Step 3: 15 - x =?",SVAMP,LAMA-3.2-3B
253,guided,253,If each pack costs 81 dollars How much will it cost to buy 33 packs of dvds?,2673,2643,False,majority,0.4,1,5,0.2,3,False,,"{'2430': 1, '2511': 1, '2673': 1, '2643': 2}","Step 1: Cost per pack * Number of packs = Total cost
Step 2: $81 * 33 =
Step 3: = $2673",SVAMP,LAMA-3.2-3B
254,guided,254,A mailman has to give 4 pieces of junk mail to each house in each of the 16 blocks. If there are 17 houses in each block How many pieces of junk mail should he give in total?,1088,256,False,majority,0.4,0,5,0.0,3,False,,"{'256': 2, '160': 1, '16': 1, '64': 1}","Step 1: Blocks * Pieces per block = Total blocks
Step 2: Total blocks * Pieces per block =?",SVAMP,LAMA-3.2-3B
255,guided,255,David did 56 more push-ups than Zachary in gym class today. If David did 38 push-ups How many push-ups did Zachary and David do altogether?,20,0,False,majority,0.4,1,5,0.2,3,False,,"{'94': 1, '20': 1, '56': 1, '0': 2}","Step 1: Let's represent what we know with variables.
David's push-ups - Zachary's push-ups = 56

Step 2: Since we know how many push-ups David did (38), substitute that value into our equation:
38 - x = 56

Step 3: Solve for x to find out how many push-ups Zachary did.
x =?",SVAMP,LAMA-3.2-3B
256,guided,256,Brenda's mother made 14 cookies for 2 guests. If each of them had the same number of cookies How many did each of them have?,7,7,True,majority,1.0,5,5,1.0,0,False,,{'7': 5},"Step 1: Total cookies / Number of guests = Cookies per guest
Step 2: 14 ÷ 2 =
Step 3: 7",SVAMP,LAMA-3.2-3B
257,guided,257,Mary is baking a cake. The recipe calls for 6 cups of flour 8 cups of sugar and 7 cups of salt. She already put in 5 cups of flour How many more cups of sugar than cups of salt does she need to add now?,1,3,False,majority,0.6,0,5,0.0,2,False,,"{'3': 3, '-4': 2}","Step 1: Required sugars - Used sugars = 8 - 5 =
Step 2: Required salts - Used salts = 7 - 0 =
Step 3: Difference between required sugars and salts = (8 - 5) - 0 = 3",SVAMP,LAMA-3.2-3B
258,guided,258,Jake has 12 fewer peaches and 79 more apples than Steven. Steven has 19 peaches and 14 apples How many peaches does Jake have?,7,14,False,majority,0.4,1,5,0.2,3,False,,"{'7': 1, '0': 1, '14': 2}","Step 1: Steven's peaches + Additional peaches for comparison = 19 + x
Step 2: Since Jake has fewer peaches, subtract to find out how much less: (19 + x) - 12 =?
Step 3: Solve equation from step 2.",SVAMP,LAMA-3.2-3B
259,guided,259,Julia played tag with 12 kids on monday. She played tag with 14 kids on tuesday. She spent a total of 34 hours to play tag on both days How many kids did she play with altogether?,26,26,True,majority,0.6,3,5,0.6,2,False,,"{'14': 1, '26': 3, '28': 1}","Step 1: Monday + Tuesday = Total days
Step 2: Kids per day * Total days = Total kids
Step 3: Not applicable (no comparison)",SVAMP,LAMA-3.2-3B
260,guided,260,Edward had $ 13. He spent some money. Now he has $ 3 How much money did Edward spend?,10,13,False,coin_flip,0.3333,2,6,0.3333,4,True,False,"{'3': 1, '13': 2, '10': 2, '-10': 1}","Step 1: Initial amount - Final amount =? ($13 - $3)
Step 2: Subtract to find out how much was spent.",SVAMP,LAMA-3.2-3B
261,guided,261,Dan has $ 2. He bought some candy bar for $ 6 each one costing $ 3 How many candy bar did he buy?,2,0.5,False,coin_flip,0.1667,1,6,0.1667,5,True,False,"{'0.5': 1, '1': 1, '4': 1, '2': 1, '0.67': 1, '': 1}","Step 1: Cost per item / Total cost = Price per candy bar / Amount spent on candies
Step 2: Divide the amount of money by the price per candy bar to find out how many were purchased.
Step 3: Resultant calculation will give us the quantity of items bought.",SVAMP,LAMA-3.2-3B
262,guided,262,Danny has 12 bottle caps in his collection. He found 53 bottle caps at the park How many bottle caps does he have now?,65,65,True,majority,0.4,2,5,0.4,3,False,,"{'13': 1, '12': 1, '118': 1, '65': 2}","Step 1: Initial amount + Found amount = Total amount
Step 2: 12 + 53 =
Step 3: =?",SVAMP,LAMA-3.2-3B
263,guided,263,Paul sold some books in a garage sale leaving him with 27 books. If he had 136 books initially How many books did he sell?,109,109,True,majority,0.6,3,5,0.6,2,False,,"{'136': 2, '109': 3}","Step 1: Initial amount - Remaining amount = 136 - 27 =
Step 2: Subtract to find out how much was sold = 109",SVAMP,LAMA-3.2-3B
264,guided,264,Jack received 4 emails in the morning and some more in the afternoon. If he received a total of 5 emails in the day How many emails did Jack receive in the afternoon?,1,4,False,majority,0.6,0,5,0.0,2,False,,"{'4': 3, '5': 2}","Step 1: Morning + Afternoon = Total
Step 2: 4 + x = 5
Step 3: x = 1",SVAMP,LAMA-3.2-3B
265,guided,265,Lewis earns a total of $ 1216 during the harvest. If he earns $ 16 each week How many weeks did the harvest last?,76,76,True,majority,1.0,5,5,1.0,0,False,,{'76': 5},"Step 1: Total earnings / Weekly earnings = Number of weeks
Step 2: 1216 ÷ 16 =
Step 3: 76",SVAMP,LAMA-3.2-3B
266,guided,266,Frank was reading through some books. Each book had 249 pages and it took Frank 3 days to finish each book How many pages did he read per day?,83,27.33,False,majority,0.6,1,5,0.2,2,False,,"{'27.33': 3, '83': 1, '3': 1}","Step 1: Total pages / Number of days = Pages per day
Step 2: 249 ÷ 3 =
Step 3: 83 ÷ 3 =?",SVAMP,LAMA-3.2-3B
267,guided,267,They decided to hold the party in their backyard. If they have 11 sets of tables and each set has 13 chairs How many chairs do they have in the backyard?,143,143,True,majority,1.0,5,5,1.0,0,False,,{'143': 5},"Step 1: Sets * Chairs per set = Total chairs
Step 2: 11 * 13 =
Step 3: =?",SVAMP,LAMA-3.2-3B
268,guided,268,Brenda's mother made cookies for 10 guests but 9 guests did not come. If she prepared 18 cookies and each guest had the same number of cookies How many did each of them have?,18,18,True,majority,0.6,3,5,0.6,2,False,,"{'18': 3, '10': 1, '1': 1}","Step 1: Total guests initially planned - Guests who didn't attend = Remaining guests.
Step 2: Prepared cookies / Remaining guests = Cookies per person.
Step 3: 18 / x =?",SVAMP,LAMA-3.2-3B
269,guided,269,Rebecca wants to split a collection of eggs into groups of 3. Rebecca has 99 bananas 9 eggs and 27 marbles How many groups will be created?,3,3,True,majority,0.6,3,5,0.6,2,False,,"{'33': 1, '9': 1, '3': 3}","Step 1: Eggs / Group size = 9 ÷ 3 =
Step 2: Result = 3
Step 3: No further calculation needed for other items (bananas).",SVAMP,LAMA-3.2-3B
270,guided,270,Ed had 29 more marbles than Doug. Ed lost 17 of his marbles at the playground How many more marbles did Ed have than Doug then?,12,12,True,majority,0.6,3,5,0.6,2,False,,"{'17': 1, '12': 3, '14.5': 1}","Step 1: Initial difference = Ed's initial marbles - Doug's initial marbles = 29 - x
Step 2: Subtracting the ones he lost from both sides gives us (Ed's remaining marbles) - (Doug's remaining marbles) = 12 
Since we know that this equals to the original difference, it means:
(Ed's initial marbles - Ed's lost marbles) - (Doug's initial marbles - Ed's lost marbles) = 29 - x - (-x)
Which simplifies into:
(Ed's remaining marbles) - (Doug's remaining marbles) = 29 + x -(-x)
Further simplifying further:
(Ed's remaining marbles) - (Doug's remaining marbles) = 29 + x + x
Combining like terms on right side:
(Ed's remaining marbles) - (Doug's remaining marbles) = 29 + 2x",SVAMP,LAMA-3.2-3B
271,guided,271,There are 6 houses on a block. If a mailman has to give 24 pieces of junk mail to each block How many pieces of junk mail should he give in each house?,4,6,False,majority,0.4,1,5,0.2,3,False,,"{'6': 2, '4': 1, '0.1667': 1}","Step 1: Total blocks - Number of houses per block = 6 / 1 =?
Step 2:? ÷ Houses per block =?",SVAMP,LAMA-3.2-3B
272,guided,272,Zachary did 59 push-ups and 44 crunches in gym class today. David did 19 more push-ups but 27 less crunches than zachary How many push-ups did David do?,78,86,False,majority,0.6,1,5,0.2,2,False,,"{'86': 3, '78': 1, '19': 1}","Step 1: Crunches done by both - Given = 44 (Zachary) + 27 (difference) = 71
Step 2: Push-ups done by both - Given = 59 (Zachary) + 19 (additional for David) =? 
Note: This was incorrect as per your rule. Here's the corrected version:
Step 1: Crunches done by both - Given = 44 (Zachary) + 27 (difference) = 71
Step 2: Push-ups done by Zachary - Push-ups done by David = 59 - x where x represents how much fewer push-ups David did compared to Zachary. Since we know that David did 19 more push-ups than those who did 27 less than Zachary, then he must have done 59+19=78 push-ups. So,
Step 3: Now that we know David has 78 push-ups let's calculate it again with correct information.
Step 1: No calculation needed here since we already found out what David does in step two.
Step 2: Given information about crunches still applies.
Step 3: Push-ups done by David = Push-ups done by Zachary - Difference between their push-up counts = 59 - (-27). The negative sign indicates subtraction of an unknown quantity which means addition of its opposite value. Therefore, this becomes 59 + 27.",SVAMP,LAMA-3.2-3B
273,guided,273,Emily is making bead necklaces for her friends. Each necklace takes 8 beads and she has 16 beads How many necklaces can Emily make?,2,2,True,majority,0.4,2,5,0.4,3,False,,"{'0.5': 1, '2': 2, '8': 1, '50': 1}","Step 1: Beads per necklace ÷ Total beads = Necklaces possible
Step 2: 8 ÷ 16 =
Step 3: 0.5",SVAMP,LAMA-3.2-3B
274,guided,274,Jesse's rooms are 19 feet long and 18 feet wide. If she has 20 rooms in all How much carpet does she need to cover the floors of all rooms?,6840,6840,True,majority,0.6,3,5,0.6,2,False,,{'6840': 3},"Step 1: Area per room = Length x Width = 19 ft x 18 ft =?
Step 2: Total area for all rooms = Area per room x Number of rooms =? x 20",SVAMP,LAMA-3.2-3B
275,guided,275,Next on his checklist is wax to stick the feathers together. If the feathers require 166 g of wax and right now he has 20 g How many more grams of wax does he need?,146,146,True,majority,0.6,3,5,0.6,2,False,,"{'146': 3, '166': 1, '126': 1}","Step 1: Required - Current amount = Total needed - Amount available
Step 2: Required - Current amount = 166 - 20
Step 3: Resultant difference =?",SVAMP,LAMA-3.2-3B
276,guided,276,15 campers went rowing in the morning. Some more campers went rowing in the afternoon. If a total of 32 campers went rowing that day How many campers went rowing in the afternoon?,17,17,True,majority,0.6,3,5,0.6,2,False,,"{'17': 3, '32': 2}","Step 1: Morning + Afternoon = Total
Step 2: 15 + x = 32
Step 3: Subtract 15 from both sides to isolate x.",SVAMP,LAMA-3.2-3B
277,guided,277,We ordered some pizzas. Each pizza has 2 slices. If there were a total of 28 slices How many pizzas did we order?,14,14,True,majority,1.0,5,5,1.0,0,False,,{'14': 5},"Step 1: Total slices / Slices per pizza = Pizzas
Step 2: 28 ÷ 2 =?",SVAMP,LAMA-3.2-3B
278,guided,278,Paul got a box of 521 crayons and 66 erasers for his birthday. At the end of the school year he only had 154 left while not having lost a single erasers How many crayons had been lost or given away?,367,433,False,refiner_tiebreak,0.5,0,6,0.0,3,True,False,"{'589': 2, '433': 3, '587': 1}","Step 1: Initial items = Crayons + Erasers = 521 + 66 =
Step 2: Remaining items = Final count - Lost/Given away = 521 + 66 - 154 =?",SVAMP,LAMA-3.2-3B
279,guided,279,41 children were riding on the bus. At the bus stop some children got off the bus. Then there were 18 children left on the bus How many more children were on the bus before the bus stop than there are now?,23,23,True,majority,0.6,3,5,0.6,2,False,,"{'23': 3, '41': 1}","Step 1: Initial - Remaining = Total initially - Current
Step 2: Initial = 41 - 18
Step 3: Difference = 23",SVAMP,LAMA-3.2-3B
280,guided,280,Tiffany was collecting cans for recycling. On monday she had 7 bags of cans. The next day she found 12 more bags worth of cans How many more bags did she find on the next day than she had on monday?,5,19,False,refiner_tiebreak,0.5,1,6,0.1667,3,True,False,"{'12': 2, '19': 3, '5': 1}","Step 1: Monday's amount + Next day's amount = Total amount
Step 2: Subtract initial amount from total to find difference
Step 3: Difference between Tuesday and Monday's amounts",SVAMP,LAMA-3.2-3B
281,guided,281,Edward had $ 18. He spent $ 16 How much money does Edward have now?,2,2,True,majority,0.8,4,5,0.8,1,False,,"{'2': 4, '16': 1}","Step 1: Initial amount - Spent = Remaining amount
Step 2: $ 18 - $ 16 =?",SVAMP,LAMA-3.2-3B
282,guided,282,Lawrence county has 898051 kids. During summer break 629424 kids go to camp and the rest stay home How many kids stay home?,268627,268627,True,majority,0.6,3,5,0.6,2,False,,"{'268627': 3, '26909': 1}","Step 1: Total kids - Kids at camp = Kids staying home
Step 2: 898051 - 629424 =
Step 3: 268627",SVAMP,LAMA-3.2-3B
283,guided,283,There were 16 roses and 3 orchids in the vase. Jessica cut some more roses and orchids from her flower garden. There are now 7 orchids and 13 roses in the vase How many orchids did she cut?,4,3,False,majority,0.4,0,5,0.0,3,False,,"{'3': 2, '7': 1, '-11': 1, '-1': 1}","Step 1: Initial - Current orchids = 3 - 7 =
Step 2: Subtract to find out how many orchids were added initially =? - 7",SVAMP,LAMA-3.2-3B
284,guided,284,In a school there are 635 girls and the rest are boys. If there are 510 more boys than girls How many boys are there in that school?,1145,1145,True,majority,0.4,2,5,0.4,3,False,,"{'2079': 1, '2087': 1, '510': 1, '1145': 2}","Step 1: Total students + Given difference = All students
Step 2: All students * Ratio of boys to total students = Number of boys
Step 3: Simplified expression for step 2 = (1 + 0.8) * Total students = 1.8 * Total students",SVAMP,LAMA-3.2-3B
285,guided,285,Danny collects bottle caps and wrappers. He found 30 bottle caps and 14 wrappers at the park. Now he has 7 bottle caps and 86 wrappers in his collection How many more bottle caps than wrappers did danny find at the park?,16,-72,False,coin_flip,0.3333,0,6,0.0,4,True,False,"{'-72': 2, '44': 2, '14': 1, '-37': 1}","Step 1: Initial amount of bottle caps + Initial amount of wrappers = Found at the park
Step 2: Subtract current bottle caps from initial bottle caps = 30 - 7 =
Step 3: Subtract current wrappers from initial wrappers = 14 - 86 =",SVAMP,LAMA-3.2-3B
286,guided,286,There were 174 parents in the program and 521 pupils too How many more pupils were present compared to parents in the program?,347,347,True,majority,0.6,3,5,0.6,2,False,,"{'347': 3, '521': 1, '173.5': 1}","Step 1: Pupils - Parents = 
Step 2: 521 - 174",SVAMP,LAMA-3.2-3B
287,guided,287,Matthew gave 6 crackers to each his friends. If he had 36 crackers How many friends did he give crackers to?,6,6,True,majority,1.0,5,5,1.0,0,False,,{'6': 5},"Step 1: Total given / Cracker per person = Number of people
Step 2: 36 ÷ 6 =
Step 3: 6",SVAMP,LAMA-3.2-3B
288,guided,288,There are 20 different books in the ' crazy silly school ' series. If you are yet to read 5 of the books How many books have you already read?,15,15,True,majority,0.8,4,5,0.8,1,False,,"{'15': 4, '0': 1}","Step 1: Total - Not read = Read
Step 2: 20 - 5 =
Step 3: 15",SVAMP,LAMA-3.2-3B
289,guided,289,"The grasshopper, the frog and the mouse had a jumping contest. The grasshopper jumped 24 inches. The frog jumped 33 inches farther than the grasshopper and the mouse jumped 5 inches lesser than the frog How much farther did the mouse jump than the grasshopper?",28,,False,coin_flip,0.1667,0,6,0.0,5,True,False,"{'': 1, '25': 1, '8': 1, '18': 1, '33': 1, '5': 1}","Step 1: Frog's jump length + Distance to compare with grasshopper's jump = Grasshopper's jump + Additional distance for comparison
Step 2: Subtract grasshopper's jump from both sides of equation above
Step 3: Resultant value on left side - Original value on right side",SVAMP,LAMA-3.2-3B
290,guided,290,Haley grew 13 trees in her backyard. After a typhoon 6 died How many more trees survived the typhoon than those that died?,1,7,False,majority,0.8,0,5,0.0,1,False,,"{'7': 4, '13': 1}","Step 1: Survived - Died = Remaining trees
Step 2: Remaining - Died =?",SVAMP,LAMA-3.2-3B
291,guided,291,There are 8 different books and 10 different movies in the ' crazy silly school ' series. If you read 19 of the books and watched 61 of the movies How many more movies than books are there in the ' crazy silly school ' series?,2,42,False,majority,0.8,0,5,0.0,1,False,,"{'42': 4, '10': 1}","Step 1: Number of movies - Number of books = 61 - 19 =
Step 2: Subtract to find difference = 42",SVAMP,LAMA-3.2-3B
292,guided,292,Faye was placing her pencils into rows with 22 pencils in each row. She had 6 packs of pencils each one having 14 pencils How many pencils does she have?,84,84,True,majority,1.0,5,5,1.0,0,False,,{'84': 5},"Step 1: Packs * Pencils per pack = Total pencils
Step 2: Multiply 6 * 14
Step 3: Result =?",SVAMP,LAMA-3.2-3B
293,guided,293,White t - shirts can be purchased in packages. If mom buys 66 white t - shirts where each package has 3 white t - shirts How many packages will she have?,22,22,True,majority,0.6,3,5,0.6,2,False,,"{'66': 1, '22': 3}","Step 1: Total shirts / Shirts per package = Packages
Step 2: 66 ÷ 3 =
Step 3: Result of division =?",SVAMP,LAMA-3.2-3B
294,guided,294,Mary is baking a cake. The recipe calls for 5 cups of sugar and 13 cups of flour. She already put in some cups of flour. If she still needs 12 more cups of flour How many cups of flour did she put in?,1,12,False,majority,0.6,0,5,0.0,2,False,,"{'0': 1, '12': 3, '11': 1}","Step 1: Total required - Remaining = Required - Used
Step 2: 13 - x = 12
Step 3: x = 1",SVAMP,LAMA-3.2-3B
295,guided,295,"7 red peaches, 15 yellow peaches and 8 green peaches are in the basket How many peaches are in the basket?",30,60,False,coin_flip,0.3333,1,6,0.1667,4,True,False,"{'60': 2, '7': 2, '30': 1, '38': 1}","Step 1: Red + Yellow = Total so far
Step 2: Add Green to the previous total
Step 3: Combine all three totals together",SVAMP,LAMA-3.2-3B
296,guided,296,Jack received 3 emails and 64 letters in the morning. He then received 5 emails and 54 letters in the afternoon How many emails did jack receive in the day?,8,5,False,majority,0.4,1,5,0.2,3,False,,"{'5': 2, '75': 1, '8': 1, '3': 1}","Step 1: Morning + Afternoon (emails) = Total Emails
Step 2: Morning + Afternoon (letters) = Total Letters
Step 3: Total Emails + Total Letters",SVAMP,LAMA-3.2-3B
297,guided,297,Ed had 2 more marbles than Doug. Doug lost some of his marbles at the playground. Now Ed has 19 more marbles than doug How many marbles did Doug lose?,17,19,False,majority,1.0,0,5,0.0,0,False,,{'19': 5},"Step 1: Initial difference between their marble count = Ed's initial marbles - Doug's initial marbles =? (not specified)
Step 2: Current difference in marble count = Ed's current marbles - Doug's current marbles = 19
Step 3: Set up equation based on given information that Ed now has 19 more marbles than Doug initially did: Initial difference + Additional change due to loss = New difference 
                          => Initial difference + (-x) = 19 where x represents how much was lost by Doug.",SVAMP,LAMA-3.2-3B
298,guided,298,Dan has $ 3 left with him after he bought a candy bar for $ 2 How much money did he have initially?,5,2,False,majority,0.4,1,5,0.2,3,False,,"{'2': 2, '0': 1, '5': 1, '3': 1}","Step 1: Initial amount + Cost of candy bar =? 
Step 2: Initial amount - Amount spent on candy bar =?",SVAMP,LAMA-3.2-3B
299,guided,299,Jake has 13 fewer peaches and 3 more apples than Steven. Steven has 9 peaches and 8 apples How many apples does Jake have?,11,9,False,majority,0.4,0,5,0.0,3,False,,"{'6': 1, '9': 2, '8': 1, '15': 1}","Step 1: Apples for both - Given information about their quantities.
Step 2: Jake's apples + Difference in apple quantity = Steven's apples + Additional apples Jake has.
Step 3: (Jake's unknown) + 3 = 8",SVAMP,LAMA-3.2-3B
300,baseline,0,Winter is almost here and most animals are migrating to warmer countries. There are 41 bird families living near the mountain. If 35 bird families flew away to asia and 62 bird families flew away to africa How many more bird families flew away to africa than those that flew away to asia?,27,27,True,refiner_tiebreak,0.5,3,6,0.5,3,True,,"{'97': 1, '27': 3, '35': 2}",,SVAMP,LAMA-3.2-3B
301,baseline,1,Paige raised 7 goldfish and 12 catfish in the pond but stray cats loved eating them. Now she has 15 left How many fishes disappeared?,4,19,False,majority,0.8,0,5,0.0,1,False,,"{'19': 4, '15': 1}",,SVAMP,LAMA-3.2-3B
302,baseline,2,Marco and his dad went strawberry picking. Together they collected strawberries that weighed 22 pounds. On the way back Marco ' dad found 30 more pounds of strawberries. Marco's strawberries now weighed 36 pounds How much did his dad's strawberries weigh now?,16,,False,refiner_tiebreak,0.3333,1,6,0.1667,4,True,,"{'': 2, '52': 1, '36': 1, '-8': 1, '16': 1}",,SVAMP,LAMA-3.2-3B
303,baseline,3,Debby bought 200 water bottles and 256 soda bottles when they were on sale. If she drank 312 water bottles and 4 soda bottles a day How many days would the soda bottles last?,64,512,False,majority,0.4,0,5,0.0,3,False,,"{'15.75': 1, '512': 2, '1': 1, '200': 1}",,SVAMP,LAMA-3.2-3B
304,baseline,4,There were 106 dollars in Olivia's wallet. After she visited a supermarket and a showroom there were 26 dollars left. If she spent 49 dollars at the showroom How much did she spend at the supermarket?,31,106,False,majority,0.8,0,5,0.0,1,False,,"{'106': 4, '0': 1}",,SVAMP,LAMA-3.2-3B
305,baseline,5,Faye was placing her pencils and crayons into 30 rows with 71 crayons and 24 pencils in each row How many pencils does she have?,720,2130,False,majority,0.6,0,5,0.0,2,False,,"{'2130': 3, '30': 1, '2140': 1}",,SVAMP,LAMA-3.2-3B
306,baseline,6,Ed had 10 more marbles than Doug. Doug lost 11 of his marbles at the playground. If Ed had 45 marbles How many more marbles did Ed have than Doug then?,21,45,False,coin_flip,0.3333,0,6,0.0,4,True,,"{'45': 2, '22': 1, '10': 2, '0': 1}",,SVAMP,LAMA-3.2-3B
307,baseline,7,26 children were riding on the bus. At the bus stop 38 more children got on the bus How many children are on the bus now?,64,26,False,majority,0.6,2,5,0.4,2,False,,"{'26': 3, '64': 2}",,SVAMP,LAMA-3.2-3B
308,baseline,8,Helen the hippo and her friends are preparing for thanksgiving at Helen's house. Helen baked 31 cookies yesterday 270 cookies this morning and 419 cookies the day before yesterday How many cookies did Helen bake till last night?,450,301,False,majority,0.6,0,5,0.0,2,False,,"{'301': 3, '389': 1}",,SVAMP,LAMA-3.2-3B
309,baseline,9,He then went to see the oranges being harvested. He found out that they harvest 66 sacks per day and that each sack containes 25 oranges How many oranges will they have after 87 days of harvest?,143550,66,False,majority,0.4,0,5,0.0,3,False,,"{'66': 2, '5782': 1, '5280': 1}",,SVAMP,LAMA-3.2-3B
310,baseline,10,An industrial machine made 9 shirts yesterday and 44 shirts today. It can make 3 shirts a minute How many minutes did the machine work yesterday?,3,53,False,refiner_tiebreak,0.3333,0,6,0.0,4,True,,"{'17.6667': 1, '17.67': 1, '': 1, '9': 1, '53': 2}",,SVAMP,LAMA-3.2-3B
311,baseline,11,Bryan took a look at his books and magazines. If he has 9 books and 46 magazines in each of his 10 bookshelves How many magazines does he have in total?,460,9,False,majority,0.4,0,5,0.0,3,False,,"{'9': 2, '136': 1, '40': 1}",,SVAMP,LAMA-3.2-3B
312,baseline,12,Dave had 17 apps on his phone. After adding some he had 18 left How many apps did he add?,1,17,False,majority,1.0,0,5,0.0,0,False,,{'17': 5},,SVAMP,LAMA-3.2-3B
313,baseline,13,Dan has $ 4. He bought a candy bar for $ 7 and a chocolate for $ 6 How much money did he spend buying the candy bar and chocolate?,13,13,True,refiner_tiebreak,0.5,3,6,0.5,3,True,,"{'7': 2, '13': 3, '20': 1}",,SVAMP,LAMA-3.2-3B
314,baseline,14,The bananas in Philip's collection are organized into 196 groups. If there are a total of 392 bananas in Philip's banana collection How big is each group?,2,2,True,majority,0.6,3,5,0.6,2,False,,"{'392': 1, '2': 3}",,SVAMP,LAMA-3.2-3B
315,baseline,15,The cave is 1218 feet deep and they are already at 849 feet. If they are travelling at speed of 17 How much farther until they reach the end of the cave?,369,369,True,majority,0.4,2,5,0.4,3,False,,{'369': 2},,SVAMP,LAMA-3.2-3B
316,baseline,16,The Ferris wheel in paradise park has 4 seats. If 20 people can ride the wheel at the same time How many people can each seat hold?,5,5,True,majority,1.0,5,5,1.0,0,False,,{'5': 5},,SVAMP,LAMA-3.2-3B
317,baseline,17,A farmer had 177 tomatoes and 12 potatoes in his garden. If he picked 53 tomatoes How many tomatoes and potatoes does he have left?,136,177,False,majority,0.6,0,5,0.0,2,False,,"{'177': 3, '124': 2}",,SVAMP,LAMA-3.2-3B
318,baseline,18,Danny collects bottle caps. He lost 66 bottle caps at the park. Now he has 25 bottle caps in his collection How many bottle caps did danny have at first?,91,91,True,majority,1.0,5,5,1.0,0,False,,{'91': 5},,SVAMP,LAMA-3.2-3B
319,baseline,19,"Jack received 4 emails in the morning, 5 emails in the afternoon and 8 emails in the evening How many emails did Jack receive in the afternoon and evening?",13,4,False,majority,0.8,0,5,0.0,1,False,,"{'4': 4, '17': 1}",,SVAMP,LAMA-3.2-3B
320,baseline,20,Paco had 22 sweet cookies and 75 salty cookies. He ate 15 sweet cookies and 54 salty cookies How many sweet cookies did Paco have left?,7,7,True,majority,0.6,3,5,0.6,2,False,,"{'22': 1, '37': 1, '7': 3}",,SVAMP,LAMA-3.2-3B
321,baseline,21,The ring toss game at the carnival made the same amount of money each day. In total in 5 days they earned 165 dollars How much did they make per day?,33,33,True,majority,0.6,3,5,0.6,2,False,,"{'33': 3, '16.5': 1, '165': 1}",,SVAMP,LAMA-3.2-3B
322,baseline,22,Dave had 24 files and 13 apps on his phone. After deleting some apps and files he had 17 apps and 21 files left How many files did he delete?,3,24,False,majority,1.0,0,5,0.0,0,False,,{'24': 5},,SVAMP,LAMA-3.2-3B
323,baseline,23,In a school there are 569 girls and 236 boys How many more girls than boys does the school have?,333,569,False,majority,1.0,0,5,0.0,0,False,,{'569': 5},,SVAMP,LAMA-3.2-3B
324,baseline,24,Rebecca wants to split a collection of eggs into groups of 11. If each group has 2 eggs How many eggs does Rebecca have?,22,2,False,majority,0.4,1,5,0.2,3,False,,"{'24': 1, '2': 2, '22': 1, '4': 1}",,SVAMP,LAMA-3.2-3B
325,baseline,25,Mary is baking a cake. The recipe calls for 7 cups of sugar and 10 cups of flour. She already put in 4 cups of sugar How many more cups of sugar does she need to add?,3,3,True,majority,0.4,2,5,0.4,3,False,,{'3': 2},,SVAMP,LAMA-3.2-3B
326,baseline,26,Dave had 21 apps on his phone. He added 89 new apps. After deleting some he had 24 left How many more apps did he add than he deleted?,3,21,False,majority,0.8,1,5,0.2,1,False,,"{'21': 4, '3': 1}",,SVAMP,LAMA-3.2-3B
327,baseline,27,During summer break 202958 kids from Lawrence county go to camp and the other 777622 kids stay home How many more kids stayed home compared to those who went to the camp?,574664,958,False,majority,0.8,0,5,0.0,1,False,,"{'958': 4, '776664': 1}",,SVAMP,LAMA-3.2-3B
328,baseline,28,The grasshopper and the frog had a jumping contest. The grasshopper jumped 13 inches. The grasshopper jumped 2 inches farther than the grasshopper How far did the frog jump?,11,15,False,coin_flip,0.3333,2,6,0.3333,4,True,,"{'15': 2, '11': 2, '': 2}",,SVAMP,LAMA-3.2-3B
329,baseline,29,Allan brought 3 balloons and 20 balls while Jake brought 5 balloons and 59 balls to the park How many balloons did Allan and Jake have in the park?,8,8,True,majority,0.4,2,5,0.4,3,False,,"{'8': 2, '69': 1, '11': 1, '3': 1}",,SVAMP,LAMA-3.2-3B
330,baseline,30,He then went to see the oranges being harvested. He found out that they harvest 8 sacks per day How many days will it take to harvest 24 sacks of oranges?,3,3,True,majority,1.0,5,5,1.0,0,False,,{'3': 5},,SVAMP,LAMA-3.2-3B
331,baseline,31,Every day Ryan spends 6 hours on learning english and 5 hours on learning chinese. If he learns for 2 days How many hours does he spend on learning english in all?,12,12,True,majority,0.4,2,5,0.4,3,False,,"{'12': 2, '6': 1, '24': 1}",,SVAMP,LAMA-3.2-3B
332,baseline,32,Baker made 144 cakes. He sold 71 of them. Then he made 111 more cakes How many more cakes did baker make than those he sold?,184,73,False,coin_flip,0.3333,0,6,0.0,4,True,,"{'73': 2, '71': 2, '144': 2}",,SVAMP,LAMA-3.2-3B
333,baseline,33,There were 12 people on the bus. At the next stop 4 more people got on the bus. Each bus can not have more than 36 people How many people are there on the bus now?,16,12,False,majority,0.8,0,5,0.0,1,False,,"{'12': 4, '11': 1}",,SVAMP,LAMA-3.2-3B
334,baseline,34,Allan brought 5 balloons and Jake brought 6 balloons to the park. Jake then bought 3 more balloons at the park How many balloons did Jake bring to the park?,9,6,False,majority,0.8,1,5,0.2,1,False,,"{'6': 4, '9': 1}",,SVAMP,LAMA-3.2-3B
335,baseline,35,An industrial machine worked for 5 minutes. It can make 4 shirts a minute How many shirts did machine make?,20,20,True,majority,0.6,3,5,0.6,2,False,,"{'20': 3, '5': 1}",,SVAMP,LAMA-3.2-3B
336,baseline,36,Paco had 9 sweet cookies and 6 salty cookies. He ate 36 sweet cookies and 3 salty cookies How many salty cookies did Paco have left?,3,9,False,majority,0.6,0,5,0.0,2,False,,"{'-21': 1, '0': 1, '9': 3}",,SVAMP,LAMA-3.2-3B
337,baseline,37,A book has 3 chapters. The first chapter is 66 pages long the second chapter is 35 pages long and the third chapter is 24 pages long How many pages does the book have altogether?,125,125,True,majority,1.0,5,5,1.0,0,False,,{'125': 5},,SVAMP,LAMA-3.2-3B
338,baseline,38,Some children were riding on the bus. At the bus stop 2 more children got on the bus. Then there were 41 children altogether on the bus How many children were riding on the bus before the bus stop?,39,41,False,majority,0.6,2,5,0.4,2,False,,"{'41': 3, '39': 2}",,SVAMP,LAMA-3.2-3B
339,baseline,39,Rebecca wants to split a collection of eggs into 3 groups. Rebecca has 4 marbles and 15 eggs How many eggs will each group have?,5,5,True,majority,1.0,5,5,1.0,0,False,,{'5': 5},,SVAMP,LAMA-3.2-3B
340,baseline,40,After finding some bottle caps at the park danny has 32 bottle caps in his collection. If he had 25 bottle caps in his collection earlier How many bottle caps did he find at the park?,7,32,False,majority,0.8,1,5,0.2,1,False,,"{'32': 4, '7': 1}",,SVAMP,LAMA-3.2-3B
341,baseline,41,"Julia played tag with 15 kids on monday, 18 kids on tuesday and 97 kids on wednesday How many kids did she play with on monday and tuesday?",33,15,False,majority,0.8,1,5,0.2,1,False,,"{'33': 1, '15': 4}",,SVAMP,LAMA-3.2-3B
342,baseline,42,In Haley's class some boys love to play marbles. If Haley has 10 marbles and she gave 5 marbles to each boy How many boys did she give the marbles to?,2,2,True,coin_flip,0.3333,2,6,0.3333,4,True,,"{'2': 2, '50': 2, '10': 2}",,SVAMP,LAMA-3.2-3B
343,baseline,43,After resting they decided to go for a swim. If the depth of the water is 10 times Dean's height and he stands at 9 feet How much deeper is the water than Dean's height?,81,,False,majority,1.0,0,5,0.0,0,False,,{'': 5},,SVAMP,LAMA-3.2-3B
344,baseline,44,A book has 3 chapters. The first chapter is 91 pages long the second chapter is 23 pages long and the third chapter is 25 pages long How many more pages does the first chapter have than the second chapter?,68,91,False,majority,0.6,2,5,0.4,2,False,,"{'91': 3, '68': 2}",,SVAMP,LAMA-3.2-3B
345,baseline,45,"After eating a hearty meal they went to see the Buckingham palace. There, Rachel learned that 317 visitors came to the Buckingham palace that day. If there were 295 visitors the previous day How many more visitors visited the Buckingham palace on that day than on the previous day?",22,22,True,refiner_tiebreak,0.5,3,6,0.5,3,True,,"{'295': 2, '17': 1, '22': 3}",,SVAMP,LAMA-3.2-3B
346,baseline,46,The Razorback t-shirt shop made $ 51 dollars from selling 3 t-shirt during the Arkansas and Texas tech game they What is the cost of each t-shirt?,17,17,True,majority,0.6,3,5,0.6,2,False,,"{'16': 1, '17': 3}",,SVAMP,LAMA-3.2-3B
347,baseline,47,"Jack received 3 emails in the morning, 4 emails in the afternoon and 8 emails in the evening How many emails did Jack receive in the morning and evening?",11,3,False,majority,0.6,0,5,0.0,2,False,,"{'3': 3, '15': 2}",,SVAMP,LAMA-3.2-3B
348,baseline,48,Lawrence county has 313473 kids. During summer break 274865 kids stay home and the rest go to camp How many kids go to the camp during the break?,38608,338608,False,coin_flip,0.1667,0,6,0.0,5,True,,"{'338608': 1, '314608': 1, '33808': 1, '43808': 1, '': 1, '53808': 1}",,SVAMP,LAMA-3.2-3B
349,baseline,49,The grasshopper and the frog had a jumping contest. The grasshopper jumped 35 inches. The grasshopper jumped 4 inches farther than the frog How much did they jump altogether?,66,35,False,majority,0.2,0,5,0.0,4,False,,{'35': 1},,SVAMP,LAMA-3.2-3B
350,baseline,50,Winter is almost here and most animals are migrating to warmer countries. There are 3 bird families living near the mountain. 26 new bird families came to live near the mountain from the arctic while 2 bird families flew away further south for winter How many bird families were left near the mountain?,27,26,False,majority,0.4,0,5,0.0,3,False,,"{'26': 2, '29': 1, '1': 1, '-23': 1}",,SVAMP,LAMA-3.2-3B
351,baseline,51,Adam could fit 8 action figures and 10 cabinets on each shelf in his room. His room has 4 shelves How many total items could his shelves hold?,72,8,False,majority,0.4,1,5,0.2,3,False,,"{'72': 1, '32': 1, '8': 2}",,SVAMP,LAMA-3.2-3B
352,baseline,52,Robin's hair was 16 inches long. He cut off 11 inches. Then it again grew by 12 inches How long is his hair now?,17,16,False,majority,0.2,0,5,0.0,4,False,,{'16': 1},,SVAMP,LAMA-3.2-3B
353,baseline,53,Friends of Katie had 57 games and she had 63 ds games How many more games does Katie have than her friends?,6,57,False,majority,0.6,1,5,0.2,2,False,,"{'57': 3, '-6': 1, '6': 1}",,SVAMP,LAMA-3.2-3B
354,baseline,54,Lucy went to the grocery store. She bought 10 packs of cookie and 4 packs of cake How many more packs of cookie did she buy over cake?,6,10,False,majority,0.8,0,5,0.0,1,False,,"{'10': 4, '20': 1}",,SVAMP,LAMA-3.2-3B
355,baseline,55,"6 red peaches, 90 yellow peaches and 16 green peaches are in the basket How many red and green peaches are in the basket?",22,16,False,coin_flip,0.3333,2,6,0.3333,4,True,,"{'16': 2, '6': 1, '22': 2, '0': 1}",,SVAMP,LAMA-3.2-3B
356,baseline,56,Mary is baking a cake. The recipe calls for 10 cups of flour 2 cups of sugar and 80 cups of salt. She already put in 7 cups of flour How many more cups of flour than cups of sugar does she need to add now?,1,3,False,majority,0.2,0,5,0.0,4,False,,{'3': 1},,SVAMP,LAMA-3.2-3B
357,baseline,57,Paco had 17 cookies. He ate 14 cookies and gave 13 of them to his friend How many more cookies did he eat than those he gave to his friend?,1,3,False,majority,0.4,1,5,0.2,3,False,,"{'4': 1, '1': 1, '3': 2}",,SVAMP,LAMA-3.2-3B
358,baseline,58,In a school there are 315 girls and 309 boys. There are also 772 teachers How many people are there in that school?,1396,1544,False,majority,0.4,0,5,0.0,3,False,,"{'1404': 1, '1544': 2, '1364': 1, '1454': 1}",,SVAMP,LAMA-3.2-3B
359,baseline,59,There are some baskets of peaches. Each basket has 4 red peaches and 3 green peaches. If there are a total of 7 peaches in all baskets How many baskets of peaches are there?,1,28,False,majority,0.4,1,5,0.2,3,False,,"{'1': 1, '28': 2, '1.75': 1, '2': 1}",,SVAMP,LAMA-3.2-3B
360,baseline,60,Jessie currently weighs 27 kilograms. After she started to go jogging everyday she lost 101 kilograms How much did she weigh before starting to jog?,128,,False,majority,1.0,0,5,0.0,0,False,,{'': 5},,SVAMP,LAMA-3.2-3B
361,baseline,61,David did 51 push-ups in gym class today. David did 49 more push-ups than Zachary How many push-ups did Zachary and David do altogether?,53,53,True,majority,0.4,2,5,0.4,3,False,,"{'2': 1, '100': 1, '53': 2, '151': 1}",,SVAMP,LAMA-3.2-3B
362,baseline,62,In a school there are 362 boys and 257 girls. 403 more girls joined the school How many more girls than boys does the school have?,298,362,False,majority,0.8,0,5,0.0,1,False,,"{'257': 1, '362': 4}",,SVAMP,LAMA-3.2-3B
363,baseline,63,Josh had 22 marbles in his collection. He found 13 marbles ones while he lost 5 marbles How many marbles does he have now?,30,22,False,majority,0.6,0,5,0.0,2,False,,"{'22': 3, '17': 1, '5': 1}",,SVAMP,LAMA-3.2-3B
364,baseline,64,"After eating a hearty meal they went to see the Buckingham palace. There were 39 paintings in the Buckingham palace. There, Rachel learned that 661 visitors came to the Buckingham palace that day. If there were 600 visitors the previous day How many more visitors visited the Buckingham palace on that day than on the previous day?",61,61,True,majority,0.6,3,5,0.6,2,False,,"{'61': 3, '661': 1, '600': 1}",,SVAMP,LAMA-3.2-3B
365,baseline,65,Nell collects baseball cards. She had 566 cards while Jeff had 234 cards. She gave some of her cards to Jeff and now has 535 cards left How many cards does Jeff have now?,265,31,False,refiner_tiebreak,0.3333,0,6,0.0,4,True,,"{'31': 2, '566': 1, '535': 1, '-301': 1, '233': 1}",,SVAMP,LAMA-3.2-3B
366,baseline,66,Randy uses 36 blocks to build a tower. If he had 59 blocks How many blocks are left?,23,59,False,majority,0.4,0,5,0.0,3,False,,"{'-23': 1, '59': 2, '36': 1, '95': 1}",,SVAMP,LAMA-3.2-3B
367,baseline,67,At the stop 8 more people got on the train. Initially there were 11 people on the train How many people are there on the train now?,19,11,False,majority,1.0,0,5,0.0,0,False,,{'11': 5},,SVAMP,LAMA-3.2-3B
368,baseline,68,Rachel has 3 apple trees. She picked 8 apples from each of her trees. Now the trees have a total 9 apples still on them How many apples were there on all trees initially?,33,24,False,majority,0.4,0,5,0.0,3,False,,"{'25': 1, '9': 1, '24': 2, '18': 1}",,SVAMP,LAMA-3.2-3B
369,baseline,69,43 children were riding on the bus. At the bus stop some children got off the bus. Then there were 21 children left on the bus How many children got off the bus at the bus stop?,22,43,False,majority,0.6,2,5,0.4,2,False,,"{'43': 3, '22': 2}",,SVAMP,LAMA-3.2-3B
370,baseline,70,5 red peaches and 11 green peaches are in the basket How many more green peaches than red peaches are in the basket?,6,11,False,majority,0.8,0,5,0.0,1,False,,"{'11': 4, '5': 1}",,SVAMP,LAMA-3.2-3B
371,baseline,71,Nell collects cards. She had 246 baseball cards and 214 Ace cards. She gave some of her cards to Jeff and now has 404 baseball cards and 495 Ace cards left How many more Ace cards than baseball cards does Nell have?,91,404,False,refiner_tiebreak,0.3333,1,6,0.1667,4,True,,"{'404': 2, '214': 1, '281': 1, '91': 1, '899': 1}",,SVAMP,LAMA-3.2-3B
372,baseline,72,Each pack of dvds costs 76 dollars. If there is a discount of 25 dollars on each pack How much do you have to pay to buy each pack?,51,76,False,majority,1.0,0,5,0.0,0,False,,{'76': 5},,SVAMP,LAMA-3.2-3B
373,baseline,73,They decided to hold the party in their backyard. They have 14 chairs for each set of table. If they have 9 sets of tables How many more chairs than tables do they have?,117,126,False,majority,0.8,1,5,0.2,1,False,,"{'126': 4, '117': 1}",,SVAMP,LAMA-3.2-3B
374,baseline,74,Next on his checklist is wax to stick the feathers together and colors to paint them. He needs a total of 57 g of colors to paint them. He needs 22 g of wax more. If the feathers require a total of 353 g of wax How many grams of wax does he already have?,331,,False,refiner_tiebreak,0.5,0,6,0.0,3,True,,"{'': 3, '57': 1, '26': 1, '-318': 1}",,SVAMP,LAMA-3.2-3B
375,baseline,75,Frank was reading through his favorite book. The book had 2 chapters each with 405 pages. It took frank 664 days to finish the book How many chapters did he read per day?,332,810,False,majority,0.4,0,5,0.0,3,False,,"{'810': 2, '1': 1}",,SVAMP,LAMA-3.2-3B
376,baseline,76,Jerry had 5 action figures and 2 books on a shelf in his room. Later he added 9 more books to the shelf How many more books than action figures were on his shelf?,6,5,False,majority,0.6,1,5,0.2,2,False,,"{'5': 3, '6': 1, '9': 1}",,SVAMP,LAMA-3.2-3B
377,baseline,77,Paul got a box of some crayons for his birthday. By the end of the school year he had either lost or given away 551 of them and only had 177 left How many crayons did he get for his birthday?,728,551,False,majority,0.6,1,5,0.2,2,False,,"{'728': 1, '551': 3, '-323': 1}",,SVAMP,LAMA-3.2-3B
378,baseline,78,Because of the decision Sofia asked the students to suggest specific types of food. If 324 students suggested adding mashed potatoes 374 suggested adding bacon to the menu and 128 suggested adding tomatoes How many students participated in the suggestion of new food items?,826,698,False,coin_flip,0.3333,2,6,0.3333,4,True,,"{'698': 2, '324': 2, '826': 2}",,SVAMP,LAMA-3.2-3B
379,baseline,79,A book has 31 chapters. Each chapter is 61 pages long How many pages does the book have altogether?,1891,31,False,majority,0.8,1,5,0.2,1,False,,"{'31': 4, '1891': 1}",,SVAMP,LAMA-3.2-3B
380,baseline,80,The school is planning a field trip. The school has 67 classrooms. There are 66 students in each classroom in the school. If there are 6 seats on each school bus How many buses are needed to take the trip?,737,67,False,majority,0.6,0,5,0.0,2,False,,"{'67': 3, '4408': 1, '66': 1}",,SVAMP,LAMA-3.2-3B
381,baseline,81,Bobby ate 33 pieces of candy. Then he ate 4 more. He also ate 14 pieces of chocolate How many pieces of candy and chocolate did Bobby eat altogether?,51,51,True,majority,0.4,2,5,0.4,3,False,,"{'4': 1, '51': 2, '37': 1, '43': 1}",,SVAMP,LAMA-3.2-3B
382,baseline,82,Paco had 36 cookies. He gave 14 cookies to his friend and ate 10 cookies How many cookies did Paco have left?,12,36,False,majority,0.6,0,5,0.0,2,False,,"{'36': 3, '22': 2}",,SVAMP,LAMA-3.2-3B
383,baseline,83,Paige raised 15 goldfish in the pond but stray cats loved eating them. 5 were eaten How many goldfish remained?,10,15,False,majority,0.6,1,5,0.2,2,False,,"{'15': 3, '5': 1, '10': 1}",,SVAMP,LAMA-3.2-3B
384,baseline,84,During summer break 61619 kids from Lawrence county stayed home and the rest went to camp. The total number of kids in Lawrence county is 91676 About how many kids in Lawrence county went to camp?,30057,,False,refiner_tiebreak,0.6667,1,6,0.1667,2,True,,"{'': 4, '911660': 1, '30057': 1}",,SVAMP,LAMA-3.2-3B
385,baseline,85,2 children were riding on the bus. At the bus stop some more children got on the bus. Then there were 10 children altogether on the bus How many more children are on the bus now than there were before the bus stop?,8,8,True,majority,0.6,3,5,0.6,2,False,,"{'10': 2, '8': 3}",,SVAMP,LAMA-3.2-3B
386,baseline,86,3 birds were sitting on the fence. 2 more birds and 6 more storks came to join them How many more storks than birds are sitting on the fence?,1,3,False,majority,0.8,0,5,0.0,1,False,,"{'0': 1, '3': 4}",,SVAMP,LAMA-3.2-3B
387,baseline,87,The Ferris wheel in paradise park has 6 seats. Each seat can hold 14 people. If there are 16 people on the wheel right now How many more people can join the wheel?,68,84,False,majority,0.6,1,5,0.2,2,False,,"{'84': 3, '68': 1, '-10': 1}",,SVAMP,LAMA-3.2-3B
388,baseline,88,He then went to see the oranges being harvested. He found out that they harvest 74 sacks per day and discard 71 of them How many sacks of oranges will they have after 51 days of harvest?,153,74,False,majority,0.4,1,5,0.2,3,False,,"{'7315': 1, '0': 1, '74': 2, '153': 1}",,SVAMP,LAMA-3.2-3B
389,baseline,89,The Razorback shop makes $ 115 dollars off each jersey and $ 25 off each t-shirt. During the Arkansas and Texas tech game they sold 113 t-shirts and 78 jerseys How much more does a jersey cost than a t-shirt?,90,,False,refiner_tiebreak,0.5,0,6,0.0,3,True,,"{'': 3, '1170': 1, '8950': 1, '115': 1}",,SVAMP,LAMA-3.2-3B
390,baseline,90,Next on his checklist is wax to stick the feathers together and colors to paint them. He needs a total of 49 g of colors to paint them. If the feathers require 288 g of wax and right now he just needs 260 g How many grams of wax does he already have?,28,,False,refiner_tiebreak,0.3333,0,6,0.0,4,True,,"{'-77': 1, '-211': 1, '': 2, '19': 1, '-499': 1}",,SVAMP,LAMA-3.2-3B
391,baseline,91,Paul had 21 books. After selling some in a garage sale he bought 42 new ones. If he has 15 books now How many more books did he sell than he bought?,6,21,False,majority,0.6,0,5,0.0,2,False,,"{'21': 3, '42': 2}",,SVAMP,LAMA-3.2-3B
392,baseline,92,"Julia played tag with 9 kids on monday, 7 kids on tuesday and 96 kids on wednesday How many more kids did she play with on monday than on tuesday?",2,9,False,majority,0.6,2,5,0.4,2,False,,"{'9': 3, '2': 2}",,SVAMP,LAMA-3.2-3B
393,baseline,93,There are 65 baskets of peaches. Each basket has 7 red peaches and 3 green peaches How many peaches are in each basket?,10,7,False,majority,0.8,1,5,0.2,1,False,,"{'10': 1, '7': 4}",,SVAMP,LAMA-3.2-3B
394,baseline,94,You had 14 bags with equal number of cookies. If you had 28 cookies and 86 candies in total How many bags of cookies do you have?,2,2,True,majority,1.0,5,5,1.0,0,False,,{'2': 5},,SVAMP,LAMA-3.2-3B
395,baseline,95,Carol was sending out birthday invitations to her friends. Each package of invitations she bought had 14 invitations in it and she bought 6 packs. Then she bought 11 extra invitations How many friends can she invite?,95,,False,refiner_tiebreak,0.3333,1,6,0.1667,4,True,,"{'95': 1, '7.8': 1, '96': 1, '': 2, '84': 1}",,SVAMP,LAMA-3.2-3B
396,baseline,96,Baker made 155 cakes. If his friend bought 140 cakes from him How many cakes would baker still have?,15,155,False,majority,0.6,1,5,0.2,2,False,,"{'5': 1, '155': 3, '15': 1}",,SVAMP,LAMA-3.2-3B
397,baseline,97,A grocery store had 22 bottles of regular soda and 61 bottles of diet soda How many more bottles of diet soda than regular soda did they have?,39,22,False,majority,1.0,0,5,0.0,0,False,,{'22': 5},,SVAMP,LAMA-3.2-3B
398,baseline,98,"A grocery store had 36 apples, 80 bottles of regular soda and 54 bottles of diet soda How many more bottles than apple did they have?",98,134,False,majority,0.4,0,5,0.0,3,False,,"{'134': 2, '36': 1, '44': 1, '90': 1}",,SVAMP,LAMA-3.2-3B
399,baseline,99,Ryan learns english and chinese for 7 days. Every day he spends 4 hours on learning english and 5 hours on learning chinese How many hours does he spend on learning english and chinese in all?,63,63,True,majority,0.4,2,5,0.4,3,False,,"{'63': 2, '7': 1}",,SVAMP,LAMA-3.2-3B
400,baseline,100,Debby drinks 6 bottles a day. If she bought a total of 12 water bottles How many days would they last her?,2,2,True,majority,0.8,4,5,0.8,1,False,,"{'2': 4, '1': 1}",,SVAMP,LAMA-3.2-3B
401,baseline,101,David did 44 push-ups in gym class today. David did 9 more push-ups than Zachary How many push-ups did Zachary do?,35,44,False,majority,0.8,1,5,0.2,1,False,,"{'44': 4, '35': 1}",,SVAMP,LAMA-3.2-3B
402,baseline,102,Mom buys 51 white t - shirts. If white t - shirts can be purchased in packages of 3 How many packages will she have?,17,17,True,majority,0.6,3,5,0.6,2,False,,"{'17': 3, '150': 1}",,SVAMP,LAMA-3.2-3B
403,baseline,103,During summer break 907611 kids from Lawrence county stay home and the other 455682 kids go to camp About how many kids are in Lawrence county?,1363293,1362933,False,majority,0.6,0,5,0.0,2,False,,"{'1362933': 3, '1351933': 1}",,SVAMP,LAMA-3.2-3B
404,baseline,104,Danny collects bottle caps and wrappers. He found 66 wrappers and 39 bottle caps at the park. Now he has 16 bottle caps and 68 wrappers in his collection How many wrappers did danny have at first?,2,134,False,majority,0.4,0,5,0.0,3,False,,"{'68': 1, '134': 2, '82': 1, '84': 1}",,SVAMP,LAMA-3.2-3B
405,baseline,105,After Jessie started to go jogging everyday she lost 35 kilograms. She weighed 69 kilograms before beginning jogging How much does she weigh now?,34,34,True,majority,0.4,2,5,0.4,3,False,,{'34': 2},,SVAMP,LAMA-3.2-3B
406,baseline,106,Josh had 20 marbles in his collection. He gave 2 marbles to Jack How many marbles does Josh have now?,18,20,False,majority,1.0,0,5,0.0,0,False,,{'20': 5},,SVAMP,LAMA-3.2-3B
407,baseline,107,Zachary did 15 push-ups in gym class today. David did 39 more push-ups than Zachary. John did 9 push-ups less than David How many more push-ups did Zachary do than John?,30,15,False,coin_flip,0.3333,0,6,0.0,4,True,,"{'15': 2, '45': 1, '54': 2, '': 1}",,SVAMP,LAMA-3.2-3B
408,baseline,108,Lewis earns $ 368 every week during the 1359 weeks of harvest. If he has to pay $ 388 rent every week How much money does he pay as rent during the harvest season?,527292,1359,False,majority,0.6,0,5,0.0,2,False,,"{'368': 2, '1359': 3}",,SVAMP,LAMA-3.2-3B
409,baseline,109,Winter is almost here and most animals are migrating to warmer countries. There are 18 bird families living near the mountain. If 38 bird families flew away to africa and 80 bird families flew away to asia How many bird families flew away for the winter?,118,38,False,majority,0.8,1,5,0.2,1,False,,"{'38': 4, '118': 1}",,SVAMP,LAMA-3.2-3B
410,baseline,110,Mary is baking a cake. The recipe calls for 11 cups of sugar 6 cups of flour and 9 cups of salt. She already put in 12 cups of flour How many more cups of sugar than cups of salt does she need to add now?,2,1,False,majority,0.4,0,5,0.0,3,False,,"{'1': 2, '5': 1}",,SVAMP,LAMA-3.2-3B
411,baseline,111,Jessie weighed 114 kilograms. After she started to go jogging everyday she lost 50 kilograms in the first week and 60 kilograms in the second week How much does she weigh now?,4,114,False,majority,0.2,0,5,0.0,4,False,,{'114': 1},,SVAMP,LAMA-3.2-3B
412,baseline,112,Jesse's room is 7 feet long. If she needs a carpet of size 14 square feet What is the width of her room?,2,2,True,majority,0.2,1,5,0.2,4,False,,{'2': 1},,SVAMP,LAMA-3.2-3B
413,baseline,113,A farmer had 175 tomatoes and 77 potatoes in his garden. If he picked 172 potatoes How many tomatoes and potatoes does he have left?,80,175,False,majority,0.6,0,5,0.0,2,False,,"{'175': 3, '252': 2}",,SVAMP,LAMA-3.2-3B
414,baseline,114,The Ferris wheel in paradise park has 3 small seats and 7 large seats. Each small seat can hold 16 people and large seat can hold 12 people How many people can ride the Ferris wheel on large seats?,84,84,True,majority,0.6,3,5,0.6,2,False,,"{'84': 3, '70': 2}",,SVAMP,LAMA-3.2-3B
415,baseline,115,Bobby had 22 pieces of candy. He ate some pieces of candy. Then he ate 5 more. If he still has 8 pieces of candy left How many pieces of candy had he eaten at the start?,9,17,False,majority,0.6,0,5,0.0,2,False,,"{'14': 1, '17': 3}",,SVAMP,LAMA-3.2-3B
416,baseline,116,There are 2 baskets of peaches. Each basket has 4 red peaches and some more green peaches. If there are a total of 12 peaches in all baskets How many green peaches are in each basket?,2,2,True,majority,0.4,2,5,0.4,3,False,,"{'4': 1, '12': 1, '8': 1, '2': 2}",,SVAMP,LAMA-3.2-3B
417,baseline,117,Baker made some cakes. He sold 145 of them. If he still has 72 cakes left How many cakes did baker make?,217,217,True,majority,0.6,3,5,0.6,2,False,,"{'217': 3, '145': 1, '1450': 1}",,SVAMP,LAMA-3.2-3B
418,baseline,118,David did 40 more push-ups but 17 less crunches than Zachary in gym class today. If Zachary did 34 push-ups and 62 crunches How many crunches did David do?,45,74,False,coin_flip,0.1667,0,6,0.0,5,True,,"{'74': 1, '57': 1, '17': 1, '96': 1, '34': 1, '6': 1}",,SVAMP,LAMA-3.2-3B
419,baseline,119,Olivia spent 78 dollars at a supermarket. If she has 33 dollars left with her How much money did she have initially?,111,111,True,majority,0.8,4,5,0.8,1,False,,"{'111': 4, '78': 1}",,SVAMP,LAMA-3.2-3B
420,baseline,120,Bobby ate 17 pieces of candy. Then he ate 15 more. If he initially had 36 pieces of candy How many pieces of candy does he still have left?,4,36,False,majority,1.0,0,5,0.0,0,False,,{'36': 5},,SVAMP,LAMA-3.2-3B
421,baseline,121,An industrial machine made 13 shirts yesterday and 3 shirts today. It can make 8 shirts a minute How many minutes did the machine work in all?,2,16,False,majority,0.6,0,5,0.0,2,False,,"{'16': 3, '13': 1, '18': 1}",,SVAMP,LAMA-3.2-3B
422,baseline,122,They decided to hold the party in their backyard. They have 12 sets of tables and each set has 14 chairs. There are also 6 chairs extra How many chairs do they have for the guests?,174,168,False,majority,0.4,1,5,0.2,3,False,,"{'168': 2, '14': 1, '174': 1}",,SVAMP,LAMA-3.2-3B
423,baseline,123,Adam has 10 apples. Jackie has 2 apples How many more apples does Adam have than Jackie?,8,10,False,majority,1.0,0,5,0.0,0,False,,{'10': 5},,SVAMP,LAMA-3.2-3B
424,baseline,124,Jake has 7 fewer peaches than Steven and 9 more peaches than Jill. Steven has 16 peaches How many peaches does Jake have?,9,16,False,majority,0.4,1,5,0.2,3,False,,"{'9': 1, '16': 2, '32': 1, '23': 1}",,SVAMP,LAMA-3.2-3B
425,baseline,125,Dan has $ 5. He bought a candy bar for $ 2 and a chocolate for $ 3 How much money did he spend to buy chocolate than he did to buy candy bar?,1,2,False,majority,0.6,1,5,0.2,2,False,,"{'2': 3, '1': 1}",,SVAMP,LAMA-3.2-3B
426,baseline,126,There are 8 different movies and 21 different books in the ' crazy silly school ' series. If you read 7 of the books and watched 4 of the movies How many more movies do you still have to watch?,4,1,False,coin_flip,0.3333,2,6,0.3333,4,True,,"{'1': 2, '4': 2, '14': 1, '9': 1}",,SVAMP,LAMA-3.2-3B
427,baseline,127,White t - shirts can be purchased in packages of 13. If mom buys 39 white t - shirts How many packages will she have?,3,3,True,majority,0.8,4,5,0.8,1,False,,"{'3': 4, '36': 1}",,SVAMP,LAMA-3.2-3B
428,baseline,128,Julia played tag with 19 kids on monday. She played tag with 18 kids on tuesday. She spent a total of 38 hours to play tag on both days How many more kids did she play with on monday than on tuesday?,1,19,False,majority,0.8,0,5,0.0,1,False,,"{'19': 4, '11': 1}",,SVAMP,LAMA-3.2-3B
429,baseline,129,3 birds and 4 storks were sitting on the fence. 6 more storks came to join them How many birds and storks are sitting on the fence?,13,3,False,majority,0.8,0,5,0.0,1,False,,"{'3': 4, '9': 1}",,SVAMP,LAMA-3.2-3B
430,baseline,130,He then went to see the oranges being harvested. He found out that they harvest 16 sacks per day and that each sack containes 57 oranges How many days will it take to harvest 80 sacks of oranges?,5,5,True,majority,0.8,4,5,0.8,1,False,,"{'5': 4, '1280': 1}",,SVAMP,LAMA-3.2-3B
431,baseline,131,Adam has 3 more apples than jackie. Adam has 9 apples How many apples does Jackie have?,6,9,False,majority,0.8,0,5,0.0,1,False,,"{'8': 1, '9': 4}",,SVAMP,LAMA-3.2-3B
432,baseline,132,An industrial machine can make 3 shirts per minute. It made 6 shirts in all How many minutes was the machine working?,2,2,True,majority,0.6,3,5,0.6,2,False,,"{'2': 3, '18': 2}",,SVAMP,LAMA-3.2-3B
433,baseline,133,Allan brought 5 balloons. If Allan and Jake brought total of 6 balloons to the park How many balloons did Jake bring to the park?,1,6,False,refiner_tiebreak,0.5,2,6,0.3333,3,True,,"{'1': 2, '6': 3, '5': 1}",,SVAMP,LAMA-3.2-3B
434,baseline,134,After resting they decided to go for a swim. The depth of the water is 9 times Dean's height. If Ron is 15 feet tall and Dean is 6 feet shorter than Ron How deep was the water?,81,9,False,majority,0.2,0,5,0.0,4,False,,{'9': 1},,SVAMP,LAMA-3.2-3B
435,baseline,135,"The grasshopper, the frog and the mouse had a jumping contest. The grasshopper jumped 39 inches. The grasshopper jumped 19 inches farther than the frog and the mouse jumped 12 inches lesser than the frog How far did the mouse jump?",8,,False,refiner_tiebreak,0.5,0,6,0.0,3,True,,"{'': 3, '26': 1, '39': 1, '-2': 1}",,SVAMP,LAMA-3.2-3B
436,baseline,136,Tiffany was collecting cans for recycling. On monday she had 3 bags of cans. The next day she found 7 more bags of cans and 44 bags of bottles How many bags of cans did she have altogether?,10,10,True,majority,0.8,4,5,0.8,1,False,,"{'3': 1, '10': 4}",,SVAMP,LAMA-3.2-3B
437,baseline,137,Jerry had 2 action figures and 10 books on a shelf in his room. Later he added 4 more action figures to the shelf How many more books than action figures were on his shelf?,4,2,False,majority,0.6,1,5,0.2,2,False,,"{'10': 1, '2': 3, '4': 1}",,SVAMP,LAMA-3.2-3B
438,baseline,138,Winter is almost here and most animals are migrating to warmer countries. 86 bird families flew away for the winter from near a mountain. If there were 45 bird families living near the mountain initially How many more bird families flew away for the winter than those that stayed behind?,127,41,False,majority,0.6,0,5,0.0,2,False,,"{'41': 3, '86': 1, '-4': 1}",,SVAMP,LAMA-3.2-3B
439,baseline,139,There are 11 baskets of peaches. Each basket has 10 red peaches and 18 green peaches How many peaches are in the baskets altogether?,308,28,False,majority,0.6,1,5,0.2,2,False,,"{'28': 3, '308': 1, '110': 1}",,SVAMP,LAMA-3.2-3B
440,baseline,140,Adam has 9 apples. Jackie has 10 apples How many more apples does Jackie have than Adam?,1,9,False,majority,1.0,0,5,0.0,0,False,,{'9': 5},,SVAMP,LAMA-3.2-3B
441,baseline,141,The school is planning a field trip. The school has 72 classrooms. There are 3 seats on each school bus. If there are a total of 111 students in the school How many buses are needed to take the trip?,37,111,False,majority,0.6,1,5,0.2,2,False,,"{'111': 3, '38': 1, '37': 1}",,SVAMP,LAMA-3.2-3B
442,baseline,142,Kelly has 80 nintendo games. She found 31 more nintendo games How many does she need to give away so that she will have 6 games left?,105,111,False,majority,0.6,0,5,0.0,2,False,,"{'111': 3, '80': 2}",,SVAMP,LAMA-3.2-3B
443,baseline,143,Paco had 40 cookies. He ate 2 of them. Then he bought 37 more cookies How many cookies did Paco have left?,75,38,False,majority,0.6,0,5,0.0,2,False,,"{'40': 1, '38': 3, '2': 1}",,SVAMP,LAMA-3.2-3B
444,baseline,144,Mary is baking a cake. The recipe calls for 6 cups of sugar and 9 cups of flour. She already put in 2 cups of flour How many more cups of flour than cups of sugar does she need to add now?,1,7,False,majority,0.6,0,5,0.0,2,False,,"{'7': 3, '9': 1}",,SVAMP,LAMA-3.2-3B
445,baseline,145,Paul got a box of 457 erasers and 617 crayons for his birthday. At the end of the school year he only had 523 crayons left while not having lost a single eraser How many more crayons than erasers did he have left?,66,-66,False,majority,0.6,0,5,0.0,2,False,,"{'-66': 3, '457': 2}",,SVAMP,LAMA-3.2-3B
446,baseline,146,There are 4 different books and 17 different movies in the ' crazy silly school ' series. If you read 19 of the books and watched 7 of the movies How many more movies do you still have to watch?,10,14,False,coin_flip,0.1667,1,6,0.1667,5,True,,"{'14': 1, '-2': 1, '5': 1, '4': 1, '10': 1, '7': 1}",,SVAMP,LAMA-3.2-3B
447,baseline,147,Debby bought some water bottles when they were on sale. She drank 109 bottles a day. If the bottles lasted for 74 days How many bottles had she bought?,8066,7640,False,majority,0.4,0,5,0.0,3,False,,"{'7640': 2, '8086': 1, '7659': 1, '7700': 1}",,SVAMP,LAMA-3.2-3B
448,baseline,148,Katie had 62 new games and 80 old games. Her friends had 73 new games and 41 old games How many old games do they have 3,121,135,False,majority,0.4,0,5,0.0,3,False,,"{'80': 1, '249': 1, '114': 1, '135': 2}",,SVAMP,LAMA-3.2-3B
449,baseline,149,We ordered 9 pizzas. Each pizza has 10 slices. If there are 2 of us How many slices of pizza does each of us get if distributed equally?,45,45,True,majority,0.8,4,5,0.8,1,False,,"{'45': 4, '90': 1}",,SVAMP,LAMA-3.2-3B
450,baseline,150,6 storks and 2 birds were sitting on the fence. 3 more birds came to join them How many more storks than birds are sitting on the fence?,1,6,False,majority,0.6,0,5,0.0,2,False,,"{'3': 1, '6': 3, '4': 1}",,SVAMP,LAMA-3.2-3B
451,baseline,151,During summer break 819058 kids from Lawrence county go to camp and the other 668278 kids stay home How many more kids spent their summer break at the camp compared to those who stayed home?,150780,819058,False,majority,0.8,0,5,0.0,1,False,,"{'819058': 4, '1483360': 1}",,SVAMP,LAMA-3.2-3B
452,baseline,152,At the arcade Dave had won 7 tickets. He used some tickets to buy toys. If he still has 2 tickets left How many tickets did Dave use to buy toys?,5,7,False,majority,0.6,2,5,0.4,2,False,,"{'5': 2, '7': 3}",,SVAMP,LAMA-3.2-3B
453,baseline,153,Jerry had some action figures on a shelf in his room. Later he added 7 more action figures to the shelf. If there are a total of 10 action figures on his shelf now How many action figures did he have initially on the shelf?,3,3,True,majority,0.8,4,5,0.8,1,False,,"{'10': 1, '3': 4}",,SVAMP,LAMA-3.2-3B
454,baseline,154,Paul had 71 books. After selling some in a garage sale he bought 38 new ones. If he has 116 books now How many more books did he buy than he sold?,45,71,False,majority,0.8,1,5,0.2,1,False,,"{'71': 4, '45': 1}",,SVAMP,LAMA-3.2-3B
455,baseline,155,Paul got a box of some crayons for his birthday. During the school year he gave 52 crayons to his friends while he lost 535 crayons. If he only had 492 crayons left How many crayons had been lost or given away?,587,492,False,majority,0.4,0,5,0.0,3,False,,"{'492': 2, '535': 1, '91': 1, '80': 1}",,SVAMP,LAMA-3.2-3B
456,baseline,156,Adam could fit 11 action figures on each shelf in his room. His room has 4 shelves and 40 cabinets How many total action figures could his shelves hold?,44,44,True,majority,1.0,5,5,1.0,0,False,,{'44': 5},,SVAMP,LAMA-3.2-3B
457,baseline,157,The ring toss game at the carnival made 144 dollars per day. They were at the carnival for 22 days How much money did they make?,3168,3168,True,refiner_tiebreak,0.3333,2,6,0.3333,4,True,,"{'22': 1, '': 1, '2200': 1, '144': 1, '3168': 2}",,SVAMP,LAMA-3.2-3B
458,baseline,158,Brenda's mother made cookies for 5. She prepared 22 cookies but had to throw away 17 cookies. If each of them had the same number of cookies How many did each of them have?,1,5,False,majority,0.6,0,5,0.0,2,False,,"{'5': 3, '17': 1, '2.5': 1}",,SVAMP,LAMA-3.2-3B
459,baseline,159,White t - shirts can be purchased in packages of 53. If mom buys 57 packages of white t - shirts and 34 trousers How many white t - shirts will she have?,3021,34,False,majority,0.6,0,5,0.0,2,False,,"{'1788': 1, '37': 1, '34': 3}",,SVAMP,LAMA-3.2-3B
460,baseline,160,He then went to see the oranges being harvested. He found out that they harvest 5 sacks of ripe oranges and 74 sacks of unripe oranges per day How many more sacks of unripe oranges than ripe oranges are harvested per day?,69,74,False,majority,1.0,0,5,0.0,0,False,,{'74': 5},,SVAMP,LAMA-3.2-3B
461,baseline,161,"Julia played tag with 14 kids on monday, 2 kids on tuesday and 8 kids on wednesday How many more kids did she play with on monday than on wednesday?",6,14,False,majority,0.8,0,5,0.0,1,False,,"{'14': 4, '16': 1}",,SVAMP,LAMA-3.2-3B
462,baseline,162,Paco had 13 cookies. He ate 2 of them. Then he bought 36 more cookies How many more cookies did he buy than those he ate?,34,11,False,coin_flip,0.3333,1,6,0.1667,4,True,,"{'11': 2, '36': 1, '47': 2, '34': 1}",,SVAMP,LAMA-3.2-3B
463,baseline,163,White t - shirts can be purchased in packages. If mom buys 28 packages which contain 56 white t - shirts in total How many white t - shirts does each package have?,2,,False,coin_flip,0.3333,2,6,0.3333,4,True,,"{'': 2, '56': 1, '4': 1, '2': 2}",,SVAMP,LAMA-3.2-3B
464,baseline,164,The school has 304 grades and each grade has 75 students How many students were there in total?,22800,304,False,majority,0.6,0,5,0.0,2,False,,"{'21000': 1, '21004': 1, '304': 3}",,SVAMP,LAMA-3.2-3B
465,baseline,165,He then went to see the oranges being harvested. He found out that they harvest 25 sacks of unripe oranges and 5 sacks of ripe oranges per day How many sacks of ripe oranges will they have after 73 days of harvest?,365,1095,False,majority,0.4,0,5,0.0,3,False,,"{'1095': 2, '25': 1, '15': 1, '2100': 1}",,SVAMP,LAMA-3.2-3B
466,baseline,166,The Razorback shop makes $ 192 dollars off each t-shirt and $ 34 off each jersey. During the Arkansas and Texas tech game they sold 157 t-shirts and 19 jerseys How much more does a t-shirt cost than a jersey?,158,646,False,majority,0.6,0,5,0.0,2,False,,"{'192': 1, '634': 1, '646': 3}",,SVAMP,LAMA-3.2-3B
467,baseline,167,Steven has 14 peaches. Jake has 6 fewer peaches than Steven and 3 more peaches than Jill How many peaches does Jill have?,5,8,False,majority,0.6,0,5,0.0,2,False,,{'8': 3},,SVAMP,LAMA-3.2-3B
468,baseline,168,A waiter had 12 customers. While 15 customers left he got 14 new customers How many customers does he still have?,11,-3,False,majority,0.4,0,5,0.0,3,False,,"{'-3': 2, '0': 1, '12.5': 1, '2': 1}",,SVAMP,LAMA-3.2-3B
469,baseline,169,Allan brought 2 balloons and Jake brought 4 balloons to the park. Allan then bought 3 more balloons at the park How many more balloons did Allan have than Jake in the park?,1,2,False,majority,0.4,0,5,0.0,3,False,,"{'7': 1, '2': 2, '5': 1, '9': 1}",,SVAMP,LAMA-3.2-3B
470,baseline,170,"Being his favorite, he saved checking on the grapevines for his last stop. He was told by 235 of the pickers that they fill 100 drums of raspberries per day and 221 drums of grapes per day How many drums of grapes would be filled in 77 days?",17017,,False,coin_flip,0.1667,0,6,0.0,5,True,,"{'': 1, '17776': 1, '3991595': 1, '2.21': 1, '31820': 1, '83698': 1}",,SVAMP,LAMA-3.2-3B
471,baseline,171,Ed had 6 more marbles than Doug. Doug lost 7 of his marbles at the playground. If Ed had 22 marbles How many marbles does Doug have now?,9,7,False,coin_flip,0.1667,0,6,0.0,5,True,,"{'7': 1, '16': 1, '22': 1, '15': 1, '21': 1, '13': 1}",,SVAMP,LAMA-3.2-3B
472,baseline,172,At the arcade Dave had won 18 tickets. If he used 5 to buy some toys and 11 more to buy some clothes How many tickets did Dave have left?,2,18,False,majority,0.4,0,5,0.0,3,False,,"{'18': 2, '13': 1, '16': 1}",,SVAMP,LAMA-3.2-3B
473,baseline,173,Danny has 21 bottle caps in his collection. He found some more bottle caps at the park. If he has 53 bottle caps now How many bottle caps did he find at the park?,32,21,False,majority,0.6,0,5,0.0,2,False,,"{'21': 3, '53': 2}",,SVAMP,LAMA-3.2-3B
474,baseline,174,Paul got a box of 65 crayons for his birthday. During the school year he gave 213 crayons to his friends while he lost 16 crayons How many crayons had been lost or given away?,229,65,False,majority,0.6,0,5,0.0,2,False,,"{'65': 3, '213': 1, '-148': 1}",,SVAMP,LAMA-3.2-3B
475,baseline,175,At the arcade Dave had won 14 tickets and lost 2 tickets. If he used 10 to buy some toys How many tickets did Dave have left?,2,14,False,majority,0.8,1,5,0.2,1,False,,"{'14': 4, '2': 1}",,SVAMP,LAMA-3.2-3B
476,baseline,176,"A grocery store had 72 bottles of regular soda, 32 bottles of diet soda and 78 apples How many more bottles than apple did they have?",26,104,False,majority,1.0,0,5,0.0,0,False,,{'104': 5},,SVAMP,LAMA-3.2-3B
477,baseline,177,Because of the decision Sofia asked the students to suggest specific types of food. If 269 students suggested adding bacon 330 suggested adding mashed potatoes to the menu and 76 suggested adding tomatoes How many more students suggested mashed potatoes than those that suggested bacon?,61,330,False,majority,0.6,2,5,0.4,2,False,,"{'330': 3, '61': 2}",,SVAMP,LAMA-3.2-3B
478,baseline,178,Because of the decision Sofia asked 310 students to suggest specific types of food. 185 students suggested adding mashed potatoes while others suggested adding bacon to the menu How many students suggested bacon?,125,185,False,majority,0.6,2,5,0.4,2,False,,"{'125': 2, '185': 3}",,SVAMP,LAMA-3.2-3B
479,baseline,179,Lewis earns $ 403 every week during the 233 weeks of harvest. If he has to pay $ 49 rent every week How much money does he earn during harvest season?,93899,403,False,majority,0.8,0,5,0.0,1,False,,{'403': 4},,SVAMP,LAMA-3.2-3B
480,baseline,180,"They decided to hold the party in their backyard. They have some sets of tables, each having the 3 chairs. If there are a total of 9 chairs in the backyard How many sets of tables do they have?",3,3,True,majority,1.0,5,5,1.0,0,False,,{'3': 5},,SVAMP,LAMA-3.2-3B
481,baseline,181,"After eating a hearty meal they went to see the Buckingham palace. There, Rachel learned that 705 visitors came to the Buckingham palace that day. If there were 191 visitors the previous day and 457 visitors the day before that How many more visitors visited the Buckingham palace on that day than on the previous 245 days?",57,514,False,majority,0.8,0,5,0.0,1,False,,"{'514': 4, '1479': 1}",,SVAMP,LAMA-3.2-3B
482,baseline,182,There are 11 different books and 17 different movies in the ' crazy silly school ' series. If you read 7 of the books and watched 21 of the movies How many more movies than books have you read?,14,17,False,coin_flip,0.1667,0,6,0.0,5,True,,"{'17': 1, '6': 1, '0': 1, '11': 1, '-1': 1, '4': 1}",,SVAMP,LAMA-3.2-3B
483,baseline,183,For the walls of the house he would use 12 large planks of wood and 10 small planks. If large planks together need 15 pieces of nails to be secured and small planks together need 5 nails How many nails does John need for the house wall?,20,230,False,majority,0.4,0,5,0.0,3,False,,"{'12': 1, '230': 2, '2': 1}",,SVAMP,LAMA-3.2-3B
484,baseline,184,Matthew gave equal numbers of crackers and cakes to his 28 friends. If he had 13 crackers and 15 cakes initially How many crackers and cakes did each person eat?,1,1,True,majority,0.8,4,5,0.8,1,False,,"{'1': 4, '6.5': 1}",,SVAMP,LAMA-3.2-3B
485,baseline,185,Winter is almost here and most animals are migrating to warmer countries. 27 bird families flew away for the winter from near a mountain. If there were 41 bird families living near the mountain initially How many bird families were left near the mountain?,14,41,False,majority,1.0,0,5,0.0,0,False,,{'41': 5},,SVAMP,LAMA-3.2-3B
486,baseline,186,Rebecca wants to split a collection of eggs into groups of 20. Rebecca has 5 marbles and 12 eggs How many more eggs does Rebecca have than marbles?,7,12,False,majority,0.6,2,5,0.4,2,False,,"{'12': 3, '7': 2}",,SVAMP,LAMA-3.2-3B
487,baseline,187,A mailman has to give 32 pieces of junk mail to each of the 55 blocks. If he gives 8 mails to each house in a block How many houses are there in a block?,4,4,True,majority,0.4,2,5,0.4,3,False,,"{'32': 1, '4': 2, '440': 1, '55': 1}",,SVAMP,LAMA-3.2-3B
488,baseline,188,"After eating a hearty meal they went to see the Buckingham palace. There, Rachel learned that 92 visitors came to the Buckingham palace that day. If there were 419 visitors the previous day and 103 visitors the day before that How many visited the Buckingham palace before that day?",522,327,False,coin_flip,0.1667,0,6,0.0,5,True,,"{'327': 1, '-327': 1, '-11': 1, '326': 1, '387': 1, '92': 1}",,SVAMP,LAMA-3.2-3B
489,baseline,189,Danny collects bottle caps and wrappers. He found 65 wrappers and 5 bottle caps at the park. Now he has 31 bottle caps and 9 wrappers in his collection How many more wrappers than bottle caps did danny find at the park?,60,26,False,coin_flip,0.1667,0,6,0.0,5,True,,"{'26': 1, '29': 1, '40': 1, '5': 1, '43': 1, '11': 1}",,SVAMP,LAMA-3.2-3B
490,baseline,190,The Razorback t-shirt shop makes $ 87 dollars off each t-shirt sold. During the Arkansas game and the Texas tech game they sold a total of 95 t-shirts. If they sold 47 t-shirts during the Arkansas game How much money did they make from selling the t-shirts?,8265,48,False,coin_flip,0.1667,0,6,0.0,5,True,,"{'48': 1, '4419': 1, '47': 1, '': 1, '8145': 1, '95': 1}",,SVAMP,LAMA-3.2-3B
491,baseline,191,Paco had 41 cookies. He gave 9 cookies to his friend and ate 18 cookies How many more cookies did he eat than those he gave to his friend?,9,9,True,majority,0.6,3,5,0.6,2,False,,"{'32': 1, '9': 3, '-9': 1}",,SVAMP,LAMA-3.2-3B
492,baseline,192,In a school there are 402 more girls than boys. If there are 739 girls How many boys are there in that school?,337,739,False,majority,0.8,0,5,0.0,1,False,,"{'739': 4, '402': 1}",,SVAMP,LAMA-3.2-3B
493,baseline,193,Because of the decision Sofia asked the students to suggest specific types of food. 182 students suggested adding mashed potatoes while others suggested adding bacon to the menu. If 166 more students suggested adding bacon than those that suggested mashed potatoes How many students suggested bacon?,348,182,False,majority,0.6,0,5,0.0,2,False,,"{'182': 3, '27': 1, '166': 1}",,SVAMP,LAMA-3.2-3B
494,baseline,194,"The grasshopper, the frog and the mouse had a jumping contest. The grasshopper jumped 9 inches. The mouse jumped 3 inches lesser than the frog who jumped 33 inches farther than the grasshopper How far did the mouse jump?",39,,False,refiner_tiebreak,0.5,0,6,0.0,3,True,,"{'': 3, '33': 1, '30': 1, '9': 1}",,SVAMP,LAMA-3.2-3B
495,baseline,195,Ed had 30 more marbles than Doug. Ed lost 21 of his marbles at the playground. If Ed had 91 marbles How many more marbles did Ed have than Doug then?,9,91,False,refiner_tiebreak,0.3333,0,6,0.0,4,True,,"{'61': 1, '70': 1, '121': 1, '91': 2, '30': 1}",,SVAMP,LAMA-3.2-3B
496,baseline,196,Danny collects bottle caps. He found 30 bottle caps at the park while he threw away 63 old ones. Now he has 42 bottle caps in his collection How many more bottle caps did danny throw away than those he found at the park?,33,33,True,coin_flip,0.3333,2,6,0.3333,4,True,,"{'33': 2, '30': 2, '63': 2}",,SVAMP,LAMA-3.2-3B
497,baseline,197,There are 384 oranges and 192 bananas in Philip's collection. If the bananas are organized into 345 groups and oranges are organized into 16 groups How big is each group of oranges?,24,24,True,majority,0.6,3,5,0.6,2,False,,"{'24': 3, '69': 1}",,SVAMP,LAMA-3.2-3B
498,baseline,198,Paul got a box of 253 crayons for his birthday. By the end of the school year he had either lost or given away 70 of them How many crayons did he have left by the end of the school year?,183,183,True,majority,0.6,3,5,0.6,2,False,,"{'253': 1, '183': 3, '230': 1}",,SVAMP,LAMA-3.2-3B
499,baseline,199,Josh had 15 marbles in his collection. He found 9 marbles while he lost 23 marbles How many more marbles did he lose than those he found?,14,9,False,majority,1.0,0,5,0.0,0,False,,{'9': 5},,SVAMP,LAMA-3.2-3B
500,baseline,200,An industrial machine can make 6 shirts a minute. It worked for 12 minutes yesterday and for 14 shirts today How many shirts did machine make altogether?,156,268,False,majority,0.4,0,5,0.0,3,False,,"{'268': 2, '14': 1}",,SVAMP,LAMA-3.2-3B
501,baseline,201,A grocery store had 67 bottles of regular soda and 9 bottles of diet soda How many more bottles of regular soda than diet soda did they have?,58,67,False,majority,1.0,0,5,0.0,0,False,,{'67': 5},,SVAMP,LAMA-3.2-3B
502,baseline,202,Lewis earns $ 21 every week during the 216 weeks of harvest. If he has to pay $ 702 tax How much money will have at the end of the harvest season?,3834,702,False,majority,0.4,1,5,0.2,3,False,,"{'702': 2, '3834': 1, '3744': 1}",,SVAMP,LAMA-3.2-3B
503,baseline,203,Jessie weighed 92 kilograms. After she started to go jogging everyday she lost 56 kilograms in the first week and 99 kilograms in the second week How much did she weigh after the first week of jogging?,36,36,True,majority,0.6,3,5,0.6,2,False,,{'36': 3},,SVAMP,LAMA-3.2-3B
504,baseline,204,There were 21 roses in the vase. Jessica threw away 34 roses from the vase and cut some more new roses from her flower garden to put in the vase. There are now 15 roses in the vase How many more roses did she throw away than those she cut from her garden?,6,21,False,majority,0.6,1,5,0.2,2,False,,"{'21': 3, '34': 1, '6': 1}",,SVAMP,LAMA-3.2-3B
505,baseline,205,Paco had 25 cookies. He ate 5 of them. Then he bought 3 more cookies How many more cookies did he eat than those he bought?,2,25,False,majority,0.4,0,5,0.0,3,False,,"{'25': 2, '20': 1, '5': 1, '17': 1}",,SVAMP,LAMA-3.2-3B
506,baseline,206,Melissa scored a total of 21 points playing some games. Is she scored 7 points in each game How many games did she play?,3,3,True,majority,0.8,4,5,0.8,1,False,,"{'3': 4, '147': 1}",,SVAMP,LAMA-3.2-3B
507,baseline,207,Paige was helping her mom plant flowers and together they planted 45 seeds in 9 flowerbeds. If they put same number of seeds in each flower bed How many seeds did they plant in each flowerbed?,5,5,True,refiner_tiebreak,0.3333,2,6,0.3333,4,True,,"{'41': 1, '45': 1, '5': 2, '25': 1, '': 1}",,SVAMP,LAMA-3.2-3B
508,baseline,208,Jake has 11 fewer peaches than Steven. If Jake has 17 peaches How many peaches does Steven have?,28,28,True,majority,0.4,2,5,0.4,3,False,,"{'28': 2, '27': 1, '17': 1, '6': 1}",,SVAMP,LAMA-3.2-3B
509,baseline,209,Frank was reading through his favorite book. The book had 193 pages equally distributed over 15 chapters. It took Frank 660 days to finish the book How many chapters did he read per day?,44,13,False,majority,0.6,0,5,0.0,2,False,,"{'13': 3, '38.6': 1, '12.87': 1}",,SVAMP,LAMA-3.2-3B
510,baseline,210,Rachel had to complete 5 pages of math homework and 2 pages of reading homework How many more pages of math homework than reading homework did she have?,3,5,False,majority,1.0,0,5,0.0,0,False,,{'5': 5},,SVAMP,LAMA-3.2-3B
511,baseline,211,Frank put some pieces of candy equally into 2 bags. If he had 16 pieces of candy How many pieces of candy are in each bag?,8,8,True,majority,1.0,5,5,1.0,0,False,,{'8': 5},,SVAMP,LAMA-3.2-3B
512,baseline,212,Jerry had 8 action figures on a shelf in his room. Later he added 4 more action figures to the shelf and removed 5 old ones How many action figures were on his shelf in all?,7,8,False,majority,0.8,0,5,0.0,1,False,,"{'8': 4, '40': 1}",,SVAMP,LAMA-3.2-3B
513,baseline,213,Baker made 110 cakes. He sold 75 of them. Then he made 76 more cakes How many cakes would baker still have?,111,110,False,majority,0.4,1,5,0.2,3,False,,"{'110': 2, '261': 1, '111': 1}",,SVAMP,LAMA-3.2-3B
514,baseline,214,Paco ate 19 cookies and had 35 cookies left How many cookies did he have in the beginning?,54,19,False,coin_flip,0.3333,2,6,0.3333,4,True,,"{'19': 2, '54': 2, '58': 1, '': 1}",,SVAMP,LAMA-3.2-3B
515,baseline,215,Dan has $ 4. He had $ 3 left with him after he bought a candy bar How much did the candy bar cost?,1,1,True,majority,0.6,3,5,0.6,2,False,,{'1': 3},,SVAMP,LAMA-3.2-3B
516,baseline,216,For the walls of the house he would use 11 nails in all to secure large planks of wood. If each plank needs 3 pieces of nails to be secured and an additional 8 nails were used How many planks does John need for the house wall?,1,2.75,False,majority,0.4,0,5,0.0,3,False,,"{'11': 1, '2.75': 2, '44': 1, '16': 1}",,SVAMP,LAMA-3.2-3B
517,baseline,217,Paige raised 16 goldfish and 71 catfish in the pond but stray cats loved eating them. Now she has 2 left How many goldfish disappeared?,14,87,False,majority,0.6,0,5,0.0,2,False,,"{'85': 1, '87': 3, '16': 1}",,SVAMP,LAMA-3.2-3B
518,baseline,218,Baker sold 44 cakes. If he had made 48 cakes initially How many cakes would baker still have?,4,48,False,majority,1.0,0,5,0.0,0,False,,{'48': 5},,SVAMP,LAMA-3.2-3B
519,baseline,219,The ring toss game at the carnival made 325 dollars in the first 154 days and 114 dollars in the remaining 57 days How much did they make per day in the remaining 57 days at the carnival?,2,439,False,majority,0.8,0,5,0.0,1,False,,"{'439': 4, '325': 1}",,SVAMP,LAMA-3.2-3B
520,baseline,220,Rachel had to complete 10 pages of math homework. If she had to complete 3 more pages of reading homework than math homework How many pages did she have to complete in all?,23,10,False,majority,0.6,0,5,0.0,2,False,,"{'10': 3, '12': 1}",,SVAMP,LAMA-3.2-3B
521,baseline,221,"Being his favorite, he saved checking on the grapevines for his last stop. He was told by 36 of the pickers that they fill 8 drums of grapes per day How many days will it take to fill 240 drums of grapes?",30,30,True,majority,0.6,3,5,0.6,2,False,,"{'30': 3, '36': 1}",,SVAMP,LAMA-3.2-3B
522,baseline,222,Nell collects cards. She had 438 baseball cards and 18 Ace cards. She gave some of her cards to Jeff and now has 55 Ace cards and 178 baseball cards left How many more baseball cards than Ace cards does Nell have?,123,-123,False,refiner_tiebreak,0.3333,1,6,0.1667,4,True,,"{'177': 1, '123': 1, '9': 1, '-123': 2, '260': 1}",,SVAMP,LAMA-3.2-3B
523,baseline,223,There were 15 roses in the vase. Jessica threw away 33 roses from the vase and cut some more new roses from her flower garden to put in the vase. There are now 17 roses in the vase How many more roses did she cut than those she threw away?,2,2,True,majority,0.4,2,5,0.4,3,False,,"{'15': 1, '2': 2, '31': 1, '8': 1}",,SVAMP,LAMA-3.2-3B
524,baseline,224,Dan has $ 4. For a total of $ 3 he bought 10 candy bar each one costing the same amount of money How much money is left?,1,0.3,False,majority,0.6,1,5,0.2,2,False,,"{'1': 1, '0.1': 1, '0.3': 3}",,SVAMP,LAMA-3.2-3B
525,baseline,225,If they are already at 659 feet and the cave is 762 feet deep How much farther until they reach the end of the cave?,103,103,True,majority,0.6,3,5,0.6,2,False,,"{'103': 3, '1521': 1}",,SVAMP,LAMA-3.2-3B
526,baseline,226,Faye was placing her pencils into 14 rows with 11 pencils in each row How many pencils does she have?,154,154,True,majority,1.0,5,5,1.0,0,False,,{'154': 5},,SVAMP,LAMA-3.2-3B
527,baseline,227,There were 6 roses and 20 orchids in the vase. Jessica cut some more roses and orchids from her flower garden. There are now 21 orchids and 22 roses in the vase How many more roses than orchids are there in the vase now?,1,6,False,majority,1.0,0,5,0.0,0,False,,{'6': 5},,SVAMP,LAMA-3.2-3B
528,baseline,228,If Lewis earns $ 1357 every week during the 223 weeks of a harvest season How much money will he earn if he works for 73 harvest seasons?,22090603,298991,False,coin_flip,0.1667,0,6,0.0,5,True,,"{'298991': 1, '223000': 1, '299809': 1, '15790': 1, '22217': 1, '368112': 1}",,SVAMP,LAMA-3.2-3B
529,baseline,229,A farmer had 171 tomatoes in his garden. If he picked 134 of them yesterday and 30 today How many will he have left after today?,7,171,False,majority,0.6,0,5,0.0,2,False,,"{'134': 1, '164': 1, '171': 3}",,SVAMP,LAMA-3.2-3B
530,baseline,230,Mary is baking a cake. The recipe calls for 11 cups of sugar and 9 cups of flour. She already put in 12 cups of flour and 10 cups of sugar How many more cups of sugar does she need to add?,1,,False,majority,1.0,0,5,0.0,0,False,,{'': 5},,SVAMP,LAMA-3.2-3B
531,baseline,231,Winter is almost here and most animals are migrating to warmer countries. There were 89 bird families living near the mountain. If 60 bird families flew away for winter How many more bird families flew away for the winter than those that stayed behind?,31,89,False,majority,0.8,0,5,0.0,1,False,,"{'89': 4, '-60': 1}",,SVAMP,LAMA-3.2-3B
532,baseline,232,Dan has $ 4. He bought 99 candy bar for $ 3 each one costing the same amount of money How much money is left?,1,99,False,coin_flip,0.3333,0,6,0.0,4,True,,"{'99': 2, '297': 2, '990': 1, '3703': 1}",,SVAMP,LAMA-3.2-3B
533,baseline,233,Last week Fred had 47 dollars and Jason had 99 dollars. Over the weekend Fred delivered newspapers earning 111 dollars and washed cars earning 34 dollars How much money does Fred have now?,192,158,False,majority,0.6,0,5,0.0,2,False,,"{'158': 3, '145': 1}",,SVAMP,LAMA-3.2-3B
534,baseline,234,4 birds and 6 storks were sitting on the fence. 2 more storks came to join them How many storks are sitting on the fence?,8,8,True,refiner_tiebreak,0.5,3,6,0.5,3,True,,"{'4': 2, '6': 1, '8': 3}",,SVAMP,LAMA-3.2-3B
535,baseline,235,The school is planning a field trip. The school has 87 classrooms. There are 58 students in the school with each classroom having the same number of students. If there are 2 seats on each school bus How many buses are needed to take the trip?,29,2,False,majority,0.4,0,5,0.0,3,False,,"{'5048': 1, '43.5': 1, '1.5': 1, '2': 2}",,SVAMP,LAMA-3.2-3B
536,baseline,236,Paul had 95 pens and 153 books. After selling some books and pens in a garage sale he had 13 books and 23 pens left How many books did he sell in the garage sale?,140,153,False,majority,1.0,0,5,0.0,0,False,,{'153': 5},,SVAMP,LAMA-3.2-3B
537,baseline,237,"After making some pies, chef had 2 apples left. Initially he had 43 apples How many apples did he use?",41,43,False,majority,0.8,1,5,0.2,1,False,,"{'43': 4, '41': 1}",,SVAMP,LAMA-3.2-3B
538,baseline,238,Josh had 19 marbles in his collection. He lost 11 marbles and found 5 new ones How many marbles does he have now?,13,19,False,majority,1.0,0,5,0.0,0,False,,{'19': 5},,SVAMP,LAMA-3.2-3B
539,baseline,239,Ed had 24 more marbles than Doug. Doug lost 27 of his marbles at the playground while Ed found 9 more marbles How many more marbles did Ed have than Doug then?,60,0,False,majority,0.6,0,5,0.0,2,False,,"{'0': 3, '33': 1}",,SVAMP,LAMA-3.2-3B
540,baseline,240,If the cave is 919 feet deep and they need to travel 1307 feet How far is the end of the cave?,2226,2216,False,majority,0.6,0,5,0.0,2,False,,{'2216': 3},,SVAMP,LAMA-3.2-3B
541,baseline,241,Robin cut off 20 inches of his hair. If his hair is now 10 inches long How long was his hair before he cut?,30,-10,False,majority,0.2,0,5,0.0,4,False,,{'-10': 1},,SVAMP,LAMA-3.2-3B
542,baseline,242,He then went to see the oranges being harvested. He found out that they harvest 44 sacks of ripe oranges and 25 sacks of unripe oranges per day How many more sacks of ripe oranges than unripe oranges are harvested per day?,19,44,False,majority,1.0,0,5,0.0,0,False,,{'44': 5},,SVAMP,LAMA-3.2-3B
543,baseline,243,There are 4502 skittles in Steven's skittles collection. Steven also has 4276 erasers. If the skittles and erasers are organized into 154 groups How big is each group?,57,4502,False,majority,0.4,0,5,0.0,3,False,,"{'1': 1, '4502': 2, '29': 1, '30': 1}",,SVAMP,LAMA-3.2-3B
544,baseline,244,Jake has 6 fewer peaches than Steven. Steven has 18 more peaches than Jill. If jill has 5 peaches How many peaches does Jake have?,17,23,False,majority,0.2,0,5,0.0,4,False,,{'23': 1},,SVAMP,LAMA-3.2-3B
545,baseline,245,36 children were riding on the bus. At the bus stop 68 children got off the bus while some more got on the bus. Then there were 12 children altogether on the bus How many more children got off the bus than those that got on?,24,36,False,majority,0.8,1,5,0.2,1,False,,"{'24': 1, '36': 4}",,SVAMP,LAMA-3.2-3B
546,baseline,246,Because of the decision Sofia asked the students to suggest specific types of food. If 228 students suggested adding mashed potatoes 337 suggested adding bacon to the menu and 23 suggested adding tomatoes How many more students suggested bacon than those that suggested tomatoes?,314,337,False,majority,0.8,0,5,0.0,1,False,,"{'337': 4, '655': 1}",,SVAMP,LAMA-3.2-3B
547,baseline,247,He then went to see the oranges being harvested. He found out that they harvested 56 sacks of oranges How many sacks did they harvest per day if they harvested for a total of 14 days?,4,4,True,majority,1.0,5,5,1.0,0,False,,{'4': 5},,SVAMP,LAMA-3.2-3B
548,baseline,248,Debby bought 88 water bottles and 13 soda bottles when they were on sale. If she drank 4 water bottles and 87 soda bottles a day How many days would the water bottles last?,22,21,False,refiner_tiebreak,0.3333,1,6,0.1667,4,True,,"{'': 1, '22': 1, '21': 2, '4': 1, '88': 1}",,SVAMP,LAMA-3.2-3B
549,baseline,249,Jerry had some action figures on a shelf in his room. Later he added 2 more action figures to the shelf and removed 7 of the old ones. If there are 10 action figures on his shelf now How many action figures did he have initially on the shelf?,15,10,False,majority,0.6,0,5,0.0,2,False,,"{'5': 1, '10': 3, '0': 1}",,SVAMP,LAMA-3.2-3B
550,baseline,250,Mary is baking a cake. The recipe calls for 12 cups of flour 5 cups of sugar and 49 cups of salt. She already put in 11 cups of flour How many more cups of flour does she need to add?,1,,False,refiner_tiebreak,0.5,2,6,0.3333,3,True,,"{'': 3, '1': 2, '-10': 1}",,SVAMP,LAMA-3.2-3B
551,baseline,251,Jake has 8 fewer peaches and 10 more apples than Steven. Steven has 11 apples and 18 peaches How many more peaches than apples does Steven have?,7,11,False,coin_flip,0.1667,0,6,0.0,5,True,,"{'11': 1, '0': 1, '10.75': 1, '1': 1, '29': 1, '8': 1}",,SVAMP,LAMA-3.2-3B
552,baseline,252,Mary is baking a cake. The recipe calls for 3 cups of sugar and 10 cups of flour. She already put in some cups of flour. If she still needs 5 more cups of flour than sugar How many cups of flour did she put in?,2,5,False,majority,0.4,1,5,0.2,3,False,,"{'0': 1, '5': 2, '2': 1}",,SVAMP,LAMA-3.2-3B
553,baseline,253,If each pack costs 81 dollars How much will it cost to buy 33 packs of dvds?,2673,2673,True,coin_flip,0.3333,2,6,0.3333,4,True,,"{'2673': 2, '2649': 2, '2640': 1, '31896': 1}",,SVAMP,LAMA-3.2-3B
554,baseline,254,A mailman has to give 4 pieces of junk mail to each house in each of the 16 blocks. If there are 17 houses in each block How many pieces of junk mail should he give in total?,1088,68,False,majority,0.6,0,5,0.0,2,False,,"{'68': 3, '17': 2}",,SVAMP,LAMA-3.2-3B
555,baseline,255,David did 56 more push-ups than Zachary in gym class today. If David did 38 push-ups How many push-ups did Zachary and David do altogether?,20,56,False,majority,0.4,0,5,0.0,3,False,,"{'94': 1, '56': 2, '18': 1, '38': 1}",,SVAMP,LAMA-3.2-3B
556,baseline,256,Brenda's mother made 14 cookies for 2 guests. If each of them had the same number of cookies How many did each of them have?,7,7,True,majority,1.0,5,5,1.0,0,False,,{'7': 5},,SVAMP,LAMA-3.2-3B
557,baseline,257,Mary is baking a cake. The recipe calls for 6 cups of flour 8 cups of sugar and 7 cups of salt. She already put in 5 cups of flour How many more cups of sugar than cups of salt does she need to add now?,1,,False,refiner_tiebreak,0.5,0,6,0.0,3,True,,"{'-2': 2, '': 3, '3': 1}",,SVAMP,LAMA-3.2-3B
558,baseline,258,Jake has 12 fewer peaches and 79 more apples than Steven. Steven has 19 peaches and 14 apples How many peaches does Jake have?,7,7,True,majority,0.4,2,5,0.4,3,False,,"{'31': 1, '7': 2, '19': 1, '9': 1}",,SVAMP,LAMA-3.2-3B
559,baseline,259,Julia played tag with 12 kids on monday. She played tag with 14 kids on tuesday. She spent a total of 34 hours to play tag on both days How many kids did she play with altogether?,26,12,False,majority,0.8,1,5,0.2,1,False,,"{'12': 4, '26': 1}",,SVAMP,LAMA-3.2-3B
560,baseline,260,Edward had $ 13. He spent some money. Now he has $ 3 How much money did Edward spend?,10,13,False,majority,1.0,0,5,0.0,0,False,,{'13': 5},,SVAMP,LAMA-3.2-3B
561,baseline,261,Dan has $ 2. He bought some candy bar for $ 6 each one costing $ 3 How many candy bar did he buy?,2,2,True,majority,0.4,2,5,0.4,3,False,,"{'0.67': 1, '2': 2, '0.33': 1, '0': 1}",,SVAMP,LAMA-3.2-3B
562,baseline,262,Danny has 12 bottle caps in his collection. He found 53 bottle caps at the park How many bottle caps does he have now?,65,12,False,majority,0.6,1,5,0.2,2,False,,"{'12': 3, '65': 1, '25': 1}",,SVAMP,LAMA-3.2-3B
563,baseline,263,Paul sold some books in a garage sale leaving him with 27 books. If he had 136 books initially How many books did he sell?,109,136,False,majority,1.0,0,5,0.0,0,False,,{'136': 5},,SVAMP,LAMA-3.2-3B
564,baseline,264,Jack received 4 emails in the morning and some more in the afternoon. If he received a total of 5 emails in the day How many emails did Jack receive in the afternoon?,1,4,False,majority,0.6,2,5,0.4,2,False,,"{'4': 3, '1': 2}",,SVAMP,LAMA-3.2-3B
565,baseline,265,Lewis earns a total of $ 1216 during the harvest. If he earns $ 16 each week How many weeks did the harvest last?,76,,False,coin_flip,0.3333,2,6,0.3333,4,True,,"{'': 2, '76.5': 1, '77': 1, '76': 2}",,SVAMP,LAMA-3.2-3B
566,baseline,266,Frank was reading through some books. Each book had 249 pages and it took Frank 3 days to finish each book How many pages did he read per day?,83,83,True,majority,0.8,4,5,0.8,1,False,,"{'83': 4, '747': 1}",,SVAMP,LAMA-3.2-3B
567,baseline,267,They decided to hold the party in their backyard. If they have 11 sets of tables and each set has 13 chairs How many chairs do they have in the backyard?,143,11,False,majority,0.8,0,5,0.0,1,False,,"{'11': 4, '113': 1}",,SVAMP,LAMA-3.2-3B
568,baseline,268,Brenda's mother made cookies for 10 guests but 9 guests did not come. If she prepared 18 cookies and each guest had the same number of cookies How many did each of them have?,18,1,False,majority,0.6,0,5,0.0,2,False,,"{'1': 3, '9': 1, '10': 1}",,SVAMP,LAMA-3.2-3B
569,baseline,269,Rebecca wants to split a collection of eggs into groups of 3. Rebecca has 99 bananas 9 eggs and 27 marbles How many groups will be created?,3,33,False,refiner_tiebreak,0.3333,0,6,0.0,4,True,,"{'69': 1, '297': 1, '33': 2, '9': 1, '42': 1}",,SVAMP,LAMA-3.2-3B
570,baseline,270,Ed had 29 more marbles than Doug. Ed lost 17 of his marbles at the playground How many more marbles did Ed have than Doug then?,12,12,True,majority,0.4,2,5,0.4,3,False,,"{'12': 2, '18': 1, '29': 1, '19': 1}",,SVAMP,LAMA-3.2-3B
571,baseline,271,There are 6 houses on a block. If a mailman has to give 24 pieces of junk mail to each block How many pieces of junk mail should he give in each house?,4,4,True,majority,1.0,5,5,1.0,0,False,,{'4': 5},,SVAMP,LAMA-3.2-3B
572,baseline,272,Zachary did 59 push-ups and 44 crunches in gym class today. David did 19 more push-ups but 27 less crunches than zachary How many push-ups did David do?,78,51,False,majority,0.4,0,5,0.0,3,False,,"{'51': 2, '103': 1, '40': 1, '32': 1}",,SVAMP,LAMA-3.2-3B
573,baseline,273,Emily is making bead necklaces for her friends. Each necklace takes 8 beads and she has 16 beads How many necklaces can Emily make?,2,2,True,majority,1.0,5,5,1.0,0,False,,{'2': 5},,SVAMP,LAMA-3.2-3B
574,baseline,274,Jesse's rooms are 19 feet long and 18 feet wide. If she has 20 rooms in all How much carpet does she need to cover the floors of all rooms?,6840,6840,True,majority,0.4,2,5,0.4,3,False,,"{'6840': 2, '342': 1}",,SVAMP,LAMA-3.2-3B
575,baseline,275,Next on his checklist is wax to stick the feathers together. If the feathers require 166 g of wax and right now he has 20 g How many more grams of wax does he need?,146,146,True,majority,0.4,2,5,0.4,3,False,,{'146': 2},,SVAMP,LAMA-3.2-3B
576,baseline,276,15 campers went rowing in the morning. Some more campers went rowing in the afternoon. If a total of 32 campers went rowing that day How many campers went rowing in the afternoon?,17,15,False,majority,1.0,0,5,0.0,0,False,,{'15': 5},,SVAMP,LAMA-3.2-3B
577,baseline,277,We ordered some pizzas. Each pizza has 2 slices. If there were a total of 28 slices How many pizzas did we order?,14,14,True,majority,0.6,3,5,0.6,2,False,,"{'14': 3, '28': 1, '10': 1}",,SVAMP,LAMA-3.2-3B
578,baseline,278,Paul got a box of 521 crayons and 66 erasers for his birthday. At the end of the school year he only had 154 left while not having lost a single erasers How many crayons had been lost or given away?,367,521,False,majority,0.8,0,5,0.0,1,False,,{'521': 4},,SVAMP,LAMA-3.2-3B
579,baseline,279,41 children were riding on the bus. At the bus stop some children got off the bus. Then there were 18 children left on the bus How many more children were on the bus before the bus stop than there are now?,23,41,False,majority,0.8,0,5,0.0,1,False,,"{'41': 4, '1': 1}",,SVAMP,LAMA-3.2-3B
580,baseline,280,Tiffany was collecting cans for recycling. On monday she had 7 bags of cans. The next day she found 12 more bags worth of cans How many more bags did she find on the next day than she had on monday?,5,12,False,majority,0.4,0,5,0.0,3,False,,"{'-5': 1, '12': 2, '7': 1, '19': 1}",,SVAMP,LAMA-3.2-3B
581,baseline,281,Edward had $ 18. He spent $ 16 How much money does Edward have now?,2,18,False,majority,1.0,0,5,0.0,0,False,,{'18': 5},,SVAMP,LAMA-3.2-3B
582,baseline,282,Lawrence county has 898051 kids. During summer break 629424 kids go to camp and the rest stay home How many kids stay home?,268627,898051,False,majority,0.4,1,5,0.2,3,False,,"{'268627': 1, '898051': 2, '26627': 1, '629424': 1}",,SVAMP,LAMA-3.2-3B
583,baseline,283,There were 16 roses and 3 orchids in the vase. Jessica cut some more roses and orchids from her flower garden. There are now 7 orchids and 13 roses in the vase How many orchids did she cut?,4,3,False,majority,0.6,0,5,0.0,2,False,,"{'3': 3, '16': 2}",,SVAMP,LAMA-3.2-3B
584,baseline,284,In a school there are 635 girls and the rest are boys. If there are 510 more boys than girls How many boys are there in that school?,1145,635,False,majority,0.6,2,5,0.4,2,False,,"{'1145': 2, '635': 3}",,SVAMP,LAMA-3.2-3B
585,baseline,285,Danny collects bottle caps and wrappers. He found 30 bottle caps and 14 wrappers at the park. Now he has 7 bottle caps and 86 wrappers in his collection How many more bottle caps than wrappers did danny find at the park?,16,30,False,majority,0.8,1,5,0.2,1,False,,"{'16': 1, '30': 4}",,SVAMP,LAMA-3.2-3B
586,baseline,286,There were 174 parents in the program and 521 pupils too How many more pupils were present compared to parents in the program?,347,521,False,majority,1.0,0,5,0.0,0,False,,{'521': 5},,SVAMP,LAMA-3.2-3B
587,baseline,287,Matthew gave 6 crackers to each his friends. If he had 36 crackers How many friends did he give crackers to?,6,6,True,majority,0.8,4,5,0.8,1,False,,"{'6': 4, '5': 1}",,SVAMP,LAMA-3.2-3B
588,baseline,288,There are 20 different books in the ' crazy silly school ' series. If you are yet to read 5 of the books How many books have you already read?,15,20,False,majority,1.0,0,5,0.0,0,False,,{'20': 5},,SVAMP,LAMA-3.2-3B
589,baseline,289,"The grasshopper, the frog and the mouse had a jumping contest. The grasshopper jumped 24 inches. The frog jumped 33 inches farther than the grasshopper and the mouse jumped 5 inches lesser than the frog How much farther did the mouse jump than the grasshopper?",28,52,False,majority,0.4,0,5,0.0,3,False,,{'52': 2},,SVAMP,LAMA-3.2-3B
590,baseline,290,Haley grew 13 trees in her backyard. After a typhoon 6 died How many more trees survived the typhoon than those that died?,1,13,False,majority,0.6,1,5,0.2,2,False,,"{'13': 3, '1': 1, '7': 1}",,SVAMP,LAMA-3.2-3B
591,baseline,291,There are 8 different books and 10 different movies in the ' crazy silly school ' series. If you read 19 of the books and watched 61 of the movies How many more movies than books are there in the ' crazy silly school ' series?,2,8,False,majority,0.6,2,5,0.4,2,False,,"{'2': 2, '8': 3}",,SVAMP,LAMA-3.2-3B
592,baseline,292,Faye was placing her pencils into rows with 22 pencils in each row. She had 6 packs of pencils each one having 14 pencils How many pencils does she have?,84,84,True,majority,0.4,2,5,0.4,3,False,,"{'84': 2, '168': 1, '14': 1, '6': 1}",,SVAMP,LAMA-3.2-3B
593,baseline,293,White t - shirts can be purchased in packages. If mom buys 66 white t - shirts where each package has 3 white t - shirts How many packages will she have?,22,22,True,majority,1.0,5,5,1.0,0,False,,{'22': 5},,SVAMP,LAMA-3.2-3B
594,baseline,294,Mary is baking a cake. The recipe calls for 5 cups of sugar and 13 cups of flour. She already put in some cups of flour. If she still needs 12 more cups of flour How many cups of flour did she put in?,1,13,False,majority,0.2,0,5,0.0,4,False,,{'13': 1},,SVAMP,LAMA-3.2-3B
595,baseline,295,"7 red peaches, 15 yellow peaches and 8 green peaches are in the basket How many peaches are in the basket?",30,22,False,coin_flip,0.3333,2,6,0.3333,4,True,,"{'22': 2, '30': 2, '7': 2}",,SVAMP,LAMA-3.2-3B
596,baseline,296,Jack received 3 emails and 64 letters in the morning. He then received 5 emails and 54 letters in the afternoon How many emails did jack receive in the day?,8,3,False,majority,0.6,0,5,0.0,2,False,,"{'3': 3, '62': 1, '126': 1}",,SVAMP,LAMA-3.2-3B
597,baseline,297,Ed had 2 more marbles than Doug. Doug lost some of his marbles at the playground. Now Ed has 19 more marbles than doug How many marbles did Doug lose?,17,2,False,majority,0.4,1,5,0.2,3,False,,"{'2': 2, '21': 1, '18': 1, '17': 1}",,SVAMP,LAMA-3.2-3B
598,baseline,298,Dan has $ 3 left with him after he bought a candy bar for $ 2 How much money did he have initially?,5,5,True,majority,1.0,5,5,1.0,0,False,,{'5': 5},,SVAMP,LAMA-3.2-3B
599,baseline,299,Jake has 13 fewer peaches and 3 more apples than Steven. Steven has 9 peaches and 8 apples How many apples does Jake have?,11,-4,False,majority,0.4,0,5,0.0,3,False,,"{'-5': 1, '22': 1, '8': 1, '-4': 2}",,SVAMP,LAMA-3.2-3B
